sep=;
Kaynak;Veri Tipi;Ölçüm Zamanı;YTM;Santral;YKS İç Bara ID;Bara ID;Bara Adı;TPYS Set;Canlı Bara;Pgen MW;Qgen MVAr;Yardımcı Kaynak MW;Yardımcı Kaynak MVAr;Yardımcı D.İ. Limit;Yardımcı A.İ. Limit;D.İ. Limit;A.İ. Limit;Ana Onay;Yardımcı Onay
"=""API""";"=""WIND""";"=""2026-04-27T00:00:00+03:00""";"=""OA_YTM""";"=""AKSU RES""";"=""10928268862""";"=""2890""";"=""AKSU ÇAMLICA RES""";0,99;158,91;4,96;0,53;;;;;;;;
"=""API""";"=""WIND""";"=""2026-04-27T00:01:00+03:00""";"=""OA_YTM""";"=""AKSU RES""";"=""10928268862""";"=""2890""";"=""AKSU ÇAMLICA RES""";0,99;158,09;4,96;0,58;;;;;;;;
"=""API""";"=""WIND""";"=""2026-04-27T00:02:00+03:00""";"=""OA_YTM""";"=""AKSU RES""";"=""10928268862""";"=""2890""";"=""AKSU ÇAMLICA RES""";0,99;157,83;3,97;0,63;;;;;;;;
"=""API""";"=""WIND""";"=""2026-04-27T00:03:00+03:00""";"=""OA_YTM""";"=""AKSU RES""";"=""10928268862""";"=""2890""";"=""AKSU ÇAMLICA RES""";0,99;158,04;3,97;0,6;;;;;;;;
"=""API""";"=""WIND""";"=""2026-04-27T00:04:00+03:00""";"=""OA_YTM""";"=""AKSU RES""";"=""10928268862""";"=""2890""";"=""AKSU ÇAMLICA RES""";0,99;158,14;3,97;0,6;;;;;;;;
"=""API""";"=""WIND""";"=""2026-04-27T00:05:00+03:00""";"=""OA_YTM""";"=""AKSU RES""";"=""10928268862""";"=""2890""";"=""AKSU ÇAMLICA RES""";0,99;157,52;2,98;0,61;;;;;;;;
"=""API""";"=""WIND""";"=""2026-04-27T00:06:00+03:00""";"=""OA_YTM""";"=""AKSU RES""";"=""10928268862""";"=""2890""";"=""AKSU ÇAMLICA RES""";0,99;158,29;3,97;0,47;;;;;;;;
"=""API""";"=""WIND""";"=""2026-04-27T00:07:00+03:00""";"=""OA_YTM""";"=""AKSU RES""";"=""10928268862""";"=""2890""";"=""AKSU ÇAMLICA RES""";0,99;158,14;3,97;0,61;;;;;;;;
"=""API""";"=""WIND""";"=""2026-04-27T00:08:00+03:00""";"=""OA_YTM""";"=""AKSU RES""";"=""10928268862""";"=""2890""";"=""AKSU ÇAMLICA RES""";0,99;158,24;3,97;0,46;;;;;;;;
"=""API""";"=""WIND""";"=""2026-04-27T00:09:00+03:00""";"=""OA_YTM""";"=""AKSU RES""";"=""10928268862""";"=""2890""";"=""AKSU ÇAMLICA RES""";0,99;158,45;3,97;0,59;;;;;;;;
"=""API""";"=""WIND""";"=""2026-04-27T00:10:00+03:00""";"=""OA_YTM""";"=""AKSU RES""";"=""10928268862""";"=""2890""";"=""AKSU ÇAMLICA RES""";0,99;158,14;4,96;0,5;;;;;;;;
"=""API""";"=""WIND""";"=""2026-04-27T00:11:00+03:00""";"=""OA_YTM""";"=""AKSU RES""";"=""10928268862""";"=""2890""";"=""AKSU ÇAMLICA RES""";0,99;158,4;4,96;0,46;;;;;;;;
"=""API""";"=""WIND""";"=""2026-04-27T00:12:00+03:00""";"=""OA_YTM""";"=""AKSU RES""";"=""10928268862""";"=""2890""";"=""AKSU ÇAMLICA RES""";0,99;158,3;3,97;0,8;;;;;;;;
"=""API""";"=""WIND""";"=""2026-04-27T00:13:00+03:00""";"=""OA_YTM""";"=""AKSU RES""";"=""10928268862""";"=""2890""";"=""AKSU ÇAMLICA RES""";0,99;157,99;2,98;0,72;;;;;;;;
"=""API""";"=""WIND""";"=""2026-04-27T00:14:00+03:00""";"=""OA_YTM""";"=""AKSU RES""";"=""10928268862""";"=""2890""";"=""AKSU ÇAMLICA RES""";0,99;158,4;2,98;0,65;;;;;;;;
"=""API""";"=""WIND""";"=""2026-04-27T00:15:00+03:00""";"=""OA_YTM""";"=""AKSU RES""";"=""10928268862""";"=""2890""";"=""AKSU ÇAMLICA RES""";0,99;158,24;2,98;0,63;;;;;;;;
"=""API""";"=""WIND""";"=""2026-04-27T00:16:00+03:00""";"=""OA_YTM""";"=""AKSU RES""";"=""10928268862""";"=""2890""";"=""AKSU ÇAMLICA RES""";0,99;158,35;2,98;0,72;;;;;;;;
"=""API""";"=""WIND""";"=""2026-04-27T00:17:00+03:00""";"=""OA_YTM""";"=""AKSU RES""";"=""10928268862""";"=""2890""";"=""AKSU ÇAMLICA RES""";0,99;158,6;2,98;0,63;;;;;;;;
"=""API""";"=""WIND""";"=""2026-04-27T00:18:00+03:00""";"=""OA_YTM""";"=""AKSU RES""";"=""10928268862""";"=""2890""";"=""AKSU ÇAMLICA RES""";0,99;158,71;4,96;0,67;;;;;;;;
"=""API""";"=""WIND""";"=""2026-04-27T00:19:00+03:00""";"=""OA_YTM""";"=""AKSU RES""";"=""10928268862""";"=""2890""";"=""AKSU ÇAMLICA RES""";0,99;158,45;3,97;0,67;;;;;;;;
"=""API""";"=""WIND""";"=""2026-04-27T00:20:00+03:00""";"=""OA_YTM""";"=""AKSU RES""";"=""10928268862""";"=""2890""";"=""AKSU ÇAMLICA RES""";0,99;158,09;4,96;0,39;;;;;;;;
"=""API""";"=""WIND""";"=""2026-04-27T00:21:00+03:00""";"=""OA_YTM""";"=""AKSU RES""";"=""10928268862""";"=""2890""";"=""AKSU ÇAMLICA RES""";0,99;157,73;3,97;0,63;;;;;;;;
"=""API""";"=""WIND""";"=""2026-04-27T00:22:00+03:00""";"=""OA_YTM""";"=""AKSU RES""";"=""10928268862""";"=""2890""";"=""AKSU ÇAMLICA RES""";0,99;157,83;3,97;0,6;;;;;;;;
"=""API""";"=""WIND""";"=""2026-04-27T00:23:00+03:00""";"=""OA_YTM""";"=""AKSU RES""";"=""10928268862""";"=""2890""";"=""AKSU ÇAMLICA RES""";0,99;158,04;1,98;0,41;;;;;;;;
"=""API""";"=""WIND""";"=""2026-04-27T00:24:00+03:00""";"=""OA_YTM""";"=""AKSU RES""";"=""10928268862""";"=""2890""";"=""AKSU ÇAMLICA RES""";0,99;159,27;2,98;0,3;;;;;;;;
"=""API""";"=""WIND""";"=""2026-04-27T00:25:00+03:00""";"=""OA_YTM""";"=""AKSU RES""";"=""10928268862""";"=""2890""";"=""AKSU ÇAMLICA RES""";0,99;158,24;2,98;0,46;;;;;;;;
"=""API""";"=""WIND""";"=""2026-04-27T00:26:00+03:00""";"=""OA_YTM""";"=""AKSU RES""";"=""10928268862""";"=""2890""";"=""AKSU ÇAMLICA RES""";0,99;158,29;3,97;0,47;;;;;;;;
"=""API""";"=""WIND""";"=""2026-04-27T00:27:00+03:00""";"=""OA_YTM""";"=""AKSU RES""";"=""10928268862""";"=""2890""";"=""AKSU ÇAMLICA RES""";0,99;158,55;2,98;0,61;;;;;;;;
"=""API""";"=""WIND""";"=""2026-04-27T00:28:00+03:00""";"=""OA_YTM""";"=""AKSU RES""";"=""10928268862""";"=""2890""";"=""AKSU ÇAMLICA RES""";0,99;158,55;2,98;0,46;;;;;;;;
"=""API""";"=""WIND""";"=""2026-04-27T00:29:00+03:00""";"=""OA_YTM""";"=""AKSU RES""";"=""10928268862""";"=""2890""";"=""AKSU ÇAMLICA RES""";0,99;157,88;2,98;0,3;;;;;;;;
"=""API""";"=""WIND""";"=""2026-04-27T00:30:00+03:00""";"=""OA_YTM""";"=""AKSU RES""";"=""10928268862""";"=""2890""";"=""AKSU ÇAMLICA RES""";0,99;158,04;2,98;0,5;;;;;;;;
"=""API""";"=""WIND""";"=""2026-04-27T00:31:00+03:00""";"=""OA_YTM""";"=""AKSU RES""";"=""10928268862""";"=""2890""";"=""AKSU ÇAMLICA RES""";0,99;157,93;2,98;0,32;;;;;;;;
"=""API""";"=""WIND""";"=""2026-04-27T00:32:00+03:00""";"=""OA_YTM""";"=""AKSU RES""";"=""10928268862""";"=""2890""";"=""AKSU ÇAMLICA RES""";0,99;157,32;2,98;0,46;;;;;;;;
"=""API""";"=""WIND""";"=""2026-04-27T00:33:00+03:00""";"=""OA_YTM""";"=""AKSU RES""";"=""10928268862""";"=""2890""";"=""AKSU ÇAMLICA RES""";0,99;157,22;3,97;0,26;;;;;;;;
"=""API""";"=""WIND""";"=""2026-04-27T00:34:00+03:00""";"=""OA_YTM""";"=""AKSU RES""";"=""10928268862""";"=""2890""";"=""AKSU ÇAMLICA RES""";0,99;157,99;2,98;0,51;;;;;;;;
"=""API""";"=""WIND""";"=""2026-04-27T00:35:00+03:00""";"=""OA_YTM""";"=""AKSU RES""";"=""10928268862""";"=""2890""";"=""AKSU ÇAMLICA RES""";0,99;157,47;2,98;0,29;;;;;;;;
"=""API""";"=""WIND""";"=""2026-04-27T00:36:00+03:00""";"=""OA_YTM""";"=""AKSU RES""";"=""10928268862""";"=""2890""";"=""AKSU ÇAMLICA RES""";0,99;157,68;2,98;0,29;;;;;;;;
"=""API""";"=""WIND""";"=""2026-04-27T00:37:00+03:00""";"=""OA_YTM""";"=""AKSU RES""";"=""10928268862""";"=""2890""";"=""AKSU ÇAMLICA RES""";0,99;157,68;2,98;0,4;;;;;;;;
"=""API""";"=""WIND""";"=""2026-04-27T00:38:00+03:00""";"=""OA_YTM""";"=""AKSU RES""";"=""10928268862""";"=""2890""";"=""AKSU ÇAMLICA RES""";0,99;158,29;2,98;0,37;;;;;;;;
"=""API""";"=""WIND""";"=""2026-04-27T00:39:00+03:00""";"=""OA_YTM""";"=""AKSU RES""";"=""10928268862""";"=""2890""";"=""AKSU ÇAMLICA RES""";0,99;158,96;2,98;0,47;;;;;;;;
"=""API""";"=""WIND""";"=""2026-04-27T00:40:00+03:00""";"=""OA_YTM""";"=""AKSU RES""";"=""10928268862""";"=""2890""";"=""AKSU ÇAMLICA RES""";0,99;158,6;2,98;0,39;;;;;;;;
"=""API""";"=""WIND""";"=""2026-04-27T00:41:00+03:00""";"=""OA_YTM""";"=""AKSU RES""";"=""10928268862""";"=""2890""";"=""AKSU ÇAMLICA RES""";0,99;158,71;2,98;0,43;;;;;;;;
"=""API""";"=""WIND""";"=""2026-04-27T00:42:00+03:00""";"=""OA_YTM""";"=""AKSU RES""";"=""10928268862""";"=""2890""";"=""AKSU ÇAMLICA RES""";0,99;158,35;2,98;0,39;;;;;;;;
"=""API""";"=""WIND""";"=""2026-04-27T00:43:00+03:00""";"=""OA_YTM""";"=""AKSU RES""";"=""10928268862""";"=""2890""";"=""AKSU ÇAMLICA RES""";0,99;158,19;3,97;0,39;;;;;;;;
"=""API""";"=""WIND""";"=""2026-04-27T00:44:00+03:00""";"=""OA_YTM""";"=""AKSU RES""";"=""10928268862""";"=""2890""";"=""AKSU ÇAMLICA RES""";0,99;158,5;3,97;0,34;;;;;;;;
"=""API""";"=""WIND""";"=""2026-04-27T00:45:00+03:00""";"=""OA_YTM""";"=""AKSU RES""";"=""10928268862""";"=""2890""";"=""AKSU ÇAMLICA RES""";0,99;158,71;3,97;0,47;;;;;;;;
"=""API""";"=""WIND""";"=""2026-04-27T00:46:00+03:00""";"=""OA_YTM""";"=""AKSU RES""";"=""10928268862""";"=""2890""";"=""AKSU ÇAMLICA RES""";0,99;158,14;3,97;0,41;;;;;;;;
"=""API""";"=""WIND""";"=""2026-04-27T00:47:00+03:00""";"=""OA_YTM""";"=""AKSU RES""";"=""10928268862""";"=""2890""";"=""AKSU ÇAMLICA RES""";0,99;158,96;1,98;0,53;;;;;;;;
"=""API""";"=""WIND""";"=""2026-04-27T00:48:00+03:00""";"=""OA_YTM""";"=""AKSU RES""";"=""10928268862""";"=""2890""";"=""AKSU ÇAMLICA RES""";0,99;158,24;1,98;0,3;;;;;;;;
"=""API""";"=""WIND""";"=""2026-04-27T00:49:00+03:00""";"=""OA_YTM""";"=""AKSU RES""";"=""10928268862""";"=""2890""";"=""AKSU ÇAMLICA RES""";0,99;158,55;1,98;0,46;;;;;;;;
"=""API""";"=""WIND""";"=""2026-04-27T00:50:00+03:00""";"=""OA_YTM""";"=""AKSU RES""";"=""10928268862""";"=""2890""";"=""AKSU ÇAMLICA RES""";0,99;158,66;1,98;0,33;;;;;;;;
"=""API""";"=""WIND""";"=""2026-04-27T00:51:00+03:00""";"=""OA_YTM""";"=""AKSU RES""";"=""10928268862""";"=""2890""";"=""AKSU ÇAMLICA RES""";0,99;158,96;4,96;0,68;;;;;;;;
"=""API""";"=""WIND""";"=""2026-04-27T00:52:00+03:00""";"=""OA_YTM""";"=""AKSU RES""";"=""10928268862""";"=""2890""";"=""AKSU ÇAMLICA RES""";0,99;158,19;4,96;0,68;;;;;;;;
"=""API""";"=""WIND""";"=""2026-04-27T00:53:00+03:00""";"=""OA_YTM""";"=""AKSU RES""";"=""10928268862""";"=""2890""";"=""AKSU ÇAMLICA RES""";0,99;159,48;4,96;0,3;;;;;;;;
"=""API""";"=""WIND""";"=""2026-04-27T00:54:00+03:00""";"=""OA_YTM""";"=""AKSU RES""";"=""10928268862""";"=""2890""";"=""AKSU ÇAMLICA RES""";0,99;157,88;4,96;0,27;;;;;;;;
"=""API""";"=""WIND""";"=""2026-04-27T00:55:00+03:00""";"=""OA_YTM""";"=""AKSU RES""";"=""10928268862""";"=""2890""";"=""AKSU ÇAMLICA RES""";0,99;157,78;4,96;0,36;;;;;;;;
"=""API""";"=""WIND""";"=""2026-04-27T00:56:00+03:00""";"=""OA_YTM""";"=""AKSU RES""";"=""10928268862""";"=""2890""";"=""AKSU ÇAMLICA RES""";0,99;159,43;4,96;0,32;;;;;;;;
"=""API""";"=""WIND""";"=""2026-04-27T00:57:00+03:00""";"=""OA_YTM""";"=""AKSU RES""";"=""10928268862""";"=""2890""";"=""AKSU ÇAMLICA RES""";0,99;157,32;4,96;0,66;;;;;;;;
"=""API""";"=""WIND""";"=""2026-04-27T00:58:00+03:00""";"=""OA_YTM""";"=""AKSU RES""";"=""10928268862""";"=""2890""";"=""AKSU ÇAMLICA RES""";0,99;159,43;4,96;0,69;;;;;;;;
"=""API""";"=""WIND""";"=""2026-04-27T00:59:00+03:00""";"=""OA_YTM""";"=""AKSU RES""";"=""10928268862""";"=""2890""";"=""AKSU ÇAMLICA RES""";0,99;159,43;4,96;0,26;;;;;;;;
"=""API""";"=""WIND""";"=""2026-04-27T01:00:00+03:00""";"=""OA_YTM""";"=""AKSU RES""";"=""10928268862""";"=""2890""";"=""AKSU ÇAMLICA RES""";-0,99;157,47;4,96;0,26;;;;;;;;
"=""API""";"=""WIND""";"=""2026-04-27T01:01:00+03:00""";"=""OA_YTM""";"=""AKSU RES""";"=""10928268862""";"=""2890""";"=""AKSU ÇAMLICA RES""";-0,99;157,68;4,96;0,67;;;;;;;;
"=""API""";"=""WIND""";"=""2026-04-27T01:02:00+03:00""";"=""OA_YTM""";"=""AKSU RES""";"=""10928268862""";"=""2890""";"=""AKSU ÇAMLICA RES""";-0,99;157,58;4,96;0,67;;;;;;;;
"=""API""";"=""WIND""";"=""2026-04-27T01:03:00+03:00""";"=""OA_YTM""";"=""AKSU RES""";"=""10928268862""";"=""2890""";"=""AKSU ÇAMLICA RES""";-0,99;157,68;4,96;0,4;;;;;;;;
"=""API""";"=""WIND""";"=""2026-04-27T01:04:00+03:00""";"=""OA_YTM""";"=""AKSU RES""";"=""10928268862""";"=""2890""";"=""AKSU ÇAMLICA RES""";-0,99;158,09;4,96;0,37;;;;;;;;
"=""API""";"=""WIND""";"=""2026-04-27T01:05:00+03:00""";"=""OA_YTM""";"=""AKSU RES""";"=""10928268862""";"=""2890""";"=""AKSU ÇAMLICA RES""";-0,99;158,6;1,98;-0,6;;;;;;;;
"=""API""";"=""WIND""";"=""2026-04-27T01:06:00+03:00""";"=""OA_YTM""";"=""AKSU RES""";"=""10928268862""";"=""2890""";"=""AKSU ÇAMLICA RES""";-0,99;158,6;4,96;-0,67;;;;;;;;
"=""API""";"=""WIND""";"=""2026-04-27T01:07:00+03:00""";"=""OA_YTM""";"=""AKSU RES""";"=""10928268862""";"=""2890""";"=""AKSU ÇAMLICA RES""";-0,99;159,79;3,97;-0,61;;;;;;;;
"=""API""";"=""WIND""";"=""2026-04-27T01:08:00+03:00""";"=""OA_YTM""";"=""AKSU RES""";"=""10928268862""";"=""2890""";"=""AKSU ÇAMLICA RES""";-0,99;158,45;2,98;0,43;;;;;;;;
"=""API""";"=""WIND""";"=""2026-04-27T01:09:00+03:00""";"=""OA_YTM""";"=""AKSU RES""";"=""10928268862""";"=""2890""";"=""AKSU ÇAMLICA RES""";-0,99;159,01;2,98;-0,51;;;;;;;;
"=""API""";"=""WIND""";"=""2026-04-27T01:10:00+03:00""";"=""OA_YTM""";"=""AKSU RES""";"=""10928268862""";"=""2890""";"=""AKSU ÇAMLICA RES""";-0,99;158,29;3,97;-0,5;;;;;;;;
"=""API""";"=""WIND""";"=""2026-04-27T01:11:00+03:00""";"=""OA_YTM""";"=""AKSU RES""";"=""10928268862""";"=""2890""";"=""AKSU ÇAMLICA RES""";-0,99;159,63;2,98;0,53;;;;;;;;
"=""API""";"=""WIND""";"=""2026-04-27T01:12:00+03:00""";"=""OA_YTM""";"=""AKSU RES""";"=""10928268862""";"=""2890""";"=""AKSU ÇAMLICA RES""";-0,99;158,5;2,98;0,53;;;;;;;;
"=""API""";"=""WIND""";"=""2026-04-27T01:13:00+03:00""";"=""OA_YTM""";"=""AKSU RES""";"=""10928268862""";"=""2890""";"=""AKSU ÇAMLICA RES""";-0,99;159,63;2,98;0,47;;;;;;;;
"=""API""";"=""WIND""";"=""2026-04-27T01:14:00+03:00""";"=""OA_YTM""";"=""AKSU RES""";"=""10928268862""";"=""2890""";"=""AKSU ÇAMLICA RES""";-0,99;158,24;2,98;0,53;;;;;;;;
"=""API""";"=""WIND""";"=""2026-04-27T01:15:00+03:00""";"=""OA_YTM""";"=""AKSU RES""";"=""10928268862""";"=""2890""";"=""AKSU ÇAMLICA RES""";-0,99;158,55;2,98;0,53;;;;;;;;
"=""API""";"=""WIND""";"=""2026-04-27T01:16:00+03:00""";"=""OA_YTM""";"=""AKSU RES""";"=""10928268862""";"=""2890""";"=""AKSU ÇAMLICA RES""";-0,99;158,24;2,98;-0,39;;;;;;;;
"=""API""";"=""WIND""";"=""2026-04-27T01:17:00+03:00""";"=""OA_YTM""";"=""AKSU RES""";"=""10928268862""";"=""2890""";"=""AKSU ÇAMLICA RES""";-0,99;158,55;1,98;-0,28;;;;;;;;
"=""API""";"=""WIND""";"=""2026-04-27T01:18:00+03:00""";"=""OA_YTM""";"=""AKSU RES""";"=""10928268862""";"=""2890""";"=""AKSU ÇAMLICA RES""";-0,99;158,86;1,98;0,61;;;;;;;;
"=""API""";"=""WIND""";"=""2026-04-27T01:19:00+03:00""";"=""OA_YTM""";"=""AKSU RES""";"=""10928268862""";"=""2890""";"=""AKSU ÇAMLICA RES""";-0,99;158,45;4,96;0,68;;;;;;;;
"=""API""";"=""WIND""";"=""2026-04-27T01:20:00+03:00""";"=""OA_YTM""";"=""AKSU RES""";"=""10928268862""";"=""2890""";"=""AKSU ÇAMLICA RES""";-0,99;158,5;0,99;0,45;;;;;;;;
"=""API""";"=""WIND""";"=""2026-04-27T01:21:00+03:00""";"=""OA_YTM""";"=""AKSU RES""";"=""10928268862""";"=""2890""";"=""AKSU ÇAMLICA RES""";-0,99;159,37;0,99;0,25;;;;;;;;
"=""API""";"=""WIND""";"=""2026-04-27T01:22:00+03:00""";"=""OA_YTM""";"=""AKSU RES""";"=""10928268862""";"=""2890""";"=""AKSU ÇAMLICA RES""";-0,99;158,81;0;0,41;;;;;;;;
"=""API""";"=""WIND""";"=""2026-04-27T01:23:00+03:00""";"=""OA_YTM""";"=""AKSU RES""";"=""10928268862""";"=""2890""";"=""AKSU ÇAMLICA RES""";-0,99;159,37;0;0,49;;;;;;;;
"=""API""";"=""WIND""";"=""2026-04-27T01:24:00+03:00""";"=""OA_YTM""";"=""AKSU RES""";"=""10928268862""";"=""2890""";"=""AKSU ÇAMLICA RES""";-0,99;159,43;0;0,44;;;;;;;;
"=""API""";"=""WIND""";"=""2026-04-27T01:25:00+03:00""";"=""OA_YTM""";"=""AKSU RES""";"=""10928268862""";"=""2890""";"=""AKSU ÇAMLICA RES""";-0,99;159,43;0;0,88;;;;;;;;
"=""API""";"=""WIND""";"=""2026-04-27T01:26:00+03:00""";"=""OA_YTM""";"=""AKSU RES""";"=""10928268862""";"=""2890""";"=""AKSU ÇAMLICA RES""";-0,99;158,5;0;1,02;;;;;;;;
"=""API""";"=""WIND""";"=""2026-04-27T01:27:00+03:00""";"=""OA_YTM""";"=""AKSU RES""";"=""10928268862""";"=""2890""";"=""AKSU ÇAMLICA RES""";-0,99;159,43;0;0,69;;;;;;;;
"=""API""";"=""WIND""";"=""2026-04-27T01:28:00+03:00""";"=""OA_YTM""";"=""AKSU RES""";"=""10928268862""";"=""2890""";"=""AKSU ÇAMLICA RES""";-0,99;159,43;0;1,34;;;;;;;;
"=""API""";"=""WIND""";"=""2026-04-27T01:29:00+03:00""";"=""OA_YTM""";"=""AKSU RES""";"=""10928268862""";"=""2890""";"=""AKSU ÇAMLICA RES""";-0,99;158,09;0;1,53;;;;;;;;
"=""API""";"=""WIND""";"=""2026-04-27T01:30:00+03:00""";"=""OA_YTM""";"=""AKSU RES""";"=""10928268862""";"=""2890""";"=""AKSU ÇAMLICA RES""";-0,99;158,19;0;1,84;;;;;;;;
"=""API""";"=""WIND""";"=""2026-04-27T01:31:00+03:00""";"=""OA_YTM""";"=""AKSU RES""";"=""10928268862""";"=""2890""";"=""AKSU ÇAMLICA RES""";-0,99;159,43;0;2,05;;;;;;;;
"=""API""";"=""WIND""";"=""2026-04-27T01:32:00+03:00""";"=""OA_YTM""";"=""AKSU RES""";"=""10928268862""";"=""2890""";"=""AKSU ÇAMLICA RES""";-0,99;160,14;0;2,05;;;;;;;;
"=""API""";"=""WIND""";"=""2026-04-27T01:33:00+03:00""";"=""OA_YTM""";"=""AKSU RES""";"=""10928268862""";"=""2890""";"=""AKSU ÇAMLICA RES""";-0,99;158,5;0;2,54;;;;;;;;
"=""API""";"=""WIND""";"=""2026-04-27T01:34:00+03:00""";"=""OA_YTM""";"=""AKSU RES""";"=""10928268862""";"=""2890""";"=""AKSU ÇAMLICA RES""";-0,99;158,6;0;0,62;;;;;;;;
"=""API""";"=""WIND""";"=""2026-04-27T01:35:00+03:00""";"=""OA_YTM""";"=""AKSU RES""";"=""10928268862""";"=""2890""";"=""AKSU ÇAMLICA RES""";-0,99;158,91;0;-0,6;;;;;;;;
"=""API""";"=""WIND""";"=""2026-04-27T01:36:00+03:00""";"=""OA_YTM""";"=""AKSU RES""";"=""10928268862""";"=""2890""";"=""AKSU ÇAMLICA RES""";-0,99;159,17;4,96;-0,73;;;;;;;;
"=""API""";"=""WIND""";"=""2026-04-27T01:37:00+03:00""";"=""OA_YTM""";"=""AKSU RES""";"=""10928268862""";"=""2890""";"=""AKSU ÇAMLICA RES""";-0,99;159,89;4,96;-0,67;;;;;;;;
"=""API""";"=""WIND""";"=""2026-04-27T01:38:00+03:00""";"=""OA_YTM""";"=""AKSU RES""";"=""10928268862""";"=""2890""";"=""AKSU ÇAMLICA RES""";-0,99;158,86;2,98;-0,61;;;;;;;;
"=""API""";"=""WIND""";"=""2026-04-27T01:39:00+03:00""";"=""OA_YTM""";"=""AKSU RES""";"=""10928268862""";"=""2890""";"=""AKSU ÇAMLICA RES""";-0,99;159,43;2,98;-0,51;;;;;;;;
"=""API""";"=""WIND""";"=""2026-04-27T01:40:00+03:00""";"=""OA_YTM""";"=""AKSU RES""";"=""10928268862""";"=""2890""";"=""AKSU ÇAMLICA RES""";-0,99;159,63;3,97;-0,56;;;;;;;;
"=""API""";"=""WIND""";"=""2026-04-27T01:41:00+03:00""";"=""OA_YTM""";"=""AKSU RES""";"=""10928268862""";"=""2890""";"=""AKSU ÇAMLICA RES""";-0,99;159,94;2,98;-0,5;;;;;;;;
"=""API""";"=""WIND""";"=""2026-04-27T01:42:00+03:00""";"=""OA_YTM""";"=""AKSU RES""";"=""10928268862""";"=""2890""";"=""AKSU ÇAMLICA RES""";-0,99;158,86;2,98;2,62;;;;;;;;
"=""API""";"=""WIND""";"=""2026-04-27T01:43:00+03:00""";"=""OA_YTM""";"=""AKSU RES""";"=""10928268862""";"=""2890""";"=""AKSU ÇAMLICA RES""";-0,99;158,55;2,98;2,61;;;;;;;;
"=""API""";"=""WIND""";"=""2026-04-27T01:44:00+03:00""";"=""OA_YTM""";"=""AKSU RES""";"=""10928268862""";"=""2890""";"=""AKSU ÇAMLICA RES""";-0,99;159,63;2,98;2,61;;;;;;;;
"=""API""";"=""WIND""";"=""2026-04-27T01:45:00+03:00""";"=""OA_YTM""";"=""AKSU RES""";"=""10928268862""";"=""2890""";"=""AKSU ÇAMLICA RES""";-0,99;158,55;2,98;-0,46;;;;;;;;
"=""API""";"=""WIND""";"=""2026-04-27T01:46:00+03:00""";"=""OA_YTM""";"=""AKSU RES""";"=""10928268862""";"=""2890""";"=""AKSU ÇAMLICA RES""";-0,99;158,76;2,98;2,75;;;;;;;;
"=""API""";"=""WIND""";"=""2026-04-27T01:47:00+03:00""";"=""OA_YTM""";"=""AKSU RES""";"=""10928268862""";"=""2890""";"=""AKSU ÇAMLICA RES""";-0,99;158,86;2,98;-0,39;;;;;;;;
"=""API""";"=""WIND""";"=""2026-04-27T01:48:00+03:00""";"=""OA_YTM""";"=""AKSU RES""";"=""10928268862""";"=""2890""";"=""AKSU ÇAMLICA RES""";-0,99;158,55;1,98;-0,39;;;;;;;;
"=""API""";"=""WIND""";"=""2026-04-27T01:49:00+03:00""";"=""OA_YTM""";"=""AKSU RES""";"=""10928268862""";"=""2890""";"=""AKSU ÇAMLICA RES""";-0,99;158,76;1,98;2,89;;;;;;;;
"=""API""";"=""WIND""";"=""2026-04-27T01:50:00+03:00""";"=""OA_YTM""";"=""AKSU RES""";"=""10928268862""";"=""2890""";"=""AKSU ÇAMLICA RES""";-0,99;159,17;1,98;0,02;;;;;;;;
"=""API""";"=""WIND""";"=""2026-04-27T01:51:00+03:00""";"=""OA_YTM""";"=""AKSU RES""";"=""10928268862""";"=""2890""";"=""AKSU ÇAMLICA RES""";-0,99;159,17;0,99;-0,22;;;;;;;;
"=""API""";"=""WIND""";"=""2026-04-27T01:52:00+03:00""";"=""OA_YTM""";"=""AKSU RES""";"=""10928268862""";"=""2890""";"=""AKSU ÇAMLICA RES""";-0,99;159,17;0,99;0,45;;;;;;;;
"=""API""";"=""WIND""";"=""2026-04-27T01:53:00+03:00""";"=""OA_YTM""";"=""AKSU RES""";"=""10928268862""";"=""2890""";"=""AKSU ÇAMLICA RES""";-0,99;159,02;0,99;2,92;;;;;;;;
"=""API""";"=""WIND""";"=""2026-04-27T01:54:00+03:00""";"=""OA_YTM""";"=""AKSU RES""";"=""10928268862""";"=""2890""";"=""AKSU ÇAMLICA RES""";-0,99;159,02;0,99;0,55;;;;;;;;
"=""API""";"=""WIND""";"=""2026-04-27T01:55:00+03:00""";"=""OA_YTM""";"=""AKSU RES""";"=""10928268862""";"=""2890""";"=""AKSU ÇAMLICA RES""";-0,99;158,81;0;0,49;;;;;;;;
"=""API""";"=""WIND""";"=""2026-04-27T01:56:00+03:00""";"=""OA_YTM""";"=""AKSU RES""";"=""10928268862""";"=""2890""";"=""AKSU ÇAMLICA RES""";-0,99;159,17;0;2,91;;;;;;;;
"=""API""";"=""WIND""";"=""2026-04-27T01:57:00+03:00""";"=""OA_YTM""";"=""AKSU RES""";"=""10928268862""";"=""2890""";"=""AKSU ÇAMLICA RES""";-0,99;159,48;0;0,44;;;;;;;;
"=""API""";"=""WIND""";"=""2026-04-27T01:58:00+03:00""";"=""OA_YTM""";"=""AKSU RES""";"=""10928268862""";"=""2890""";"=""AKSU ÇAMLICA RES""";-0,99;158,91;0;2,91;;;;;;;;
"=""API""";"=""WIND""";"=""2026-04-27T01:59:00+03:00""";"=""OA_YTM""";"=""AKSU RES""";"=""10928268862""";"=""2890""";"=""AKSU ÇAMLICA RES""";-0,99;158,5;0;1,02;;;;;;;;
"=""API""";"=""WIND""";"=""2026-04-27T02:00:00+03:00""";"=""OA_YTM""";"=""AKSU RES""";"=""10928268862""";"=""2890""";"=""AKSU ÇAMLICA RES""";-0,98;158,71;0;1,2;;;;;;;;
"=""API""";"=""WIND""";"=""2026-04-27T02:01:00+03:00""";"=""OA_YTM""";"=""AKSU RES""";"=""10928268862""";"=""2890""";"=""AKSU ÇAMLICA RES""";-0,98;158,86;0;1,34;;;;;;;;
"=""API""";"=""WIND""";"=""2026-04-27T02:02:00+03:00""";"=""OA_YTM""";"=""AKSU RES""";"=""10928268862""";"=""2890""";"=""AKSU ÇAMLICA RES""";-0,98;158,19;0;1,53;;;;;;;;
"=""API""";"=""WIND""";"=""2026-04-27T02:03:00+03:00""";"=""OA_YTM""";"=""AKSU RES""";"=""10928268862""";"=""2890""";"=""AKSU ÇAMLICA RES""";-0,98;158,6;0;1,63;;;;;;;;
"=""API""";"=""WIND""";"=""2026-04-27T02:04:00+03:00""";"=""OA_YTM""";"=""AKSU RES""";"=""10928268862""";"=""2890""";"=""AKSU ÇAMLICA RES""";-0,98;158,4;0;1,96;;;;;;;;
"=""API""";"=""WIND""";"=""2026-04-27T02:05:00+03:00""";"=""OA_YTM""";"=""AKSU RES""";"=""10928268862""";"=""2890""";"=""AKSU ÇAMLICA RES""";-0,98;158,5;0;2,91;;;;;;;;
"=""API""";"=""WIND""";"=""2026-04-27T02:06:00+03:00""";"=""OA_YTM""";"=""AKSU RES""";"=""10928268862""";"=""2890""";"=""AKSU ÇAMLICA RES""";-0,98;158,5;0;2,42;;;;;;;;
"=""API""";"=""WIND""";"=""2026-04-27T02:07:00+03:00""";"=""OA_YTM""";"=""AKSU RES""";"=""10928268862""";"=""2890""";"=""AKSU ÇAMLICA RES""";-0,98;158,5;0;2,54;;;;;;;;
"=""API""";"=""WIND""";"=""2026-04-27T02:08:00+03:00""";"=""OA_YTM""";"=""AKSU RES""";"=""10928268862""";"=""2890""";"=""AKSU ÇAMLICA RES""";-0,98;158,81;0;2,54;;;;;;;;
"=""API""";"=""WIND""";"=""2026-04-27T02:09:00+03:00""";"=""OA_YTM""";"=""AKSU RES""";"=""10928268862""";"=""2890""";"=""AKSU ÇAMLICA RES""";-0,98;158,81;0;2,58;;;;;;;;
"=""API""";"=""WIND""";"=""2026-04-27T02:10:00+03:00""";"=""OA_YTM""";"=""AKSU RES""";"=""10928268862""";"=""2890""";"=""AKSU ÇAMLICA RES""";-0,98;159,17;0;2,56;;;;;;;;
"=""API""";"=""WIND""";"=""2026-04-27T02:11:00+03:00""";"=""OA_YTM""";"=""AKSU RES""";"=""10928268862""";"=""2890""";"=""AKSU ÇAMLICA RES""";-0,98;159,01;0;2,56;;;;;;;;
"=""API""";"=""WIND""";"=""2026-04-27T02:12:00+03:00""";"=""OA_YTM""";"=""AKSU RES""";"=""10928268862""";"=""2890""";"=""AKSU ÇAMLICA RES""";-0,98;158,86;0;2,6;;;;;;;;
"=""API""";"=""WIND""";"=""2026-04-27T02:13:00+03:00""";"=""OA_YTM""";"=""AKSU RES""";"=""10928268862""";"=""2890""";"=""AKSU ÇAMLICA RES""";-0,98;158,55;0;2,52;;;;;;;;
"=""API""";"=""WIND""";"=""2026-04-27T02:14:00+03:00""";"=""OA_YTM""";"=""AKSU RES""";"=""10928268862""";"=""2890""";"=""AKSU ÇAMLICA RES""";-0,98;158,86;0;2,54;;;;;;;;
"=""API""";"=""WIND""";"=""2026-04-27T02:15:00+03:00""";"=""OA_YTM""";"=""AKSU RES""";"=""10928268862""";"=""2890""";"=""AKSU ÇAMLICA RES""";-0,98;158,81;0;2,55;;;;;;;;
"=""API""";"=""WIND""";"=""2026-04-27T02:16:00+03:00""";"=""OA_YTM""";"=""AKSU RES""";"=""10928268862""";"=""2890""";"=""AKSU ÇAMLICA RES""";-0,98;158,55;0;2,55;;;;;;;;
"=""API""";"=""WIND""";"=""2026-04-27T02:17:00+03:00""";"=""OA_YTM""";"=""AKSU RES""";"=""10928268862""";"=""2890""";"=""AKSU ÇAMLICA RES""";-0,98;158,55;0;2,62;;;;;;;;
"=""API""";"=""WIND""";"=""2026-04-27T02:18:00+03:00""";"=""OA_YTM""";"=""AKSU RES""";"=""10928268862""";"=""2890""";"=""AKSU ÇAMLICA RES""";-0,98;158,86;0;2,61;;;;;;;;
"=""API""";"=""WIND""";"=""2026-04-27T02:19:00+03:00""";"=""OA_YTM""";"=""AKSU RES""";"=""10928268862""";"=""2890""";"=""AKSU ÇAMLICA RES""";-0,98;158,71;0;2,98;;;;;;;;
"=""API""";"=""WIND""";"=""2026-04-27T02:20:00+03:00""";"=""OA_YTM""";"=""AKSU RES""";"=""10928268862""";"=""2890""";"=""AKSU ÇAMLICA RES""";-0,98;158,55;0;2,98;;;;;;;;
"=""API""";"=""WIND""";"=""2026-04-27T02:21:00+03:00""";"=""OA_YTM""";"=""AKSU RES""";"=""10928268862""";"=""2890""";"=""AKSU ÇAMLICA RES""";-0,98;159,01;0;2,75;;;;;;;;
"=""API""";"=""WIND""";"=""2026-04-27T02:22:00+03:00""";"=""OA_YTM""";"=""AKSU RES""";"=""10928268862""";"=""2890""";"=""AKSU ÇAMLICA RES""";-0,98;158,86;0;2,75;;;;;;;;
"=""API""";"=""WIND""";"=""2026-04-27T02:23:00+03:00""";"=""OA_YTM""";"=""AKSU RES""";"=""10928268862""";"=""2890""";"=""AKSU ÇAMLICA RES""";-0,98;159,17;0;2,96;;;;;;;;
"=""API""";"=""WIND""";"=""2026-04-27T02:24:00+03:00""";"=""OA_YTM""";"=""AKSU RES""";"=""10928268862""";"=""2890""";"=""AKSU ÇAMLICA RES""";-0,98;158,71;0;2,89;;;;;;;;
"=""API""";"=""WIND""";"=""2026-04-27T02:25:00+03:00""";"=""OA_YTM""";"=""AKSU RES""";"=""10928268862""";"=""2890""";"=""AKSU ÇAMLICA RES""";-0,98;159,06;0;2,89;;;;;;;;
"=""API""";"=""WIND""";"=""2026-04-27T02:26:00+03:00""";"=""OA_YTM""";"=""AKSU RES""";"=""10928268862""";"=""2890""";"=""AKSU ÇAMLICA RES""";-0,98;158,09;0;2,89;;;;;;;;
"=""API""";"=""WIND""";"=""2026-04-27T02:27:00+03:00""";"=""OA_YTM""";"=""AKSU RES""";"=""10928268862""";"=""2890""";"=""AKSU ÇAMLICA RES""";-0,98;159,17;0;2,89;;;;;;;;
"=""API""";"=""WIND""";"=""2026-04-27T02:28:00+03:00""";"=""OA_YTM""";"=""AKSU RES""";"=""10928268862""";"=""2890""";"=""AKSU ÇAMLICA RES""";-0,98;159,17;0;2,94;;;;;;;;
"=""API""";"=""WIND""";"=""2026-04-27T02:29:00+03:00""";"=""OA_YTM""";"=""AKSU RES""";"=""10928268862""";"=""2890""";"=""AKSU ÇAMLICA RES""";-0,98;158,6;0;2,95;;;;;;;;
"=""API""";"=""WIND""";"=""2026-04-27T02:30:00+03:00""";"=""OA_YTM""";"=""AKSU RES""";"=""10928268862""";"=""2890""";"=""AKSU ÇAMLICA RES""";-0,98;159,27;0;2,92;;;;;;;;
"=""API""";"=""WIND""";"=""2026-04-27T02:31:00+03:00""";"=""OA_YTM""";"=""AKSU RES""";"=""10928268862""";"=""2890""";"=""AKSU ÇAMLICA RES""";-0,98;159,17;0;2,97;;;;;;;;
"=""API""";"=""WIND""";"=""2026-04-27T02:32:00+03:00""";"=""OA_YTM""";"=""AKSU RES""";"=""10928268862""";"=""2890""";"=""AKSU ÇAMLICA RES""";-0,98;159,17;0;2,97;;;;;;;;
"=""API""";"=""WIND""";"=""2026-04-27T02:33:00+03:00""";"=""OA_YTM""";"=""AKSU RES""";"=""10928268862""";"=""2890""";"=""AKSU ÇAMLICA RES""";-0,98;159,17;0;2,91;;;;;;;;
"=""API""";"=""WIND""";"=""2026-04-27T02:34:00+03:00""";"=""OA_YTM""";"=""AKSU RES""";"=""10928268862""";"=""2890""";"=""AKSU ÇAMLICA RES""";-0,98;159,01;0;2,91;;;;;;;;
"=""API""";"=""WIND""";"=""2026-04-27T02:35:00+03:00""";"=""OA_YTM""";"=""AKSU RES""";"=""10928268862""";"=""2890""";"=""AKSU ÇAMLICA RES""";-0,98;159,01;0;2,91;;;;;;;;
"=""API""";"=""WIND""";"=""2026-04-27T02:36:00+03:00""";"=""OA_YTM""";"=""AKSU RES""";"=""10928268862""";"=""2890""";"=""AKSU ÇAMLICA RES""";-0,98;159,48;0;2,91;;;;;;;;
"=""API""";"=""WIND""";"=""2026-04-27T02:37:00+03:00""";"=""OA_YTM""";"=""AKSU RES""";"=""10928268862""";"=""2890""";"=""AKSU ÇAMLICA RES""";-0,98;159,17;0;2,94;;;;;;;;
"=""API""";"=""WIND""";"=""2026-04-27T02:38:00+03:00""";"=""OA_YTM""";"=""AKSU RES""";"=""10928268862""";"=""2890""";"=""AKSU ÇAMLICA RES""";-0,98;158,86;0;2,94;;;;;;;;
"=""API""";"=""WIND""";"=""2026-04-27T02:39:00+03:00""";"=""OA_YTM""";"=""AKSU RES""";"=""10928268862""";"=""2890""";"=""AKSU ÇAMLICA RES""";-0,98;158,4;0;2,94;;;;;;;;
"=""API""";"=""WIND""";"=""2026-04-27T02:40:00+03:00""";"=""OA_YTM""";"=""AKSU RES""";"=""10928268862""";"=""2890""";"=""AKSU ÇAMLICA RES""";-0,98;158,6;0;2,94;;;;;;;;
"=""API""";"=""WIND""";"=""2026-04-27T02:41:00+03:00""";"=""OA_YTM""";"=""AKSU RES""";"=""10928268862""";"=""2890""";"=""AKSU ÇAMLICA RES""";-0,98;158,4;0;2,94;;;;;;;;
"=""API""";"=""WIND""";"=""2026-04-27T02:42:00+03:00""";"=""OA_YTM""";"=""AKSU RES""";"=""10928268862""";"=""2890""";"=""AKSU ÇAMLICA RES""";-0,98;159,32;0;2,99;;;;;;;;
"=""API""";"=""WIND""";"=""2026-04-27T02:43:00+03:00""";"=""OA_YTM""";"=""AKSU RES""";"=""10928268862""";"=""2890""";"=""AKSU ÇAMLICA RES""";-0,98;158,71;0;2,91;;;;;;;;
"=""API""";"=""WIND""";"=""2026-04-27T02:44:00+03:00""";"=""OA_YTM""";"=""AKSU RES""";"=""10928268862""";"=""2890""";"=""AKSU ÇAMLICA RES""";-0,98;158,45;0;2,95;;;;;;;;
"=""API""";"=""WIND""";"=""2026-04-27T02:45:00+03:00""";"=""OA_YTM""";"=""AKSU RES""";"=""10928268862""";"=""2890""";"=""AKSU ÇAMLICA RES""";-0,98;158,76;0;2,97;;;;;;;;
"=""API""";"=""WIND""";"=""2026-04-27T02:46:00+03:00""";"=""OA_YTM""";"=""AKSU RES""";"=""10928268862""";"=""2890""";"=""AKSU ÇAMLICA RES""";-0,98;158,71;0;2,97;;;;;;;;
"=""API""";"=""WIND""";"=""2026-04-27T02:47:00+03:00""";"=""OA_YTM""";"=""AKSU RES""";"=""10928268862""";"=""2890""";"=""AKSU ÇAMLICA RES""";-0,98;158,45;0;2,97;;;;;;;;
"=""API""";"=""WIND""";"=""2026-04-27T02:48:00+03:00""";"=""OA_YTM""";"=""AKSU RES""";"=""10928268862""";"=""2890""";"=""AKSU ÇAMLICA RES""";-0,98;158,5;0;2,97;;;;;;;;
"=""API""";"=""WIND""";"=""2026-04-27T02:49:00+03:00""";"=""OA_YTM""";"=""AKSU RES""";"=""10928268862""";"=""2890""";"=""AKSU ÇAMLICA RES""";-0,98;158,4;0;2,97;;;;;;;;
"=""API""";"=""WIND""";"=""2026-04-27T02:50:00+03:00""";"=""OA_YTM""";"=""AKSU RES""";"=""10928268862""";"=""2890""";"=""AKSU ÇAMLICA RES""";-0,98;158,5;0;2,97;;;;;;;;
"=""API""";"=""WIND""";"=""2026-04-27T02:51:00+03:00""";"=""OA_YTM""";"=""AKSU RES""";"=""10928268862""";"=""2890""";"=""AKSU ÇAMLICA RES""";-0,98;158,5;0;2,97;;;;;;;;
"=""API""";"=""WIND""";"=""2026-04-27T02:52:00+03:00""";"=""OA_YTM""";"=""AKSU RES""";"=""10928268862""";"=""2890""";"=""AKSU ÇAMLICA RES""";-0,98;159,22;0;2,97;;;;;;;;
"=""API""";"=""WIND""";"=""2026-04-27T02:53:00+03:00""";"=""OA_YTM""";"=""AKSU RES""";"=""10928268862""";"=""2890""";"=""AKSU ÇAMLICA RES""";-0,98;159,01;0;2,99;;;;;;;;
"=""API""";"=""WIND""";"=""2026-04-27T02:54:00+03:00""";"=""OA_YTM""";"=""AKSU RES""";"=""10928268862""";"=""2890""";"=""AKSU ÇAMLICA RES""";-0,98;158,71;0;2,99;;;;;;;;
"=""API""";"=""WIND""";"=""2026-04-27T02:55:00+03:00""";"=""OA_YTM""";"=""AKSU RES""";"=""10928268862""";"=""2890""";"=""AKSU ÇAMLICA RES""";-0,98;158,91;0;2,99;;;;;;;;
"=""API""";"=""WIND""";"=""2026-04-27T02:56:00+03:00""";"=""OA_YTM""";"=""AKSU RES""";"=""10928268862""";"=""2890""";"=""AKSU ÇAMLICA RES""";-0,98;158,91;0;2,99;;;;;;;;
"=""API""";"=""WIND""";"=""2026-04-27T02:57:00+03:00""";"=""OA_YTM""";"=""AKSU RES""";"=""10928268862""";"=""2890""";"=""AKSU ÇAMLICA RES""";-0,98;159,12;0;2,99;;;;;;;;
"=""API""";"=""WIND""";"=""2026-04-27T02:58:00+03:00""";"=""OA_YTM""";"=""AKSU RES""";"=""10928268862""";"=""2890""";"=""AKSU ÇAMLICA RES""";-0,98;158,71;0;2,98;;;;;;;;
"=""API""";"=""WIND""";"=""2026-04-27T02:59:00+03:00""";"=""OA_YTM""";"=""AKSU RES""";"=""10928268862""";"=""2890""";"=""AKSU ÇAMLICA RES""";-0,98;159,12;0;3,02;;;;;;;;
"=""API""";"=""WIND""";"=""2026-04-27T03:00:00+03:00""";"=""OA_YTM""";"=""AKSU RES""";"=""10928268862""";"=""2890""";"=""AKSU ÇAMLICA RES""";-0,98;159,12;0;3,01;;;;;;;;
"=""API""";"=""WIND""";"=""2026-04-27T03:01:00+03:00""";"=""OA_YTM""";"=""AKSU RES""";"=""10928268862""";"=""2890""";"=""AKSU ÇAMLICA RES""";-0,98;158,55;0;3,01;;;;;;;;
"=""API""";"=""WIND""";"=""2026-04-27T03:02:00+03:00""";"=""OA_YTM""";"=""AKSU RES""";"=""10928268862""";"=""2890""";"=""AKSU ÇAMLICA RES""";-0,98;158,71;0;3,01;;;;;;;;
"=""API""";"=""WIND""";"=""2026-04-27T03:03:00+03:00""";"=""OA_YTM""";"=""AKSU RES""";"=""10928268862""";"=""2890""";"=""AKSU ÇAMLICA RES""";-0,98;158,55;0;2,96;;;;;;;;
"=""API""";"=""WIND""";"=""2026-04-27T03:04:00+03:00""";"=""OA_YTM""";"=""AKSU RES""";"=""10928268862""";"=""2890""";"=""AKSU ÇAMLICA RES""";-0,98;158,71;0;2,99;;;;;;;;
"=""API""";"=""WIND""";"=""2026-04-27T03:05:00+03:00""";"=""OA_YTM""";"=""AKSU RES""";"=""10928268862""";"=""2890""";"=""AKSU ÇAMLICA RES""";-0,98;158,86;0;2,99;;;;;;;;
"=""API""";"=""WIND""";"=""2026-04-27T03:06:00+03:00""";"=""OA_YTM""";"=""AKSU RES""";"=""10928268862""";"=""2890""";"=""AKSU ÇAMLICA RES""";-0,98;158,71;0;2,99;;;;;;;;
"=""API""";"=""WIND""";"=""2026-04-27T03:07:00+03:00""";"=""OA_YTM""";"=""AKSU RES""";"=""10928268862""";"=""2890""";"=""AKSU ÇAMLICA RES""";-0,98;158,61;0;3,01;;;;;;;;
"=""API""";"=""WIND""";"=""2026-04-27T03:08:00+03:00""";"=""OA_YTM""";"=""AKSU RES""";"=""10928268862""";"=""2890""";"=""AKSU ÇAMLICA RES""";-0,98;158,61;0;3,01;;;;;;;;
"=""API""";"=""WIND""";"=""2026-04-27T03:09:00+03:00""";"=""OA_YTM""";"=""AKSU RES""";"=""10928268862""";"=""2890""";"=""AKSU ÇAMLICA RES""";-0,98;158,19;0;2,95;;;;;;;;
"=""API""";"=""WIND""";"=""2026-04-27T03:10:00+03:00""";"=""OA_YTM""";"=""AKSU RES""";"=""10928268862""";"=""2890""";"=""AKSU ÇAMLICA RES""";-0,98;158,4;0;2,95;;;;;;;;
"=""API""";"=""WIND""";"=""2026-04-27T03:11:00+03:00""";"=""OA_YTM""";"=""AKSU RES""";"=""10928268862""";"=""2890""";"=""AKSU ÇAMLICA RES""";-0,98;158,4;0;2,97;;;;;;;;
"=""API""";"=""WIND""";"=""2026-04-27T03:12:00+03:00""";"=""OA_YTM""";"=""AKSU RES""";"=""10928268862""";"=""2890""";"=""AKSU ÇAMLICA RES""";-0,98;158,55;0;2,97;;;;;;;;
"=""API""";"=""WIND""";"=""2026-04-27T03:13:00+03:00""";"=""OA_YTM""";"=""AKSU RES""";"=""10928268862""";"=""2890""";"=""AKSU ÇAMLICA RES""";-0,98;158,71;0;2,97;;;;;;;;
"=""API""";"=""WIND""";"=""2026-04-27T03:14:00+03:00""";"=""OA_YTM""";"=""AKSU RES""";"=""10928268862""";"=""2890""";"=""AKSU ÇAMLICA RES""";-0,98;158,71;0;2,97;;;;;;;;
"=""API""";"=""WIND""";"=""2026-04-27T03:15:00+03:00""";"=""OA_YTM""";"=""AKSU RES""";"=""10928268862""";"=""2890""";"=""AKSU ÇAMLICA RES""";-0,98;159,01;0;2,97;;;;;;;;
"=""API""";"=""WIND""";"=""2026-04-27T03:16:00+03:00""";"=""OA_YTM""";"=""AKSU RES""";"=""10928268862""";"=""2890""";"=""AKSU ÇAMLICA RES""";-0,98;158,81;0;2,97;;;;;;;;
"=""API""";"=""WIND""";"=""2026-04-27T03:17:00+03:00""";"=""OA_YTM""";"=""AKSU RES""";"=""10928268862""";"=""2890""";"=""AKSU ÇAMLICA RES""";-0,98;158,45;0;2,97;;;;;;;;
"=""API""";"=""WIND""";"=""2026-04-27T03:18:00+03:00""";"=""OA_YTM""";"=""AKSU RES""";"=""10928268862""";"=""2890""";"=""AKSU ÇAMLICA RES""";-0,98;158,45;0;3,04;;;;;;;;
"=""API""";"=""WIND""";"=""2026-04-27T03:19:00+03:00""";"=""OA_YTM""";"=""AKSU RES""";"=""10928268862""";"=""2890""";"=""AKSU ÇAMLICA RES""";-0,98;158,45;0;3,04;;;;;;;;
"=""API""";"=""WIND""";"=""2026-04-27T03:20:00+03:00""";"=""OA_YTM""";"=""AKSU RES""";"=""10928268862""";"=""2890""";"=""AKSU ÇAMLICA RES""";-0,98;158,66;0;3,04;;;;;;;;
"=""API""";"=""WIND""";"=""2026-04-27T03:21:00+03:00""";"=""OA_YTM""";"=""AKSU RES""";"=""10928268862""";"=""2890""";"=""AKSU ÇAMLICA RES""";-0,98;159,73;0;3,06;;;;;;;;
"=""API""";"=""WIND""";"=""2026-04-27T03:22:00+03:00""";"=""OA_YTM""";"=""AKSU RES""";"=""10928268862""";"=""2890""";"=""AKSU ÇAMLICA RES""";-0,98;159,06;0;3,06;;;;;;;;
"=""API""";"=""WIND""";"=""2026-04-27T03:23:00+03:00""";"=""OA_YTM""";"=""AKSU RES""";"=""10928268862""";"=""2890""";"=""AKSU ÇAMLICA RES""";-0,98;159,63;0;3,06;;;;;;;;
"=""API""";"=""WIND""";"=""2026-04-27T03:24:00+03:00""";"=""OA_YTM""";"=""AKSU RES""";"=""10928268862""";"=""2890""";"=""AKSU ÇAMLICA RES""";-0,98;159,32;0;2,99;;;;;;;;
"=""API""";"=""WIND""";"=""2026-04-27T03:25:00+03:00""";"=""OA_YTM""";"=""AKSU RES""";"=""10928268862""";"=""2890""";"=""AKSU ÇAMLICA RES""";-0,98;158,76;0;2,99;;;;;;;;
"=""API""";"=""WIND""";"=""2026-04-27T03:26:00+03:00""";"=""OA_YTM""";"=""AKSU RES""";"=""10928268862""";"=""2890""";"=""AKSU ÇAMLICA RES""";-0,98;158,55;0;2,99;;;;;;;;
"=""API""";"=""WIND""";"=""2026-04-27T03:27:00+03:00""";"=""OA_YTM""";"=""AKSU RES""";"=""10928268862""";"=""2890""";"=""AKSU ÇAMLICA RES""";-0,98;158,66;0;2,97;;;;;;;;
"=""API""";"=""WIND""";"=""2026-04-27T03:28:00+03:00""";"=""OA_YTM""";"=""AKSU RES""";"=""10928268862""";"=""2890""";"=""AKSU ÇAMLICA RES""";-0,98;158,35;0;2,97;;;;;;;;
"=""API""";"=""WIND""";"=""2026-04-27T03:29:00+03:00""";"=""OA_YTM""";"=""AKSU RES""";"=""10928268862""";"=""2890""";"=""AKSU ÇAMLICA RES""";-0,98;158,96;0;2,97;;;;;;;;
"=""API""";"=""WIND""";"=""2026-04-27T03:30:00+03:00""";"=""OA_YTM""";"=""AKSU RES""";"=""10928268862""";"=""2890""";"=""AKSU ÇAMLICA RES""";-0,98;158,6;0;3,06;;;;;;;;
"=""API""";"=""WIND""";"=""2026-04-27T03:31:00+03:00""";"=""OA_YTM""";"=""AKSU RES""";"=""10928268862""";"=""2890""";"=""AKSU ÇAMLICA RES""";-0,98;158,55;0;3,06;;;;;;;;
"=""API""";"=""WIND""";"=""2026-04-27T03:32:00+03:00""";"=""OA_YTM""";"=""AKSU RES""";"=""10928268862""";"=""2890""";"=""AKSU ÇAMLICA RES""";-0,98;158,66;0;3,06;;;;;;;;
"=""API""";"=""WIND""";"=""2026-04-27T03:33:00+03:00""";"=""OA_YTM""";"=""AKSU RES""";"=""10928268862""";"=""2890""";"=""AKSU ÇAMLICA RES""";-0,98;158,86;0;3,06;;;;;;;;
"=""API""";"=""WIND""";"=""2026-04-27T03:34:00+03:00""";"=""OA_YTM""";"=""AKSU RES""";"=""10928268862""";"=""2890""";"=""AKSU ÇAMLICA RES""";-0,98;158,86;0;3;;;;;;;;
"=""API""";"=""WIND""";"=""2026-04-27T03:35:00+03:00""";"=""OA_YTM""";"=""AKSU RES""";"=""10928268862""";"=""2890""";"=""AKSU ÇAMLICA RES""";-0,98;158,81;0;2,93;;;;;;;;
"=""API""";"=""WIND""";"=""2026-04-27T03:36:00+03:00""";"=""OA_YTM""";"=""AKSU RES""";"=""10928268862""";"=""2890""";"=""AKSU ÇAMLICA RES""";-0,98;159,01;0;2,9;;;;;;;;
"=""API""";"=""WIND""";"=""2026-04-27T03:37:00+03:00""";"=""OA_YTM""";"=""AKSU RES""";"=""10928268862""";"=""2890""";"=""AKSU ÇAMLICA RES""";-0,98;158,76;0;2,99;;;;;;;;
"=""API""";"=""WIND""";"=""2026-04-27T03:38:00+03:00""";"=""OA_YTM""";"=""AKSU RES""";"=""10928268862""";"=""2890""";"=""AKSU ÇAMLICA RES""";-0,98;159,01;0;2,99;;;;;;;;
"=""API""";"=""WIND""";"=""2026-04-27T03:39:00+03:00""";"=""OA_YTM""";"=""AKSU RES""";"=""10928268862""";"=""2890""";"=""AKSU ÇAMLICA RES""";-0,98;158,91;0;2,99;;;;;;;;
"=""API""";"=""WIND""";"=""2026-04-27T03:40:00+03:00""";"=""OA_YTM""";"=""AKSU RES""";"=""10928268862""";"=""2890""";"=""AKSU ÇAMLICA RES""";-0,98;158,91;0;2,99;;;;;;;;
"=""API""";"=""WIND""";"=""2026-04-27T03:41:00+03:00""";"=""OA_YTM""";"=""AKSU RES""";"=""10928268862""";"=""2890""";"=""AKSU ÇAMLICA RES""";-0,98;159,01;0;2,99;;;;;;;;
"=""API""";"=""WIND""";"=""2026-04-27T03:42:00+03:00""";"=""OA_YTM""";"=""AKSU RES""";"=""10928268862""";"=""2890""";"=""AKSU ÇAMLICA RES""";-0,98;158,96;0;3,02;;;;;;;;
"=""API""";"=""WIND""";"=""2026-04-27T03:43:00+03:00""";"=""OA_YTM""";"=""AKSU RES""";"=""10928268862""";"=""2890""";"=""AKSU ÇAMLICA RES""";-0,98;159,12;0;3,01;;;;;;;;
"=""API""";"=""WIND""";"=""2026-04-27T03:44:00+03:00""";"=""OA_YTM""";"=""AKSU RES""";"=""10928268862""";"=""2890""";"=""AKSU ÇAMLICA RES""";-0,98;158,45;0;3,01;;;;;;;;
"=""API""";"=""WIND""";"=""2026-04-27T03:45:00+03:00""";"=""OA_YTM""";"=""AKSU RES""";"=""10928268862""";"=""2890""";"=""AKSU ÇAMLICA RES""";-0,98;158,35;0;2,95;;;;;;;;
"=""API""";"=""WIND""";"=""2026-04-27T03:46:00+03:00""";"=""OA_YTM""";"=""AKSU RES""";"=""10928268862""";"=""2890""";"=""AKSU ÇAMLICA RES""";-0,98;158,86;0;2,95;;;;;;;;
"=""API""";"=""WIND""";"=""2026-04-27T03:47:00+03:00""";"=""OA_YTM""";"=""AKSU RES""";"=""10928268862""";"=""2890""";"=""AKSU ÇAMLICA RES""";-0,98;158,24;0;2,99;;;;;;;;
"=""API""";"=""WIND""";"=""2026-04-27T03:48:00+03:00""";"=""OA_YTM""";"=""AKSU RES""";"=""10928268862""";"=""2890""";"=""AKSU ÇAMLICA RES""";-0,98;158,76;0;3,03;;;;;;;;
"=""API""";"=""WIND""";"=""2026-04-27T03:49:00+03:00""";"=""OA_YTM""";"=""AKSU RES""";"=""10928268862""";"=""2890""";"=""AKSU ÇAMLICA RES""";-0,98;158,65;0;3,03;;;;;;;;
"=""API""";"=""WIND""";"=""2026-04-27T03:50:00+03:00""";"=""OA_YTM""";"=""AKSU RES""";"=""10928268862""";"=""2890""";"=""AKSU ÇAMLICA RES""";-0,98;158,86;0;3,03;;;;;;;;
"=""API""";"=""WIND""";"=""2026-04-27T03:51:00+03:00""";"=""OA_YTM""";"=""AKSU RES""";"=""10928268862""";"=""2890""";"=""AKSU ÇAMLICA RES""";-0,98;158,61;0;3,01;;;;;;;;
"=""API""";"=""WIND""";"=""2026-04-27T03:52:00+03:00""";"=""OA_YTM""";"=""AKSU RES""";"=""10928268862""";"=""2890""";"=""AKSU ÇAMLICA RES""";-0,98;158,81;0;3,01;;;;;;;;
"=""API""";"=""WIND""";"=""2026-04-27T03:53:00+03:00""";"=""OA_YTM""";"=""AKSU RES""";"=""10928268862""";"=""2890""";"=""AKSU ÇAMLICA RES""";-0,98;158,71;0;3,01;;;;;;;;
"=""API""";"=""WIND""";"=""2026-04-27T03:54:00+03:00""";"=""OA_YTM""";"=""AKSU RES""";"=""10928268862""";"=""2890""";"=""AKSU ÇAMLICA RES""";-0,98;158,3;0;3,05;;;;;;;;
"=""API""";"=""WIND""";"=""2026-04-27T03:55:00+03:00""";"=""OA_YTM""";"=""AKSU RES""";"=""10928268862""";"=""2890""";"=""AKSU ÇAMLICA RES""";-0,98;158,35;0;3,1;;;;;;;;
"=""API""";"=""WIND""";"=""2026-04-27T03:56:00+03:00""";"=""OA_YTM""";"=""AKSU RES""";"=""10928268862""";"=""2890""";"=""AKSU ÇAMLICA RES""";-0,98;158,35;0;3,1;;;;;;;;
"=""API""";"=""WIND""";"=""2026-04-27T03:57:00+03:00""";"=""OA_YTM""";"=""AKSU RES""";"=""10928268862""";"=""2890""";"=""AKSU ÇAMLICA RES""";-0,98;158,71;0;3,1;;;;;;;;
"=""API""";"=""WIND""";"=""2026-04-27T03:58:00+03:00""";"=""OA_YTM""";"=""AKSU RES""";"=""10928268862""";"=""2890""";"=""AKSU ÇAMLICA RES""";-0,98;159,12;0;3,1;;;;;;;;
"=""API""";"=""WIND""";"=""2026-04-27T03:59:00+03:00""";"=""OA_YTM""";"=""AKSU RES""";"=""10928268862""";"=""2890""";"=""AKSU ÇAMLICA RES""";-0,98;159,22;0;3,1;;;;;;;;
"=""API""";"=""WIND""";"=""2026-04-27T04:00:00+03:00""";"=""OA_YTM""";"=""AKSU RES""";"=""10928268862""";"=""2890""";"=""AKSU ÇAMLICA RES""";-0,98;159,01;0;3,1;;;;;;;;
"=""API""";"=""WIND""";"=""2026-04-27T04:01:00+03:00""";"=""OA_YTM""";"=""AKSU RES""";"=""10928268862""";"=""2890""";"=""AKSU ÇAMLICA RES""";-0,98;159,01;0;3,1;;;;;;;;
"=""API""";"=""WIND""";"=""2026-04-27T04:02:00+03:00""";"=""OA_YTM""";"=""AKSU RES""";"=""10928268862""";"=""2890""";"=""AKSU ÇAMLICA RES""";-0,98;158,71;0;3,11;;;;;;;;
"=""API""";"=""WIND""";"=""2026-04-27T04:03:00+03:00""";"=""OA_YTM""";"=""AKSU RES""";"=""10928268862""";"=""2890""";"=""AKSU ÇAMLICA RES""";-0,98;158,71;0;3,04;;;;;;;;
"=""API""";"=""WIND""";"=""2026-04-27T04:04:00+03:00""";"=""OA_YTM""";"=""AKSU RES""";"=""10928268862""";"=""2890""";"=""AKSU ÇAMLICA RES""";-0,98;159,01;0;3,13;;;;;;;;
"=""API""";"=""WIND""";"=""2026-04-27T04:05:00+03:00""";"=""OA_YTM""";"=""AKSU RES""";"=""10928268862""";"=""2890""";"=""AKSU ÇAMLICA RES""";-0,98;158,86;0;3,13;;;;;;;;
"=""API""";"=""WIND""";"=""2026-04-27T04:06:00+03:00""";"=""OA_YTM""";"=""AKSU RES""";"=""10928268862""";"=""2890""";"=""AKSU ÇAMLICA RES""";-0,98;158,86;0;3,13;;;;;;;;
"=""API""";"=""WIND""";"=""2026-04-27T04:07:00+03:00""";"=""OA_YTM""";"=""AKSU RES""";"=""10928268862""";"=""2890""";"=""AKSU ÇAMLICA RES""";-0,98;159,06;0;3,06;;;;;;;;
"=""API""";"=""WIND""";"=""2026-04-27T04:08:00+03:00""";"=""OA_YTM""";"=""AKSU RES""";"=""10928268862""";"=""2890""";"=""AKSU ÇAMLICA RES""";-0,98;159,06;0;3,1;;;;;;;;
"=""API""";"=""WIND""";"=""2026-04-27T04:09:00+03:00""";"=""OA_YTM""";"=""AKSU RES""";"=""10928268862""";"=""2890""";"=""AKSU ÇAMLICA RES""";-0,98;159,17;0;3,1;;;;;;;;
"=""API""";"=""WIND""";"=""2026-04-27T04:10:00+03:00""";"=""OA_YTM""";"=""AKSU RES""";"=""10928268862""";"=""2890""";"=""AKSU ÇAMLICA RES""";-0,98;158,96;0;3,1;;;;;;;;
"=""API""";"=""WIND""";"=""2026-04-27T04:11:00+03:00""";"=""OA_YTM""";"=""AKSU RES""";"=""10928268862""";"=""2890""";"=""AKSU ÇAMLICA RES""";-0,98;158,86;0;3,1;;;;;;;;
"=""API""";"=""WIND""";"=""2026-04-27T04:12:00+03:00""";"=""OA_YTM""";"=""AKSU RES""";"=""10928268862""";"=""2890""";"=""AKSU ÇAMLICA RES""";-0,98;159,06;0;2,92;;;;;;;;
"=""API""";"=""WIND""";"=""2026-04-27T04:13:00+03:00""";"=""OA_YTM""";"=""AKSU RES""";"=""10928268862""";"=""2890""";"=""AKSU ÇAMLICA RES""";-0,98;158,76;0;3,02;;;;;;;;
"=""API""";"=""WIND""";"=""2026-04-27T04:14:00+03:00""";"=""OA_YTM""";"=""AKSU RES""";"=""10928268862""";"=""2890""";"=""AKSU ÇAMLICA RES""";-0,98;158,96;0;3,02;;;;;;;;
"=""API""";"=""WIND""";"=""2026-04-27T04:15:00+03:00""";"=""OA_YTM""";"=""AKSU RES""";"=""10928268862""";"=""2890""";"=""AKSU ÇAMLICA RES""";-0,98;159,27;0;3,02;;;;;;;;
"=""API""";"=""WIND""";"=""2026-04-27T04:16:00+03:00""";"=""OA_YTM""";"=""AKSU RES""";"=""10928268862""";"=""2890""";"=""AKSU ÇAMLICA RES""";-0,98;158,86;0;3,06;;;;;;;;
"=""API""";"=""WIND""";"=""2026-04-27T04:17:00+03:00""";"=""OA_YTM""";"=""AKSU RES""";"=""10928268862""";"=""2890""";"=""AKSU ÇAMLICA RES""";-0,98;159,17;0;3,06;;;;;;;;
"=""API""";"=""WIND""";"=""2026-04-27T04:18:00+03:00""";"=""OA_YTM""";"=""AKSU RES""";"=""10928268862""";"=""2890""";"=""AKSU ÇAMLICA RES""";-0,98;158,66;0;3,09;;;;;;;;
"=""API""";"=""WIND""";"=""2026-04-27T04:19:00+03:00""";"=""OA_YTM""";"=""AKSU RES""";"=""10928268862""";"=""2890""";"=""AKSU ÇAMLICA RES""";-0,98;159,17;0;3,09;;;;;;;;
"=""API""";"=""WIND""";"=""2026-04-27T04:20:00+03:00""";"=""OA_YTM""";"=""AKSU RES""";"=""10928268862""";"=""2890""";"=""AKSU ÇAMLICA RES""";-0,98;158,66;0;2,93;;;;;;;;
"=""API""";"=""WIND""";"=""2026-04-27T04:21:00+03:00""";"=""OA_YTM""";"=""AKSU RES""";"=""10928268862""";"=""2890""";"=""AKSU ÇAMLICA RES""";-0,98;158,86;0;2,93;;;;;;;;
"=""API""";"=""WIND""";"=""2026-04-27T04:22:00+03:00""";"=""OA_YTM""";"=""AKSU RES""";"=""10928268862""";"=""2890""";"=""AKSU ÇAMLICA RES""";-0,98;159,17;0;2,93;;;;;;;;
"=""API""";"=""WIND""";"=""2026-04-27T04:23:00+03:00""";"=""OA_YTM""";"=""AKSU RES""";"=""10928268862""";"=""2890""";"=""AKSU ÇAMLICA RES""";-0,98;158,81;0;2,9;;;;;;;;
"=""API""";"=""WIND""";"=""2026-04-27T04:24:00+03:00""";"=""OA_YTM""";"=""AKSU RES""";"=""10928268862""";"=""2890""";"=""AKSU ÇAMLICA RES""";-0,98;159,37;0;2,85;;;;;;;;
"=""API""";"=""WIND""";"=""2026-04-27T04:25:00+03:00""";"=""OA_YTM""";"=""AKSU RES""";"=""10928268862""";"=""2890""";"=""AKSU ÇAMLICA RES""";-0,98;158,76;0;2,92;;;;;;;;
"=""API""";"=""WIND""";"=""2026-04-27T04:26:00+03:00""";"=""OA_YTM""";"=""AKSU RES""";"=""10928268862""";"=""2890""";"=""AKSU ÇAMLICA RES""";-0,98;158,96;0;2,92;;;;;;;;
"=""API""";"=""WIND""";"=""2026-04-27T04:27:00+03:00""";"=""OA_YTM""";"=""AKSU RES""";"=""10928268862""";"=""2890""";"=""AKSU ÇAMLICA RES""";-0,98;159,22;0;2,92;;;;;;;;
"=""API""";"=""WIND""";"=""2026-04-27T04:28:00+03:00""";"=""OA_YTM""";"=""AKSU RES""";"=""10928268862""";"=""2890""";"=""AKSU ÇAMLICA RES""";-0,98;159,01;0;2,92;;;;;;;;
"=""API""";"=""WIND""";"=""2026-04-27T04:29:00+03:00""";"=""OA_YTM""";"=""AKSU RES""";"=""10928268862""";"=""2890""";"=""AKSU ÇAMLICA RES""";-0,98;158,81;0;2,92;;;;;;;;
"=""API""";"=""WIND""";"=""2026-04-27T04:30:00+03:00""";"=""OA_YTM""";"=""AKSU RES""";"=""10928268862""";"=""2890""";"=""AKSU ÇAMLICA RES""";-0,98;158,96;0;2,92;;;;;;;;
"=""API""";"=""WIND""";"=""2026-04-27T04:31:00+03:00""";"=""OA_YTM""";"=""AKSU RES""";"=""10928268862""";"=""2890""";"=""AKSU ÇAMLICA RES""";-0,98;158,86;0;2,89;;;;;;;;
"=""API""";"=""WIND""";"=""2026-04-27T04:32:00+03:00""";"=""OA_YTM""";"=""AKSU RES""";"=""10928268862""";"=""2890""";"=""AKSU ÇAMLICA RES""";-0,98;159,17;0;2,96;;;;;;;;
"=""API""";"=""WIND""";"=""2026-04-27T04:33:00+03:00""";"=""OA_YTM""";"=""AKSU RES""";"=""10928268862""";"=""2890""";"=""AKSU ÇAMLICA RES""";-0,98;158,55;0;3,12;;;;;;;;
"=""API""";"=""WIND""";"=""2026-04-27T04:34:00+03:00""";"=""OA_YTM""";"=""AKSU RES""";"=""10928268862""";"=""2890""";"=""AKSU ÇAMLICA RES""";-0,98;158,55;0;2,95;;;;;;;;
"=""API""";"=""WIND""";"=""2026-04-27T04:35:00+03:00""";"=""OA_YTM""";"=""AKSU RES""";"=""10928268862""";"=""2890""";"=""AKSU ÇAMLICA RES""";-0,98;158,76;0;2,99;;;;;;;;
"=""API""";"=""WIND""";"=""2026-04-27T04:36:00+03:00""";"=""OA_YTM""";"=""AKSU RES""";"=""10928268862""";"=""2890""";"=""AKSU ÇAMLICA RES""";-0,98;159,17;0;2,99;;;;;;;;
"=""API""";"=""WIND""";"=""2026-04-27T04:37:00+03:00""";"=""OA_YTM""";"=""AKSU RES""";"=""10928268862""";"=""2890""";"=""AKSU ÇAMLICA RES""";-0,98;158,86;0;3,15;;;;;;;;
"=""API""";"=""WIND""";"=""2026-04-27T04:38:00+03:00""";"=""OA_YTM""";"=""AKSU RES""";"=""10928268862""";"=""2890""";"=""AKSU ÇAMLICA RES""";-0,98;159,06;0;3,15;;;;;;;;
"=""API""";"=""WIND""";"=""2026-04-27T04:39:00+03:00""";"=""OA_YTM""";"=""AKSU RES""";"=""10928268862""";"=""2890""";"=""AKSU ÇAMLICA RES""";-0,98;158,86;0;3,15;;;;;;;;
"=""API""";"=""WIND""";"=""2026-04-27T04:40:00+03:00""";"=""OA_YTM""";"=""AKSU RES""";"=""10928268862""";"=""2890""";"=""AKSU ÇAMLICA RES""";-0,98;158,66;0;3,15;;;;;;;;
"=""API""";"=""WIND""";"=""2026-04-27T04:41:00+03:00""";"=""OA_YTM""";"=""AKSU RES""";"=""10928268862""";"=""2890""";"=""AKSU ÇAMLICA RES""";-0,98;158,91;0;3,13;;;;;;;;
"=""API""";"=""WIND""";"=""2026-04-27T04:42:00+03:00""";"=""OA_YTM""";"=""AKSU RES""";"=""10928268862""";"=""2890""";"=""AKSU ÇAMLICA RES""";-0,98;158,6;0;3,13;;;;;;;;
"=""API""";"=""WIND""";"=""2026-04-27T04:43:00+03:00""";"=""OA_YTM""";"=""AKSU RES""";"=""10928268862""";"=""2890""";"=""AKSU ÇAMLICA RES""";-0,98;159,01;0;3,05;;;;;;;;
"=""API""";"=""WIND""";"=""2026-04-27T04:44:00+03:00""";"=""OA_YTM""";"=""AKSU RES""";"=""10928268862""";"=""2890""";"=""AKSU ÇAMLICA RES""";-0,98;158,91;0;3,1;;;;;;;;
"=""API""";"=""WIND""";"=""2026-04-27T04:45:00+03:00""";"=""OA_YTM""";"=""AKSU RES""";"=""10928268862""";"=""2890""";"=""AKSU ÇAMLICA RES""";-0,98;159,01;0;3,15;;;;;;;;
"=""API""";"=""WIND""";"=""2026-04-27T04:46:00+03:00""";"=""OA_YTM""";"=""AKSU RES""";"=""10928268862""";"=""2890""";"=""AKSU ÇAMLICA RES""";-0,98;158,91;0;3,11;;;;;;;;
"=""API""";"=""WIND""";"=""2026-04-27T04:47:00+03:00""";"=""OA_YTM""";"=""AKSU RES""";"=""10928268862""";"=""2890""";"=""AKSU ÇAMLICA RES""";-0,98;159,32;0;3,11;;;;;;;;
"=""API""";"=""WIND""";"=""2026-04-27T04:48:00+03:00""";"=""OA_YTM""";"=""AKSU RES""";"=""10928268862""";"=""2890""";"=""AKSU ÇAMLICA RES""";-0,98;159,01;0;3,11;;;;;;;;
"=""API""";"=""WIND""";"=""2026-04-27T04:49:00+03:00""";"=""OA_YTM""";"=""AKSU RES""";"=""10928268862""";"=""2890""";"=""AKSU ÇAMLICA RES""";-0,98;159,12;0;3,11;;;;;;;;
"=""API""";"=""WIND""";"=""2026-04-27T04:50:00+03:00""";"=""OA_YTM""";"=""AKSU RES""";"=""10928268862""";"=""2890""";"=""AKSU ÇAMLICA RES""";-0,98;159,12;0;3,11;;;;;;;;
"=""API""";"=""WIND""";"=""2026-04-27T04:51:00+03:00""";"=""OA_YTM""";"=""AKSU RES""";"=""10928268862""";"=""2890""";"=""AKSU ÇAMLICA RES""";-0,98;159,01;0;3,11;;;;;;;;
"=""API""";"=""WIND""";"=""2026-04-27T04:52:00+03:00""";"=""OA_YTM""";"=""AKSU RES""";"=""10928268862""";"=""2890""";"=""AKSU ÇAMLICA RES""";-0,98;158,71;0;3,11;;;;;;;;
"=""API""";"=""WIND""";"=""2026-04-27T04:53:00+03:00""";"=""OA_YTM""";"=""AKSU RES""";"=""10928268862""";"=""2890""";"=""AKSU ÇAMLICA RES""";-0,98;158,6;0;3,08;;;;;;;;
"=""API""";"=""WIND""";"=""2026-04-27T04:54:00+03:00""";"=""OA_YTM""";"=""AKSU RES""";"=""10928268862""";"=""2890""";"=""AKSU ÇAMLICA RES""";-0,98;158,91;0;3,13;;;;;;;;
"=""API""";"=""WIND""";"=""2026-04-27T04:55:00+03:00""";"=""OA_YTM""";"=""AKSU RES""";"=""10928268862""";"=""2890""";"=""AKSU ÇAMLICA RES""";-0,98;158,96;0;3,12;;;;;;;;
"=""API""";"=""WIND""";"=""2026-04-27T04:56:00+03:00""";"=""OA_YTM""";"=""AKSU RES""";"=""10928268862""";"=""2890""";"=""AKSU ÇAMLICA RES""";-0,98;158,96;0;3,11;;;;;;;;
"=""API""";"=""WIND""";"=""2026-04-27T04:57:00+03:00""";"=""OA_YTM""";"=""AKSU RES""";"=""10928268862""";"=""2890""";"=""AKSU ÇAMLICA RES""";-0,98;158,86;0;3,11;;;;;;;;
"=""API""";"=""WIND""";"=""2026-04-27T04:58:00+03:00""";"=""OA_YTM""";"=""AKSU RES""";"=""10928268862""";"=""2890""";"=""AKSU ÇAMLICA RES""";-0,98;159,17;0;3,11;;;;;;;;
"=""API""";"=""WIND""";"=""2026-04-27T04:59:00+03:00""";"=""OA_YTM""";"=""AKSU RES""";"=""10928268862""";"=""2890""";"=""AKSU ÇAMLICA RES""";-0,98;158,96;0;3,1;;;;;;;;
"=""API""";"=""WIND""";"=""2026-04-27T05:00:00+03:00""";"=""OA_YTM""";"=""AKSU RES""";"=""10928268862""";"=""2890""";"=""AKSU ÇAMLICA RES""";-0,98;158,76;0;3,09;;;;;;;;
"=""API""";"=""WIND""";"=""2026-04-27T05:01:00+03:00""";"=""OA_YTM""";"=""AKSU RES""";"=""10928268862""";"=""2890""";"=""AKSU ÇAMLICA RES""";-0,98;158,86;0;3,09;;;;;;;;
"=""API""";"=""WIND""";"=""2026-04-27T05:02:00+03:00""";"=""OA_YTM""";"=""AKSU RES""";"=""10928268862""";"=""2890""";"=""AKSU ÇAMLICA RES""";-0,98;158,96;0;3,03;;;;;;;;
"=""API""";"=""WIND""";"=""2026-04-27T05:03:00+03:00""";"=""OA_YTM""";"=""AKSU RES""";"=""10928268862""";"=""2890""";"=""AKSU ÇAMLICA RES""";-0,98;159,06;0;2,54;;;;;;;;
"=""API""";"=""WIND""";"=""2026-04-27T05:04:00+03:00""";"=""OA_YTM""";"=""AKSU RES""";"=""10928268862""";"=""2890""";"=""AKSU ÇAMLICA RES""";-0,98;158,76;0;1,93;;;;;;;;
"=""API""";"=""WIND""";"=""2026-04-27T05:05:00+03:00""";"=""OA_YTM""";"=""AKSU RES""";"=""10928268862""";"=""2890""";"=""AKSU ÇAMLICA RES""";-0,98;159,37;0;1,93;;;;;;;;
"=""API""";"=""WIND""";"=""2026-04-27T05:06:00+03:00""";"=""OA_YTM""";"=""AKSU RES""";"=""10928268862""";"=""2890""";"=""AKSU ÇAMLICA RES""";-0,98;158,96;0;1,93;;;;;;;;
"=""API""";"=""WIND""";"=""2026-04-27T05:07:00+03:00""";"=""OA_YTM""";"=""AKSU RES""";"=""10928268862""";"=""2890""";"=""AKSU ÇAMLICA RES""";-0,98;158,86;0;1,72;;;;;;;;
"=""API""";"=""WIND""";"=""2026-04-27T05:08:00+03:00""";"=""OA_YTM""";"=""AKSU RES""";"=""10928268862""";"=""2890""";"=""AKSU ÇAMLICA RES""";-0,98;158,96;0,99;1,6;;;;;;;;
"=""API""";"=""WIND""";"=""2026-04-27T05:09:00+03:00""";"=""OA_YTM""";"=""AKSU RES""";"=""10928268862""";"=""2890""";"=""AKSU ÇAMLICA RES""";-0,98;159,06;0,99;1,5;;;;;;;;
"=""API""";"=""WIND""";"=""2026-04-27T05:10:00+03:00""";"=""OA_YTM""";"=""AKSU RES""";"=""10928268862""";"=""2890""";"=""AKSU ÇAMLICA RES""";-0,98;158,86;0,99;3,09;;;;;;;;
"=""API""";"=""WIND""";"=""2026-04-27T05:11:00+03:00""";"=""OA_YTM""";"=""AKSU RES""";"=""10928268862""";"=""2890""";"=""AKSU ÇAMLICA RES""";-0,98;159,17;0,99;2,93;;;;;;;;
"=""API""";"=""WIND""";"=""2026-04-27T05:12:00+03:00""";"=""OA_YTM""";"=""AKSU RES""";"=""10928268862""";"=""2890""";"=""AKSU ÇAMLICA RES""";-0,98;158,86;0,99;1,3;;;;;;;;
"=""API""";"=""WIND""";"=""2026-04-27T05:13:00+03:00""";"=""OA_YTM""";"=""AKSU RES""";"=""10928268862""";"=""2890""";"=""AKSU ÇAMLICA RES""";-0,98;158,86;0,99;1,3;;;;;;;;
"=""API""";"=""WIND""";"=""2026-04-27T05:14:00+03:00""";"=""OA_YTM""";"=""AKSU RES""";"=""10928268862""";"=""2890""";"=""AKSU ÇAMLICA RES""";-0,98;158,86;1,98;0,74;;;;;;;;
"=""API""";"=""WIND""";"=""2026-04-27T05:15:00+03:00""";"=""OA_YTM""";"=""AKSU RES""";"=""10928268862""";"=""2890""";"=""AKSU ÇAMLICA RES""";-0,98;158,76;1,98;2,89;;;;;;;;
"=""API""";"=""WIND""";"=""2026-04-27T05:16:00+03:00""";"=""OA_YTM""";"=""AKSU RES""";"=""10928268862""";"=""2890""";"=""AKSU ÇAMLICA RES""";-0,98;159,27;1,98;0,75;;;;;;;;
"=""API""";"=""WIND""";"=""2026-04-27T05:17:00+03:00""";"=""OA_YTM""";"=""AKSU RES""";"=""10928268862""";"=""2890""";"=""AKSU ÇAMLICA RES""";-0,98;159,27;1,98;0,79;;;;;;;;
"=""API""";"=""WIND""";"=""2026-04-27T05:18:00+03:00""";"=""OA_YTM""";"=""AKSU RES""";"=""10928268862""";"=""2890""";"=""AKSU ÇAMLICA RES""";-0,98;159,01;0,99;0,59;;;;;;;;
"=""API""";"=""WIND""";"=""2026-04-27T05:19:00+03:00""";"=""OA_YTM""";"=""AKSU RES""";"=""10928268862""";"=""2890""";"=""AKSU ÇAMLICA RES""";-0,98;159,12;0,99;0,75;;;;;;;;
"=""API""";"=""WIND""";"=""2026-04-27T05:20:00+03:00""";"=""OA_YTM""";"=""AKSU RES""";"=""10928268862""";"=""2890""";"=""AKSU ÇAMLICA RES""";-0,98;158,76;0,99;0,75;;;;;;;;
"=""API""";"=""WIND""";"=""2026-04-27T05:21:00+03:00""";"=""OA_YTM""";"=""AKSU RES""";"=""10928268862""";"=""2890""";"=""AKSU ÇAMLICA RES""";-0,98;158,35;0,99;1,05;;;;;;;;
"=""API""";"=""WIND""";"=""2026-04-27T05:22:00+03:00""";"=""OA_YTM""";"=""AKSU RES""";"=""10928268862""";"=""2890""";"=""AKSU ÇAMLICA RES""";-0,98;158,91;0,99;1,05;;;;;;;;
"=""API""";"=""WIND""";"=""2026-04-27T05:23:00+03:00""";"=""OA_YTM""";"=""AKSU RES""";"=""10928268862""";"=""2890""";"=""AKSU ÇAMLICA RES""";-0,98;158,4;0;1,24;;;;;;;;
"=""API""";"=""WIND""";"=""2026-04-27T05:24:00+03:00""";"=""OA_YTM""";"=""AKSU RES""";"=""10928268862""";"=""2890""";"=""AKSU ÇAMLICA RES""";-0,98;158,86;0;2,94;;;;;;;;
"=""API""";"=""WIND""";"=""2026-04-27T05:25:00+03:00""";"=""OA_YTM""";"=""AKSU RES""";"=""10928268862""";"=""2890""";"=""AKSU ÇAMLICA RES""";-0,98;159,17;0;1,78;;;;;;;;
"=""API""";"=""WIND""";"=""2026-04-27T05:26:00+03:00""";"=""OA_YTM""";"=""AKSU RES""";"=""10928268862""";"=""2890""";"=""AKSU ÇAMLICA RES""";-0,98;158,35;0;1,69;;;;;;;;
"=""API""";"=""WIND""";"=""2026-04-27T05:27:00+03:00""";"=""OA_YTM""";"=""AKSU RES""";"=""10928268862""";"=""2890""";"=""AKSU ÇAMLICA RES""";-0,98;158,91;0;1,41;;;;;;;;
"=""API""";"=""WIND""";"=""2026-04-27T05:28:00+03:00""";"=""OA_YTM""";"=""AKSU RES""";"=""10928268862""";"=""2890""";"=""AKSU ÇAMLICA RES""";-0,98;159,01;0;1,41;;;;;;;;
"=""API""";"=""WIND""";"=""2026-04-27T05:29:00+03:00""";"=""OA_YTM""";"=""AKSU RES""";"=""10928268862""";"=""2890""";"=""AKSU ÇAMLICA RES""";-0,98;158,71;0;1,58;;;;;;;;
"=""API""";"=""WIND""";"=""2026-04-27T05:30:00+03:00""";"=""OA_YTM""";"=""AKSU RES""";"=""10928268862""";"=""2890""";"=""AKSU ÇAMLICA RES""";-0,98;159,06;0;2,2;;;;;;;;
"=""API""";"=""WIND""";"=""2026-04-27T05:31:00+03:00""";"=""OA_YTM""";"=""AKSU RES""";"=""10928268862""";"=""2890""";"=""AKSU ÇAMLICA RES""";-0,98;158,86;0;2,38;;;;;;;;
"=""API""";"=""WIND""";"=""2026-04-27T05:32:00+03:00""";"=""OA_YTM""";"=""AKSU RES""";"=""10928268862""";"=""2890""";"=""AKSU ÇAMLICA RES""";-0,98;158,71;0;1,9;;;;;;;;
"=""API""";"=""WIND""";"=""2026-04-27T05:33:00+03:00""";"=""OA_YTM""";"=""AKSU RES""";"=""10928268862""";"=""2890""";"=""AKSU ÇAMLICA RES""";-0,98;158,71;0;3,15;;;;;;;;
"=""API""";"=""WIND""";"=""2026-04-27T05:34:00+03:00""";"=""OA_YTM""";"=""AKSU RES""";"=""10928268862""";"=""2890""";"=""AKSU ÇAMLICA RES""";-0,98;158,96;0;2,08;;;;;;;;
"=""API""";"=""WIND""";"=""2026-04-27T05:35:00+03:00""";"=""OA_YTM""";"=""AKSU RES""";"=""10928268862""";"=""2890""";"=""AKSU ÇAMLICA RES""";-0,98;158,86;0;3,13;;;;;;;;
"=""API""";"=""WIND""";"=""2026-04-27T05:36:00+03:00""";"=""OA_YTM""";"=""AKSU RES""";"=""10928268862""";"=""2890""";"=""AKSU ÇAMLICA RES""";-0,98;158,76;0;2,12;;;;;;;;
"=""API""";"=""WIND""";"=""2026-04-27T05:37:00+03:00""";"=""OA_YTM""";"=""AKSU RES""";"=""10928268862""";"=""2890""";"=""AKSU ÇAMLICA RES""";-0,98;158,96;0;1,74;;;;;;;;
"=""API""";"=""WIND""";"=""2026-04-27T05:38:00+03:00""";"=""OA_YTM""";"=""AKSU RES""";"=""10928268862""";"=""2890""";"=""AKSU ÇAMLICA RES""";-0,98;158,35;0;1,46;;;;;;;;
"=""API""";"=""WIND""";"=""2026-04-27T05:39:00+03:00""";"=""OA_YTM""";"=""AKSU RES""";"=""10928268862""";"=""2890""";"=""AKSU ÇAMLICA RES""";-0,98;158,91;0;1,39;;;;;;;;
"=""API""";"=""WIND""";"=""2026-04-27T05:40:00+03:00""";"=""OA_YTM""";"=""AKSU RES""";"=""10928268862""";"=""2890""";"=""AKSU ÇAMLICA RES""";-0,98;158,55;0;1,55;;;;;;;;
"=""API""";"=""WIND""";"=""2026-04-27T05:41:00+03:00""";"=""OA_YTM""";"=""AKSU RES""";"=""10928268862""";"=""2890""";"=""AKSU ÇAMLICA RES""";-0,98;158,76;0;1,97;;;;;;;;
"=""API""";"=""WIND""";"=""2026-04-27T05:42:00+03:00""";"=""OA_YTM""";"=""AKSU RES""";"=""10928268862""";"=""2890""";"=""AKSU ÇAMLICA RES""";-0,98;158,86;0;2,09;;;;;;;;
"=""API""";"=""WIND""";"=""2026-04-27T05:43:00+03:00""";"=""OA_YTM""";"=""AKSU RES""";"=""10928268862""";"=""2890""";"=""AKSU ÇAMLICA RES""";-0,98;158,86;0;2,13;;;;;;;;
"=""API""";"=""WIND""";"=""2026-04-27T05:44:00+03:00""";"=""OA_YTM""";"=""AKSU RES""";"=""10928268862""";"=""2890""";"=""AKSU ÇAMLICA RES""";-0,98;159,37;0;2,16;;;;;;;;
"=""API""";"=""WIND""";"=""2026-04-27T05:45:00+03:00""";"=""OA_YTM""";"=""AKSU RES""";"=""10928268862""";"=""2890""";"=""AKSU ÇAMLICA RES""";-0,98;159,32;0;1,41;;;;;;;;
"=""API""";"=""WIND""";"=""2026-04-27T05:46:00+03:00""";"=""OA_YTM""";"=""AKSU RES""";"=""10928268862""";"=""2890""";"=""AKSU ÇAMLICA RES""";-0,98;159,48;0;1,5;;;;;;;;
"=""API""";"=""WIND""";"=""2026-04-27T05:47:00+03:00""";"=""OA_YTM""";"=""AKSU RES""";"=""10928268862""";"=""2890""";"=""AKSU ÇAMLICA RES""";-0,98;159,01;0;0,79;;;;;;;;
"=""API""";"=""WIND""";"=""2026-04-27T05:48:00+03:00""";"=""OA_YTM""";"=""AKSU RES""";"=""10928268862""";"=""2890""";"=""AKSU ÇAMLICA RES""";-0,98;159,37;0;1,41;;;;;;;;
"=""API""";"=""WIND""";"=""2026-04-27T05:49:00+03:00""";"=""OA_YTM""";"=""AKSU RES""";"=""10928268862""";"=""2890""";"=""AKSU ÇAMLICA RES""";-0,98;159,06;0;1,31;;;;;;;;
"=""API""";"=""WIND""";"=""2026-04-27T05:50:00+03:00""";"=""OA_YTM""";"=""AKSU RES""";"=""10928268862""";"=""2890""";"=""AKSU ÇAMLICA RES""";-0,98;159,17;0,99;1,31;;;;;;;;
"=""API""";"=""WIND""";"=""2026-04-27T05:51:00+03:00""";"=""OA_YTM""";"=""AKSU RES""";"=""10928268862""";"=""2890""";"=""AKSU ÇAMLICA RES""";-0,98;159,48;0,99;1,23;;;;;;;;
"=""API""";"=""WIND""";"=""2026-04-27T05:52:00+03:00""";"=""OA_YTM""";"=""AKSU RES""";"=""10928268862""";"=""2890""";"=""AKSU ÇAMLICA RES""";-0,98;159,37;0,99;3,11;;;;;;;;
"=""API""";"=""WIND""";"=""2026-04-27T05:53:00+03:00""";"=""OA_YTM""";"=""AKSU RES""";"=""10928268862""";"=""2890""";"=""AKSU ÇAMLICA RES""";-0,98;158,96;0,99;1,34;;;;;;;;
"=""API""";"=""WIND""";"=""2026-04-27T05:54:00+03:00""";"=""OA_YTM""";"=""AKSU RES""";"=""10928268862""";"=""2890""";"=""AKSU ÇAMLICA RES""";-0,98;159,27;0,99;1,34;;;;;;;;
"=""API""";"=""WIND""";"=""2026-04-27T05:55:00+03:00""";"=""OA_YTM""";"=""AKSU RES""";"=""10928268862""";"=""2890""";"=""AKSU ÇAMLICA RES""";-0,98;159,06;0,99;1,27;;;;;;;;
"=""API""";"=""WIND""";"=""2026-04-27T05:56:00+03:00""";"=""OA_YTM""";"=""AKSU RES""";"=""10928268862""";"=""2890""";"=""AKSU ÇAMLICA RES""";-0,98;159,37;0,99;1,31;;;;;;;;
"=""API""";"=""WIND""";"=""2026-04-27T05:57:00+03:00""";"=""OA_YTM""";"=""AKSU RES""";"=""10928268862""";"=""2890""";"=""AKSU ÇAMLICA RES""";-0,98;158,66;0,99;1,29;;;;;;;;
"=""API""";"=""WIND""";"=""2026-04-27T05:58:00+03:00""";"=""OA_YTM""";"=""AKSU RES""";"=""10928268862""";"=""2890""";"=""AKSU ÇAMLICA RES""";-0,98;159,58;0,99;1,29;;;;;;;;
"=""API""";"=""WIND""";"=""2026-04-27T05:59:00+03:00""";"=""OA_YTM""";"=""AKSU RES""";"=""10928268862""";"=""2890""";"=""AKSU ÇAMLICA RES""";-0,98;158,96;0,99;3,03;;;;;;;;
"=""API""";"=""WIND""";"=""2026-04-27T06:00:00+03:00""";"=""OA_YTM""";"=""AKSU RES""";"=""10928268862""";"=""2890""";"=""AKSU ÇAMLICA RES""";-0,98;160,09;0,99;2,54;;;;;;;;
"=""API""";"=""WIND""";"=""2026-04-27T06:01:00+03:00""";"=""OA_YTM""";"=""AKSU RES""";"=""10928268862""";"=""2890""";"=""AKSU ÇAMLICA RES""";-0,98;159,99;0,99;1,28;;;;;;;;
"=""API""";"=""WIND""";"=""2026-04-27T06:02:00+03:00""";"=""OA_YTM""";"=""AKSU RES""";"=""10928268862""";"=""2890""";"=""AKSU ÇAMLICA RES""";-0,98;159,48;0,99;1,28;;;;;;;;
"=""API""";"=""WIND""";"=""2026-04-27T06:03:00+03:00""";"=""OA_YTM""";"=""AKSU RES""";"=""10928268862""";"=""2890""";"=""AKSU ÇAMLICA RES""";-0,98;159,17;0,99;1,28;;;;;;;;
"=""API""";"=""WIND""";"=""2026-04-27T06:04:00+03:00""";"=""OA_YTM""";"=""AKSU RES""";"=""10928268862""";"=""2890""";"=""AKSU ÇAMLICA RES""";-0,98;158,76;0;1,25;;;;;;;;
"=""API""";"=""WIND""";"=""2026-04-27T06:05:00+03:00""";"=""OA_YTM""";"=""AKSU RES""";"=""10928268862""";"=""2890""";"=""AKSU ÇAMLICA RES""";-0,98;159,48;0;1,18;;;;;;;;
"=""API""";"=""WIND""";"=""2026-04-27T06:06:00+03:00""";"=""OA_YTM""";"=""AKSU RES""";"=""10928268862""";"=""2890""";"=""AKSU ÇAMLICA RES""";-0,98;159,58;0,99;1,6;;;;;;;;
"=""API""";"=""WIND""";"=""2026-04-27T06:07:00+03:00""";"=""OA_YTM""";"=""AKSU RES""";"=""10928268862""";"=""2890""";"=""AKSU ÇAMLICA RES""";-0,98;158,86;0,99;1,16;;;;;;;;
"=""API""";"=""WIND""";"=""2026-04-27T06:08:00+03:00""";"=""OA_YTM""";"=""AKSU RES""";"=""10928268862""";"=""2890""";"=""AKSU ÇAMLICA RES""";-0,98;159,32;0,99;1,34;;;;;;;;
"=""API""";"=""WIND""";"=""2026-04-27T06:09:00+03:00""";"=""OA_YTM""";"=""AKSU RES""";"=""10928268862""";"=""2890""";"=""AKSU ÇAMLICA RES""";-0,98;158,86;1,98;1,64;;;;;;;;
"=""API""";"=""WIND""";"=""2026-04-27T06:10:00+03:00""";"=""OA_YTM""";"=""AKSU RES""";"=""10928268862""";"=""2890""";"=""AKSU ÇAMLICA RES""";-0,98;158,66;0,99;1,3;;;;;;;;
"=""API""";"=""WIND""";"=""2026-04-27T06:11:00+03:00""";"=""OA_YTM""";"=""AKSU RES""";"=""10928268862""";"=""2890""";"=""AKSU ÇAMLICA RES""";-0,98;158,76;0,99;1,8;;;;;;;;
"=""API""";"=""WIND""";"=""2026-04-27T06:12:00+03:00""";"=""OA_YTM""";"=""AKSU RES""";"=""10928268862""";"=""2890""";"=""AKSU ÇAMLICA RES""";-0,98;159,63;1,98;2,07;;;;;;;;
"=""API""";"=""WIND""";"=""2026-04-27T06:13:00+03:00""";"=""OA_YTM""";"=""AKSU RES""";"=""10928268862""";"=""2890""";"=""AKSU ÇAMLICA RES""";-0,98;159,84;0,99;0,43;;;;;;;;
"=""API""";"=""WIND""";"=""2026-04-27T06:14:00+03:00""";"=""OA_YTM""";"=""AKSU RES""";"=""10928268862""";"=""2890""";"=""AKSU ÇAMLICA RES""";-0,98;159,94;1,98;0,91;;;;;;;;
"=""API""";"=""WIND""";"=""2026-04-27T06:15:00+03:00""";"=""OA_YTM""";"=""AKSU RES""";"=""10928268862""";"=""2890""";"=""AKSU ÇAMLICA RES""";-0,98;159,84;0,99;0,75;;;;;;;;
"=""API""";"=""WIND""";"=""2026-04-27T06:16:00+03:00""";"=""OA_YTM""";"=""AKSU RES""";"=""10928268862""";"=""2890""";"=""AKSU ÇAMLICA RES""";-0,98;160,14;0;1,65;;;;;;;;
"=""API""";"=""WIND""";"=""2026-04-27T06:17:00+03:00""";"=""OA_YTM""";"=""AKSU RES""";"=""10928268862""";"=""2890""";"=""AKSU ÇAMLICA RES""";-0,98;159,94;0,99;0,37;;;;;;;;
"=""API""";"=""WIND""";"=""2026-04-27T06:18:00+03:00""";"=""OA_YTM""";"=""AKSU RES""";"=""10928268862""";"=""2890""";"=""AKSU ÇAMLICA RES""";-0,98;158,96;0,99;0,87;;;;;;;;
"=""API""";"=""WIND""";"=""2026-04-27T06:19:00+03:00""";"=""OA_YTM""";"=""AKSU RES""";"=""10928268862""";"=""2890""";"=""AKSU ÇAMLICA RES""";-0,98;159,84;0,99;1,34;;;;;;;;
"=""API""";"=""WIND""";"=""2026-04-27T06:20:00+03:00""";"=""OA_YTM""";"=""AKSU RES""";"=""10928268862""";"=""2890""";"=""AKSU ÇAMLICA RES""";-0,98;158,45;0,99;1,17;;;;;;;;
"=""API""";"=""WIND""";"=""2026-04-27T06:21:00+03:00""";"=""OA_YTM""";"=""AKSU RES""";"=""10928268862""";"=""2890""";"=""AKSU ÇAMLICA RES""";-0,98;159,84;0,99;1,16;;;;;;;;
"=""API""";"=""WIND""";"=""2026-04-27T06:22:00+03:00""";"=""OA_YTM""";"=""AKSU RES""";"=""10928268862""";"=""2890""";"=""AKSU ÇAMLICA RES""";-0,98;159,94;0,99;1,16;;;;;;;;
"=""API""";"=""WIND""";"=""2026-04-27T06:23:00+03:00""";"=""OA_YTM""";"=""AKSU RES""";"=""10928268862""";"=""2890""";"=""AKSU ÇAMLICA RES""";-0,98;158,14;0;1,47;;;;;;;;
"=""API""";"=""WIND""";"=""2026-04-27T06:24:00+03:00""";"=""OA_YTM""";"=""AKSU RES""";"=""10928268862""";"=""2890""";"=""AKSU ÇAMLICA RES""";-0,98;158,35;0;1,78;;;;;;;;
"=""API""";"=""WIND""";"=""2026-04-27T06:25:00+03:00""";"=""OA_YTM""";"=""AKSU RES""";"=""10928268862""";"=""2890""";"=""AKSU ÇAMLICA RES""";-0,98;158,04;0;1,5;;;;;;;;
"=""API""";"=""WIND""";"=""2026-04-27T06:26:00+03:00""";"=""OA_YTM""";"=""AKSU RES""";"=""10928268862""";"=""2890""";"=""AKSU ÇAMLICA RES""";-0,98;158,35;0;1,69;;;;;;;;
"=""API""";"=""WIND""";"=""2026-04-27T06:27:00+03:00""";"=""OA_YTM""";"=""AKSU RES""";"=""10928268862""";"=""2890""";"=""AKSU ÇAMLICA RES""";-0,98;158,86;0;1,71;;;;;;;;
"=""API""";"=""WIND""";"=""2026-04-27T06:28:00+03:00""";"=""OA_YTM""";"=""AKSU RES""";"=""10928268862""";"=""2890""";"=""AKSU ÇAMLICA RES""";-0,98;160,14;0;1,52;;;;;;;;
"=""API""";"=""WIND""";"=""2026-04-27T06:29:00+03:00""";"=""OA_YTM""";"=""AKSU RES""";"=""10928268862""";"=""2890""";"=""AKSU ÇAMLICA RES""";-0,98;158,81;0;2,08;;;;;;;;
"=""API""";"=""WIND""";"=""2026-04-27T06:30:00+03:00""";"=""OA_YTM""";"=""AKSU RES""";"=""10928268862""";"=""2890""";"=""AKSU ÇAMLICA RES""";-0,98;159,94;0;2,03;;;;;;;;
"=""API""";"=""WIND""";"=""2026-04-27T06:31:00+03:00""";"=""OA_YTM""";"=""AKSU RES""";"=""10928268862""";"=""2890""";"=""AKSU ÇAMLICA RES""";-0,98;160,14;0;2,26;;;;;;;;
"=""API""";"=""WIND""";"=""2026-04-27T06:32:00+03:00""";"=""OA_YTM""";"=""AKSU RES""";"=""10928268862""";"=""2890""";"=""AKSU ÇAMLICA RES""";-0,98;158,6;0;2,15;;;;;;;;
"=""API""";"=""WIND""";"=""2026-04-27T06:33:00+03:00""";"=""OA_YTM""";"=""AKSU RES""";"=""10928268862""";"=""2890""";"=""AKSU ÇAMLICA RES""";-0,98;158,71;0;1,9;;;;;;;;
"=""API""";"=""WIND""";"=""2026-04-27T06:34:00+03:00""";"=""OA_YTM""";"=""AKSU RES""";"=""10928268862""";"=""2890""";"=""AKSU ÇAMLICA RES""";-0,98;158,71;0;2,08;;;;;;;;
"=""API""";"=""WIND""";"=""2026-04-27T06:35:00+03:00""";"=""OA_YTM""";"=""AKSU RES""";"=""10928268862""";"=""2890""";"=""AKSU ÇAMLICA RES""";-0,98;158,91;0;2,58;;;;;;;;
"=""API""";"=""WIND""";"=""2026-04-27T06:36:00+03:00""";"=""OA_YTM""";"=""AKSU RES""";"=""10928268862""";"=""2890""";"=""AKSU ÇAMLICA RES""";-0,98;158,86;0;1,99;;;;;;;;
"=""API""";"=""WIND""";"=""2026-04-27T06:37:00+03:00""";"=""OA_YTM""";"=""AKSU RES""";"=""10928268862""";"=""2890""";"=""AKSU ÇAMLICA RES""";-0,98;158,55;0;2,35;;;;;;;;
"=""API""";"=""WIND""";"=""2026-04-27T06:38:00+03:00""";"=""OA_YTM""";"=""AKSU RES""";"=""10928268862""";"=""2890""";"=""AKSU ÇAMLICA RES""";-0,98;158,76;0;2,12;;;;;;;;
"=""API""";"=""WIND""";"=""2026-04-27T06:39:00+03:00""";"=""OA_YTM""";"=""AKSU RES""";"=""10928268862""";"=""2890""";"=""AKSU ÇAMLICA RES""";-0,98;158,24;0;1,74;;;;;;;;
"=""API""";"=""WIND""";"=""2026-04-27T06:40:00+03:00""";"=""OA_YTM""";"=""AKSU RES""";"=""10928268862""";"=""2890""";"=""AKSU ÇAMLICA RES""";-0,98;158,35;0;1,46;;;;;;;;
"=""API""";"=""WIND""";"=""2026-04-27T06:41:00+03:00""";"=""OA_YTM""";"=""AKSU RES""";"=""10928268862""";"=""2890""";"=""AKSU ÇAMLICA RES""";-0,98;158,55;0;2,86;;;;;;;;
"=""API""";"=""WIND""";"=""2026-04-27T06:42:00+03:00""";"=""OA_YTM""";"=""AKSU RES""";"=""10928268862""";"=""2890""";"=""AKSU ÇAMLICA RES""";-0,98;158,35;0;1,55;;;;;;;;
"=""API""";"=""WIND""";"=""2026-04-27T06:43:00+03:00""";"=""OA_YTM""";"=""AKSU RES""";"=""10928268862""";"=""2890""";"=""AKSU ÇAMLICA RES""";-0,98;159,94;0;2,71;;;;;;;;
"=""API""";"=""WIND""";"=""2026-04-27T06:44:00+03:00""";"=""OA_YTM""";"=""AKSU RES""";"=""10928268862""";"=""2890""";"=""AKSU ÇAMLICA RES""";-0,98;158,86;0;2,34;;;;;;;;
"=""API""";"=""WIND""";"=""2026-04-27T06:45:00+03:00""";"=""OA_YTM""";"=""AKSU RES""";"=""10928268862""";"=""2890""";"=""AKSU ÇAMLICA RES""";-0,98;158,86;0;2,33;;;;;;;;
"=""API""";"=""WIND""";"=""2026-04-27T06:46:00+03:00""";"=""OA_YTM""";"=""AKSU RES""";"=""10928268862""";"=""2890""";"=""AKSU ÇAMLICA RES""";-0,98;158,96;0;1,82;;;;;;;;
"=""API""";"=""WIND""";"=""2026-04-27T06:47:00+03:00""";"=""OA_YTM""";"=""AKSU RES""";"=""10928268862""";"=""2890""";"=""AKSU ÇAMLICA RES""";-0,98;160,14;0;2,1;;;;;;;;
"=""API""";"=""WIND""";"=""2026-04-27T06:48:00+03:00""";"=""OA_YTM""";"=""AKSU RES""";"=""10928268862""";"=""2890""";"=""AKSU ÇAMLICA RES""";-0,98;160,25;0;0,5;;;;;;;;
"=""API""";"=""WIND""";"=""2026-04-27T06:49:00+03:00""";"=""OA_YTM""";"=""AKSU RES""";"=""10928268862""";"=""2890""";"=""AKSU ÇAMLICA RES""";-0,98;159,48;0;0,33;;;;;;;;
"=""API""";"=""WIND""";"=""2026-04-27T06:50:00+03:00""";"=""OA_YTM""";"=""AKSU RES""";"=""10928268862""";"=""2890""";"=""AKSU ÇAMLICA RES""";-0,98;160,25;0;0,93;;;;;;;;
"=""API""";"=""WIND""";"=""2026-04-27T06:51:00+03:00""";"=""OA_YTM""";"=""AKSU RES""";"=""10928268862""";"=""2890""";"=""AKSU ÇAMLICA RES""";-0,98;159,94;0;0,46;;;;;;;;
"=""API""";"=""WIND""";"=""2026-04-27T06:52:00+03:00""";"=""OA_YTM""";"=""AKSU RES""";"=""10928268862""";"=""2890""";"=""AKSU ÇAMLICA RES""";-0,98;159,06;0;0,87;;;;;;;;
"=""API""";"=""WIND""";"=""2026-04-27T06:53:00+03:00""";"=""OA_YTM""";"=""AKSU RES""";"=""10928268862""";"=""2890""";"=""AKSU ÇAMLICA RES""";-0,98;159,06;0,99;1,09;;;;;;;;
"=""API""";"=""WIND""";"=""2026-04-27T06:54:00+03:00""";"=""OA_YTM""";"=""AKSU RES""";"=""10928268862""";"=""2890""";"=""AKSU ÇAMLICA RES""";-0,98;158,86;0,99;1,27;;;;;;;;
"=""API""";"=""WIND""";"=""2026-04-27T06:55:00+03:00""";"=""OA_YTM""";"=""AKSU RES""";"=""10928268862""";"=""2890""";"=""AKSU ÇAMLICA RES""";-0,98;159,48;0,99;1,15;;;;;;;;
"=""API""";"=""WIND""";"=""2026-04-27T06:56:00+03:00""";"=""OA_YTM""";"=""AKSU RES""";"=""10928268862""";"=""2890""";"=""AKSU ÇAMLICA RES""";-0,98;159,37;0,99;0,65;;;;;;;;
"=""API""";"=""WIND""";"=""2026-04-27T06:57:00+03:00""";"=""OA_YTM""";"=""AKSU RES""";"=""10928268862""";"=""2890""";"=""AKSU ÇAMLICA RES""";-0,98;159,17;0,99;0,92;;;;;;;;
"=""API""";"=""WIND""";"=""2026-04-27T06:58:00+03:00""";"=""OA_YTM""";"=""AKSU RES""";"=""10928268862""";"=""2890""";"=""AKSU ÇAMLICA RES""";-0,98;159,07;0,99;0,7;;;;;;;;
"=""API""";"=""WIND""";"=""2026-04-27T06:59:00+03:00""";"=""OA_YTM""";"=""AKSU RES""";"=""10928268862""";"=""2890""";"=""AKSU ÇAMLICA RES""";-0,98;159,37;0,99;1,27;;;;;;;;
"=""API""";"=""WIND""";"=""2026-04-27T07:00:00+03:00""";"=""OA_YTM""";"=""AKSU RES""";"=""10928268862""";"=""2890""";"=""AKSU ÇAMLICA RES""";-0,99;159,48;0,99;0,04;;;;;;;;
"=""API""";"=""WIND""";"=""2026-04-27T07:01:00+03:00""";"=""OA_YTM""";"=""AKSU RES""";"=""10928268862""";"=""2890""";"=""AKSU ÇAMLICA RES""";-0,99;159,48;0;2;;;;;;;;
"=""API""";"=""WIND""";"=""2026-04-27T07:02:00+03:00""";"=""OA_YTM""";"=""AKSU RES""";"=""10928268862""";"=""2890""";"=""AKSU ÇAMLICA RES""";-0,99;159,27;0;2,57;;;;;;;;
"=""API""";"=""WIND""";"=""2026-04-27T07:03:00+03:00""";"=""OA_YTM""";"=""AKSU RES""";"=""10928268862""";"=""2890""";"=""AKSU ÇAMLICA RES""";-0,99;159,68;0;2,92;;;;;;;;
"=""API""";"=""WIND""";"=""2026-04-27T07:04:00+03:00""";"=""OA_YTM""";"=""AKSU RES""";"=""10928268862""";"=""2890""";"=""AKSU ÇAMLICA RES""";-0,99;159,79;0;3,07;;;;;;;;
"=""API""";"=""WIND""";"=""2026-04-27T07:05:00+03:00""";"=""OA_YTM""";"=""AKSU RES""";"=""10928268862""";"=""2890""";"=""AKSU ÇAMLICA RES""";-0,99;159,89;0;3,07;;;;;;;;
"=""API""";"=""WIND""";"=""2026-04-27T07:06:00+03:00""";"=""OA_YTM""";"=""AKSU RES""";"=""10928268862""";"=""2890""";"=""AKSU ÇAMLICA RES""";-0,99;159,58;0,99;1,23;;;;;;;;
"=""API""";"=""WIND""";"=""2026-04-27T07:07:00+03:00""";"=""OA_YTM""";"=""AKSU RES""";"=""10928268862""";"=""2890""";"=""AKSU ÇAMLICA RES""";-0,99;159,58;0,99;1,28;;;;;;;;
"=""API""";"=""WIND""";"=""2026-04-27T07:08:00+03:00""";"=""OA_YTM""";"=""AKSU RES""";"=""10928268862""";"=""2890""";"=""AKSU ÇAMLICA RES""";-0,99;159,79;0,99;3,05;;;;;;;;
"=""API""";"=""WIND""";"=""2026-04-27T07:09:00+03:00""";"=""OA_YTM""";"=""AKSU RES""";"=""10928268862""";"=""2890""";"=""AKSU ÇAMLICA RES""";-0,99;159,27;0,99;1,41;;;;;;;;
"=""API""";"=""WIND""";"=""2026-04-27T07:10:00+03:00""";"=""OA_YTM""";"=""AKSU RES""";"=""10928268862""";"=""2890""";"=""AKSU ÇAMLICA RES""";-0,99;159,48;0;1,25;;;;;;;;
"=""API""";"=""WIND""";"=""2026-04-27T07:11:00+03:00""";"=""OA_YTM""";"=""AKSU RES""";"=""10928268862""";"=""2890""";"=""AKSU ÇAMLICA RES""";-0,99;159,48;0;1,18;;;;;;;;
"=""API""";"=""WIND""";"=""2026-04-27T07:12:00+03:00""";"=""OA_YTM""";"=""AKSU RES""";"=""10928268862""";"=""2890""";"=""AKSU ÇAMLICA RES""";-0,99;160,2;0;2,99;;;;;;;;
"=""API""";"=""WIND""";"=""2026-04-27T07:13:00+03:00""";"=""OA_YTM""";"=""AKSU RES""";"=""10928268862""";"=""2890""";"=""AKSU ÇAMLICA RES""";-0,99;159,32;0;1,33;;;;;;;;
"=""API""";"=""WIND""";"=""2026-04-27T07:14:00+03:00""";"=""OA_YTM""";"=""AKSU RES""";"=""10928268862""";"=""2890""";"=""AKSU ÇAMLICA RES""";-0,99;160,3;0;2,9;;;;;;;;
"=""API""";"=""WIND""";"=""2026-04-27T07:15:00+03:00""";"=""OA_YTM""";"=""AKSU RES""";"=""10928268862""";"=""2890""";"=""AKSU ÇAMLICA RES""";-0,99;160,71;0;1,39;;;;;;;;
"=""API""";"=""WIND""";"=""2026-04-27T07:16:00+03:00""";"=""OA_YTM""";"=""AKSU RES""";"=""10928268862""";"=""2890""";"=""AKSU ÇAMLICA RES""";-0,99;159,63;0;1,64;;;;;;;;
"=""API""";"=""WIND""";"=""2026-04-27T07:17:00+03:00""";"=""OA_YTM""";"=""AKSU RES""";"=""10928268862""";"=""2890""";"=""AKSU ÇAMLICA RES""";-0,99;159,63;0;2,89;;;;;;;;
"=""API""";"=""WIND""";"=""2026-04-27T07:18:00+03:00""";"=""OA_YTM""";"=""AKSU RES""";"=""10928268862""";"=""2890""";"=""AKSU ÇAMLICA RES""";-0,99;160,5;0;1,8;;;;;;;;
"=""API""";"=""WIND""";"=""2026-04-27T07:19:00+03:00""";"=""OA_YTM""";"=""AKSU RES""";"=""10928268862""";"=""2890""";"=""AKSU ÇAMLICA RES""";-0,99;160,4;0;2,07;;;;;;;;
"=""API""";"=""WIND""";"=""2026-04-27T07:20:00+03:00""";"=""OA_YTM""";"=""AKSU RES""";"=""10928268862""";"=""2890""";"=""AKSU ÇAMLICA RES""";-0,99;160,3;0;1,44;;;;;;;;
"=""API""";"=""WIND""";"=""2026-04-27T07:21:00+03:00""";"=""OA_YTM""";"=""AKSU RES""";"=""10928268862""";"=""2890""";"=""AKSU ÇAMLICA RES""";-0,99;159,84;0,99;1,15;;;;;;;;
"=""API""";"=""WIND""";"=""2026-04-27T07:22:00+03:00""";"=""OA_YTM""";"=""AKSU RES""";"=""10928268862""";"=""2890""";"=""AKSU ÇAMLICA RES""";-0,99;160,09;0,99;2,89;;;;;;;;
"=""API""";"=""WIND""";"=""2026-04-27T07:23:00+03:00""";"=""OA_YTM""";"=""AKSU RES""";"=""10928268862""";"=""2890""";"=""AKSU ÇAMLICA RES""";-0,99;159,89;0;2,93;;;;;;;;
"=""API""";"=""WIND""";"=""2026-04-27T07:24:00+03:00""";"=""OA_YTM""";"=""AKSU RES""";"=""10928268862""";"=""2890""";"=""AKSU ÇAMLICA RES""";-0,99;159,79;0;1,65;;;;;;;;
"=""API""";"=""WIND""";"=""2026-04-27T07:25:00+03:00""";"=""OA_YTM""";"=""AKSU RES""";"=""10928268862""";"=""2890""";"=""AKSU ÇAMLICA RES""";-0,99;159,84;0,99;1,49;;;;;;;;
"=""API""";"=""WIND""";"=""2026-04-27T07:26:00+03:00""";"=""OA_YTM""";"=""AKSU RES""";"=""10928268862""";"=""2890""";"=""AKSU ÇAMLICA RES""";-0,99;160,09;0;1,49;;;;;;;;
"=""API""";"=""WIND""";"=""2026-04-27T07:27:00+03:00""";"=""OA_YTM""";"=""AKSU RES""";"=""10928268862""";"=""2890""";"=""AKSU ÇAMLICA RES""";-0,99;159,89;0,99;1,45;;;;;;;;
"=""API""";"=""WIND""";"=""2026-04-27T07:28:00+03:00""";"=""OA_YTM""";"=""AKSU RES""";"=""10928268862""";"=""2890""";"=""AKSU ÇAMLICA RES""";-0,99;159,84;0,99;1,2;;;;;;;;
"=""API""";"=""WIND""";"=""2026-04-27T07:29:00+03:00""";"=""OA_YTM""";"=""AKSU RES""";"=""10928268862""";"=""2890""";"=""AKSU ÇAMLICA RES""";-0,99;159,73;0,99;1,16;;;;;;;;
"=""API""";"=""WIND""";"=""2026-04-27T07:30:00+03:00""";"=""OA_YTM""";"=""AKSU RES""";"=""10928268862""";"=""2890""";"=""AKSU ÇAMLICA RES""";-0,99;159,94;0,99;1,16;;;;;;;;
"=""API""";"=""WIND""";"=""2026-04-27T07:31:00+03:00""";"=""OA_YTM""";"=""AKSU RES""";"=""10928268862""";"=""2890""";"=""AKSU ÇAMLICA RES""";-0,99;159,84;0,99;3,08;;;;;;;;
"=""API""";"=""WIND""";"=""2026-04-27T07:32:00+03:00""";"=""OA_YTM""";"=""AKSU RES""";"=""10928268862""";"=""2890""";"=""AKSU ÇAMLICA RES""";-0,99;159,84;0,99;1,2;;;;;;;;
"=""API""";"=""WIND""";"=""2026-04-27T07:33:00+03:00""";"=""OA_YTM""";"=""AKSU RES""";"=""10928268862""";"=""2890""";"=""AKSU ÇAMLICA RES""";-0,99;160,14;0,99;1,33;;;;;;;;
"=""API""";"=""WIND""";"=""2026-04-27T07:34:00+03:00""";"=""OA_YTM""";"=""AKSU RES""";"=""10928268862""";"=""2890""";"=""AKSU ÇAMLICA RES""";-0,99;159,58;0,99;1,25;;;;;;;;
"=""API""";"=""WIND""";"=""2026-04-27T07:35:00+03:00""";"=""OA_YTM""";"=""AKSU RES""";"=""10928268862""";"=""2890""";"=""AKSU ÇAMLICA RES""";-0,99;160,09;0,99;1,08;;;;;;;;
"=""API""";"=""WIND""";"=""2026-04-27T07:36:00+03:00""";"=""OA_YTM""";"=""AKSU RES""";"=""10928268862""";"=""2890""";"=""AKSU ÇAMLICA RES""";-0,99;159,99;0;2,88;;;;;;;;
"=""API""";"=""WIND""";"=""2026-04-27T07:37:00+03:00""";"=""OA_YTM""";"=""AKSU RES""";"=""10928268862""";"=""2890""";"=""AKSU ÇAMLICA RES""";-0,99;160,04;0;1,71;;;;;;;;
"=""API""";"=""WIND""";"=""2026-04-27T07:38:00+03:00""";"=""OA_YTM""";"=""AKSU RES""";"=""10928268862""";"=""2890""";"=""AKSU ÇAMLICA RES""";-0,99;160,25;0;1,32;;;;;;;;
"=""API""";"=""WIND""";"=""2026-04-27T07:39:00+03:00""";"=""OA_YTM""";"=""AKSU RES""";"=""10928268862""";"=""2890""";"=""AKSU ÇAMLICA RES""";-0,99;160,35;0;2,89;;;;;;;;
"=""API""";"=""WIND""";"=""2026-04-27T07:40:00+03:00""";"=""OA_YTM""";"=""AKSU RES""";"=""10928268862""";"=""2890""";"=""AKSU ÇAMLICA RES""";-0,99;159,84;0;2,08;;;;;;;;
"=""API""";"=""WIND""";"=""2026-04-27T07:41:00+03:00""";"=""OA_YTM""";"=""AKSU RES""";"=""10928268862""";"=""2890""";"=""AKSU ÇAMLICA RES""";-0,99;159,32;0;2,9;;;;;;;;
"=""API""";"=""WIND""";"=""2026-04-27T07:42:00+03:00""";"=""OA_YTM""";"=""AKSU RES""";"=""10928268862""";"=""2890""";"=""AKSU ÇAMLICA RES""";-0,99;160,25;0;2,42;;;;;;;;
"=""API""";"=""WIND""";"=""2026-04-27T07:43:00+03:00""";"=""OA_YTM""";"=""AKSU RES""";"=""10928268862""";"=""2890""";"=""AKSU ÇAMLICA RES""";-0,99;160,14;0;2,57;;;;;;;;
"=""API""";"=""WIND""";"=""2026-04-27T07:44:00+03:00""";"=""OA_YTM""";"=""AKSU RES""";"=""10928268862""";"=""2890""";"=""AKSU ÇAMLICA RES""";-0,99;160,04;0;2,98;;;;;;;;
"=""API""";"=""WIND""";"=""2026-04-27T07:45:00+03:00""";"=""OA_YTM""";"=""AKSU RES""";"=""10928268862""";"=""2890""";"=""AKSU ÇAMLICA RES""";-0,99;160,04;0;2,63;;;;;;;;
"=""API""";"=""WIND""";"=""2026-04-27T07:46:00+03:00""";"=""OA_YTM""";"=""AKSU RES""";"=""10928268862""";"=""2890""";"=""AKSU ÇAMLICA RES""";-0,99;159,73;0;3,06;;;;;;;;
"=""API""";"=""WIND""";"=""2026-04-27T07:47:00+03:00""";"=""OA_YTM""";"=""AKSU RES""";"=""10928268862""";"=""2890""";"=""AKSU ÇAMLICA RES""";-0,99;159,84;0;3,01;;;;;;;;
"=""API""";"=""WIND""";"=""2026-04-27T07:48:00+03:00""";"=""OA_YTM""";"=""AKSU RES""";"=""10928268862""";"=""2890""";"=""AKSU ÇAMLICA RES""";-0,99;160,14;0;3,01;;;;;;;;
"=""API""";"=""WIND""";"=""2026-04-27T07:49:00+03:00""";"=""OA_YTM""";"=""AKSU RES""";"=""10928268862""";"=""2890""";"=""AKSU ÇAMLICA RES""";-0,99;160,14;0;3,05;;;;;;;;
"=""API""";"=""WIND""";"=""2026-04-27T07:50:00+03:00""";"=""OA_YTM""";"=""AKSU RES""";"=""10928268862""";"=""2890""";"=""AKSU ÇAMLICA RES""";-0,99;159,94;0;3,05;;;;;;;;
"=""API""";"=""WIND""";"=""2026-04-27T07:51:00+03:00""";"=""OA_YTM""";"=""AKSU RES""";"=""10928268862""";"=""2890""";"=""AKSU ÇAMLICA RES""";-0,99;160,35;0;3,05;;;;;;;;
"=""API""";"=""WIND""";"=""2026-04-27T07:52:00+03:00""";"=""OA_YTM""";"=""AKSU RES""";"=""10928268862""";"=""2890""";"=""AKSU ÇAMLICA RES""";-0,99;159,73;0;3,05;;;;;;;;
"=""API""";"=""WIND""";"=""2026-04-27T07:53:00+03:00""";"=""OA_YTM""";"=""AKSU RES""";"=""10928268862""";"=""2890""";"=""AKSU ÇAMLICA RES""";-0,99;159,84;0;2,71;;;;;;;;
"=""API""";"=""WIND""";"=""2026-04-27T07:54:00+03:00""";"=""OA_YTM""";"=""AKSU RES""";"=""10928268862""";"=""2890""";"=""AKSU ÇAMLICA RES""";-0,99;159,84;0;2,86;;;;;;;;
"=""API""";"=""WIND""";"=""2026-04-27T07:55:00+03:00""";"=""OA_YTM""";"=""AKSU RES""";"=""10928268862""";"=""2890""";"=""AKSU ÇAMLICA RES""";-0,99;160,04;0;3,05;;;;;;;;
"=""API""";"=""WIND""";"=""2026-04-27T07:56:00+03:00""";"=""OA_YTM""";"=""AKSU RES""";"=""10928268862""";"=""2890""";"=""AKSU ÇAMLICA RES""";-0,99;159,94;0;3,03;;;;;;;;
"=""API""";"=""WIND""";"=""2026-04-27T07:57:00+03:00""";"=""OA_YTM""";"=""AKSU RES""";"=""10928268862""";"=""2890""";"=""AKSU ÇAMLICA RES""";-0,99;159,89;0;2,34;;;;;;;;
"=""API""";"=""WIND""";"=""2026-04-27T07:58:00+03:00""";"=""OA_YTM""";"=""AKSU RES""";"=""10928268862""";"=""2890""";"=""AKSU ÇAMLICA RES""";-0,99;159,89;0;2,07;;;;;;;;
"=""API""";"=""WIND""";"=""2026-04-27T07:59:00+03:00""";"=""OA_YTM""";"=""AKSU RES""";"=""10928268862""";"=""2890""";"=""AKSU ÇAMLICA RES""";-0,99;159,58;0;3,11;;;;;;;;
"=""API""";"=""WIND""";"=""2026-04-27T08:00:00+03:00""";"=""OA_YTM""";"=""AKSU RES""";"=""10928268862""";"=""2890""";"=""AKSU ÇAMLICA RES""";0,98;159,79;0;1,82;;;;;;;;
"=""API""";"=""WIND""";"=""2026-04-27T08:01:00+03:00""";"=""OA_YTM""";"=""AKSU RES""";"=""10928268862""";"=""2890""";"=""AKSU ÇAMLICA RES""";0,98;160,14;0;1,34;;;;;;;;
"=""API""";"=""WIND""";"=""2026-04-27T08:02:00+03:00""";"=""OA_YTM""";"=""AKSU RES""";"=""10928268862""";"=""2890""";"=""AKSU ÇAMLICA RES""";0,98;159,79;0;0,87;;;;;;;;
"=""API""";"=""WIND""";"=""2026-04-27T08:03:00+03:00""";"=""OA_YTM""";"=""AKSU RES""";"=""10928268862""";"=""2890""";"=""AKSU ÇAMLICA RES""";0,98;159,79;0,99;0,4;;;;;;;;
"=""API""";"=""WIND""";"=""2026-04-27T08:04:00+03:00""";"=""OA_YTM""";"=""AKSU RES""";"=""10928268862""";"=""2890""";"=""AKSU ÇAMLICA RES""";0,98;159,63;0;0,8;;;;;;;;
"=""API""";"=""WIND""";"=""2026-04-27T08:05:00+03:00""";"=""OA_YTM""";"=""AKSU RES""";"=""10928268862""";"=""2890""";"=""AKSU ÇAMLICA RES""";0,98;160,25;0;0,93;;;;;;;;
"=""API""";"=""WIND""";"=""2026-04-27T08:06:00+03:00""";"=""OA_YTM""";"=""AKSU RES""";"=""10928268862""";"=""2890""";"=""AKSU ÇAMLICA RES""";0,98;159,94;0;3,05;;;;;;;;
"=""API""";"=""WIND""";"=""2026-04-27T08:07:00+03:00""";"=""OA_YTM""";"=""AKSU RES""";"=""10928268862""";"=""2890""";"=""AKSU ÇAMLICA RES""";0,98;158,96;0;0,54;;;;;;;;
"=""API""";"=""WIND""";"=""2026-04-27T08:08:00+03:00""";"=""OA_YTM""";"=""AKSU RES""";"=""10928268862""";"=""2890""";"=""AKSU ÇAMLICA RES""";0,98;159,17;0,99;1,09;;;;;;;;
"=""API""";"=""WIND""";"=""2026-04-27T08:09:00+03:00""";"=""OA_YTM""";"=""AKSU RES""";"=""10928268862""";"=""2890""";"=""AKSU ÇAMLICA RES""";0,98;159,07;0,99;1,09;;;;;;;;
"=""API""";"=""WIND""";"=""2026-04-27T08:10:00+03:00""";"=""OA_YTM""";"=""AKSU RES""";"=""10928268862""";"=""2890""";"=""AKSU ÇAMLICA RES""";0,98;159,63;0,99;1,07;;;;;;;;
"=""API""";"=""WIND""";"=""2026-04-27T08:11:00+03:00""";"=""OA_YTM""";"=""AKSU RES""";"=""10928268862""";"=""2890""";"=""AKSU ÇAMLICA RES""";0,98;159,48;0,99;1,15;;;;;;;;
"=""API""";"=""WIND""";"=""2026-04-27T08:12:00+03:00""";"=""OA_YTM""";"=""AKSU RES""";"=""10928268862""";"=""2890""";"=""AKSU ÇAMLICA RES""";0,98;159,48;0,99;0,65;;;;;;;;
"=""API""";"=""WIND""";"=""2026-04-27T08:13:00+03:00""";"=""OA_YTM""";"=""AKSU RES""";"=""10928268862""";"=""2890""";"=""AKSU ÇAMLICA RES""";0,98;159,17;0,99;3,12;;;;;;;;
"=""API""";"=""WIND""";"=""2026-04-27T08:14:00+03:00""";"=""OA_YTM""";"=""AKSU RES""";"=""10928268862""";"=""2890""";"=""AKSU ÇAMLICA RES""";0,98;159,07;0,99;0,42;;;;;;;;
"=""API""";"=""WIND""";"=""2026-04-27T08:15:00+03:00""";"=""OA_YTM""";"=""AKSU RES""";"=""10928268862""";"=""2890""";"=""AKSU ÇAMLICA RES""";0,98;159,48;0,99;0,83;;;;;;;;
"=""API""";"=""WIND""";"=""2026-04-27T08:16:00+03:00""";"=""OA_YTM""";"=""AKSU RES""";"=""10928268862""";"=""2890""";"=""AKSU ÇAMLICA RES""";0,98;159,01;0,99;0,83;;;;;;;;
"=""API""";"=""WIND""";"=""2026-04-27T08:17:00+03:00""";"=""OA_YTM""";"=""AKSU RES""";"=""10928268862""";"=""2890""";"=""AKSU ÇAMLICA RES""";0,98;158,66;1,98;0,39;;;;;;;;
"=""API""";"=""WIND""";"=""2026-04-27T08:18:00+03:00""";"=""OA_YTM""";"=""AKSU RES""";"=""10928268862""";"=""2890""";"=""AKSU ÇAMLICA RES""";0,98;159,79;1,98;-0,44;;;;;;;;
"=""API""";"=""WIND""";"=""2026-04-27T08:19:00+03:00""";"=""OA_YTM""";"=""AKSU RES""";"=""10928268862""";"=""2890""";"=""AKSU ÇAMLICA RES""";0,98;159,68;0;2,29;;;;;;;;
"=""API""";"=""WIND""";"=""2026-04-27T08:20:00+03:00""";"=""OA_YTM""";"=""AKSU RES""";"=""10928268862""";"=""2890""";"=""AKSU ÇAMLICA RES""";0,98;159,17;0;2,57;;;;;;;;
"=""API""";"=""WIND""";"=""2026-04-27T08:21:00+03:00""";"=""OA_YTM""";"=""AKSU RES""";"=""10928268862""";"=""2890""";"=""AKSU ÇAMLICA RES""";0,98;158,86;0;2,92;;;;;;;;
"=""API""";"=""WIND""";"=""2026-04-27T08:22:00+03:00""";"=""OA_YTM""";"=""AKSU RES""";"=""10928268862""";"=""2890""";"=""AKSU ÇAMLICA RES""";0,98;159,17;0;3,07;;;;;;;;
"=""API""";"=""WIND""";"=""2026-04-27T08:23:00+03:00""";"=""OA_YTM""";"=""AKSU RES""";"=""10928268862""";"=""2890""";"=""AKSU ÇAMLICA RES""";0,98;159,07;0;3,11;;;;;;;;
"=""API""";"=""WIND""";"=""2026-04-27T08:24:00+03:00""";"=""OA_YTM""";"=""AKSU RES""";"=""10928268862""";"=""2890""";"=""AKSU ÇAMLICA RES""";0,98;158,55;0;3,11;;;;;;;;
"=""API""";"=""WIND""";"=""2026-04-27T08:25:00+03:00""";"=""OA_YTM""";"=""AKSU RES""";"=""10928268862""";"=""2890""";"=""AKSU ÇAMLICA RES""";0,98;159,79;0;3;;;;;;;;
"=""API""";"=""WIND""";"=""2026-04-27T08:26:00+03:00""";"=""OA_YTM""";"=""AKSU RES""";"=""10928268862""";"=""2890""";"=""AKSU ÇAMLICA RES""";0,98;158,81;0;3;;;;;;;;
"=""API""";"=""WIND""";"=""2026-04-27T08:27:00+03:00""";"=""OA_YTM""";"=""AKSU RES""";"=""10928268862""";"=""2890""";"=""AKSU ÇAMLICA RES""";0,98;158,5;0;3,05;;;;;;;;
"=""API""";"=""WIND""";"=""2026-04-27T08:28:00+03:00""";"=""OA_YTM""";"=""AKSU RES""";"=""10928268862""";"=""2890""";"=""AKSU ÇAMLICA RES""";0,98;158,29;0;3,03;;;;;;;;
"=""API""";"=""WIND""";"=""2026-04-27T08:29:00+03:00""";"=""OA_YTM""";"=""AKSU RES""";"=""10928268862""";"=""2890""";"=""AKSU ÇAMLICA RES""";0,98;159,68;0;3,09;;;;;;;;
"=""API""";"=""WIND""";"=""2026-04-27T08:30:00+03:00""";"=""OA_YTM""";"=""AKSU RES""";"=""10928268862""";"=""2890""";"=""AKSU ÇAMLICA RES""";0,98;159,58;0;3,09;;;;;;;;
"=""API""";"=""WIND""";"=""2026-04-27T08:31:00+03:00""";"=""OA_YTM""";"=""AKSU RES""";"=""10928268862""";"=""2890""";"=""AKSU ÇAMLICA RES""";0,98;159,79;0;3,03;;;;;;;;
"=""API""";"=""WIND""";"=""2026-04-27T08:32:00+03:00""";"=""OA_YTM""";"=""AKSU RES""";"=""10928268862""";"=""2890""";"=""AKSU ÇAMLICA RES""";0,98;158,45;0;2,99;;;;;;;;
"=""API""";"=""WIND""";"=""2026-04-27T08:33:00+03:00""";"=""OA_YTM""";"=""AKSU RES""";"=""10928268862""";"=""2890""";"=""AKSU ÇAMLICA RES""";0,98;158,96;0;2,86;;;;;;;;
"=""API""";"=""WIND""";"=""2026-04-27T08:34:00+03:00""";"=""OA_YTM""";"=""AKSU RES""";"=""10928268862""";"=""2890""";"=""AKSU ÇAMLICA RES""";0,98;160,4;0;2,99;;;;;;;;
"=""API""";"=""WIND""";"=""2026-04-27T08:35:00+03:00""";"=""OA_YTM""";"=""AKSU RES""";"=""10928268862""";"=""2890""";"=""AKSU ÇAMLICA RES""";0,98;159,27;0;2,99;;;;;;;;
"=""API""";"=""WIND""";"=""2026-04-27T08:36:00+03:00""";"=""OA_YTM""";"=""AKSU RES""";"=""10928268862""";"=""2890""";"=""AKSU ÇAMLICA RES""";0,98;160,61;0;2,83;;;;;;;;
"=""API""";"=""WIND""";"=""2026-04-27T08:37:00+03:00""";"=""OA_YTM""";"=""AKSU RES""";"=""10928268862""";"=""2890""";"=""AKSU ÇAMLICA RES""";0,98;160,5;0;2,97;;;;;;;;
"=""API""";"=""WIND""";"=""2026-04-27T08:38:00+03:00""";"=""OA_YTM""";"=""AKSU RES""";"=""10928268862""";"=""2890""";"=""AKSU ÇAMLICA RES""";0,98;160,61;0;2,89;;;;;;;;
"=""API""";"=""WIND""";"=""2026-04-27T08:39:00+03:00""";"=""OA_YTM""";"=""AKSU RES""";"=""10928268862""";"=""2890""";"=""AKSU ÇAMLICA RES""";0,98;160,61;0;2,85;;;;;;;;
"=""API""";"=""WIND""";"=""2026-04-27T08:40:00+03:00""";"=""OA_YTM""";"=""AKSU RES""";"=""10928268862""";"=""2890""";"=""AKSU ÇAMLICA RES""";0,98;159,06;0;3;;;;;;;;
"=""API""";"=""WIND""";"=""2026-04-27T08:41:00+03:00""";"=""OA_YTM""";"=""AKSU RES""";"=""10928268862""";"=""2890""";"=""AKSU ÇAMLICA RES""";0,98;158,96;0;2,93;;;;;;;;
"=""API""";"=""WIND""";"=""2026-04-27T08:42:00+03:00""";"=""OA_YTM""";"=""AKSU RES""";"=""10928268862""";"=""2890""";"=""AKSU ÇAMLICA RES""";0,98;160,09;0;3,06;;;;;;;;
"=""API""";"=""WIND""";"=""2026-04-27T08:43:00+03:00""";"=""OA_YTM""";"=""AKSU RES""";"=""10928268862""";"=""2890""";"=""AKSU ÇAMLICA RES""";0,98;160,2;0;3,06;;;;;;;;
"=""API""";"=""WIND""";"=""2026-04-27T08:44:00+03:00""";"=""OA_YTM""";"=""AKSU RES""";"=""10928268862""";"=""2890""";"=""AKSU ÇAMLICA RES""";0,98;160,09;0;2,89;;;;;;;;
"=""API""";"=""WIND""";"=""2026-04-27T08:45:00+03:00""";"=""OA_YTM""";"=""AKSU RES""";"=""10928268862""";"=""2890""";"=""AKSU ÇAMLICA RES""";0,98;159,48;0;3,06;;;;;;;;
"=""API""";"=""WIND""";"=""2026-04-27T08:46:00+03:00""";"=""OA_YTM""";"=""AKSU RES""";"=""10928268862""";"=""2890""";"=""AKSU ÇAMLICA RES""";0,98;158,96;0;2,97;;;;;;;;
"=""API""";"=""WIND""";"=""2026-04-27T08:47:00+03:00""";"=""OA_YTM""";"=""AKSU RES""";"=""10928268862""";"=""2890""";"=""AKSU ÇAMLICA RES""";0,98;159,89;0;2,99;;;;;;;;
"=""API""";"=""WIND""";"=""2026-04-27T08:48:00+03:00""";"=""OA_YTM""";"=""AKSU RES""";"=""10928268862""";"=""2890""";"=""AKSU ÇAMLICA RES""";0,98;159,22;0;3,09;;;;;;;;
"=""API""";"=""WIND""";"=""2026-04-27T08:49:00+03:00""";"=""OA_YTM""";"=""AKSU RES""";"=""10928268862""";"=""2890""";"=""AKSU ÇAMLICA RES""";0,98;159,63;0;3,09;;;;;;;;
"=""API""";"=""WIND""";"=""2026-04-27T08:50:00+03:00""";"=""OA_YTM""";"=""AKSU RES""";"=""10928268862""";"=""2890""";"=""AKSU ÇAMLICA RES""";0,98;159,43;0;3,09;;;;;;;;
"=""API""";"=""WIND""";"=""2026-04-27T08:51:00+03:00""";"=""OA_YTM""";"=""AKSU RES""";"=""10928268862""";"=""2890""";"=""AKSU ÇAMLICA RES""";0,98;159,43;0;3,09;;;;;;;;
"=""API""";"=""WIND""";"=""2026-04-27T08:52:00+03:00""";"=""OA_YTM""";"=""AKSU RES""";"=""10928268862""";"=""2890""";"=""AKSU ÇAMLICA RES""";0,98;159,84;0;3,09;;;;;;;;
"=""API""";"=""WIND""";"=""2026-04-27T08:53:00+03:00""";"=""OA_YTM""";"=""AKSU RES""";"=""10928268862""";"=""2890""";"=""AKSU ÇAMLICA RES""";0,98;159,73;0;3,03;;;;;;;;
"=""API""";"=""WIND""";"=""2026-04-27T08:54:00+03:00""";"=""OA_YTM""";"=""AKSU RES""";"=""10928268862""";"=""2890""";"=""AKSU ÇAMLICA RES""";0,98;159,73;0;3,08;;;;;;;;
"=""API""";"=""WIND""";"=""2026-04-27T08:55:00+03:00""";"=""OA_YTM""";"=""AKSU RES""";"=""10928268862""";"=""2890""";"=""AKSU ÇAMLICA RES""";0,98;159,53;0;3,07;;;;;;;;
"=""API""";"=""WIND""";"=""2026-04-27T08:56:00+03:00""";"=""OA_YTM""";"=""AKSU RES""";"=""10928268862""";"=""2890""";"=""AKSU ÇAMLICA RES""";0,98;159,63;0;3,09;;;;;;;;
"=""API""";"=""WIND""";"=""2026-04-27T08:57:00+03:00""";"=""OA_YTM""";"=""AKSU RES""";"=""10928268862""";"=""2890""";"=""AKSU ÇAMLICA RES""";0,98;159,32;0;3,06;;;;;;;;
"=""API""";"=""WIND""";"=""2026-04-27T08:58:00+03:00""";"=""OA_YTM""";"=""AKSU RES""";"=""10928268862""";"=""2890""";"=""AKSU ÇAMLICA RES""";0,98;159,73;0;3,06;;;;;;;;
"=""API""";"=""WIND""";"=""2026-04-27T08:59:00+03:00""";"=""OA_YTM""";"=""AKSU RES""";"=""10928268862""";"=""2890""";"=""AKSU ÇAMLICA RES""";0,98;159,53;0;3,09;;;;;;;;
"=""API""";"=""WIND""";"=""2026-04-27T09:00:00+03:00""";"=""OA_YTM""";"=""AKSU RES""";"=""10928268862""";"=""2890""";"=""AKSU ÇAMLICA RES""";0,98;159,63;0;2,93;;;;;;;;
"=""API""";"=""WIND""";"=""2026-04-27T09:01:00+03:00""";"=""OA_YTM""";"=""AKSU RES""";"=""10928268862""";"=""2890""";"=""AKSU ÇAMLICA RES""";0,98;159,63;0;2,88;;;;;;;;
"=""API""";"=""WIND""";"=""2026-04-27T09:02:00+03:00""";"=""OA_YTM""";"=""AKSU RES""";"=""10928268862""";"=""2890""";"=""AKSU ÇAMLICA RES""";0,98;159,53;0;2,96;;;;;;;;
"=""API""";"=""WIND""";"=""2026-04-27T09:03:00+03:00""";"=""OA_YTM""";"=""AKSU RES""";"=""10928268862""";"=""2890""";"=""AKSU ÇAMLICA RES""";0,98;159,73;0;2,96;;;;;;;;
"=""API""";"=""WIND""";"=""2026-04-27T09:04:00+03:00""";"=""OA_YTM""";"=""AKSU RES""";"=""10928268862""";"=""2890""";"=""AKSU ÇAMLICA RES""";0,98;159,63;0;3,12;;;;;;;;
"=""API""";"=""WIND""";"=""2026-04-27T09:05:00+03:00""";"=""OA_YTM""";"=""AKSU RES""";"=""10928268862""";"=""2890""";"=""AKSU ÇAMLICA RES""";0,98;159,84;0;2,85;;;;;;;;
"=""API""";"=""WIND""";"=""2026-04-27T09:06:00+03:00""";"=""OA_YTM""";"=""AKSU RES""";"=""10928268862""";"=""2890""";"=""AKSU ÇAMLICA RES""";0,98;159,17;0;2,85;;;;;;;;
"=""API""";"=""WIND""";"=""2026-04-27T09:07:00+03:00""";"=""OA_YTM""";"=""AKSU RES""";"=""10928268862""";"=""2890""";"=""AKSU ÇAMLICA RES""";0,98;159,07;0;2,9;;;;;;;;
"=""API""";"=""WIND""";"=""2026-04-27T09:08:00+03:00""";"=""OA_YTM""";"=""AKSU RES""";"=""10928268862""";"=""2890""";"=""AKSU ÇAMLICA RES""";0,98;159,17;0;2,9;;;;;;;;
"=""API""";"=""WIND""";"=""2026-04-27T09:09:00+03:00""";"=""OA_YTM""";"=""AKSU RES""";"=""10928268862""";"=""2890""";"=""AKSU ÇAMLICA RES""";0,98;159,48;0;2,96;;;;;;;;
"=""API""";"=""WIND""";"=""2026-04-27T09:10:00+03:00""";"=""OA_YTM""";"=""AKSU RES""";"=""10928268862""";"=""2890""";"=""AKSU ÇAMLICA RES""";0,98;159,17;0;2,96;;;;;;;;
"=""API""";"=""WIND""";"=""2026-04-27T09:11:00+03:00""";"=""OA_YTM""";"=""AKSU RES""";"=""10928268862""";"=""2890""";"=""AKSU ÇAMLICA RES""";0,98;160,04;0;2,98;;;;;;;;
"=""API""";"=""WIND""";"=""2026-04-27T09:12:00+03:00""";"=""OA_YTM""";"=""AKSU RES""";"=""10928268862""";"=""2890""";"=""AKSU ÇAMLICA RES""";0,98;159,38;0;3,06;;;;;;;;
"=""API""";"=""WIND""";"=""2026-04-27T09:13:00+03:00""";"=""OA_YTM""";"=""AKSU RES""";"=""10928268862""";"=""2890""";"=""AKSU ÇAMLICA RES""";0,98;159,12;0;3,06;;;;;;;;
"=""API""";"=""WIND""";"=""2026-04-27T09:14:00+03:00""";"=""OA_YTM""";"=""AKSU RES""";"=""10928268862""";"=""2890""";"=""AKSU ÇAMLICA RES""";0,98;159,07;0;3,06;;;;;;;;
"=""API""";"=""WIND""";"=""2026-04-27T09:15:00+03:00""";"=""OA_YTM""";"=""AKSU RES""";"=""10928268862""";"=""2890""";"=""AKSU ÇAMLICA RES""";0,98;159,17;0;3,01;;;;;;;;
"=""API""";"=""WIND""";"=""2026-04-27T09:16:00+03:00""";"=""OA_YTM""";"=""AKSU RES""";"=""10928268862""";"=""2890""";"=""AKSU ÇAMLICA RES""";0,98;158,86;0;3,01;;;;;;;;
"=""API""";"=""WIND""";"=""2026-04-27T09:17:00+03:00""";"=""OA_YTM""";"=""AKSU RES""";"=""10928268862""";"=""2890""";"=""AKSU ÇAMLICA RES""";0,98;160,14;0;3,05;;;;;;;;
"=""API""";"=""WIND""";"=""2026-04-27T09:18:00+03:00""";"=""OA_YTM""";"=""AKSU RES""";"=""10928268862""";"=""2890""";"=""AKSU ÇAMLICA RES""";0,98;158,86;0;3,05;;;;;;;;
"=""API""";"=""WIND""";"=""2026-04-27T09:19:00+03:00""";"=""OA_YTM""";"=""AKSU RES""";"=""10928268862""";"=""2890""";"=""AKSU ÇAMLICA RES""";0,98;159,07;0;3,05;;;;;;;;
"=""API""";"=""WIND""";"=""2026-04-27T09:20:00+03:00""";"=""OA_YTM""";"=""AKSU RES""";"=""10928268862""";"=""2890""";"=""AKSU ÇAMLICA RES""";0,98;159,17;0;3,05;;;;;;;;
"=""API""";"=""WIND""";"=""2026-04-27T09:21:00+03:00""";"=""OA_YTM""";"=""AKSU RES""";"=""10928268862""";"=""2890""";"=""AKSU ÇAMLICA RES""";0,98;159,84;0;3,05;;;;;;;;
"=""API""";"=""WIND""";"=""2026-04-27T09:22:00+03:00""";"=""OA_YTM""";"=""AKSU RES""";"=""10928268862""";"=""2890""";"=""AKSU ÇAMLICA RES""";0,98;159,53;0;3,06;;;;;;;;
"=""API""";"=""WIND""";"=""2026-04-27T09:23:00+03:00""";"=""OA_YTM""";"=""AKSU RES""";"=""10928268862""";"=""2890""";"=""AKSU ÇAMLICA RES""";0,98;159,22;0;3,14;;;;;;;;
"=""API""";"=""WIND""";"=""2026-04-27T09:24:00+03:00""";"=""OA_YTM""";"=""AKSU RES""";"=""10928268862""";"=""2890""";"=""AKSU ÇAMLICA RES""";0,98;159,94;0;3,1;;;;;;;;
"=""API""";"=""WIND""";"=""2026-04-27T09:25:00+03:00""";"=""OA_YTM""";"=""AKSU RES""";"=""10928268862""";"=""2890""";"=""AKSU ÇAMLICA RES""";0,98;159,32;0;3,05;;;;;;;;
"=""API""";"=""WIND""";"=""2026-04-27T09:26:00+03:00""";"=""OA_YTM""";"=""AKSU RES""";"=""10928268862""";"=""2890""";"=""AKSU ÇAMLICA RES""";0,98;159,79;0;3,11;;;;;;;;
"=""API""";"=""WIND""";"=""2026-04-27T09:27:00+03:00""";"=""OA_YTM""";"=""AKSU RES""";"=""10928268862""";"=""2890""";"=""AKSU ÇAMLICA RES""";0,98;158,91;0;3,09;;;;;;;;
"=""API""";"=""WIND""";"=""2026-04-27T09:28:00+03:00""";"=""OA_YTM""";"=""AKSU RES""";"=""10928268862""";"=""2890""";"=""AKSU ÇAMLICA RES""";0,98;158,91;0;3,09;;;;;;;;
"=""API""";"=""WIND""";"=""2026-04-27T09:29:00+03:00""";"=""OA_YTM""";"=""AKSU RES""";"=""10928268862""";"=""2890""";"=""AKSU ÇAMLICA RES""";0,98;159,27;0;3,11;;;;;;;;
"=""API""";"=""WIND""";"=""2026-04-27T09:30:00+03:00""";"=""OA_YTM""";"=""AKSU RES""";"=""10928268862""";"=""2890""";"=""AKSU ÇAMLICA RES""";0,98;159,68;0;3,11;;;;;;;;
"=""API""";"=""WIND""";"=""2026-04-27T09:31:00+03:00""";"=""OA_YTM""";"=""AKSU RES""";"=""10928268862""";"=""2890""";"=""AKSU ÇAMLICA RES""";0,98;159,99;0;3,07;;;;;;;;
"=""API""";"=""WIND""";"=""2026-04-27T09:32:00+03:00""";"=""OA_YTM""";"=""AKSU RES""";"=""10928268862""";"=""2890""";"=""AKSU ÇAMLICA RES""";0,98;158,61;0;3,09;;;;;;;;
"=""API""";"=""WIND""";"=""2026-04-27T09:33:00+03:00""";"=""OA_YTM""";"=""AKSU RES""";"=""10928268862""";"=""2890""";"=""AKSU ÇAMLICA RES""";0,98;159,22;0;3,09;;;;;;;;
"=""API""";"=""WIND""";"=""2026-04-27T09:34:00+03:00""";"=""OA_YTM""";"=""AKSU RES""";"=""10928268862""";"=""2890""";"=""AKSU ÇAMLICA RES""";0,98;159,22;0;3,09;;;;;;;;
"=""API""";"=""WIND""";"=""2026-04-27T09:35:00+03:00""";"=""OA_YTM""";"=""AKSU RES""";"=""10928268862""";"=""2890""";"=""AKSU ÇAMLICA RES""";0,98;159,07;0;3,09;;;;;;;;
"=""API""";"=""WIND""";"=""2026-04-27T09:36:00+03:00""";"=""OA_YTM""";"=""AKSU RES""";"=""10928268862""";"=""2890""";"=""AKSU ÇAMLICA RES""";0,98;159,38;0;2,96;;;;;;;;
"=""API""";"=""WIND""";"=""2026-04-27T09:37:00+03:00""";"=""OA_YTM""";"=""AKSU RES""";"=""10928268862""";"=""2890""";"=""AKSU ÇAMLICA RES""";0,98;159,07;0;2,96;;;;;;;;
"=""API""";"=""WIND""";"=""2026-04-27T09:38:00+03:00""";"=""OA_YTM""";"=""AKSU RES""";"=""10928268862""";"=""2890""";"=""AKSU ÇAMLICA RES""";0,98;158,76;0;3,03;;;;;;;;
"=""API""";"=""WIND""";"=""2026-04-27T09:39:00+03:00""";"=""OA_YTM""";"=""AKSU RES""";"=""10928268862""";"=""2890""";"=""AKSU ÇAMLICA RES""";0,98;159,27;0;3,08;;;;;;;;
"=""API""";"=""WIND""";"=""2026-04-27T09:40:00+03:00""";"=""OA_YTM""";"=""AKSU RES""";"=""10928268862""";"=""2890""";"=""AKSU ÇAMLICA RES""";0,98;159,53;0;3,08;;;;;;;;
"=""API""";"=""WIND""";"=""2026-04-27T09:41:00+03:00""";"=""OA_YTM""";"=""AKSU RES""";"=""10928268862""";"=""2890""";"=""AKSU ÇAMLICA RES""";0,98;159,53;0;3,08;;;;;;;;
"=""API""";"=""WIND""";"=""2026-04-27T09:42:00+03:00""";"=""OA_YTM""";"=""AKSU RES""";"=""10928268862""";"=""2890""";"=""AKSU ÇAMLICA RES""";0,98;159,63;0;3,08;;;;;;;;
"=""API""";"=""WIND""";"=""2026-04-27T09:43:00+03:00""";"=""OA_YTM""";"=""AKSU RES""";"=""10928268862""";"=""2890""";"=""AKSU ÇAMLICA RES""";0,98;159,07;0;3,08;;;;;;;;
"=""API""";"=""WIND""";"=""2026-04-27T09:44:00+03:00""";"=""OA_YTM""";"=""AKSU RES""";"=""10928268862""";"=""2890""";"=""AKSU ÇAMLICA RES""";0,98;159,48;0;3,08;;;;;;;;
"=""API""";"=""WIND""";"=""2026-04-27T09:45:00+03:00""";"=""OA_YTM""";"=""AKSU RES""";"=""10928268862""";"=""2890""";"=""AKSU ÇAMLICA RES""";0,98;159,37;0;3,08;;;;;;;;
"=""API""";"=""WIND""";"=""2026-04-27T09:46:00+03:00""";"=""OA_YTM""";"=""AKSU RES""";"=""10928268862""";"=""2890""";"=""AKSU ÇAMLICA RES""";0,98;159,38;0;3,12;;;;;;;;
"=""API""";"=""WIND""";"=""2026-04-27T09:47:00+03:00""";"=""OA_YTM""";"=""AKSU RES""";"=""10928268862""";"=""2890""";"=""AKSU ÇAMLICA RES""";0,98;159,38;0;3,12;;;;;;;;
"=""API""";"=""WIND""";"=""2026-04-27T09:48:00+03:00""";"=""OA_YTM""";"=""AKSU RES""";"=""10928268862""";"=""2890""";"=""AKSU ÇAMLICA RES""";0,98;159,17;0;3;;;;;;;;
"=""API""";"=""WIND""";"=""2026-04-27T09:49:00+03:00""";"=""OA_YTM""";"=""AKSU RES""";"=""10928268862""";"=""2890""";"=""AKSU ÇAMLICA RES""";0,98;159,07;0;3;;;;;;;;
"=""API""";"=""WIND""";"=""2026-04-27T09:50:00+03:00""";"=""OA_YTM""";"=""AKSU RES""";"=""10928268862""";"=""2890""";"=""AKSU ÇAMLICA RES""";0,98;158,96;0;3,08;;;;;;;;
"=""API""";"=""WIND""";"=""2026-04-27T09:51:00+03:00""";"=""OA_YTM""";"=""AKSU RES""";"=""10928268862""";"=""2890""";"=""AKSU ÇAMLICA RES""";0,98;158,66;0;3,14;;;;;;;;
"=""API""";"=""WIND""";"=""2026-04-27T09:52:00+03:00""";"=""OA_YTM""";"=""AKSU RES""";"=""10928268862""";"=""2890""";"=""AKSU ÇAMLICA RES""";0,98;159,63;0;3,14;;;;;;;;
"=""API""";"=""WIND""";"=""2026-04-27T09:53:00+03:00""";"=""OA_YTM""";"=""AKSU RES""";"=""10928268862""";"=""2890""";"=""AKSU ÇAMLICA RES""";0,98;159,27;0;3,14;;;;;;;;
"=""API""";"=""WIND""";"=""2026-04-27T09:54:00+03:00""";"=""OA_YTM""";"=""AKSU RES""";"=""10928268862""";"=""2890""";"=""AKSU ÇAMLICA RES""";0,98;159,17;0;3,11;;;;;;;;
"=""API""";"=""WIND""";"=""2026-04-27T09:55:00+03:00""";"=""OA_YTM""";"=""AKSU RES""";"=""10928268862""";"=""2890""";"=""AKSU ÇAMLICA RES""";0,98;159,22;0;3,07;;;;;;;;
"=""API""";"=""WIND""";"=""2026-04-27T09:56:00+03:00""";"=""OA_YTM""";"=""AKSU RES""";"=""10928268862""";"=""2890""";"=""AKSU ÇAMLICA RES""";0,98;160,04;0;3,07;;;;;;;;
"=""API""";"=""WIND""";"=""2026-04-27T09:57:00+03:00""";"=""OA_YTM""";"=""AKSU RES""";"=""10928268862""";"=""2890""";"=""AKSU ÇAMLICA RES""";0,98;159,53;0;3,11;;;;;;;;
"=""API""";"=""WIND""";"=""2026-04-27T09:58:00+03:00""";"=""OA_YTM""";"=""AKSU RES""";"=""10928268862""";"=""2890""";"=""AKSU ÇAMLICA RES""";0,98;159,53;0;3,11;;;;;;;;
"=""API""";"=""WIND""";"=""2026-04-27T09:59:00+03:00""";"=""OA_YTM""";"=""AKSU RES""";"=""10928268862""";"=""2890""";"=""AKSU ÇAMLICA RES""";0,98;158,6;0;3,11;;;;;;;;
"=""API""";"=""WIND""";"=""2026-04-27T10:00:00+03:00""";"=""OA_YTM""";"=""AKSU RES""";"=""10928268862""";"=""2890""";"=""AKSU ÇAMLICA RES""";0,98;160,14;0;3,11;;;;;;;;
"=""API""";"=""WIND""";"=""2026-04-27T10:01:00+03:00""";"=""OA_YTM""";"=""AKSU RES""";"=""10928268862""";"=""2890""";"=""AKSU ÇAMLICA RES""";0,98;159,84;0;3,11;;;;;;;;
"=""API""";"=""WIND""";"=""2026-04-27T10:02:00+03:00""";"=""OA_YTM""";"=""AKSU RES""";"=""10928268862""";"=""2890""";"=""AKSU ÇAMLICA RES""";0,98;158,81;0;3,1;;;;;;;;
"=""API""";"=""WIND""";"=""2026-04-27T10:03:00+03:00""";"=""OA_YTM""";"=""AKSU RES""";"=""10928268862""";"=""2890""";"=""AKSU ÇAMLICA RES""";0,98;158,5;0;3,12;;;;;;;;
"=""API""";"=""WIND""";"=""2026-04-27T10:04:00+03:00""";"=""OA_YTM""";"=""AKSU RES""";"=""10928268862""";"=""2890""";"=""AKSU ÇAMLICA RES""";0,98;158,96;0;3,12;;;;;;;;
"=""API""";"=""WIND""";"=""2026-04-27T10:05:00+03:00""";"=""OA_YTM""";"=""AKSU RES""";"=""10928268862""";"=""2890""";"=""AKSU ÇAMLICA RES""";0,98;158,55;0;2,97;;;;;;;;
"=""API""";"=""WIND""";"=""2026-04-27T10:06:00+03:00""";"=""OA_YTM""";"=""AKSU RES""";"=""10928268862""";"=""2890""";"=""AKSU ÇAMLICA RES""";0,98;158,14;0;3,07;;;;;;;;
"=""API""";"=""WIND""";"=""2026-04-27T10:07:00+03:00""";"=""OA_YTM""";"=""AKSU RES""";"=""10928268862""";"=""2890""";"=""AKSU ÇAMLICA RES""";0,98;159,94;0;3,03;;;;;;;;
"=""API""";"=""WIND""";"=""2026-04-27T10:08:00+03:00""";"=""OA_YTM""";"=""AKSU RES""";"=""10928268862""";"=""2890""";"=""AKSU ÇAMLICA RES""";0,98;158,45;0;3,01;;;;;;;;
"=""API""";"=""WIND""";"=""2026-04-27T10:09:00+03:00""";"=""OA_YTM""";"=""AKSU RES""";"=""10928268862""";"=""2890""";"=""AKSU ÇAMLICA RES""";0,98;159,53;0;3,12;;;;;;;;
"=""API""";"=""WIND""";"=""2026-04-27T10:10:00+03:00""";"=""OA_YTM""";"=""AKSU RES""";"=""10928268862""";"=""2890""";"=""AKSU ÇAMLICA RES""";0,98;159,63;0;3,07;;;;;;;;
"=""API""";"=""WIND""";"=""2026-04-27T10:11:00+03:00""";"=""OA_YTM""";"=""AKSU RES""";"=""10928268862""";"=""2890""";"=""AKSU ÇAMLICA RES""";0,98;159,32;0;3,04;;;;;;;;
"=""API""";"=""WIND""";"=""2026-04-27T10:12:00+03:00""";"=""OA_YTM""";"=""AKSU RES""";"=""10928268862""";"=""2890""";"=""AKSU ÇAMLICA RES""";0,98;159,22;0;3,09;;;;;;;;
"=""API""";"=""WIND""";"=""2026-04-27T10:13:00+03:00""";"=""OA_YTM""";"=""AKSU RES""";"=""10928268862""";"=""2890""";"=""AKSU ÇAMLICA RES""";0,98;159,48;0;3,09;;;;;;;;
"=""API""";"=""WIND""";"=""2026-04-27T10:14:00+03:00""";"=""OA_YTM""";"=""AKSU RES""";"=""10928268862""";"=""2890""";"=""AKSU ÇAMLICA RES""";0,98;159,48;0;3,05;;;;;;;;
"=""API""";"=""WIND""";"=""2026-04-27T10:15:00+03:00""";"=""OA_YTM""";"=""AKSU RES""";"=""10928268862""";"=""2890""";"=""AKSU ÇAMLICA RES""";0,98;159,17;0;3,02;;;;;;;;
"=""API""";"=""WIND""";"=""2026-04-27T10:16:00+03:00""";"=""OA_YTM""";"=""AKSU RES""";"=""10928268862""";"=""2890""";"=""AKSU ÇAMLICA RES""";0,98;159,48;0;3,02;;;;;;;;
"=""API""";"=""WIND""";"=""2026-04-27T10:17:00+03:00""";"=""OA_YTM""";"=""AKSU RES""";"=""10928268862""";"=""2890""";"=""AKSU ÇAMLICA RES""";0,98;159,17;0;3,02;;;;;;;;
"=""API""";"=""WIND""";"=""2026-04-27T10:18:00+03:00""";"=""OA_YTM""";"=""AKSU RES""";"=""10928268862""";"=""2890""";"=""AKSU ÇAMLICA RES""";0,98;159,37;0;3,02;;;;;;;;
"=""API""";"=""WIND""";"=""2026-04-27T10:19:00+03:00""";"=""OA_YTM""";"=""AKSU RES""";"=""10928268862""";"=""2890""";"=""AKSU ÇAMLICA RES""";0,98;159,48;0;3,02;;;;;;;;
"=""API""";"=""WIND""";"=""2026-04-27T10:20:00+03:00""";"=""OA_YTM""";"=""AKSU RES""";"=""10928268862""";"=""2890""";"=""AKSU ÇAMLICA RES""";0,98;159,17;0;3,02;;;;;;;;
"=""API""";"=""WIND""";"=""2026-04-27T10:21:00+03:00""";"=""OA_YTM""";"=""AKSU RES""";"=""10928268862""";"=""2890""";"=""AKSU ÇAMLICA RES""";0,98;159,27;0;3;;;;;;;;
"=""API""";"=""WIND""";"=""2026-04-27T10:22:00+03:00""";"=""OA_YTM""";"=""AKSU RES""";"=""10928268862""";"=""2890""";"=""AKSU ÇAMLICA RES""";0,98;159,48;0;3;;;;;;;;
"=""API""";"=""WIND""";"=""2026-04-27T10:23:00+03:00""";"=""OA_YTM""";"=""AKSU RES""";"=""10928268862""";"=""2890""";"=""AKSU ÇAMLICA RES""";0,98;159,48;0;3,01;;;;;;;;
"=""API""";"=""WIND""";"=""2026-04-27T10:24:00+03:00""";"=""OA_YTM""";"=""AKSU RES""";"=""10928268862""";"=""2890""";"=""AKSU ÇAMLICA RES""";0,98;159,48;0;3,01;;;;;;;;
"=""API""";"=""WIND""";"=""2026-04-27T10:25:00+03:00""";"=""OA_YTM""";"=""AKSU RES""";"=""10928268862""";"=""2890""";"=""AKSU ÇAMLICA RES""";0,98;159,48;0;3,06;;;;;;;;
"=""API""";"=""WIND""";"=""2026-04-27T10:26:00+03:00""";"=""OA_YTM""";"=""AKSU RES""";"=""10928268862""";"=""2890""";"=""AKSU ÇAMLICA RES""";0,98;159,48;0;3,06;;;;;;;;
"=""API""";"=""WIND""";"=""2026-04-27T10:27:00+03:00""";"=""OA_YTM""";"=""AKSU RES""";"=""10928268862""";"=""2890""";"=""AKSU ÇAMLICA RES""";0,98;159,48;0;3,06;;;;;;;;
"=""API""";"=""WIND""";"=""2026-04-27T10:28:00+03:00""";"=""OA_YTM""";"=""AKSU RES""";"=""10928268862""";"=""2890""";"=""AKSU ÇAMLICA RES""";0,98;159,58;0;3,06;;;;;;;;
"=""API""";"=""WIND""";"=""2026-04-27T10:29:00+03:00""";"=""OA_YTM""";"=""AKSU RES""";"=""10928268862""";"=""2890""";"=""AKSU ÇAMLICA RES""";0,98;159,53;0;3,01;;;;;;;;
"=""API""";"=""WIND""";"=""2026-04-27T10:30:00+03:00""";"=""OA_YTM""";"=""AKSU RES""";"=""10928268862""";"=""2890""";"=""AKSU ÇAMLICA RES""";0,98;158,81;0;3,01;;;;;;;;
"=""API""";"=""WIND""";"=""2026-04-27T10:31:00+03:00""";"=""OA_YTM""";"=""AKSU RES""";"=""10928268862""";"=""2890""";"=""AKSU ÇAMLICA RES""";0,98;159,12;0;3,01;;;;;;;;
"=""API""";"=""WIND""";"=""2026-04-27T10:32:00+03:00""";"=""OA_YTM""";"=""AKSU RES""";"=""10928268862""";"=""2890""";"=""AKSU ÇAMLICA RES""";0,98;159,12;0;3,05;;;;;;;;
"=""API""";"=""WIND""";"=""2026-04-27T10:33:00+03:00""";"=""OA_YTM""";"=""AKSU RES""";"=""10928268862""";"=""2890""";"=""AKSU ÇAMLICA RES""";0,98;159,12;0;3,05;;;;;;;;
"=""API""";"=""WIND""";"=""2026-04-27T10:34:00+03:00""";"=""OA_YTM""";"=""AKSU RES""";"=""10928268862""";"=""2890""";"=""AKSU ÇAMLICA RES""";0,98;159,43;0;2,99;;;;;;;;
"=""API""";"=""WIND""";"=""2026-04-27T10:35:00+03:00""";"=""OA_YTM""";"=""AKSU RES""";"=""10928268862""";"=""2890""";"=""AKSU ÇAMLICA RES""";0,98;159,32;0;2,97;;;;;;;;
"=""API""";"=""WIND""";"=""2026-04-27T10:36:00+03:00""";"=""OA_YTM""";"=""AKSU RES""";"=""10928268862""";"=""2890""";"=""AKSU ÇAMLICA RES""";0,98;159,07;0;3,02;;;;;;;;
"=""API""";"=""WIND""";"=""2026-04-27T10:37:00+03:00""";"=""OA_YTM""";"=""AKSU RES""";"=""10928268862""";"=""2890""";"=""AKSU ÇAMLICA RES""";0,98;159,27;0;3,06;;;;;;;;
"=""API""";"=""WIND""";"=""2026-04-27T10:38:00+03:00""";"=""OA_YTM""";"=""AKSU RES""";"=""10928268862""";"=""2890""";"=""AKSU ÇAMLICA RES""";0,98;159,17;0;3,06;;;;;;;;
"=""API""";"=""WIND""";"=""2026-04-27T10:39:00+03:00""";"=""OA_YTM""";"=""AKSU RES""";"=""10928268862""";"=""2890""";"=""AKSU ÇAMLICA RES""";0,98;159,07;0;3,09;;;;;;;;
"=""API""";"=""WIND""";"=""2026-04-27T10:40:00+03:00""";"=""OA_YTM""";"=""AKSU RES""";"=""10928268862""";"=""2890""";"=""AKSU ÇAMLICA RES""";0,98;159,07;0;3,04;;;;;;;;
"=""API""";"=""WIND""";"=""2026-04-27T10:41:00+03:00""";"=""OA_YTM""";"=""AKSU RES""";"=""10928268862""";"=""2890""";"=""AKSU ÇAMLICA RES""";0,98;158,81;0;3,1;;;;;;;;
"=""API""";"=""WIND""";"=""2026-04-27T10:42:00+03:00""";"=""OA_YTM""";"=""AKSU RES""";"=""10928268862""";"=""2890""";"=""AKSU ÇAMLICA RES""";0,98;158,81;0;3,1;;;;;;;;
"=""API""";"=""WIND""";"=""2026-04-27T10:43:00+03:00""";"=""OA_YTM""";"=""AKSU RES""";"=""10928268862""";"=""2890""";"=""AKSU ÇAMLICA RES""";0,98;159,02;0;3,1;;;;;;;;
"=""API""";"=""WIND""";"=""2026-04-27T10:44:00+03:00""";"=""OA_YTM""";"=""AKSU RES""";"=""10928268862""";"=""2890""";"=""AKSU ÇAMLICA RES""";0,98;159,12;0;3,1;;;;;;;;
"=""API""";"=""WIND""";"=""2026-04-27T10:45:00+03:00""";"=""OA_YTM""";"=""AKSU RES""";"=""10928268862""";"=""2890""";"=""AKSU ÇAMLICA RES""";0,98;158,81;0;3,1;;;;;;;;
"=""API""";"=""WIND""";"=""2026-04-27T10:46:00+03:00""";"=""OA_YTM""";"=""AKSU RES""";"=""10928268862""";"=""2890""";"=""AKSU ÇAMLICA RES""";0,98;158,91;0;3,05;;;;;;;;
"=""API""";"=""WIND""";"=""2026-04-27T10:47:00+03:00""";"=""OA_YTM""";"=""AKSU RES""";"=""10928268862""";"=""2890""";"=""AKSU ÇAMLICA RES""";0,98;159,27;0;3,05;;;;;;;;
"=""API""";"=""WIND""";"=""2026-04-27T10:48:00+03:00""";"=""OA_YTM""";"=""AKSU RES""";"=""10928268862""";"=""2890""";"=""AKSU ÇAMLICA RES""";0,98;159,27;0;3,07;;;;;;;;
"=""API""";"=""WIND""";"=""2026-04-27T10:49:00+03:00""";"=""OA_YTM""";"=""AKSU RES""";"=""10928268862""";"=""2890""";"=""AKSU ÇAMLICA RES""";0,98;158,86;0;3,07;;;;;;;;
"=""API""";"=""WIND""";"=""2026-04-27T10:50:00+03:00""";"=""OA_YTM""";"=""AKSU RES""";"=""10928268862""";"=""2890""";"=""AKSU ÇAMLICA RES""";0,98;158,81;0;3,04;;;;;;;;
"=""API""";"=""WIND""";"=""2026-04-27T10:51:00+03:00""";"=""OA_YTM""";"=""AKSU RES""";"=""10928268862""";"=""2890""";"=""AKSU ÇAMLICA RES""";0,98;158,91;0;3,08;;;;;;;;
"=""API""";"=""WIND""";"=""2026-04-27T10:52:00+03:00""";"=""OA_YTM""";"=""AKSU RES""";"=""10928268862""";"=""2890""";"=""AKSU ÇAMLICA RES""";0,98;158,81;0;3,08;;;;;;;;
"=""API""";"=""WIND""";"=""2026-04-27T10:53:00+03:00""";"=""OA_YTM""";"=""AKSU RES""";"=""10928268862""";"=""2890""";"=""AKSU ÇAMLICA RES""";0,98;159,12;0;3,05;;;;;;;;
"=""API""";"=""WIND""";"=""2026-04-27T10:54:00+03:00""";"=""OA_YTM""";"=""AKSU RES""";"=""10928268862""";"=""2890""";"=""AKSU ÇAMLICA RES""";0,98;159,12;0;3,11;;;;;;;;
"=""API""";"=""WIND""";"=""2026-04-27T10:55:00+03:00""";"=""OA_YTM""";"=""AKSU RES""";"=""10928268862""";"=""2890""";"=""AKSU ÇAMLICA RES""";0,98;159,02;0;3,11;;;;;;;;
"=""API""";"=""WIND""";"=""2026-04-27T10:56:00+03:00""";"=""OA_YTM""";"=""AKSU RES""";"=""10928268862""";"=""2890""";"=""AKSU ÇAMLICA RES""";0,98;159,43;0;3,11;;;;;;;;
"=""API""";"=""WIND""";"=""2026-04-27T10:57:00+03:00""";"=""OA_YTM""";"=""AKSU RES""";"=""10928268862""";"=""2890""";"=""AKSU ÇAMLICA RES""";0,98;159,22;0;3,11;;;;;;;;
"=""API""";"=""WIND""";"=""2026-04-27T10:58:00+03:00""";"=""OA_YTM""";"=""AKSU RES""";"=""10928268862""";"=""2890""";"=""AKSU ÇAMLICA RES""";0,98;159,22;0;3,06;;;;;;;;
"=""API""";"=""WIND""";"=""2026-04-27T10:59:00+03:00""";"=""OA_YTM""";"=""AKSU RES""";"=""10928268862""";"=""2890""";"=""AKSU ÇAMLICA RES""";0,98;159,22;0;3,13;;;;;;;;
"=""API""";"=""WIND""";"=""2026-04-27T11:00:00+03:00""";"=""OA_YTM""";"=""AKSU RES""";"=""10928268862""";"=""2890""";"=""AKSU ÇAMLICA RES""";0,98;159,22;0;3,13;;;;;;;;
"=""API""";"=""WIND""";"=""2026-04-27T11:01:00+03:00""";"=""OA_YTM""";"=""AKSU RES""";"=""10928268862""";"=""2890""";"=""AKSU ÇAMLICA RES""";0,98;159,07;0;3,07;;;;;;;;
"=""API""";"=""WIND""";"=""2026-04-27T11:02:00+03:00""";"=""OA_YTM""";"=""AKSU RES""";"=""10928268862""";"=""2890""";"=""AKSU ÇAMLICA RES""";0,98;158,86;0;3,07;;;;;;;;
"=""API""";"=""WIND""";"=""2026-04-27T11:03:00+03:00""";"=""OA_YTM""";"=""AKSU RES""";"=""10928268862""";"=""2890""";"=""AKSU ÇAMLICA RES""";0,98;158,09;0;3,13;;;;;;;;
"=""API""";"=""WIND""";"=""2026-04-27T11:04:00+03:00""";"=""OA_YTM""";"=""AKSU RES""";"=""10928268862""";"=""2890""";"=""AKSU ÇAMLICA RES""";0,98;158,09;0;3,09;;;;;;;;
"=""API""";"=""WIND""";"=""2026-04-27T11:05:00+03:00""";"=""OA_YTM""";"=""AKSU RES""";"=""10928268862""";"=""2890""";"=""AKSU ÇAMLICA RES""";0,98;158,3;0;3,06;;;;;;;;
"=""API""";"=""WIND""";"=""2026-04-27T11:06:00+03:00""";"=""OA_YTM""";"=""AKSU RES""";"=""10928268862""";"=""2890""";"=""AKSU ÇAMLICA RES""";0,98;158,4;0;3,06;;;;;;;;
"=""API""";"=""WIND""";"=""2026-04-27T11:07:00+03:00""";"=""OA_YTM""";"=""AKSU RES""";"=""10928268862""";"=""2890""";"=""AKSU ÇAMLICA RES""";0,98;158,5;0;3,09;;;;;;;;
"=""API""";"=""WIND""";"=""2026-04-27T11:08:00+03:00""";"=""OA_YTM""";"=""AKSU RES""";"=""10928268862""";"=""2890""";"=""AKSU ÇAMLICA RES""";0,98;158,4;0;3,09;;;;;;;;
"=""API""";"=""WIND""";"=""2026-04-27T11:09:00+03:00""";"=""OA_YTM""";"=""AKSU RES""";"=""10928268862""";"=""2890""";"=""AKSU ÇAMLICA RES""";0,98;158,71;0;3,09;;;;;;;;
"=""API""";"=""WIND""";"=""2026-04-27T11:10:00+03:00""";"=""OA_YTM""";"=""AKSU RES""";"=""10928268862""";"=""2890""";"=""AKSU ÇAMLICA RES""";0,98;158,81;0;3,12;;;;;;;;
"=""API""";"=""WIND""";"=""2026-04-27T11:11:00+03:00""";"=""OA_YTM""";"=""AKSU RES""";"=""10928268862""";"=""2890""";"=""AKSU ÇAMLICA RES""";0,98;159,01;0;3,12;;;;;;;;
"=""API""";"=""WIND""";"=""2026-04-27T11:12:00+03:00""";"=""OA_YTM""";"=""AKSU RES""";"=""10928268862""";"=""2890""";"=""AKSU ÇAMLICA RES""";0,98;159,22;0;3,07;;;;;;;;
"=""API""";"=""WIND""";"=""2026-04-27T11:13:00+03:00""";"=""OA_YTM""";"=""AKSU RES""";"=""10928268862""";"=""2890""";"=""AKSU ÇAMLICA RES""";0,98;159,01;0;3,07;;;;;;;;
"=""API""";"=""WIND""";"=""2026-04-27T11:14:00+03:00""";"=""OA_YTM""";"=""AKSU RES""";"=""10928268862""";"=""2890""";"=""AKSU ÇAMLICA RES""";0,98;158,96;0;3,12;;;;;;;;
"=""API""";"=""WIND""";"=""2026-04-27T11:15:00+03:00""";"=""OA_YTM""";"=""AKSU RES""";"=""10928268862""";"=""2890""";"=""AKSU ÇAMLICA RES""";0,98;159,01;0;3,12;;;;;;;;
"=""API""";"=""WIND""";"=""2026-04-27T11:16:00+03:00""";"=""OA_YTM""";"=""AKSU RES""";"=""10928268862""";"=""2890""";"=""AKSU ÇAMLICA RES""";0,98;158,91;0;3,07;;;;;;;;
"=""API""";"=""WIND""";"=""2026-04-27T11:17:00+03:00""";"=""OA_YTM""";"=""AKSU RES""";"=""10928268862""";"=""2890""";"=""AKSU ÇAMLICA RES""";0,98;158,65;0;3,07;;;;;;;;
"=""API""";"=""WIND""";"=""2026-04-27T11:18:00+03:00""";"=""OA_YTM""";"=""AKSU RES""";"=""10928268862""";"=""2890""";"=""AKSU ÇAMLICA RES""";0,98;158,81;0;3,12;;;;;;;;
"=""API""";"=""WIND""";"=""2026-04-27T11:19:00+03:00""";"=""OA_YTM""";"=""AKSU RES""";"=""10928268862""";"=""2890""";"=""AKSU ÇAMLICA RES""";0,98;158,6;0;3,12;;;;;;;;
"=""API""";"=""WIND""";"=""2026-04-27T11:20:00+03:00""";"=""OA_YTM""";"=""AKSU RES""";"=""10928268862""";"=""2890""";"=""AKSU ÇAMLICA RES""";0,98;158,55;0;3,12;;;;;;;;
"=""API""";"=""WIND""";"=""2026-04-27T11:21:00+03:00""";"=""OA_YTM""";"=""AKSU RES""";"=""10928268862""";"=""2890""";"=""AKSU ÇAMLICA RES""";0,98;158,91;0;3,09;;;;;;;;
"=""API""";"=""WIND""";"=""2026-04-27T11:22:00+03:00""";"=""OA_YTM""";"=""AKSU RES""";"=""10928268862""";"=""2890""";"=""AKSU ÇAMLICA RES""";0,98;158,91;0;3,09;;;;;;;;
"=""API""";"=""WIND""";"=""2026-04-27T11:23:00+03:00""";"=""OA_YTM""";"=""AKSU RES""";"=""10928268862""";"=""2890""";"=""AKSU ÇAMLICA RES""";0,98;158,91;0;3,13;;;;;;;;
"=""API""";"=""WIND""";"=""2026-04-27T11:24:00+03:00""";"=""OA_YTM""";"=""AKSU RES""";"=""10928268862""";"=""2890""";"=""AKSU ÇAMLICA RES""";0,98;159,01;0;3,13;;;;;;;;
"=""API""";"=""WIND""";"=""2026-04-27T11:25:00+03:00""";"=""OA_YTM""";"=""AKSU RES""";"=""10928268862""";"=""2890""";"=""AKSU ÇAMLICA RES""";0,98;158,3;0;3,13;;;;;;;;
"=""API""";"=""WIND""";"=""2026-04-27T11:26:00+03:00""";"=""OA_YTM""";"=""AKSU RES""";"=""10928268862""";"=""2890""";"=""AKSU ÇAMLICA RES""";0,98;157,93;0;3,09;;;;;;;;
"=""API""";"=""WIND""";"=""2026-04-27T11:27:00+03:00""";"=""OA_YTM""";"=""AKSU RES""";"=""10928268862""";"=""2890""";"=""AKSU ÇAMLICA RES""";0,98;158,55;0;3,09;;;;;;;;
"=""API""";"=""WIND""";"=""2026-04-27T11:28:00+03:00""";"=""OA_YTM""";"=""AKSU RES""";"=""10928268862""";"=""2890""";"=""AKSU ÇAMLICA RES""";0,98;158,6;0;3,09;;;;;;;;
"=""API""";"=""WIND""";"=""2026-04-27T11:29:00+03:00""";"=""OA_YTM""";"=""AKSU RES""";"=""10928268862""";"=""2890""";"=""AKSU ÇAMLICA RES""";0,98;158,3;0;3,12;;;;;;;;
"=""API""";"=""WIND""";"=""2026-04-27T11:30:00+03:00""";"=""OA_YTM""";"=""AKSU RES""";"=""10928268862""";"=""2890""";"=""AKSU ÇAMLICA RES""";0,98;158,3;0;3,12;;;;;;;;
"=""API""";"=""WIND""";"=""2026-04-27T11:31:00+03:00""";"=""OA_YTM""";"=""AKSU RES""";"=""10928268862""";"=""2890""";"=""AKSU ÇAMLICA RES""";0,98;157,99;0;3,12;;;;;;;;
"=""API""";"=""WIND""";"=""2026-04-27T11:32:00+03:00""";"=""OA_YTM""";"=""AKSU RES""";"=""10928268862""";"=""2890""";"=""AKSU ÇAMLICA RES""";0,98;158,55;0;3,12;;;;;;;;
"=""API""";"=""WIND""";"=""2026-04-27T11:33:00+03:00""";"=""OA_YTM""";"=""AKSU RES""";"=""10928268862""";"=""2890""";"=""AKSU ÇAMLICA RES""";0,98;158,24;0;3;;;;;;;;
"=""API""";"=""WIND""";"=""2026-04-27T11:34:00+03:00""";"=""OA_YTM""";"=""AKSU RES""";"=""10928268862""";"=""2890""";"=""AKSU ÇAMLICA RES""";0,98;158,45;0;3,08;;;;;;;;
"=""API""";"=""WIND""";"=""2026-04-27T11:35:00+03:00""";"=""OA_YTM""";"=""AKSU RES""";"=""10928268862""";"=""2890""";"=""AKSU ÇAMLICA RES""";0,98;158,14;0;3,08;;;;;;;;
"=""API""";"=""WIND""";"=""2026-04-27T11:36:00+03:00""";"=""OA_YTM""";"=""AKSU RES""";"=""10928268862""";"=""2890""";"=""AKSU ÇAMLICA RES""";0,98;158,55;0;3,04;;;;;;;;
"=""API""";"=""WIND""";"=""2026-04-27T11:37:00+03:00""";"=""OA_YTM""";"=""AKSU RES""";"=""10928268862""";"=""2890""";"=""AKSU ÇAMLICA RES""";0,98;158,91;0;3,04;;;;;;;;
"=""API""";"=""WIND""";"=""2026-04-27T11:38:00+03:00""";"=""OA_YTM""";"=""AKSU RES""";"=""10928268862""";"=""2890""";"=""AKSU ÇAMLICA RES""";0,98;158,3;0;3,04;;;;;;;;
"=""API""";"=""WIND""";"=""2026-04-27T11:39:00+03:00""";"=""OA_YTM""";"=""AKSU RES""";"=""10928268862""";"=""2890""";"=""AKSU ÇAMLICA RES""";0,98;158,3;0;3,04;;;;;;;;
"=""API""";"=""WIND""";"=""2026-04-27T11:40:00+03:00""";"=""OA_YTM""";"=""AKSU RES""";"=""10928268862""";"=""2890""";"=""AKSU ÇAMLICA RES""";0,98;158,29;0;3,08;;;;;;;;
"=""API""";"=""WIND""";"=""2026-04-27T11:41:00+03:00""";"=""OA_YTM""";"=""AKSU RES""";"=""10928268862""";"=""2890""";"=""AKSU ÇAMLICA RES""";0,98;158,55;0;3,08;;;;;;;;
"=""API""";"=""WIND""";"=""2026-04-27T11:42:00+03:00""";"=""OA_YTM""";"=""AKSU RES""";"=""10928268862""";"=""2890""";"=""AKSU ÇAMLICA RES""";0,98;158,5;0;3,08;;;;;;;;
"=""API""";"=""WIND""";"=""2026-04-27T11:43:00+03:00""";"=""OA_YTM""";"=""AKSU RES""";"=""10928268862""";"=""2890""";"=""AKSU ÇAMLICA RES""";0,98;158,5;0;3,08;;;;;;;;
"=""API""";"=""WIND""";"=""2026-04-27T11:44:00+03:00""";"=""OA_YTM""";"=""AKSU RES""";"=""10928268862""";"=""2890""";"=""AKSU ÇAMLICA RES""";0,98;158,5;0;3,08;;;;;;;;
"=""API""";"=""WIND""";"=""2026-04-27T11:45:00+03:00""";"=""OA_YTM""";"=""AKSU RES""";"=""10928268862""";"=""2890""";"=""AKSU ÇAMLICA RES""";0,98;158,19;0;3,06;;;;;;;;
"=""API""";"=""WIND""";"=""2026-04-27T11:46:00+03:00""";"=""OA_YTM""";"=""AKSU RES""";"=""10928268862""";"=""2890""";"=""AKSU ÇAMLICA RES""";0,98;158,3;0;3,06;;;;;;;;
"=""API""";"=""WIND""";"=""2026-04-27T11:47:00+03:00""";"=""OA_YTM""";"=""AKSU RES""";"=""10928268862""";"=""2890""";"=""AKSU ÇAMLICA RES""";0,98;158,14;0;3,06;;;;;;;;
"=""API""";"=""WIND""";"=""2026-04-27T11:48:00+03:00""";"=""OA_YTM""";"=""AKSU RES""";"=""10928268862""";"=""2890""";"=""AKSU ÇAMLICA RES""";0,98;157,68;0;3,01;;;;;;;;
"=""API""";"=""WIND""";"=""2026-04-27T11:49:00+03:00""";"=""OA_YTM""";"=""AKSU RES""";"=""10928268862""";"=""2890""";"=""AKSU ÇAMLICA RES""";0,98;158,4;0;3,07;;;;;;;;
"=""API""";"=""WIND""";"=""2026-04-27T11:50:00+03:00""";"=""OA_YTM""";"=""AKSU RES""";"=""10928268862""";"=""2890""";"=""AKSU ÇAMLICA RES""";0,98;158,6;0;3,07;;;;;;;;
"=""API""";"=""WIND""";"=""2026-04-27T11:51:00+03:00""";"=""OA_YTM""";"=""AKSU RES""";"=""10928268862""";"=""2890""";"=""AKSU ÇAMLICA RES""";0,98;158,3;0;3,07;;;;;;;;
"=""API""";"=""WIND""";"=""2026-04-27T11:52:00+03:00""";"=""OA_YTM""";"=""AKSU RES""";"=""10928268862""";"=""2890""";"=""AKSU ÇAMLICA RES""";0,98;158,86;0;3,07;;;;;;;;
"=""API""";"=""WIND""";"=""2026-04-27T11:53:00+03:00""";"=""OA_YTM""";"=""AKSU RES""";"=""10928268862""";"=""2890""";"=""AKSU ÇAMLICA RES""";0,98;159,58;0;3,07;;;;;;;;
"=""API""";"=""WIND""";"=""2026-04-27T11:54:00+03:00""";"=""OA_YTM""";"=""AKSU RES""";"=""10928268862""";"=""2890""";"=""AKSU ÇAMLICA RES""";0,98;159,48;0;3,03;;;;;;;;
"=""API""";"=""WIND""";"=""2026-04-27T11:55:00+03:00""";"=""OA_YTM""";"=""AKSU RES""";"=""10928268862""";"=""2890""";"=""AKSU ÇAMLICA RES""";0,98;159,68;0;3,03;;;;;;;;
"=""API""";"=""WIND""";"=""2026-04-27T11:56:00+03:00""";"=""OA_YTM""";"=""AKSU RES""";"=""10928268862""";"=""2890""";"=""AKSU ÇAMLICA RES""";0,98;159,68;0;3,03;;;;;;;;
"=""API""";"=""WIND""";"=""2026-04-27T11:57:00+03:00""";"=""OA_YTM""";"=""AKSU RES""";"=""10928268862""";"=""2890""";"=""AKSU ÇAMLICA RES""";0,98;159,48;0;3,06;;;;;;;;
"=""API""";"=""WIND""";"=""2026-04-27T11:58:00+03:00""";"=""OA_YTM""";"=""AKSU RES""";"=""10928268862""";"=""2890""";"=""AKSU ÇAMLICA RES""";0,98;159,68;0;3,06;;;;;;;;
"=""API""";"=""WIND""";"=""2026-04-27T11:59:00+03:00""";"=""OA_YTM""";"=""AKSU RES""";"=""10928268862""";"=""2890""";"=""AKSU ÇAMLICA RES""";0,98;159,48;0;3,1;;;;;;;;
"=""API""";"=""WIND""";"=""2026-04-27T12:00:00+03:00""";"=""OA_YTM""";"=""AKSU RES""";"=""10928268862""";"=""2890""";"=""AKSU ÇAMLICA RES""";0,98;159,17;0;3,1;;;;;;;;
"=""API""";"=""WIND""";"=""2026-04-27T12:01:00+03:00""";"=""OA_YTM""";"=""AKSU RES""";"=""10928268862""";"=""2890""";"=""AKSU ÇAMLICA RES""";0,98;159,17;0;3,1;;;;;;;;
"=""API""";"=""WIND""";"=""2026-04-27T12:02:00+03:00""";"=""OA_YTM""";"=""AKSU RES""";"=""10928268862""";"=""2890""";"=""AKSU ÇAMLICA RES""";0,98;159,27;0;3,1;;;;;;;;
"=""API""";"=""WIND""";"=""2026-04-27T12:03:00+03:00""";"=""OA_YTM""";"=""AKSU RES""";"=""10928268862""";"=""2890""";"=""AKSU ÇAMLICA RES""";0,98;159,63;0;3,1;;;;;;;;
"=""API""";"=""WIND""";"=""2026-04-27T12:04:00+03:00""";"=""OA_YTM""";"=""AKSU RES""";"=""10928268862""";"=""2890""";"=""AKSU ÇAMLICA RES""";0,98;159,68;0;3,1;;;;;;;;
"=""API""";"=""WIND""";"=""2026-04-27T12:05:00+03:00""";"=""OA_YTM""";"=""AKSU RES""";"=""10928268862""";"=""2890""";"=""AKSU ÇAMLICA RES""";0,98;159,89;0;3,1;;;;;;;;
"=""API""";"=""WIND""";"=""2026-04-27T12:06:00+03:00""";"=""OA_YTM""";"=""AKSU RES""";"=""10928268862""";"=""2890""";"=""AKSU ÇAMLICA RES""";0,98;159,68;0;3,03;;;;;;;;
"=""API""";"=""WIND""";"=""2026-04-27T12:07:00+03:00""";"=""OA_YTM""";"=""AKSU RES""";"=""10928268862""";"=""2890""";"=""AKSU ÇAMLICA RES""";0,98;159,68;0;3,1;;;;;;;;
"=""API""";"=""WIND""";"=""2026-04-27T12:08:00+03:00""";"=""OA_YTM""";"=""AKSU RES""";"=""10928268862""";"=""2890""";"=""AKSU ÇAMLICA RES""";0,98;159,48;0;3,1;;;;;;;;
"=""API""";"=""WIND""";"=""2026-04-27T12:09:00+03:00""";"=""OA_YTM""";"=""AKSU RES""";"=""10928268862""";"=""2890""";"=""AKSU ÇAMLICA RES""";0,98;159,17;0;3,1;;;;;;;;
"=""API""";"=""WIND""";"=""2026-04-27T12:10:00+03:00""";"=""OA_YTM""";"=""AKSU RES""";"=""10928268862""";"=""2890""";"=""AKSU ÇAMLICA RES""";0,98;159,68;0;3,1;;;;;;;;
"=""API""";"=""WIND""";"=""2026-04-27T12:11:00+03:00""";"=""OA_YTM""";"=""AKSU RES""";"=""10928268862""";"=""2890""";"=""AKSU ÇAMLICA RES""";0,98;159,48;0;3,07;;;;;;;;
"=""API""";"=""WIND""";"=""2026-04-27T12:12:00+03:00""";"=""OA_YTM""";"=""AKSU RES""";"=""10928268862""";"=""2890""";"=""AKSU ÇAMLICA RES""";0,98;159,79;0;3,07;;;;;;;;
"=""API""";"=""WIND""";"=""2026-04-27T12:13:00+03:00""";"=""OA_YTM""";"=""AKSU RES""";"=""10928268862""";"=""2890""";"=""AKSU ÇAMLICA RES""";0,98;159,79;0;3,13;;;;;;;;
"=""API""";"=""WIND""";"=""2026-04-27T12:14:00+03:00""";"=""OA_YTM""";"=""AKSU RES""";"=""10928268862""";"=""2890""";"=""AKSU ÇAMLICA RES""";0,98;159,79;0;3,05;;;;;;;;
"=""API""";"=""WIND""";"=""2026-04-27T12:15:00+03:00""";"=""OA_YTM""";"=""AKSU RES""";"=""10928268862""";"=""2890""";"=""AKSU ÇAMLICA RES""";0,98;159,68;0;3,02;;;;;;;;
"=""API""";"=""WIND""";"=""2026-04-27T12:16:00+03:00""";"=""OA_YTM""";"=""AKSU RES""";"=""10928268862""";"=""2890""";"=""AKSU ÇAMLICA RES""";0,98;159,79;0;3,12;;;;;;;;
"=""API""";"=""WIND""";"=""2026-04-27T12:17:00+03:00""";"=""OA_YTM""";"=""AKSU RES""";"=""10928268862""";"=""2890""";"=""AKSU ÇAMLICA RES""";0,98;159,48;0;3,04;;;;;;;;
"=""API""";"=""WIND""";"=""2026-04-27T12:18:00+03:00""";"=""OA_YTM""";"=""AKSU RES""";"=""10928268862""";"=""2890""";"=""AKSU ÇAMLICA RES""";0,98;159,89;0;3,04;;;;;;;;
"=""API""";"=""WIND""";"=""2026-04-27T12:19:00+03:00""";"=""OA_YTM""";"=""AKSU RES""";"=""10928268862""";"=""2890""";"=""AKSU ÇAMLICA RES""";0,98;159,68;0;3,1;;;;;;;;
"=""API""";"=""WIND""";"=""2026-04-27T12:20:00+03:00""";"=""OA_YTM""";"=""AKSU RES""";"=""10928268862""";"=""2890""";"=""AKSU ÇAMLICA RES""";0,98;159,79;0;3,1;;;;;;;;
"=""API""";"=""WIND""";"=""2026-04-27T12:21:00+03:00""";"=""OA_YTM""";"=""AKSU RES""";"=""10928268862""";"=""2890""";"=""AKSU ÇAMLICA RES""";0,98;160,14;0;3,1;;;;;;;;
"=""API""";"=""WIND""";"=""2026-04-27T12:22:00+03:00""";"=""OA_YTM""";"=""AKSU RES""";"=""10928268862""";"=""2890""";"=""AKSU ÇAMLICA RES""";0,98;159,94;0;3,1;;;;;;;;
"=""API""";"=""WIND""";"=""2026-04-27T12:23:00+03:00""";"=""OA_YTM""";"=""AKSU RES""";"=""10928268862""";"=""2890""";"=""AKSU ÇAMLICA RES""";0,98;159,89;0;3,13;;;;;;;;
"=""API""";"=""WIND""";"=""2026-04-27T12:24:00+03:00""";"=""OA_YTM""";"=""AKSU RES""";"=""10928268862""";"=""2890""";"=""AKSU ÇAMLICA RES""";0,98;159,73;0;3,07;;;;;;;;
"=""API""";"=""WIND""";"=""2026-04-27T12:25:00+03:00""";"=""OA_YTM""";"=""AKSU RES""";"=""10928268862""";"=""2890""";"=""AKSU ÇAMLICA RES""";0,98;159,43;0;3,07;;;;;;;;
"=""API""";"=""WIND""";"=""2026-04-27T12:26:00+03:00""";"=""OA_YTM""";"=""AKSU RES""";"=""10928268862""";"=""2890""";"=""AKSU ÇAMLICA RES""";0,98;159,84;0;3,07;;;;;;;;
"=""API""";"=""WIND""";"=""2026-04-27T12:27:00+03:00""";"=""OA_YTM""";"=""AKSU RES""";"=""10928268862""";"=""2890""";"=""AKSU ÇAMLICA RES""";0,98;160,04;0;3,07;;;;;;;;
"=""API""";"=""WIND""";"=""2026-04-27T12:28:00+03:00""";"=""OA_YTM""";"=""AKSU RES""";"=""10928268862""";"=""2890""";"=""AKSU ÇAMLICA RES""";0,98;159,94;0;3,13;;;;;;;;
"=""API""";"=""WIND""";"=""2026-04-27T12:29:00+03:00""";"=""OA_YTM""";"=""AKSU RES""";"=""10928268862""";"=""2890""";"=""AKSU ÇAMLICA RES""";0,98;160,04;0;3,13;;;;;;;;
"=""API""";"=""WIND""";"=""2026-04-27T12:30:00+03:00""";"=""OA_YTM""";"=""AKSU RES""";"=""10928268862""";"=""2890""";"=""AKSU ÇAMLICA RES""";0,98;160,04;0;3,08;;;;;;;;
"=""API""";"=""WIND""";"=""2026-04-27T12:31:00+03:00""";"=""OA_YTM""";"=""AKSU RES""";"=""10928268862""";"=""2890""";"=""AKSU ÇAMLICA RES""";0,98;159,73;0;3,08;;;;;;;;
"=""API""";"=""WIND""";"=""2026-04-27T12:32:00+03:00""";"=""OA_YTM""";"=""AKSU RES""";"=""10928268862""";"=""2890""";"=""AKSU ÇAMLICA RES""";0,98;159,53;0;3,08;;;;;;;;
"=""API""";"=""WIND""";"=""2026-04-27T12:33:00+03:00""";"=""OA_YTM""";"=""AKSU RES""";"=""10928268862""";"=""2890""";"=""AKSU ÇAMLICA RES""";0,98;159,53;0;3,08;;;;;;;;
"=""API""";"=""WIND""";"=""2026-04-27T12:34:00+03:00""";"=""OA_YTM""";"=""AKSU RES""";"=""10928268862""";"=""2890""";"=""AKSU ÇAMLICA RES""";0,98;159,27;0;3,08;;;;;;;;
"=""API""";"=""WIND""";"=""2026-04-27T12:35:00+03:00""";"=""OA_YTM""";"=""AKSU RES""";"=""10928268862""";"=""2890""";"=""AKSU ÇAMLICA RES""";0,98;159,37;0;3,08;;;;;;;;
"=""API""";"=""WIND""";"=""2026-04-27T12:36:00+03:00""";"=""OA_YTM""";"=""AKSU RES""";"=""10928268862""";"=""2890""";"=""AKSU ÇAMLICA RES""";0,98;159,68;0;3,06;;;;;;;;
"=""API""";"=""WIND""";"=""2026-04-27T12:37:00+03:00""";"=""OA_YTM""";"=""AKSU RES""";"=""10928268862""";"=""2890""";"=""AKSU ÇAMLICA RES""";0,98;159,37;0;3,06;;;;;;;;
"=""API""";"=""WIND""";"=""2026-04-27T12:38:00+03:00""";"=""OA_YTM""";"=""AKSU RES""";"=""10928268862""";"=""2890""";"=""AKSU ÇAMLICA RES""";0,98;159,68;0;2,97;;;;;;;;
"=""API""";"=""WIND""";"=""2026-04-27T12:39:00+03:00""";"=""OA_YTM""";"=""AKSU RES""";"=""10928268862""";"=""2890""";"=""AKSU ÇAMLICA RES""";0,98;159,37;0;2,97;;;;;;;;
"=""API""";"=""WIND""";"=""2026-04-27T12:40:00+03:00""";"=""OA_YTM""";"=""AKSU RES""";"=""10928268862""";"=""2890""";"=""AKSU ÇAMLICA RES""";0,98;159,73;0;3,08;;;;;;;;
"=""API""";"=""WIND""";"=""2026-04-27T12:41:00+03:00""";"=""OA_YTM""";"=""AKSU RES""";"=""10928268862""";"=""2890""";"=""AKSU ÇAMLICA RES""";0,98;159,73;0;3,11;;;;;;;;
"=""API""";"=""WIND""";"=""2026-04-27T12:42:00+03:00""";"=""OA_YTM""";"=""AKSU RES""";"=""10928268862""";"=""2890""";"=""AKSU ÇAMLICA RES""";0,98;160,04;0;3,11;;;;;;;;
"=""API""";"=""WIND""";"=""2026-04-27T12:43:00+03:00""";"=""OA_YTM""";"=""AKSU RES""";"=""10928268862""";"=""2890""";"=""AKSU ÇAMLICA RES""";0,98;159,84;0;3,07;;;;;;;;
"=""API""";"=""WIND""";"=""2026-04-27T12:44:00+03:00""";"=""OA_YTM""";"=""AKSU RES""";"=""10928268862""";"=""2890""";"=""AKSU ÇAMLICA RES""";0,98;159,43;0;3,07;;;;;;;;
"=""API""";"=""WIND""";"=""2026-04-27T12:45:00+03:00""";"=""OA_YTM""";"=""AKSU RES""";"=""10928268862""";"=""2890""";"=""AKSU ÇAMLICA RES""";0,98;159,73;0;3,07;;;;;;;;
"=""API""";"=""WIND""";"=""2026-04-27T12:46:00+03:00""";"=""OA_YTM""";"=""AKSU RES""";"=""10928268862""";"=""2890""";"=""AKSU ÇAMLICA RES""";0,98;159,53;0;3,07;;;;;;;;
"=""API""";"=""WIND""";"=""2026-04-27T12:47:00+03:00""";"=""OA_YTM""";"=""AKSU RES""";"=""10928268862""";"=""2890""";"=""AKSU ÇAMLICA RES""";0,98;159,73;0;3,07;;;;;;;;
"=""API""";"=""WIND""";"=""2026-04-27T12:48:00+03:00""";"=""OA_YTM""";"=""AKSU RES""";"=""10928268862""";"=""2890""";"=""AKSU ÇAMLICA RES""";0,98;159,43;0;3,07;;;;;;;;
"=""API""";"=""WIND""";"=""2026-04-27T12:49:00+03:00""";"=""OA_YTM""";"=""AKSU RES""";"=""10928268862""";"=""2890""";"=""AKSU ÇAMLICA RES""";0,98;159,58;0;3,11;;;;;;;;
"=""API""";"=""WIND""";"=""2026-04-27T12:50:00+03:00""";"=""OA_YTM""";"=""AKSU RES""";"=""10928268862""";"=""2890""";"=""AKSU ÇAMLICA RES""";0,98;159,79;0;3,11;;;;;;;;
"=""API""";"=""WIND""";"=""2026-04-27T12:51:00+03:00""";"=""OA_YTM""";"=""AKSU RES""";"=""10928268862""";"=""2890""";"=""AKSU ÇAMLICA RES""";0,98;160,09;0;3,11;;;;;;;;
"=""API""";"=""WIND""";"=""2026-04-27T12:52:00+03:00""";"=""OA_YTM""";"=""AKSU RES""";"=""10928268862""";"=""2890""";"=""AKSU ÇAMLICA RES""";0,98;159,79;0;3,11;;;;;;;;
"=""API""";"=""WIND""";"=""2026-04-27T12:53:00+03:00""";"=""OA_YTM""";"=""AKSU RES""";"=""10928268862""";"=""2890""";"=""AKSU ÇAMLICA RES""";0,98;159,79;0;3,11;;;;;;;;
"=""API""";"=""WIND""";"=""2026-04-27T12:54:00+03:00""";"=""OA_YTM""";"=""AKSU RES""";"=""10928268862""";"=""2890""";"=""AKSU ÇAMLICA RES""";0,98;159,99;0;3,11;;;;;;;;
"=""API""";"=""WIND""";"=""2026-04-27T12:55:00+03:00""";"=""OA_YTM""";"=""AKSU RES""";"=""10928268862""";"=""2890""";"=""AKSU ÇAMLICA RES""";0,98;160,09;0;3,15;;;;;;;;
"=""API""";"=""WIND""";"=""2026-04-27T12:56:00+03:00""";"=""OA_YTM""";"=""AKSU RES""";"=""10928268862""";"=""2890""";"=""AKSU ÇAMLICA RES""";0,98;160,4;0;3,15;;;;;;;;
"=""API""";"=""WIND""";"=""2026-04-27T12:57:00+03:00""";"=""OA_YTM""";"=""AKSU RES""";"=""10928268862""";"=""2890""";"=""AKSU ÇAMLICA RES""";0,98;160,09;0;3,15;;;;;;;;
"=""API""";"=""WIND""";"=""2026-04-27T12:58:00+03:00""";"=""OA_YTM""";"=""AKSU RES""";"=""10928268862""";"=""2890""";"=""AKSU ÇAMLICA RES""";0,98;160,09;0;3,15;;;;;;;;
"=""API""";"=""WIND""";"=""2026-04-27T12:59:00+03:00""";"=""OA_YTM""";"=""AKSU RES""";"=""10928268862""";"=""2890""";"=""AKSU ÇAMLICA RES""";0,98;160,09;0;3,15;;;;;;;;
"=""API""";"=""WIND""";"=""2026-04-27T13:00:00+03:00""";"=""OA_YTM""";"=""AKSU RES""";"=""10928268862""";"=""2890""";"=""AKSU ÇAMLICA RES""";0,98;160,04;0;3,14;;;;;;;;
"=""API""";"=""WIND""";"=""2026-04-27T13:01:00+03:00""";"=""OA_YTM""";"=""AKSU RES""";"=""10928268862""";"=""2890""";"=""AKSU ÇAMLICA RES""";0,98;160,14;0;3,14;;;;;;;;
"=""API""";"=""WIND""";"=""2026-04-27T13:02:00+03:00""";"=""OA_YTM""";"=""AKSU RES""";"=""10928268862""";"=""2890""";"=""AKSU ÇAMLICA RES""";0,98;159,84;0;3,14;;;;;;;;
"=""API""";"=""WIND""";"=""2026-04-27T13:03:00+03:00""";"=""OA_YTM""";"=""AKSU RES""";"=""10928268862""";"=""2890""";"=""AKSU ÇAMLICA RES""";0,98;160,04;0;3,13;;;;;;;;
"=""API""";"=""WIND""";"=""2026-04-27T13:04:00+03:00""";"=""OA_YTM""";"=""AKSU RES""";"=""10928268862""";"=""2890""";"=""AKSU ÇAMLICA RES""";0,98;160,14;0;3,13;;;;;;;;
"=""API""";"=""WIND""";"=""2026-04-27T13:05:00+03:00""";"=""OA_YTM""";"=""AKSU RES""";"=""10928268862""";"=""2890""";"=""AKSU ÇAMLICA RES""";0,98;160,25;0;3,08;;;;;;;;
"=""API""";"=""WIND""";"=""2026-04-27T13:06:00+03:00""";"=""OA_YTM""";"=""AKSU RES""";"=""10928268862""";"=""2890""";"=""AKSU ÇAMLICA RES""";0,98;160,04;0;3,12;;;;;;;;
"=""API""";"=""WIND""";"=""2026-04-27T13:07:00+03:00""";"=""OA_YTM""";"=""AKSU RES""";"=""10928268862""";"=""2890""";"=""AKSU ÇAMLICA RES""";0,98;160,14;0;3,12;;;;;;;;
"=""API""";"=""WIND""";"=""2026-04-27T13:08:00+03:00""";"=""OA_YTM""";"=""AKSU RES""";"=""10928268862""";"=""2890""";"=""AKSU ÇAMLICA RES""";0,98;160,14;0;3,12;;;;;;;;
"=""API""";"=""WIND""";"=""2026-04-27T13:09:00+03:00""";"=""OA_YTM""";"=""AKSU RES""";"=""10928268862""";"=""2890""";"=""AKSU ÇAMLICA RES""";0,98;160,25;0;3,12;;;;;;;;
"=""API""";"=""WIND""";"=""2026-04-27T13:10:00+03:00""";"=""OA_YTM""";"=""AKSU RES""";"=""10928268862""";"=""2890""";"=""AKSU ÇAMLICA RES""";0,98;160,76;0;3,12;;;;;;;;
"=""API""";"=""WIND""";"=""2026-04-27T13:11:00+03:00""";"=""OA_YTM""";"=""AKSU RES""";"=""10928268862""";"=""2890""";"=""AKSU ÇAMLICA RES""";0,98;159,99;0;3,12;;;;;;;;
"=""API""";"=""WIND""";"=""2026-04-27T13:12:00+03:00""";"=""OA_YTM""";"=""AKSU RES""";"=""10928268862""";"=""2890""";"=""AKSU ÇAMLICA RES""";0,98;159,79;0;3,08;;;;;;;;
"=""API""";"=""WIND""";"=""2026-04-27T13:13:00+03:00""";"=""OA_YTM""";"=""AKSU RES""";"=""10928268862""";"=""2890""";"=""AKSU ÇAMLICA RES""";0,98;160,3;0;3,08;;;;;;;;
"=""API""";"=""WIND""";"=""2026-04-27T13:14:00+03:00""";"=""OA_YTM""";"=""AKSU RES""";"=""10928268862""";"=""2890""";"=""AKSU ÇAMLICA RES""";0,98;159,99;0;3,11;;;;;;;;
"=""API""";"=""WIND""";"=""2026-04-27T13:15:00+03:00""";"=""OA_YTM""";"=""AKSU RES""";"=""10928268862""";"=""2890""";"=""AKSU ÇAMLICA RES""";0,98;159,99;0;3,11;;;;;;;;
"=""API""";"=""WIND""";"=""2026-04-27T13:16:00+03:00""";"=""OA_YTM""";"=""AKSU RES""";"=""10928268862""";"=""2890""";"=""AKSU ÇAMLICA RES""";0,98;159,99;0;3,14;;;;;;;;
"=""API""";"=""WIND""";"=""2026-04-27T13:17:00+03:00""";"=""OA_YTM""";"=""AKSU RES""";"=""10928268862""";"=""2890""";"=""AKSU ÇAMLICA RES""";0,98;159,79;0;3,14;;;;;;;;
"=""API""";"=""WIND""";"=""2026-04-27T13:18:00+03:00""";"=""OA_YTM""";"=""AKSU RES""";"=""10928268862""";"=""2890""";"=""AKSU ÇAMLICA RES""";0,98;159,99;0;3,14;;;;;;;;
"=""API""";"=""WIND""";"=""2026-04-27T13:19:00+03:00""";"=""OA_YTM""";"=""AKSU RES""";"=""10928268862""";"=""2890""";"=""AKSU ÇAMLICA RES""";0,98;160,3;0;3,14;;;;;;;;
"=""API""";"=""WIND""";"=""2026-04-27T13:20:00+03:00""";"=""OA_YTM""";"=""AKSU RES""";"=""10928268862""";"=""2890""";"=""AKSU ÇAMLICA RES""";0,98;160,09;0;3,14;;;;;;;;
"=""API""";"=""WIND""";"=""2026-04-27T13:21:00+03:00""";"=""OA_YTM""";"=""AKSU RES""";"=""10928268862""";"=""2890""";"=""AKSU ÇAMLICA RES""";0,98;160,09;0;3,1;;;;;;;;
"=""API""";"=""WIND""";"=""2026-04-27T13:22:00+03:00""";"=""OA_YTM""";"=""AKSU RES""";"=""10928268862""";"=""2890""";"=""AKSU ÇAMLICA RES""";0,98;159,89;0;3,1;;;;;;;;
"=""API""";"=""WIND""";"=""2026-04-27T13:23:00+03:00""";"=""OA_YTM""";"=""AKSU RES""";"=""10928268862""";"=""2890""";"=""AKSU ÇAMLICA RES""";0,98;159,48;0;3,1;;;;;;;;
"=""API""";"=""WIND""";"=""2026-04-27T13:24:00+03:00""";"=""OA_YTM""";"=""AKSU RES""";"=""10928268862""";"=""2890""";"=""AKSU ÇAMLICA RES""";0,98;159,99;0;3,1;;;;;;;;
"=""API""";"=""WIND""";"=""2026-04-27T13:25:00+03:00""";"=""OA_YTM""";"=""AKSU RES""";"=""10928268862""";"=""2890""";"=""AKSU ÇAMLICA RES""";0,98;159,79;0;3,05;;;;;;;;
"=""API""";"=""WIND""";"=""2026-04-27T13:26:00+03:00""";"=""OA_YTM""";"=""AKSU RES""";"=""10928268862""";"=""2890""";"=""AKSU ÇAMLICA RES""";0,98;160,09;0;3,05;;;;;;;;
"=""API""";"=""WIND""";"=""2026-04-27T13:27:00+03:00""";"=""OA_YTM""";"=""AKSU RES""";"=""10928268862""";"=""2890""";"=""AKSU ÇAMLICA RES""";0,98;160,2;0;3,05;;;;;;;;
"=""API""";"=""WIND""";"=""2026-04-27T13:28:00+03:00""";"=""OA_YTM""";"=""AKSU RES""";"=""10928268862""";"=""2890""";"=""AKSU ÇAMLICA RES""";0,98;160,09;0;3,13;;;;;;;;
"=""API""";"=""WIND""";"=""2026-04-27T13:29:00+03:00""";"=""OA_YTM""";"=""AKSU RES""";"=""10928268862""";"=""2890""";"=""AKSU ÇAMLICA RES""";0,98;160,14;0;3,16;;;;;;;;
"=""API""";"=""WIND""";"=""2026-04-27T13:30:00+03:00""";"=""OA_YTM""";"=""AKSU RES""";"=""10928268862""";"=""2890""";"=""AKSU ÇAMLICA RES""";0,98;159,94;0;3,15;;;;;;;;
"=""API""";"=""WIND""";"=""2026-04-27T13:31:00+03:00""";"=""OA_YTM""";"=""AKSU RES""";"=""10928268862""";"=""2890""";"=""AKSU ÇAMLICA RES""";0,98;159,89;0;3,11;;;;;;;;
"=""API""";"=""WIND""";"=""2026-04-27T13:32:00+03:00""";"=""OA_YTM""";"=""AKSU RES""";"=""10928268862""";"=""2890""";"=""AKSU ÇAMLICA RES""";0,98;159,68;0;3,11;;;;;;;;
"=""API""";"=""WIND""";"=""2026-04-27T13:33:00+03:00""";"=""OA_YTM""";"=""AKSU RES""";"=""10928268862""";"=""2890""";"=""AKSU ÇAMLICA RES""";0,98;159,63;0;3,06;;;;;;;;
"=""API""";"=""WIND""";"=""2026-04-27T13:34:00+03:00""";"=""OA_YTM""";"=""AKSU RES""";"=""10928268862""";"=""2890""";"=""AKSU ÇAMLICA RES""";0,98;159,63;0;3,1;;;;;;;;
"=""API""";"=""WIND""";"=""2026-04-27T13:35:00+03:00""";"=""OA_YTM""";"=""AKSU RES""";"=""10928268862""";"=""2890""";"=""AKSU ÇAMLICA RES""";0,98;159,22;0;3,1;;;;;;;;
"=""API""";"=""WIND""";"=""2026-04-27T13:36:00+03:00""";"=""OA_YTM""";"=""AKSU RES""";"=""10928268862""";"=""2890""";"=""AKSU ÇAMLICA RES""";0,98;159,63;0;3,1;;;;;;;;
"=""API""";"=""WIND""";"=""2026-04-27T13:37:00+03:00""";"=""OA_YTM""";"=""AKSU RES""";"=""10928268862""";"=""2890""";"=""AKSU ÇAMLICA RES""";0,98;159,53;0;3,1;;;;;;;;
"=""API""";"=""WIND""";"=""2026-04-27T13:38:00+03:00""";"=""OA_YTM""";"=""AKSU RES""";"=""10928268862""";"=""2890""";"=""AKSU ÇAMLICA RES""";0,98;159,89;0;3,1;;;;;;;;
"=""API""";"=""WIND""";"=""2026-04-27T13:39:00+03:00""";"=""OA_YTM""";"=""AKSU RES""";"=""10928268862""";"=""2890""";"=""AKSU ÇAMLICA RES""";0,98;159,58;0;3,1;;;;;;;;
"=""API""";"=""WIND""";"=""2026-04-27T13:40:00+03:00""";"=""OA_YTM""";"=""AKSU RES""";"=""10928268862""";"=""2890""";"=""AKSU ÇAMLICA RES""";0,98;159,89;0;3,07;;;;;;;;
"=""API""";"=""WIND""";"=""2026-04-27T13:41:00+03:00""";"=""OA_YTM""";"=""AKSU RES""";"=""10928268862""";"=""2890""";"=""AKSU ÇAMLICA RES""";0,98;159,58;0;3,1;;;;;;;;
"=""API""";"=""WIND""";"=""2026-04-27T13:42:00+03:00""";"=""OA_YTM""";"=""AKSU RES""";"=""10928268862""";"=""2890""";"=""AKSU ÇAMLICA RES""";0,98;159,89;0;3,1;;;;;;;;
"=""API""";"=""WIND""";"=""2026-04-27T13:43:00+03:00""";"=""OA_YTM""";"=""AKSU RES""";"=""10928268862""";"=""2890""";"=""AKSU ÇAMLICA RES""";0,98;159,48;0;3,08;;;;;;;;
"=""API""";"=""WIND""";"=""2026-04-27T13:44:00+03:00""";"=""OA_YTM""";"=""AKSU RES""";"=""10928268862""";"=""2890""";"=""AKSU ÇAMLICA RES""";0,98;159,78;0;3,08;;;;;;;;
"=""API""";"=""WIND""";"=""2026-04-27T13:45:00+03:00""";"=""OA_YTM""";"=""AKSU RES""";"=""10928268862""";"=""2890""";"=""AKSU ÇAMLICA RES""";0,98;159,58;0;3,03;;;;;;;;
"=""API""";"=""WIND""";"=""2026-04-27T13:46:00+03:00""";"=""OA_YTM""";"=""AKSU RES""";"=""10928268862""";"=""2890""";"=""AKSU ÇAMLICA RES""";0,98;159,38;0;3,03;;;;;;;;
"=""API""";"=""WIND""";"=""2026-04-27T13:47:00+03:00""";"=""OA_YTM""";"=""AKSU RES""";"=""10928268862""";"=""2890""";"=""AKSU ÇAMLICA RES""";0,98;159,27;0;3,1;;;;;;;;
"=""API""";"=""WIND""";"=""2026-04-27T13:48:00+03:00""";"=""OA_YTM""";"=""AKSU RES""";"=""10928268862""";"=""2890""";"=""AKSU ÇAMLICA RES""";0,98;159,48;0;3,1;;;;;;;;
"=""API""";"=""WIND""";"=""2026-04-27T13:49:00+03:00""";"=""OA_YTM""";"=""AKSU RES""";"=""10928268862""";"=""2890""";"=""AKSU ÇAMLICA RES""";0,98;159,58;0;3,08;;;;;;;;
"=""API""";"=""WIND""";"=""2026-04-27T13:50:00+03:00""";"=""OA_YTM""";"=""AKSU RES""";"=""10928268862""";"=""2890""";"=""AKSU ÇAMLICA RES""";0,98;159,17;0;3,08;;;;;;;;
"=""API""";"=""WIND""";"=""2026-04-27T13:51:00+03:00""";"=""OA_YTM""";"=""AKSU RES""";"=""10928268862""";"=""2890""";"=""AKSU ÇAMLICA RES""";0,98;159,22;0;3,11;;;;;;;;
"=""API""";"=""WIND""";"=""2026-04-27T13:52:00+03:00""";"=""OA_YTM""";"=""AKSU RES""";"=""10928268862""";"=""2890""";"=""AKSU ÇAMLICA RES""";0,98;159,48;0;3,14;;;;;;;;
"=""API""";"=""WIND""";"=""2026-04-27T13:53:00+03:00""";"=""OA_YTM""";"=""AKSU RES""";"=""10928268862""";"=""2890""";"=""AKSU ÇAMLICA RES""";0,98;159,63;0;3,14;;;;;;;;
"=""API""";"=""WIND""";"=""2026-04-27T13:54:00+03:00""";"=""OA_YTM""";"=""AKSU RES""";"=""10928268862""";"=""2890""";"=""AKSU ÇAMLICA RES""";0,98;159,53;0;3,1;;;;;;;;
"=""API""";"=""WIND""";"=""2026-04-27T13:55:00+03:00""";"=""OA_YTM""";"=""AKSU RES""";"=""10928268862""";"=""2890""";"=""AKSU ÇAMLICA RES""";0,98;159,12;0;3,1;;;;;;;;
"=""API""";"=""WIND""";"=""2026-04-27T13:56:00+03:00""";"=""OA_YTM""";"=""AKSU RES""";"=""10928268862""";"=""2890""";"=""AKSU ÇAMLICA RES""";0,98;159,01;0;3,04;;;;;;;;
"=""API""";"=""WIND""";"=""2026-04-27T13:57:00+03:00""";"=""OA_YTM""";"=""AKSU RES""";"=""10928268862""";"=""2890""";"=""AKSU ÇAMLICA RES""";0,98;158,96;0;3,12;;;;;;;;
"=""API""";"=""WIND""";"=""2026-04-27T13:58:00+03:00""";"=""OA_YTM""";"=""AKSU RES""";"=""10928268862""";"=""2890""";"=""AKSU ÇAMLICA RES""";0,98;159,58;0;3,12;;;;;;;;
"=""API""";"=""WIND""";"=""2026-04-27T13:59:00+03:00""";"=""OA_YTM""";"=""AKSU RES""";"=""10928268862""";"=""2890""";"=""AKSU ÇAMLICA RES""";0,98;159,38;0;3,12;;;;;;;;
"=""API""";"=""WIND""";"=""2026-04-27T14:00:00+03:00""";"=""OA_YTM""";"=""AKSU RES""";"=""10928268862""";"=""2890""";"=""AKSU ÇAMLICA RES""";0,98;159,38;0;3,08;;;;;;;;
"=""API""";"=""WIND""";"=""2026-04-27T14:01:00+03:00""";"=""OA_YTM""";"=""AKSU RES""";"=""10928268862""";"=""2890""";"=""AKSU ÇAMLICA RES""";0,98;159,07;0;3,09;;;;;;;;
"=""API""";"=""WIND""";"=""2026-04-27T14:02:00+03:00""";"=""OA_YTM""";"=""AKSU RES""";"=""10928268862""";"=""2890""";"=""AKSU ÇAMLICA RES""";0,98;159,07;0;3,09;;;;;;;;
"=""API""";"=""WIND""";"=""2026-04-27T14:03:00+03:00""";"=""OA_YTM""";"=""AKSU RES""";"=""10928268862""";"=""2890""";"=""AKSU ÇAMLICA RES""";0,98;159,48;0;3,09;;;;;;;;
"=""API""";"=""WIND""";"=""2026-04-27T14:04:00+03:00""";"=""OA_YTM""";"=""AKSU RES""";"=""10928268862""";"=""2890""";"=""AKSU ÇAMLICA RES""";0,98;159,17;0;3,09;;;;;;;;
"=""API""";"=""WIND""";"=""2026-04-27T14:05:00+03:00""";"=""OA_YTM""";"=""AKSU RES""";"=""10928268862""";"=""2890""";"=""AKSU ÇAMLICA RES""";0,98;158,96;0;3,09;;;;;;;;
"=""API""";"=""WIND""";"=""2026-04-27T14:06:00+03:00""";"=""OA_YTM""";"=""AKSU RES""";"=""10928268862""";"=""2890""";"=""AKSU ÇAMLICA RES""";0,98;159,01;0;3,12;;;;;;;;
"=""API""";"=""WIND""";"=""2026-04-27T14:07:00+03:00""";"=""OA_YTM""";"=""AKSU RES""";"=""10928268862""";"=""2890""";"=""AKSU ÇAMLICA RES""";0,98;158,55;0;3,12;;;;;;;;
"=""API""";"=""WIND""";"=""2026-04-27T14:08:00+03:00""";"=""OA_YTM""";"=""AKSU RES""";"=""10928268862""";"=""2890""";"=""AKSU ÇAMLICA RES""";0,98;158,76;0;3,01;;;;;;;;
"=""API""";"=""WIND""";"=""2026-04-27T14:09:00+03:00""";"=""OA_YTM""";"=""AKSU RES""";"=""10928268862""";"=""2890""";"=""AKSU ÇAMLICA RES""";0,98;158,71;0;3,01;;;;;;;;
"=""API""";"=""WIND""";"=""2026-04-27T14:10:00+03:00""";"=""OA_YTM""";"=""AKSU RES""";"=""10928268862""";"=""2890""";"=""AKSU ÇAMLICA RES""";0,98;158,96;0;3,01;;;;;;;;
"=""API""";"=""WIND""";"=""2026-04-27T14:11:00+03:00""";"=""OA_YTM""";"=""AKSU RES""";"=""10928268862""";"=""2890""";"=""AKSU ÇAMLICA RES""";0,98;158,81;0;3,01;;;;;;;;
"=""API""";"=""WIND""";"=""2026-04-27T14:12:00+03:00""";"=""OA_YTM""";"=""AKSU RES""";"=""10928268862""";"=""2890""";"=""AKSU ÇAMLICA RES""";0,98;159,01;0;3,01;;;;;;;;
"=""API""";"=""WIND""";"=""2026-04-27T14:13:00+03:00""";"=""OA_YTM""";"=""AKSU RES""";"=""10928268862""";"=""2890""";"=""AKSU ÇAMLICA RES""";0,98;159,32;0;2,97;;;;;;;;
"=""API""";"=""WIND""";"=""2026-04-27T14:14:00+03:00""";"=""OA_YTM""";"=""AKSU RES""";"=""10928268862""";"=""2890""";"=""AKSU ÇAMLICA RES""";0,98;159,43;0;2,97;;;;;;;;
"=""API""";"=""WIND""";"=""2026-04-27T14:15:00+03:00""";"=""OA_YTM""";"=""AKSU RES""";"=""10928268862""";"=""2890""";"=""AKSU ÇAMLICA RES""";0,98;158,71;0;3;;;;;;;;
"=""API""";"=""WIND""";"=""2026-04-27T14:16:00+03:00""";"=""OA_YTM""";"=""AKSU RES""";"=""10928268862""";"=""2890""";"=""AKSU ÇAMLICA RES""";0,98;158,71;0;3;;;;;;;;
"=""API""";"=""WIND""";"=""2026-04-27T14:17:00+03:00""";"=""OA_YTM""";"=""AKSU RES""";"=""10928268862""";"=""2890""";"=""AKSU ÇAMLICA RES""";0,98;159,53;0;3,07;;;;;;;;
"=""API""";"=""WIND""";"=""2026-04-27T14:18:00+03:00""";"=""OA_YTM""";"=""AKSU RES""";"=""10928268862""";"=""2890""";"=""AKSU ÇAMLICA RES""";0,98;158,6;0;2,99;;;;;;;;
"=""API""";"=""WIND""";"=""2026-04-27T14:19:00+03:00""";"=""OA_YTM""";"=""AKSU RES""";"=""10928268862""";"=""2890""";"=""AKSU ÇAMLICA RES""";0,98;158,55;0;2,99;;;;;;;;
"=""API""";"=""WIND""";"=""2026-04-27T14:20:00+03:00""";"=""OA_YTM""";"=""AKSU RES""";"=""10928268862""";"=""2890""";"=""AKSU ÇAMLICA RES""";0,98;159,17;0;2,99;;;;;;;;
"=""API""";"=""WIND""";"=""2026-04-27T14:21:00+03:00""";"=""OA_YTM""";"=""AKSU RES""";"=""10928268862""";"=""2890""";"=""AKSU ÇAMLICA RES""";0,98;158,96;0;3,02;;;;;;;;
"=""API""";"=""WIND""";"=""2026-04-27T14:22:00+03:00""";"=""OA_YTM""";"=""AKSU RES""";"=""10928268862""";"=""2890""";"=""AKSU ÇAMLICA RES""";0,98;158,96;0;3,04;;;;;;;;
"=""API""";"=""WIND""";"=""2026-04-27T14:23:00+03:00""";"=""OA_YTM""";"=""AKSU RES""";"=""10928268862""";"=""2890""";"=""AKSU ÇAMLICA RES""";0,98;159,17;0;3,04;;;;;;;;
"=""API""";"=""WIND""";"=""2026-04-27T14:24:00+03:00""";"=""OA_YTM""";"=""AKSU RES""";"=""10928268862""";"=""2890""";"=""AKSU ÇAMLICA RES""";0,98;158,76;0;3,04;;;;;;;;
"=""API""";"=""WIND""";"=""2026-04-27T14:25:00+03:00""";"=""OA_YTM""";"=""AKSU RES""";"=""10928268862""";"=""2890""";"=""AKSU ÇAMLICA RES""";0,98;159,53;0;3,05;;;;;;;;
"=""API""";"=""WIND""";"=""2026-04-27T14:26:00+03:00""";"=""OA_YTM""";"=""AKSU RES""";"=""10928268862""";"=""2890""";"=""AKSU ÇAMLICA RES""";0,98;159,22;0;3,05;;;;;;;;
"=""API""";"=""WIND""";"=""2026-04-27T14:27:00+03:00""";"=""OA_YTM""";"=""AKSU RES""";"=""10928268862""";"=""2890""";"=""AKSU ÇAMLICA RES""";0,98;159,89;0;2,98;;;;;;;;
"=""API""";"=""WIND""";"=""2026-04-27T14:28:00+03:00""";"=""OA_YTM""";"=""AKSU RES""";"=""10928268862""";"=""2890""";"=""AKSU ÇAMLICA RES""";0,98;159,89;0;2,98;;;;;;;;
"=""API""";"=""WIND""";"=""2026-04-27T14:29:00+03:00""";"=""OA_YTM""";"=""AKSU RES""";"=""10928268862""";"=""2890""";"=""AKSU ÇAMLICA RES""";0,98;159,58;0;3,03;;;;;;;;
"=""API""";"=""WIND""";"=""2026-04-27T14:30:00+03:00""";"=""OA_YTM""";"=""AKSU RES""";"=""10928268862""";"=""2890""";"=""AKSU ÇAMLICA RES""";0,98;159,37;0;3,03;;;;;;;;
"=""API""";"=""WIND""";"=""2026-04-27T14:31:00+03:00""";"=""OA_YTM""";"=""AKSU RES""";"=""10928268862""";"=""2890""";"=""AKSU ÇAMLICA RES""";0,98;159,17;0;3,03;;;;;;;;
"=""API""";"=""WIND""";"=""2026-04-27T14:32:00+03:00""";"=""OA_YTM""";"=""AKSU RES""";"=""10928268862""";"=""2890""";"=""AKSU ÇAMLICA RES""";0,98;159,58;0;3,03;;;;;;;;
"=""API""";"=""WIND""";"=""2026-04-27T14:33:00+03:00""";"=""OA_YTM""";"=""AKSU RES""";"=""10928268862""";"=""2890""";"=""AKSU ÇAMLICA RES""";0,98;159,43;0;3,08;;;;;;;;
"=""API""";"=""WIND""";"=""2026-04-27T14:34:00+03:00""";"=""OA_YTM""";"=""AKSU RES""";"=""10928268862""";"=""2890""";"=""AKSU ÇAMLICA RES""";0,98;159,17;0;3,08;;;;;;;;
"=""API""";"=""WIND""";"=""2026-04-27T14:35:00+03:00""";"=""OA_YTM""";"=""AKSU RES""";"=""10928268862""";"=""2890""";"=""AKSU ÇAMLICA RES""";0,98;159,58;0;3,08;;;;;;;;
"=""API""";"=""WIND""";"=""2026-04-27T14:36:00+03:00""";"=""OA_YTM""";"=""AKSU RES""";"=""10928268862""";"=""2890""";"=""AKSU ÇAMLICA RES""";0,98;159,58;0;3,02;;;;;;;;
"=""API""";"=""WIND""";"=""2026-04-27T14:37:00+03:00""";"=""OA_YTM""";"=""AKSU RES""";"=""10928268862""";"=""2890""";"=""AKSU ÇAMLICA RES""";0,98;159,58;0;3,02;;;;;;;;
"=""API""";"=""WIND""";"=""2026-04-27T14:38:00+03:00""";"=""OA_YTM""";"=""AKSU RES""";"=""10928268862""";"=""2890""";"=""AKSU ÇAMLICA RES""";0,98;159,58;0;3;;;;;;;;
"=""API""";"=""WIND""";"=""2026-04-27T14:39:00+03:00""";"=""OA_YTM""";"=""AKSU RES""";"=""10928268862""";"=""2890""";"=""AKSU ÇAMLICA RES""";0,98;159,58;0;3;;;;;;;;
"=""API""";"=""WIND""";"=""2026-04-27T14:40:00+03:00""";"=""OA_YTM""";"=""AKSU RES""";"=""10928268862""";"=""2890""";"=""AKSU ÇAMLICA RES""";0,98;159,78;0;3;;;;;;;;
"=""API""";"=""WIND""";"=""2026-04-27T14:41:00+03:00""";"=""OA_YTM""";"=""AKSU RES""";"=""10928268862""";"=""2890""";"=""AKSU ÇAMLICA RES""";0,98;159,78;0;3;;;;;;;;
"=""API""";"=""WIND""";"=""2026-04-27T14:42:00+03:00""";"=""OA_YTM""";"=""AKSU RES""";"=""10928268862""";"=""2890""";"=""AKSU ÇAMLICA RES""";0,98;159,89;0;3;;;;;;;;
"=""API""";"=""WIND""";"=""2026-04-27T14:43:00+03:00""";"=""OA_YTM""";"=""AKSU RES""";"=""10928268862""";"=""2890""";"=""AKSU ÇAMLICA RES""";0,98;160,09;0;3,05;;;;;;;;
"=""API""";"=""WIND""";"=""2026-04-27T14:44:00+03:00""";"=""OA_YTM""";"=""AKSU RES""";"=""10928268862""";"=""2890""";"=""AKSU ÇAMLICA RES""";0,98;160,2;0;2,98;;;;;;;;
"=""API""";"=""WIND""";"=""2026-04-27T14:45:00+03:00""";"=""OA_YTM""";"=""AKSU RES""";"=""10928268862""";"=""2890""";"=""AKSU ÇAMLICA RES""";0,98;160,09;0;2,98;;;;;;;;
"=""API""";"=""WIND""";"=""2026-04-27T14:46:00+03:00""";"=""OA_YTM""";"=""AKSU RES""";"=""10928268862""";"=""2890""";"=""AKSU ÇAMLICA RES""";0,98;160,2;0;2,98;;;;;;;;
"=""API""";"=""WIND""";"=""2026-04-27T14:47:00+03:00""";"=""OA_YTM""";"=""AKSU RES""";"=""10928268862""";"=""2890""";"=""AKSU ÇAMLICA RES""";0,98;159,89;0;3,04;;;;;;;;
"=""API""";"=""WIND""";"=""2026-04-27T14:48:00+03:00""";"=""OA_YTM""";"=""AKSU RES""";"=""10928268862""";"=""2890""";"=""AKSU ÇAMLICA RES""";0,98;160,2;0;3,04;;;;;;;;
"=""API""";"=""WIND""";"=""2026-04-27T14:49:00+03:00""";"=""OA_YTM""";"=""AKSU RES""";"=""10928268862""";"=""2890""";"=""AKSU ÇAMLICA RES""";0,98;160,09;0;3,04;;;;;;;;
"=""API""";"=""WIND""";"=""2026-04-27T14:50:00+03:00""";"=""OA_YTM""";"=""AKSU RES""";"=""10928268862""";"=""2890""";"=""AKSU ÇAMLICA RES""";0,98;159,89;0;3,04;;;;;;;;
"=""API""";"=""WIND""";"=""2026-04-27T14:51:00+03:00""";"=""OA_YTM""";"=""AKSU RES""";"=""10928268862""";"=""2890""";"=""AKSU ÇAMLICA RES""";0,98;159,89;0;3,04;;;;;;;;
"=""API""";"=""WIND""";"=""2026-04-27T14:52:00+03:00""";"=""OA_YTM""";"=""AKSU RES""";"=""10928268862""";"=""2890""";"=""AKSU ÇAMLICA RES""";0,98;159,27;0;3,04;;;;;;;;
"=""API""";"=""WIND""";"=""2026-04-27T14:53:00+03:00""";"=""OA_YTM""";"=""AKSU RES""";"=""10928268862""";"=""2890""";"=""AKSU ÇAMLICA RES""";0,98;159,58;0;3,04;;;;;;;;
"=""API""";"=""WIND""";"=""2026-04-27T14:54:00+03:00""";"=""OA_YTM""";"=""AKSU RES""";"=""10928268862""";"=""2890""";"=""AKSU ÇAMLICA RES""";0,98;159,48;0;3,04;;;;;;;;
"=""API""";"=""WIND""";"=""2026-04-27T14:55:00+03:00""";"=""OA_YTM""";"=""AKSU RES""";"=""10928268862""";"=""2890""";"=""AKSU ÇAMLICA RES""";0,98;159,27;0;3,01;;;;;;;;
"=""API""";"=""WIND""";"=""2026-04-27T14:56:00+03:00""";"=""OA_YTM""";"=""AKSU RES""";"=""10928268862""";"=""2890""";"=""AKSU ÇAMLICA RES""";0,98;159,48;0;3,01;;;;;;;;
"=""API""";"=""WIND""";"=""2026-04-27T14:57:00+03:00""";"=""OA_YTM""";"=""AKSU RES""";"=""10928268862""";"=""2890""";"=""AKSU ÇAMLICA RES""";0,98;159,17;0;3,07;;;;;;;;
"=""API""";"=""WIND""";"=""2026-04-27T14:58:00+03:00""";"=""OA_YTM""";"=""AKSU RES""";"=""10928268862""";"=""2890""";"=""AKSU ÇAMLICA RES""";0,98;159,17;0;3,07;;;;;;;;
"=""API""";"=""WIND""";"=""2026-04-27T14:59:00+03:00""";"=""OA_YTM""";"=""AKSU RES""";"=""10928268862""";"=""2890""";"=""AKSU ÇAMLICA RES""";0,98;159,27;0;3,07;;;;;;;;
"=""API""";"=""WIND""";"=""2026-04-27T15:00:00+03:00""";"=""OA_YTM""";"=""AKSU RES""";"=""10928268862""";"=""2890""";"=""AKSU ÇAMLICA RES""";0,98;159,17;0;3,07;;;;;;;;
"=""API""";"=""WIND""";"=""2026-04-27T15:01:00+03:00""";"=""OA_YTM""";"=""AKSU RES""";"=""10928268862""";"=""2890""";"=""AKSU ÇAMLICA RES""";0,98;159,07;0;3,07;;;;;;;;
"=""API""";"=""WIND""";"=""2026-04-27T15:02:00+03:00""";"=""OA_YTM""";"=""AKSU RES""";"=""10928268862""";"=""2890""";"=""AKSU ÇAMLICA RES""";0,98;159,17;0;3,07;;;;;;;;
"=""API""";"=""WIND""";"=""2026-04-27T15:03:00+03:00""";"=""OA_YTM""";"=""AKSU RES""";"=""10928268862""";"=""2890""";"=""AKSU ÇAMLICA RES""";0,98;159,38;0;3,13;;;;;;;;
"=""API""";"=""WIND""";"=""2026-04-27T15:04:00+03:00""";"=""OA_YTM""";"=""AKSU RES""";"=""10928268862""";"=""2890""";"=""AKSU ÇAMLICA RES""";0,98;159,38;0;3,13;;;;;;;;
"=""API""";"=""WIND""";"=""2026-04-27T15:05:00+03:00""";"=""OA_YTM""";"=""AKSU RES""";"=""10928268862""";"=""2890""";"=""AKSU ÇAMLICA RES""";0,98;158,86;0;3,02;;;;;;;;
"=""API""";"=""WIND""";"=""2026-04-27T15:06:00+03:00""";"=""OA_YTM""";"=""AKSU RES""";"=""10928268862""";"=""2890""";"=""AKSU ÇAMLICA RES""";0,98;159,07;0;3,12;;;;;;;;
"=""API""";"=""WIND""";"=""2026-04-27T15:07:00+03:00""";"=""OA_YTM""";"=""AKSU RES""";"=""10928268862""";"=""2890""";"=""AKSU ÇAMLICA RES""";0,98;159,78;0;3,07;;;;;;;;
"=""API""";"=""WIND""";"=""2026-04-27T15:08:00+03:00""";"=""OA_YTM""";"=""AKSU RES""";"=""10928268862""";"=""2890""";"=""AKSU ÇAMLICA RES""";0,98;159,17;0;3,11;;;;;;;;
"=""API""";"=""WIND""";"=""2026-04-27T15:09:00+03:00""";"=""OA_YTM""";"=""AKSU RES""";"=""10928268862""";"=""2890""";"=""AKSU ÇAMLICA RES""";0,98;158,96;0;3,05;;;;;;;;
"=""API""";"=""WIND""";"=""2026-04-27T15:10:00+03:00""";"=""OA_YTM""";"=""AKSU RES""";"=""10928268862""";"=""2890""";"=""AKSU ÇAMLICA RES""";0,98;158,96;0;3,05;;;;;;;;
"=""API""";"=""WIND""";"=""2026-04-27T15:11:00+03:00""";"=""OA_YTM""";"=""AKSU RES""";"=""10928268862""";"=""2890""";"=""AKSU ÇAMLICA RES""";0,98;159,07;0;3,11;;;;;;;;
"=""API""";"=""WIND""";"=""2026-04-27T15:12:00+03:00""";"=""OA_YTM""";"=""AKSU RES""";"=""10928268862""";"=""2890""";"=""AKSU ÇAMLICA RES""";0,98;158,65;0;3,11;;;;;;;;
"=""API""";"=""WIND""";"=""2026-04-27T15:13:00+03:00""";"=""OA_YTM""";"=""AKSU RES""";"=""10928268862""";"=""2890""";"=""AKSU ÇAMLICA RES""";0,98;158,96;0;3,11;;;;;;;;
"=""API""";"=""WIND""";"=""2026-04-27T15:14:00+03:00""";"=""OA_YTM""";"=""AKSU RES""";"=""10928268862""";"=""2890""";"=""AKSU ÇAMLICA RES""";0,98;158,96;0;3,11;;;;;;;;
"=""API""";"=""WIND""";"=""2026-04-27T15:15:00+03:00""";"=""OA_YTM""";"=""AKSU RES""";"=""10928268862""";"=""2890""";"=""AKSU ÇAMLICA RES""";0,98;159,06;0;3,11;;;;;;;;
"=""API""";"=""WIND""";"=""2026-04-27T15:16:00+03:00""";"=""OA_YTM""";"=""AKSU RES""";"=""10928268862""";"=""2890""";"=""AKSU ÇAMLICA RES""";0,98;159,48;0;3,15;;;;;;;;
"=""API""";"=""WIND""";"=""2026-04-27T15:17:00+03:00""";"=""OA_YTM""";"=""AKSU RES""";"=""10928268862""";"=""2890""";"=""AKSU ÇAMLICA RES""";0,98;159,37;0;3,15;;;;;;;;
"=""API""";"=""WIND""";"=""2026-04-27T15:18:00+03:00""";"=""OA_YTM""";"=""AKSU RES""";"=""10928268862""";"=""2890""";"=""AKSU ÇAMLICA RES""";0,98;159,27;0;3,15;;;;;;;;
"=""API""";"=""WIND""";"=""2026-04-27T15:19:00+03:00""";"=""OA_YTM""";"=""AKSU RES""";"=""10928268862""";"=""2890""";"=""AKSU ÇAMLICA RES""";0,98;158,96;0;3,12;;;;;;;;
"=""API""";"=""WIND""";"=""2026-04-27T15:20:00+03:00""";"=""OA_YTM""";"=""AKSU RES""";"=""10928268862""";"=""2890""";"=""AKSU ÇAMLICA RES""";0,98;159,01;0;3,12;;;;;;;;
"=""API""";"=""WIND""";"=""2026-04-27T15:21:00+03:00""";"=""OA_YTM""";"=""AKSU RES""";"=""10928268862""";"=""2890""";"=""AKSU ÇAMLICA RES""";0,98;159,53;0;3,06;;;;;;;;
"=""API""";"=""WIND""";"=""2026-04-27T15:22:00+03:00""";"=""OA_YTM""";"=""AKSU RES""";"=""10928268862""";"=""2890""";"=""AKSU ÇAMLICA RES""";0,98;159,32;0;3,06;;;;;;;;
"=""API""";"=""WIND""";"=""2026-04-27T15:23:00+03:00""";"=""OA_YTM""";"=""AKSU RES""";"=""10928268862""";"=""2890""";"=""AKSU ÇAMLICA RES""";0,98;159,58;0;3,1;;;;;;;;
"=""API""";"=""WIND""";"=""2026-04-27T15:24:00+03:00""";"=""OA_YTM""";"=""AKSU RES""";"=""10928268862""";"=""2890""";"=""AKSU ÇAMLICA RES""";0,98;159,17;0;3,1;;;;;;;;
"=""API""";"=""WIND""";"=""2026-04-27T15:25:00+03:00""";"=""OA_YTM""";"=""AKSU RES""";"=""10928268862""";"=""2890""";"=""AKSU ÇAMLICA RES""";0,98;158,86;0;3,1;;;;;;;;
"=""API""";"=""WIND""";"=""2026-04-27T15:26:00+03:00""";"=""OA_YTM""";"=""AKSU RES""";"=""10928268862""";"=""2890""";"=""AKSU ÇAMLICA RES""";0,98;158,76;0;3,1;;;;;;;;
"=""API""";"=""WIND""";"=""2026-04-27T15:27:00+03:00""";"=""OA_YTM""";"=""AKSU RES""";"=""10928268862""";"=""2890""";"=""AKSU ÇAMLICA RES""";0,98;158,86;0;3,1;;;;;;;;
"=""API""";"=""WIND""";"=""2026-04-27T15:28:00+03:00""";"=""OA_YTM""";"=""AKSU RES""";"=""10928268862""";"=""2890""";"=""AKSU ÇAMLICA RES""";0,98;158,55;0;3,1;;;;;;;;
"=""API""";"=""WIND""";"=""2026-04-27T15:29:00+03:00""";"=""OA_YTM""";"=""AKSU RES""";"=""10928268862""";"=""2890""";"=""AKSU ÇAMLICA RES""";0,98;158,76;0;3,08;;;;;;;;
"=""API""";"=""WIND""";"=""2026-04-27T15:30:00+03:00""";"=""OA_YTM""";"=""AKSU RES""";"=""10928268862""";"=""2890""";"=""AKSU ÇAMLICA RES""";0,98;158,76;0;3,07;;;;;;;;
"=""API""";"=""WIND""";"=""2026-04-27T15:31:00+03:00""";"=""OA_YTM""";"=""AKSU RES""";"=""10928268862""";"=""2890""";"=""AKSU ÇAMLICA RES""";0,98;158,6;0;3,07;;;;;;;;
"=""API""";"=""WIND""";"=""2026-04-27T15:32:00+03:00""";"=""OA_YTM""";"=""AKSU RES""";"=""10928268862""";"=""2890""";"=""AKSU ÇAMLICA RES""";0,98;158,65;0;3,07;;;;;;;;
"=""API""";"=""WIND""";"=""2026-04-27T15:33:00+03:00""";"=""OA_YTM""";"=""AKSU RES""";"=""10928268862""";"=""2890""";"=""AKSU ÇAMLICA RES""";0,98;158,76;0;3,07;;;;;;;;
"=""API""";"=""WIND""";"=""2026-04-27T15:34:00+03:00""";"=""OA_YTM""";"=""AKSU RES""";"=""10928268862""";"=""2890""";"=""AKSU ÇAMLICA RES""";0,98;158,6;0;3,04;;;;;;;;
"=""API""";"=""WIND""";"=""2026-04-27T15:35:00+03:00""";"=""OA_YTM""";"=""AKSU RES""";"=""10928268862""";"=""2890""";"=""AKSU ÇAMLICA RES""";0,98;158,55;0;3,08;;;;;;;;
"=""API""";"=""WIND""";"=""2026-04-27T15:36:00+03:00""";"=""OA_YTM""";"=""AKSU RES""";"=""10928268862""";"=""2890""";"=""AKSU ÇAMLICA RES""";0,98;158,76;0;3,12;;;;;;;;
"=""API""";"=""WIND""";"=""2026-04-27T15:37:00+03:00""";"=""OA_YTM""";"=""AKSU RES""";"=""10928268862""";"=""2890""";"=""AKSU ÇAMLICA RES""";0,98;158,55;0;3,07;;;;;;;;
"=""API""";"=""WIND""";"=""2026-04-27T15:38:00+03:00""";"=""OA_YTM""";"=""AKSU RES""";"=""10928268862""";"=""2890""";"=""AKSU ÇAMLICA RES""";0,98;158,6;0;3,08;;;;;;;;
"=""API""";"=""WIND""";"=""2026-04-27T15:39:00+03:00""";"=""OA_YTM""";"=""AKSU RES""";"=""10928268862""";"=""2890""";"=""AKSU ÇAMLICA RES""";0,98;158,81;0;3,12;;;;;;;;
"=""API""";"=""WIND""";"=""2026-04-27T15:40:00+03:00""";"=""OA_YTM""";"=""AKSU RES""";"=""10928268862""";"=""2890""";"=""AKSU ÇAMLICA RES""";0,98;159,73;0;3,12;;;;;;;;
"=""API""";"=""WIND""";"=""2026-04-27T15:41:00+03:00""";"=""OA_YTM""";"=""AKSU RES""";"=""10928268862""";"=""2890""";"=""AKSU ÇAMLICA RES""";0,98;159,63;0;3,12;;;;;;;;
"=""API""";"=""WIND""";"=""2026-04-27T15:42:00+03:00""";"=""OA_YTM""";"=""AKSU RES""";"=""10928268862""";"=""2890""";"=""AKSU ÇAMLICA RES""";0,98;159,38;0;3,12;;;;;;;;
"=""API""";"=""WIND""";"=""2026-04-27T15:43:00+03:00""";"=""OA_YTM""";"=""AKSU RES""";"=""10928268862""";"=""2890""";"=""AKSU ÇAMLICA RES""";0,98;159,38;0;3,08;;;;;;;;
"=""API""";"=""WIND""";"=""2026-04-27T15:44:00+03:00""";"=""OA_YTM""";"=""AKSU RES""";"=""10928268862""";"=""2890""";"=""AKSU ÇAMLICA RES""";0,98;159,12;0;3,08;;;;;;;;
"=""API""";"=""WIND""";"=""2026-04-27T15:45:00+03:00""";"=""OA_YTM""";"=""AKSU RES""";"=""10928268862""";"=""2890""";"=""AKSU ÇAMLICA RES""";0,98;159,63;0;3,13;;;;;;;;
"=""API""";"=""WIND""";"=""2026-04-27T15:46:00+03:00""";"=""OA_YTM""";"=""AKSU RES""";"=""10928268862""";"=""2890""";"=""AKSU ÇAMLICA RES""";0,98;159,38;0;3,13;;;;;;;;
"=""API""";"=""WIND""";"=""2026-04-27T15:47:00+03:00""";"=""OA_YTM""";"=""AKSU RES""";"=""10928268862""";"=""2890""";"=""AKSU ÇAMLICA RES""";0,98;158,96;0;3,13;;;;;;;;
"=""API""";"=""WIND""";"=""2026-04-27T15:48:00+03:00""";"=""OA_YTM""";"=""AKSU RES""";"=""10928268862""";"=""2890""";"=""AKSU ÇAMLICA RES""";0,98;159,43;0;3,06;;;;;;;;
"=""API""";"=""WIND""";"=""2026-04-27T15:49:00+03:00""";"=""OA_YTM""";"=""AKSU RES""";"=""10928268862""";"=""2890""";"=""AKSU ÇAMLICA RES""";0,98;159,17;0;3,12;;;;;;;;
"=""API""";"=""WIND""";"=""2026-04-27T15:50:00+03:00""";"=""OA_YTM""";"=""AKSU RES""";"=""10928268862""";"=""2890""";"=""AKSU ÇAMLICA RES""";0,98;159,38;0;3,12;;;;;;;;
"=""API""";"=""WIND""";"=""2026-04-27T15:51:00+03:00""";"=""OA_YTM""";"=""AKSU RES""";"=""10928268862""";"=""2890""";"=""AKSU ÇAMLICA RES""";0,98;159,22;0;3,12;;;;;;;;
"=""API""";"=""WIND""";"=""2026-04-27T15:52:00+03:00""";"=""OA_YTM""";"=""AKSU RES""";"=""10928268862""";"=""2890""";"=""AKSU ÇAMLICA RES""";0,98;157,88;0;3,12;;;;;;;;
"=""API""";"=""WIND""";"=""2026-04-27T15:53:00+03:00""";"=""OA_YTM""";"=""AKSU RES""";"=""10928268862""";"=""2890""";"=""AKSU ÇAMLICA RES""";0,98;158,5;0;3,12;;;;;;;;
"=""API""";"=""WIND""";"=""2026-04-27T15:54:00+03:00""";"=""OA_YTM""";"=""AKSU RES""";"=""10928268862""";"=""2890""";"=""AKSU ÇAMLICA RES""";0,98;158,4;0;3,12;;;;;;;;
"=""API""";"=""WIND""";"=""2026-04-27T15:55:00+03:00""";"=""OA_YTM""";"=""AKSU RES""";"=""10928268862""";"=""2890""";"=""AKSU ÇAMLICA RES""";0,98;158,45;0;3,07;;;;;;;;
"=""API""";"=""WIND""";"=""2026-04-27T15:56:00+03:00""";"=""OA_YTM""";"=""AKSU RES""";"=""10928268862""";"=""2890""";"=""AKSU ÇAMLICA RES""";0,98;158,76;0;3,07;;;;;;;;
"=""API""";"=""WIND""";"=""2026-04-27T15:57:00+03:00""";"=""OA_YTM""";"=""AKSU RES""";"=""10928268862""";"=""2890""";"=""AKSU ÇAMLICA RES""";0,98;158,96;0;3,07;;;;;;;;
"=""API""";"=""WIND""";"=""2026-04-27T15:58:00+03:00""";"=""OA_YTM""";"=""AKSU RES""";"=""10928268862""";"=""2890""";"=""AKSU ÇAMLICA RES""";0,98;158,65;0;3,07;;;;;;;;
"=""API""";"=""WIND""";"=""2026-04-27T15:59:00+03:00""";"=""OA_YTM""";"=""AKSU RES""";"=""10928268862""";"=""2890""";"=""AKSU ÇAMLICA RES""";0,98;159,17;0;3,07;;;;;;;;
"=""API""";"=""WIND""";"=""2026-04-27T16:00:00+03:00""";"=""OA_YTM""";"=""AKSU RES""";"=""10928268862""";"=""2890""";"=""AKSU ÇAMLICA RES""";0,98;159,48;0;3,07;;;;;;;;
"=""API""";"=""WIND""";"=""2026-04-27T16:01:00+03:00""";"=""OA_YTM""";"=""AKSU RES""";"=""10928268862""";"=""2890""";"=""AKSU ÇAMLICA RES""";0,98;159,78;0;3,1;;;;;;;;
"=""API""";"=""WIND""";"=""2026-04-27T16:02:00+03:00""";"=""OA_YTM""";"=""AKSU RES""";"=""10928268862""";"=""2890""";"=""AKSU ÇAMLICA RES""";0,98;159,94;0;3,1;;;;;;;;
"=""API""";"=""WIND""";"=""2026-04-27T16:03:00+03:00""";"=""OA_YTM""";"=""AKSU RES""";"=""10928268862""";"=""2890""";"=""AKSU ÇAMLICA RES""";0,98;159,94;0;3,1;;;;;;;;
"=""API""";"=""WIND""";"=""2026-04-27T16:04:00+03:00""";"=""OA_YTM""";"=""AKSU RES""";"=""10928268862""";"=""2890""";"=""AKSU ÇAMLICA RES""";0,98;159,84;0;3,1;;;;;;;;
"=""API""";"=""WIND""";"=""2026-04-27T16:05:00+03:00""";"=""OA_YTM""";"=""AKSU RES""";"=""10928268862""";"=""2890""";"=""AKSU ÇAMLICA RES""";0,98;160,2;0;3,14;;;;;;;;
"=""API""";"=""WIND""";"=""2026-04-27T16:06:00+03:00""";"=""OA_YTM""";"=""AKSU RES""";"=""10928268862""";"=""2890""";"=""AKSU ÇAMLICA RES""";0,98;160,04;0;3,14;;;;;;;;
"=""API""";"=""WIND""";"=""2026-04-27T16:07:00+03:00""";"=""OA_YTM""";"=""AKSU RES""";"=""10928268862""";"=""2890""";"=""AKSU ÇAMLICA RES""";0,98;160,04;0;3,16;;;;;;;;
"=""API""";"=""WIND""";"=""2026-04-27T16:08:00+03:00""";"=""OA_YTM""";"=""AKSU RES""";"=""10928268862""";"=""2890""";"=""AKSU ÇAMLICA RES""";0,98;159,94;0;3,14;;;;;;;;
"=""API""";"=""WIND""";"=""2026-04-27T16:09:00+03:00""";"=""OA_YTM""";"=""AKSU RES""";"=""10928268862""";"=""2890""";"=""AKSU ÇAMLICA RES""";0,98;159,94;0;3,14;;;;;;;;
"=""API""";"=""WIND""";"=""2026-04-27T16:10:00+03:00""";"=""OA_YTM""";"=""AKSU RES""";"=""10928268862""";"=""2890""";"=""AKSU ÇAMLICA RES""";0,98;159,63;0;3,14;;;;;;;;
"=""API""";"=""WIND""";"=""2026-04-27T16:11:00+03:00""";"=""OA_YTM""";"=""AKSU RES""";"=""10928268862""";"=""2890""";"=""AKSU ÇAMLICA RES""";0,98;159,43;0;3,08;;;;;;;;
"=""API""";"=""WIND""";"=""2026-04-27T16:12:00+03:00""";"=""OA_YTM""";"=""AKSU RES""";"=""10928268862""";"=""2890""";"=""AKSU ÇAMLICA RES""";0,98;159,73;0;3,08;;;;;;;;
"=""API""";"=""WIND""";"=""2026-04-27T16:13:00+03:00""";"=""OA_YTM""";"=""AKSU RES""";"=""10928268862""";"=""2890""";"=""AKSU ÇAMLICA RES""";0,98;160,25;0;3,08;;;;;;;;
"=""API""";"=""WIND""";"=""2026-04-27T16:14:00+03:00""";"=""OA_YTM""";"=""AKSU RES""";"=""10928268862""";"=""2890""";"=""AKSU ÇAMLICA RES""";0,98;160,09;0;3,08;;;;;;;;
"=""API""";"=""WIND""";"=""2026-04-27T16:15:00+03:00""";"=""OA_YTM""";"=""AKSU RES""";"=""10928268862""";"=""2890""";"=""AKSU ÇAMLICA RES""";0,98;160,09;0;3,04;;;;;;;;
"=""API""";"=""WIND""";"=""2026-04-27T16:16:00+03:00""";"=""OA_YTM""";"=""AKSU RES""";"=""10928268862""";"=""2890""";"=""AKSU ÇAMLICA RES""";0,98;159,63;0;3,08;;;;;;;;
"=""API""";"=""WIND""";"=""2026-04-27T16:17:00+03:00""";"=""OA_YTM""";"=""AKSU RES""";"=""10928268862""";"=""2890""";"=""AKSU ÇAMLICA RES""";0,98;159,32;0;3,08;;;;;;;;
"=""API""";"=""WIND""";"=""2026-04-27T16:18:00+03:00""";"=""OA_YTM""";"=""AKSU RES""";"=""10928268862""";"=""2890""";"=""AKSU ÇAMLICA RES""";0,98;159,79;0;3,06;;;;;;;;
"=""API""";"=""WIND""";"=""2026-04-27T16:19:00+03:00""";"=""OA_YTM""";"=""AKSU RES""";"=""10928268862""";"=""2890""";"=""AKSU ÇAMLICA RES""";0,98;159,17;0;3,06;;;;;;;;
"=""API""";"=""WIND""";"=""2026-04-27T16:20:00+03:00""";"=""OA_YTM""";"=""AKSU RES""";"=""10928268862""";"=""2890""";"=""AKSU ÇAMLICA RES""";0,98;159,38;0;3,06;;;;;;;;
"=""API""";"=""WIND""";"=""2026-04-27T16:21:00+03:00""";"=""OA_YTM""";"=""AKSU RES""";"=""10928268862""";"=""2890""";"=""AKSU ÇAMLICA RES""";0,98;159,27;0;3,13;;;;;;;;
"=""API""";"=""WIND""";"=""2026-04-27T16:22:00+03:00""";"=""OA_YTM""";"=""AKSU RES""";"=""10928268862""";"=""2890""";"=""AKSU ÇAMLICA RES""";0,98;159,53;0;3,13;;;;;;;;
"=""API""";"=""WIND""";"=""2026-04-27T16:23:00+03:00""";"=""OA_YTM""";"=""AKSU RES""";"=""10928268862""";"=""2890""";"=""AKSU ÇAMLICA RES""";0,98;159,22;0;3,08;;;;;;;;
"=""API""";"=""WIND""";"=""2026-04-27T16:24:00+03:00""";"=""OA_YTM""";"=""AKSU RES""";"=""10928268862""";"=""2890""";"=""AKSU ÇAMLICA RES""";0,98;159,17;0;3,08;;;;;;;;
"=""API""";"=""WIND""";"=""2026-04-27T16:25:00+03:00""";"=""OA_YTM""";"=""AKSU RES""";"=""10928268862""";"=""2890""";"=""AKSU ÇAMLICA RES""";0,98;158,86;0;3,02;;;;;;;;
"=""API""";"=""WIND""";"=""2026-04-27T16:26:00+03:00""";"=""OA_YTM""";"=""AKSU RES""";"=""10928268862""";"=""2890""";"=""AKSU ÇAMLICA RES""";0,98;158,55;0;3,02;;;;;;;;
"=""API""";"=""WIND""";"=""2026-04-27T16:27:00+03:00""";"=""OA_YTM""";"=""AKSU RES""";"=""10928268862""";"=""2890""";"=""AKSU ÇAMLICA RES""";0,98;158,91;0;3,08;;;;;;;;
"=""API""";"=""WIND""";"=""2026-04-27T16:28:00+03:00""";"=""OA_YTM""";"=""AKSU RES""";"=""10928268862""";"=""2890""";"=""AKSU ÇAMLICA RES""";0,98;159,12;0;3,05;;;;;;;;
"=""API""";"=""WIND""";"=""2026-04-27T16:29:00+03:00""";"=""OA_YTM""";"=""AKSU RES""";"=""10928268862""";"=""2890""";"=""AKSU ÇAMLICA RES""";0,98;160,45;0;3,01;;;;;;;;
"=""API""";"=""WIND""";"=""2026-04-27T16:30:00+03:00""";"=""OA_YTM""";"=""AKSU RES""";"=""10928268862""";"=""2890""";"=""AKSU ÇAMLICA RES""";0,98;159,78;0;3,01;;;;;;;;
"=""API""";"=""WIND""";"=""2026-04-27T16:31:00+03:00""";"=""OA_YTM""";"=""AKSU RES""";"=""10928268862""";"=""2890""";"=""AKSU ÇAMLICA RES""";0,98;159,84;0;3,06;;;;;;;;
"=""API""";"=""WIND""";"=""2026-04-27T16:32:00+03:00""";"=""OA_YTM""";"=""AKSU RES""";"=""10928268862""";"=""2890""";"=""AKSU ÇAMLICA RES""";0,98;159,84;0;3,09;;;;;;;;
"=""API""";"=""WIND""";"=""2026-04-27T16:33:00+03:00""";"=""OA_YTM""";"=""AKSU RES""";"=""10928268862""";"=""2890""";"=""AKSU ÇAMLICA RES""";0,98;159,27;0;3,09;;;;;;;;
"=""API""";"=""WIND""";"=""2026-04-27T16:34:00+03:00""";"=""OA_YTM""";"=""AKSU RES""";"=""10928268862""";"=""2890""";"=""AKSU ÇAMLICA RES""";0,98;159,06;0;3,09;;;;;;;;
"=""API""";"=""WIND""";"=""2026-04-27T16:35:00+03:00""";"=""OA_YTM""";"=""AKSU RES""";"=""10928268862""";"=""2890""";"=""AKSU ÇAMLICA RES""";0,98;159,84;0;3,01;;;;;;;;
"=""API""";"=""WIND""";"=""2026-04-27T16:36:00+03:00""";"=""OA_YTM""";"=""AKSU RES""";"=""10928268862""";"=""2890""";"=""AKSU ÇAMLICA RES""";0,98;159,58;0;3,06;;;;;;;;
"=""API""";"=""WIND""";"=""2026-04-27T16:37:00+03:00""";"=""OA_YTM""";"=""AKSU RES""";"=""10928268862""";"=""2890""";"=""AKSU ÇAMLICA RES""";0,98;159,68;0;3,06;;;;;;;;
"=""API""";"=""WIND""";"=""2026-04-27T16:38:00+03:00""";"=""OA_YTM""";"=""AKSU RES""";"=""10928268862""";"=""2890""";"=""AKSU ÇAMLICA RES""";0,98;159,32;0;3,06;;;;;;;;
"=""API""";"=""WIND""";"=""2026-04-27T16:39:00+03:00""";"=""OA_YTM""";"=""AKSU RES""";"=""10928268862""";"=""2890""";"=""AKSU ÇAMLICA RES""";0,98;159,58;0;3,06;;;;;;;;
"=""API""";"=""WIND""";"=""2026-04-27T16:40:00+03:00""";"=""OA_YTM""";"=""AKSU RES""";"=""10928268862""";"=""2890""";"=""AKSU ÇAMLICA RES""";0,98;159,68;0;3,06;;;;;;;;
"=""API""";"=""WIND""";"=""2026-04-27T16:41:00+03:00""";"=""OA_YTM""";"=""AKSU RES""";"=""10928268862""";"=""2890""";"=""AKSU ÇAMLICA RES""";0,98;159,68;0;3,06;;;;;;;;
"=""API""";"=""WIND""";"=""2026-04-27T16:42:00+03:00""";"=""OA_YTM""";"=""AKSU RES""";"=""10928268862""";"=""2890""";"=""AKSU ÇAMLICA RES""";0,98;159,68;0;3,06;;;;;;;;
"=""API""";"=""WIND""";"=""2026-04-27T16:43:00+03:00""";"=""OA_YTM""";"=""AKSU RES""";"=""10928268862""";"=""2890""";"=""AKSU ÇAMLICA RES""";0,98;159,58;0;3,06;;;;;;;;
"=""API""";"=""WIND""";"=""2026-04-27T16:44:00+03:00""";"=""OA_YTM""";"=""AKSU RES""";"=""10928268862""";"=""2890""";"=""AKSU ÇAMLICA RES""";0,98;159,53;0;3,06;;;;;;;;
"=""API""";"=""WIND""";"=""2026-04-27T16:45:00+03:00""";"=""OA_YTM""";"=""AKSU RES""";"=""10928268862""";"=""2890""";"=""AKSU ÇAMLICA RES""";0,98;159,68;0;3,11;;;;;;;;
"=""API""";"=""WIND""";"=""2026-04-27T16:46:00+03:00""";"=""OA_YTM""";"=""AKSU RES""";"=""10928268862""";"=""2890""";"=""AKSU ÇAMLICA RES""";0,98;159,73;0;3,11;;;;;;;;
"=""API""";"=""WIND""";"=""2026-04-27T16:47:00+03:00""";"=""OA_YTM""";"=""AKSU RES""";"=""10928268862""";"=""2890""";"=""AKSU ÇAMLICA RES""";0,98;159,58;0;3,03;;;;;;;;
"=""API""";"=""WIND""";"=""2026-04-27T16:48:00+03:00""";"=""OA_YTM""";"=""AKSU RES""";"=""10928268862""";"=""2890""";"=""AKSU ÇAMLICA RES""";0,98;159,84;0;3,03;;;;;;;;
"=""API""";"=""WIND""";"=""2026-04-27T16:49:00+03:00""";"=""OA_YTM""";"=""AKSU RES""";"=""10928268862""";"=""2890""";"=""AKSU ÇAMLICA RES""";0,98;159,48;0;3,06;;;;;;;;
"=""API""";"=""WIND""";"=""2026-04-27T16:50:00+03:00""";"=""OA_YTM""";"=""AKSU RES""";"=""10928268862""";"=""2890""";"=""AKSU ÇAMLICA RES""";0,98;160,45;0;3,06;;;;;;;;
"=""API""";"=""WIND""";"=""2026-04-27T16:51:00+03:00""";"=""OA_YTM""";"=""AKSU RES""";"=""10928268862""";"=""2890""";"=""AKSU ÇAMLICA RES""";0,98;159,63;0;3,06;;;;;;;;
"=""API""";"=""WIND""";"=""2026-04-27T16:52:00+03:00""";"=""OA_YTM""";"=""AKSU RES""";"=""10928268862""";"=""2890""";"=""AKSU ÇAMLICA RES""";0,98;159,94;0;3,1;;;;;;;;
"=""API""";"=""WIND""";"=""2026-04-27T16:53:00+03:00""";"=""OA_YTM""";"=""AKSU RES""";"=""10928268862""";"=""2890""";"=""AKSU ÇAMLICA RES""";0,98;159,89;0;3,1;;;;;;;;
"=""API""";"=""WIND""";"=""2026-04-27T16:54:00+03:00""";"=""OA_YTM""";"=""AKSU RES""";"=""10928268862""";"=""2890""";"=""AKSU ÇAMLICA RES""";0,98;159,94;0;3,1;;;;;;;;
"=""API""";"=""WIND""";"=""2026-04-27T16:55:00+03:00""";"=""OA_YTM""";"=""AKSU RES""";"=""10928268862""";"=""2890""";"=""AKSU ÇAMLICA RES""";0,98;160,04;0;3,1;;;;;;;;
"=""API""";"=""WIND""";"=""2026-04-27T16:56:00+03:00""";"=""OA_YTM""";"=""AKSU RES""";"=""10928268862""";"=""2890""";"=""AKSU ÇAMLICA RES""";0,98;159,48;0;3,12;;;;;;;;
"=""API""";"=""WIND""";"=""2026-04-27T16:57:00+03:00""";"=""OA_YTM""";"=""AKSU RES""";"=""10928268862""";"=""2890""";"=""AKSU ÇAMLICA RES""";0,98;159,53;0;3,07;;;;;;;;
"=""API""";"=""WIND""";"=""2026-04-27T16:58:00+03:00""";"=""OA_YTM""";"=""AKSU RES""";"=""10928268862""";"=""2890""";"=""AKSU ÇAMLICA RES""";0,98;159,73;0;3,07;;;;;;;;
"=""API""";"=""WIND""";"=""2026-04-27T16:59:00+03:00""";"=""OA_YTM""";"=""AKSU RES""";"=""10928268862""";"=""2890""";"=""AKSU ÇAMLICA RES""";0,98;159,89;0;3,12;;;;;;;;
"=""API""";"=""WIND""";"=""2026-04-27T17:00:00+03:00""";"=""OA_YTM""";"=""AKSU RES""";"=""10928268862""";"=""2890""";"=""AKSU ÇAMLICA RES""";0,98;160,4;0;3,06;;;;;;;;
"=""API""";"=""WIND""";"=""2026-04-27T17:01:00+03:00""";"=""OA_YTM""";"=""AKSU RES""";"=""10928268862""";"=""2890""";"=""AKSU ÇAMLICA RES""";0,98;159,84;0;3,06;;;;;;;;
"=""API""";"=""WIND""";"=""2026-04-27T17:02:00+03:00""";"=""OA_YTM""";"=""AKSU RES""";"=""10928268862""";"=""2890""";"=""AKSU ÇAMLICA RES""";0,98;160,45;0;3,08;;;;;;;;
"=""API""";"=""WIND""";"=""2026-04-27T17:03:00+03:00""";"=""OA_YTM""";"=""AKSU RES""";"=""10928268862""";"=""2890""";"=""AKSU ÇAMLICA RES""";0,98;160,56;0;3,08;;;;;;;;
"=""API""";"=""WIND""";"=""2026-04-27T17:04:00+03:00""";"=""OA_YTM""";"=""AKSU RES""";"=""10928268862""";"=""2890""";"=""AKSU ÇAMLICA RES""";0,98;160,35;0;3;;;;;;;;
"=""API""";"=""WIND""";"=""2026-04-27T17:05:00+03:00""";"=""OA_YTM""";"=""AKSU RES""";"=""10928268862""";"=""2890""";"=""AKSU ÇAMLICA RES""";0,98;160,25;0;3;;;;;;;;
"=""API""";"=""WIND""";"=""2026-04-27T17:06:00+03:00""";"=""OA_YTM""";"=""AKSU RES""";"=""10928268862""";"=""2890""";"=""AKSU ÇAMLICA RES""";0,98;160,56;0;3;;;;;;;;
"=""API""";"=""WIND""";"=""2026-04-27T17:07:00+03:00""";"=""OA_YTM""";"=""AKSU RES""";"=""10928268862""";"=""2890""";"=""AKSU ÇAMLICA RES""";0,98;160,56;0;3;;;;;;;;
"=""API""";"=""WIND""";"=""2026-04-27T17:08:00+03:00""";"=""OA_YTM""";"=""AKSU RES""";"=""10928268862""";"=""2890""";"=""AKSU ÇAMLICA RES""";0,98;160,04;0;3;;;;;;;;
"=""API""";"=""WIND""";"=""2026-04-27T17:09:00+03:00""";"=""OA_YTM""";"=""AKSU RES""";"=""10928268862""";"=""2890""";"=""AKSU ÇAMLICA RES""";0,98;160,2;0;3;;;;;;;;
"=""API""";"=""WIND""";"=""2026-04-27T17:10:00+03:00""";"=""OA_YTM""";"=""AKSU RES""";"=""10928268862""";"=""2890""";"=""AKSU ÇAMLICA RES""";0,98;159,89;0;3;;;;;;;;
"=""API""";"=""WIND""";"=""2026-04-27T17:11:00+03:00""";"=""OA_YTM""";"=""AKSU RES""";"=""10928268862""";"=""2890""";"=""AKSU ÇAMLICA RES""";0,98;159,78;0;3,07;;;;;;;;
"=""API""";"=""WIND""";"=""2026-04-27T17:12:00+03:00""";"=""OA_YTM""";"=""AKSU RES""";"=""10928268862""";"=""2890""";"=""AKSU ÇAMLICA RES""";0,98;160,4;0;3,07;;;;;;;;
"=""API""";"=""WIND""";"=""2026-04-27T17:13:00+03:00""";"=""OA_YTM""";"=""AKSU RES""";"=""10928268862""";"=""2890""";"=""AKSU ÇAMLICA RES""";0,98;160,14;0;3,07;;;;;;;;
"=""API""";"=""WIND""";"=""2026-04-27T17:14:00+03:00""";"=""OA_YTM""";"=""AKSU RES""";"=""10928268862""";"=""2890""";"=""AKSU ÇAMLICA RES""";0,98;160,14;0;3,07;;;;;;;;
"=""API""";"=""WIND""";"=""2026-04-27T17:15:00+03:00""";"=""OA_YTM""";"=""AKSU RES""";"=""10928268862""";"=""2890""";"=""AKSU ÇAMLICA RES""";0,98;160,14;0;3,09;;;;;;;;
"=""API""";"=""WIND""";"=""2026-04-27T17:16:00+03:00""";"=""OA_YTM""";"=""AKSU RES""";"=""10928268862""";"=""2890""";"=""AKSU ÇAMLICA RES""";0,98;160,45;0;3,09;;;;;;;;
"=""API""";"=""WIND""";"=""2026-04-27T17:17:00+03:00""";"=""OA_YTM""";"=""AKSU RES""";"=""10928268862""";"=""2890""";"=""AKSU ÇAMLICA RES""";0,98;160,45;0;3,09;;;;;;;;
"=""API""";"=""WIND""";"=""2026-04-27T17:18:00+03:00""";"=""OA_YTM""";"=""AKSU RES""";"=""10928268862""";"=""2890""";"=""AKSU ÇAMLICA RES""";0,98;160,76;0;3,09;;;;;;;;
"=""API""";"=""WIND""";"=""2026-04-27T17:19:00+03:00""";"=""OA_YTM""";"=""AKSU RES""";"=""10928268862""";"=""2890""";"=""AKSU ÇAMLICA RES""";0,98;161,07;0;3,02;;;;;;;;
"=""API""";"=""WIND""";"=""2026-04-27T17:20:00+03:00""";"=""OA_YTM""";"=""AKSU RES""";"=""10928268862""";"=""2890""";"=""AKSU ÇAMLICA RES""";0,98;160,45;0;3,07;;;;;;;;
"=""API""";"=""WIND""";"=""2026-04-27T17:21:00+03:00""";"=""OA_YTM""";"=""AKSU RES""";"=""10928268862""";"=""2890""";"=""AKSU ÇAMLICA RES""";0,98;160,25;0;3,07;;;;;;;;
"=""API""";"=""WIND""";"=""2026-04-27T17:22:00+03:00""";"=""OA_YTM""";"=""AKSU RES""";"=""10928268862""";"=""2890""";"=""AKSU ÇAMLICA RES""";0,98;160,25;0;3,12;;;;;;;;
"=""API""";"=""WIND""";"=""2026-04-27T17:23:00+03:00""";"=""OA_YTM""";"=""AKSU RES""";"=""10928268862""";"=""2890""";"=""AKSU ÇAMLICA RES""";0,98;160,25;0;3,12;;;;;;;;
"=""API""";"=""WIND""";"=""2026-04-27T17:24:00+03:00""";"=""OA_YTM""";"=""AKSU RES""";"=""10928268862""";"=""2890""";"=""AKSU ÇAMLICA RES""";0,98;160,2;0;3,12;;;;;;;;
"=""API""";"=""WIND""";"=""2026-04-27T17:25:00+03:00""";"=""OA_YTM""";"=""AKSU RES""";"=""10928268862""";"=""2890""";"=""AKSU ÇAMLICA RES""";0,98;160,09;0;3,07;;;;;;;;
"=""API""";"=""WIND""";"=""2026-04-27T17:26:00+03:00""";"=""OA_YTM""";"=""AKSU RES""";"=""10928268862""";"=""2890""";"=""AKSU ÇAMLICA RES""";0,98;159,89;0;3,03;;;;;;;;
"=""API""";"=""WIND""";"=""2026-04-27T17:27:00+03:00""";"=""OA_YTM""";"=""AKSU RES""";"=""10928268862""";"=""2890""";"=""AKSU ÇAMLICA RES""";0,98;159,89;0;3,03;;;;;;;;
"=""API""";"=""WIND""";"=""2026-04-27T17:28:00+03:00""";"=""OA_YTM""";"=""AKSU RES""";"=""10928268862""";"=""2890""";"=""AKSU ÇAMLICA RES""";0,98;160,4;0;3,11;;;;;;;;
"=""API""";"=""WIND""";"=""2026-04-27T17:29:00+03:00""";"=""OA_YTM""";"=""AKSU RES""";"=""10928268862""";"=""2890""";"=""AKSU ÇAMLICA RES""";0,98;160,3;0;3,11;;;;;;;;
"=""API""";"=""WIND""";"=""2026-04-27T17:30:00+03:00""";"=""OA_YTM""";"=""AKSU RES""";"=""10928268862""";"=""2890""";"=""AKSU ÇAMLICA RES""";0,98;160,2;0;3,06;;;;;;;;
"=""API""";"=""WIND""";"=""2026-04-27T17:31:00+03:00""";"=""OA_YTM""";"=""AKSU RES""";"=""10928268862""";"=""2890""";"=""AKSU ÇAMLICA RES""";0,98;160,3;0;3,15;;;;;;;;
"=""API""";"=""WIND""";"=""2026-04-27T17:32:00+03:00""";"=""OA_YTM""";"=""AKSU RES""";"=""10928268862""";"=""2890""";"=""AKSU ÇAMLICA RES""";0,98;160,2;0;3,06;;;;;;;;
"=""API""";"=""WIND""";"=""2026-04-27T17:33:00+03:00""";"=""OA_YTM""";"=""AKSU RES""";"=""10928268862""";"=""2890""";"=""AKSU ÇAMLICA RES""";0,98;160,45;0;3,11;;;;;;;;
"=""API""";"=""WIND""";"=""2026-04-27T17:34:00+03:00""";"=""OA_YTM""";"=""AKSU RES""";"=""10928268862""";"=""2890""";"=""AKSU ÇAMLICA RES""";0,98;160,3;0;3,15;;;;;;;;
"=""API""";"=""WIND""";"=""2026-04-27T17:35:00+03:00""";"=""OA_YTM""";"=""AKSU RES""";"=""10928268862""";"=""2890""";"=""AKSU ÇAMLICA RES""";0,98;160,45;0;3,15;;;;;;;;
"=""API""";"=""WIND""";"=""2026-04-27T17:36:00+03:00""";"=""OA_YTM""";"=""AKSU RES""";"=""10928268862""";"=""2890""";"=""AKSU ÇAMLICA RES""";0,98;160,3;0;3,11;;;;;;;;
"=""API""";"=""WIND""";"=""2026-04-27T17:37:00+03:00""";"=""OA_YTM""";"=""AKSU RES""";"=""10928268862""";"=""2890""";"=""AKSU ÇAMLICA RES""";0,98;160,09;0;3,07;;;;;;;;
"=""API""";"=""WIND""";"=""2026-04-27T17:38:00+03:00""";"=""OA_YTM""";"=""AKSU RES""";"=""10928268862""";"=""2890""";"=""AKSU ÇAMLICA RES""";0,98;160,2;0;3,07;;;;;;;;
"=""API""";"=""WIND""";"=""2026-04-27T17:39:00+03:00""";"=""OA_YTM""";"=""AKSU RES""";"=""10928268862""";"=""2890""";"=""AKSU ÇAMLICA RES""";0,98;160,2;0;3,11;;;;;;;;
"=""API""";"=""WIND""";"=""2026-04-27T17:40:00+03:00""";"=""OA_YTM""";"=""AKSU RES""";"=""10928268862""";"=""2890""";"=""AKSU ÇAMLICA RES""";0,98;160,3;0;3,05;;;;;;;;
"=""API""";"=""WIND""";"=""2026-04-27T17:41:00+03:00""";"=""OA_YTM""";"=""AKSU RES""";"=""10928268862""";"=""2890""";"=""AKSU ÇAMLICA RES""";0,98;160,14;0;3,1;;;;;;;;
"=""API""";"=""WIND""";"=""2026-04-27T17:42:00+03:00""";"=""OA_YTM""";"=""AKSU RES""";"=""10928268862""";"=""2890""";"=""AKSU ÇAMLICA RES""";0,98;160,14;0;3,11;;;;;;;;
"=""API""";"=""WIND""";"=""2026-04-27T17:43:00+03:00""";"=""OA_YTM""";"=""AKSU RES""";"=""10928268862""";"=""2890""";"=""AKSU ÇAMLICA RES""";0,98;160,35;0;3,11;;;;;;;;
"=""API""";"=""WIND""";"=""2026-04-27T17:44:00+03:00""";"=""OA_YTM""";"=""AKSU RES""";"=""10928268862""";"=""2890""";"=""AKSU ÇAMLICA RES""";0,98;159,89;0;3,05;;;;;;;;
"=""API""";"=""WIND""";"=""2026-04-27T17:45:00+03:00""";"=""OA_YTM""";"=""AKSU RES""";"=""10928268862""";"=""2890""";"=""AKSU ÇAMLICA RES""";0,98;160,14;0;3,1;;;;;;;;
"=""API""";"=""WIND""";"=""2026-04-27T17:46:00+03:00""";"=""OA_YTM""";"=""AKSU RES""";"=""10928268862""";"=""2890""";"=""AKSU ÇAMLICA RES""";0,98;160,14;0;3,13;;;;;;;;
"=""API""";"=""WIND""";"=""2026-04-27T17:47:00+03:00""";"=""OA_YTM""";"=""AKSU RES""";"=""10928268862""";"=""2890""";"=""AKSU ÇAMLICA RES""";0,98;160,3;0;3,13;;;;;;;;
"=""API""";"=""WIND""";"=""2026-04-27T17:48:00+03:00""";"=""OA_YTM""";"=""AKSU RES""";"=""10928268862""";"=""2890""";"=""AKSU ÇAMLICA RES""";0,98;159,99;0;3,13;;;;;;;;
"=""API""";"=""WIND""";"=""2026-04-27T17:49:00+03:00""";"=""OA_YTM""";"=""AKSU RES""";"=""10928268862""";"=""2890""";"=""AKSU ÇAMLICA RES""";0,98;159,99;0;3,1;;;;;;;;
"=""API""";"=""WIND""";"=""2026-04-27T17:50:00+03:00""";"=""OA_YTM""";"=""AKSU RES""";"=""10928268862""";"=""2890""";"=""AKSU ÇAMLICA RES""";0,98;159,79;0;3,1;;;;;;;;
"=""API""";"=""WIND""";"=""2026-04-27T17:51:00+03:00""";"=""OA_YTM""";"=""AKSU RES""";"=""10928268862""";"=""2890""";"=""AKSU ÇAMLICA RES""";0,98;160,3;0;3,13;;;;;;;;
"=""API""";"=""WIND""";"=""2026-04-27T17:52:00+03:00""";"=""OA_YTM""";"=""AKSU RES""";"=""10928268862""";"=""2890""";"=""AKSU ÇAMLICA RES""";0,98;159,68;0;3,13;;;;;;;;
"=""API""";"=""WIND""";"=""2026-04-27T17:53:00+03:00""";"=""OA_YTM""";"=""AKSU RES""";"=""10928268862""";"=""2890""";"=""AKSU ÇAMLICA RES""";0,98;160,3;0;3,12;;;;;;;;
"=""API""";"=""WIND""";"=""2026-04-27T17:54:00+03:00""";"=""OA_YTM""";"=""AKSU RES""";"=""10928268862""";"=""2890""";"=""AKSU ÇAMLICA RES""";0,98;159,89;0;3,12;;;;;;;;
"=""API""";"=""WIND""";"=""2026-04-27T17:55:00+03:00""";"=""OA_YTM""";"=""AKSU RES""";"=""10928268862""";"=""2890""";"=""AKSU ÇAMLICA RES""";0,98;160,09;0;3,1;;;;;;;;
"=""API""";"=""WIND""";"=""2026-04-27T17:56:00+03:00""";"=""OA_YTM""";"=""AKSU RES""";"=""10928268862""";"=""2890""";"=""AKSU ÇAMLICA RES""";0,98;159,79;0;3,1;;;;;;;;
"=""API""";"=""WIND""";"=""2026-04-27T17:57:00+03:00""";"=""OA_YTM""";"=""AKSU RES""";"=""10928268862""";"=""2890""";"=""AKSU ÇAMLICA RES""";0,98;160,5;0;3,1;;;;;;;;
"=""API""";"=""WIND""";"=""2026-04-27T17:58:00+03:00""";"=""OA_YTM""";"=""AKSU RES""";"=""10928268862""";"=""2890""";"=""AKSU ÇAMLICA RES""";0,98;160,25;0;3,1;;;;;;;;
"=""API""";"=""WIND""";"=""2026-04-27T17:59:00+03:00""";"=""OA_YTM""";"=""AKSU RES""";"=""10928268862""";"=""2890""";"=""AKSU ÇAMLICA RES""";0,98;160,25;0;3,1;;;;;;;;
"=""API""";"=""WIND""";"=""2026-04-27T18:00:00+03:00""";"=""OA_YTM""";"=""AKSU RES""";"=""10928268862""";"=""2890""";"=""AKSU ÇAMLICA RES""";0,98;160,3;0;3,12;;;;;;;;
"=""API""";"=""WIND""";"=""2026-04-27T18:01:00+03:00""";"=""OA_YTM""";"=""AKSU RES""";"=""10928268862""";"=""2890""";"=""AKSU ÇAMLICA RES""";0,98;160,09;0;2,08;;;;;;;;
"=""API""";"=""WIND""";"=""2026-04-27T18:02:00+03:00""";"=""OA_YTM""";"=""AKSU RES""";"=""10928268862""";"=""2890""";"=""AKSU ÇAMLICA RES""";0,98;159,73;17,86;3,64;;;;;0;3,26;"=""1""";
"=""API""";"=""WIND""";"=""2026-04-27T18:03:00+03:00""";"=""OA_YTM""";"=""AKSU RES""";"=""10928268862""";"=""2890""";"=""AKSU ÇAMLICA RES""";0,98;160,2;25,79;4,33;;;;;0;4,71;"=""0""";
"=""API""";"=""WIND""";"=""2026-04-27T18:04:00+03:00""";"=""OA_YTM""";"=""AKSU RES""";"=""10928268862""";"=""2890""";"=""AKSU ÇAMLICA RES""";0,98;159,79;36,71;6,72;;;;;0;6,7;"=""1""";
"=""API""";"=""WIND""";"=""2026-04-27T18:05:00+03:00""";"=""OA_YTM""";"=""AKSU RES""";"=""10928268862""";"=""2890""";"=""AKSU ÇAMLICA RES""";0,98;160,4;39,68;7,06;;;;;0;7,25;"=""0""";
"=""API""";"=""WIND""";"=""2026-04-27T18:06:00+03:00""";"=""OA_YTM""";"=""AKSU RES""";"=""10928268862""";"=""2890""";"=""AKSU ÇAMLICA RES""";0,98;160,61;44,64;9,06;;;;;0;8,15;"=""1""";
"=""API""";"=""WIND""";"=""2026-04-27T18:07:00+03:00""";"=""OA_YTM""";"=""AKSU RES""";"=""10928268862""";"=""2890""";"=""AKSU ÇAMLICA RES""";0,98;160,71;46,63;9,85;;;;;0;8,52;"=""1""";
"=""API""";"=""WIND""";"=""2026-04-27T18:08:00+03:00""";"=""OA_YTM""";"=""AKSU RES""";"=""10928268862""";"=""2890""";"=""AKSU ÇAMLICA RES""";0,98;160,71;48,61;9,9;;;;;0;8,88;"=""1""";
"=""API""";"=""WIND""";"=""2026-04-27T18:09:00+03:00""";"=""OA_YTM""";"=""AKSU RES""";"=""10928268862""";"=""2890""";"=""AKSU ÇAMLICA RES""";0,98;160,5;49,6;9,23;;;;;0;9,06;"=""1""";
"=""API""";"=""WIND""";"=""2026-04-27T18:10:00+03:00""";"=""OA_YTM""";"=""AKSU RES""";"=""10928268862""";"=""2890""";"=""AKSU ÇAMLICA RES""";0,98;159,53;53,57;10,14;;;;;0;9,79;"=""1""";
"=""API""";"=""WIND""";"=""2026-04-27T18:11:00+03:00""";"=""OA_YTM""";"=""AKSU RES""";"=""10928268862""";"=""2890""";"=""AKSU ÇAMLICA RES""";0,98;160,4;60,51;3,02;;;;;0;11,05;"=""0""";
"=""API""";"=""WIND""";"=""2026-04-27T18:12:00+03:00""";"=""OA_YTM""";"=""AKSU RES""";"=""10928268862""";"=""2890""";"=""AKSU ÇAMLICA RES""";0,98;160,14;58,53;12,21;;;;;0;10,69;"=""1""";
"=""API""";"=""WIND""";"=""2026-04-27T18:13:00+03:00""";"=""OA_YTM""";"=""AKSU RES""";"=""10928268862""";"=""2890""";"=""AKSU ÇAMLICA RES""";0,98;159,94;32,74;5,75;;;;;0;5,98;"=""0""";
"=""API""";"=""WIND""";"=""2026-04-27T18:14:00+03:00""";"=""OA_YTM""";"=""AKSU RES""";"=""10928268862""";"=""2890""";"=""AKSU ÇAMLICA RES""";0,98;160,14;59,52;7,07;;;;;0;10,87;"=""0""";
"=""API""";"=""WIND""";"=""2026-04-27T18:15:00+03:00""";"=""OA_YTM""";"=""AKSU RES""";"=""10928268862""";"=""2890""";"=""AKSU ÇAMLICA RES""";0,98;160,25;61,51;12,81;;;;;0;11,24;"=""1""";
"=""API""";"=""WIND""";"=""2026-04-27T18:16:00+03:00""";"=""OA_YTM""";"=""AKSU RES""";"=""10928268862""";"=""2890""";"=""AKSU ÇAMLICA RES""";0,98;160,61;45,64;8,87;;;;;0;8,34;"=""1""";
"=""API""";"=""WIND""";"=""2026-04-27T18:17:00+03:00""";"=""OA_YTM""";"=""AKSU RES""";"=""10928268862""";"=""2890""";"=""AKSU ÇAMLICA RES""";0,98;160,86;45,63;14,06;;;;;0;8,33;"=""1""";
"=""API""";"=""WIND""";"=""2026-04-27T18:18:00+03:00""";"=""OA_YTM""";"=""AKSU RES""";"=""10928268862""";"=""2890""";"=""AKSU ÇAMLICA RES""";0,98;160,71;52,58;16,18;;;;;0;9,6;"=""1""";
"=""API""";"=""WIND""";"=""2026-04-27T18:19:00+03:00""";"=""OA_YTM""";"=""AKSU RES""";"=""10928268862""";"=""2890""";"=""AKSU ÇAMLICA RES""";0,98;160,5;48,61;10,15;;;;;0;8,88;"=""1""";
"=""API""";"=""WIND""";"=""2026-04-27T18:20:00+03:00""";"=""OA_YTM""";"=""AKSU RES""";"=""10928268862""";"=""2890""";"=""AKSU ÇAMLICA RES""";0,98;160,5;48,61;11,22;;;;;0;8,88;"=""1""";
"=""API""";"=""WIND""";"=""2026-04-27T18:21:00+03:00""";"=""OA_YTM""";"=""AKSU RES""";"=""10928268862""";"=""2890""";"=""AKSU ÇAMLICA RES""";0,98;159,89;36,71;6,74;;;;;0;6,7;"=""1""";
"=""API""";"=""WIND""";"=""2026-04-27T18:22:00+03:00""";"=""OA_YTM""";"=""AKSU RES""";"=""10928268862""";"=""2890""";"=""AKSU ÇAMLICA RES""";0,98;160,3;58,53;11,63;;;;;0;10,69;"=""1""";
"=""API""";"=""WIND""";"=""2026-04-27T18:23:00+03:00""";"=""OA_YTM""";"=""AKSU RES""";"=""10928268862""";"=""2890""";"=""AKSU ÇAMLICA RES""";0,98;159,84;38,69;8,82;;;;;0;7,07;"=""1""";
"=""API""";"=""WIND""";"=""2026-04-27T18:24:00+03:00""";"=""OA_YTM""";"=""AKSU RES""";"=""10928268862""";"=""2890""";"=""AKSU ÇAMLICA RES""";0,98;160,4;58,53;8,56;;;;;0;10,69;"=""0""";
"=""API""";"=""WIND""";"=""2026-04-27T18:25:00+03:00""";"=""OA_YTM""";"=""AKSU RES""";"=""10928268862""";"=""2890""";"=""AKSU ÇAMLICA RES""";0,98;159,84;58,53;8,18;;;;;0;10,69;"=""0""";
"=""API""";"=""WIND""";"=""2026-04-27T18:26:00+03:00""";"=""OA_YTM""";"=""AKSU RES""";"=""10928268862""";"=""2890""";"=""AKSU ÇAMLICA RES""";0,98;159,84;39,68;12,12;;;;;0;7,25;"=""1""";
"=""API""";"=""WIND""";"=""2026-04-27T18:27:00+03:00""";"=""OA_YTM""";"=""AKSU RES""";"=""10928268862""";"=""2890""";"=""AKSU ÇAMLICA RES""";0,98;160,56;39,68;11,6;;;;;0;7,25;"=""1""";
"=""API""";"=""WIND""";"=""2026-04-27T18:28:00+03:00""";"=""OA_YTM""";"=""AKSU RES""";"=""10928268862""";"=""2890""";"=""AKSU ÇAMLICA RES""";0,98;159,84;39,68;8,22;;;;;0;7,25;"=""1""";
"=""API""";"=""WIND""";"=""2026-04-27T18:29:00+03:00""";"=""OA_YTM""";"=""AKSU RES""";"=""10928268862""";"=""2890""";"=""AKSU ÇAMLICA RES""";0,98;160,97;66,47;8,21;;;;;0;12,14;"=""0""";
"=""API""";"=""WIND""";"=""2026-04-27T18:30:00+03:00""";"=""OA_YTM""";"=""AKSU RES""";"=""10928268862""";"=""2890""";"=""AKSU ÇAMLICA RES""";0,98;160,97;39,68;8,2;;;;;0;7,25;"=""1""";
"=""API""";"=""WIND""";"=""2026-04-27T18:31:00+03:00""";"=""OA_YTM""";"=""AKSU RES""";"=""10928268862""";"=""2890""";"=""AKSU ÇAMLICA RES""";0,98;159,89;66,47;13,13;;;;;0;12,14;"=""1""";
"=""API""";"=""WIND""";"=""2026-04-27T18:32:00+03:00""";"=""OA_YTM""";"=""AKSU RES""";"=""10928268862""";"=""2890""";"=""AKSU ÇAMLICA RES""";0,98;160,2;38,69;11,23;;;;;0;7,07;"=""1""";
"=""API""";"=""WIND""";"=""2026-04-27T18:33:00+03:00""";"=""OA_YTM""";"=""AKSU RES""";"=""10928268862""";"=""2890""";"=""AKSU ÇAMLICA RES""";0,98;160,3;34,72;8,4;;;;;0;6,34;"=""1""";
"=""API""";"=""WIND""";"=""2026-04-27T18:34:00+03:00""";"=""OA_YTM""";"=""AKSU RES""";"=""10928268862""";"=""2890""";"=""AKSU ÇAMLICA RES""";0,98;159,99;27,78;6,31;;;;;0;5,07;"=""1""";
"=""API""";"=""WIND""";"=""2026-04-27T18:35:00+03:00""";"=""OA_YTM""";"=""AKSU RES""";"=""10928268862""";"=""2890""";"=""AKSU ÇAMLICA RES""";0,98;159,78;24,8;5,13;;;;;0;4,53;"=""1""";
"=""API""";"=""WIND""";"=""2026-04-27T18:36:00+03:00""";"=""OA_YTM""";"=""AKSU RES""";"=""10928268862""";"=""2890""";"=""AKSU ÇAMLICA RES""";0,98;159,99;41,67;4,94;;;;;0;7,61;"=""0""";
"=""API""";"=""WIND""";"=""2026-04-27T18:37:00+03:00""";"=""OA_YTM""";"=""AKSU RES""";"=""10928268862""";"=""2890""";"=""AKSU ÇAMLICA RES""";0,98;160,5;44,64;10,37;;;;;0;8,15;"=""1""";
"=""API""";"=""WIND""";"=""2026-04-27T18:38:00+03:00""";"=""OA_YTM""";"=""AKSU RES""";"=""10928268862""";"=""2890""";"=""AKSU ÇAMLICA RES""";0,98;159,84;41,67;8,2;;;;;0;7,61;"=""1""";
"=""API""";"=""WIND""";"=""2026-04-27T18:39:00+03:00""";"=""OA_YTM""";"=""AKSU RES""";"=""10928268862""";"=""2890""";"=""AKSU ÇAMLICA RES""";0,98;159,84;40,67;8,67;;;;;0;7,43;"=""1""";
"=""API""";"=""WIND""";"=""2026-04-27T18:40:00+03:00""";"=""OA_YTM""";"=""AKSU RES""";"=""10928268862""";"=""2890""";"=""AKSU ÇAMLICA RES""";0,98;159,63;35,71;2,31;;;;;0;6,52;"=""0""";
"=""API""";"=""WIND""";"=""2026-04-27T18:41:00+03:00""";"=""OA_YTM""";"=""AKSU RES""";"=""10928268862""";"=""2890""";"=""AKSU ÇAMLICA RES""";0,98;159,63;7,93;7,21;;;;;;;;
"=""API""";"=""WIND""";"=""2026-04-27T18:42:00+03:00""";"=""OA_YTM""";"=""AKSU RES""";"=""10928268862""";"=""2890""";"=""AKSU ÇAMLICA RES""";0,98;159,12;40,67;7,86;;;;;0;7,43;"=""1""";
"=""API""";"=""WIND""";"=""2026-04-27T18:43:00+03:00""";"=""OA_YTM""";"=""AKSU RES""";"=""10928268862""";"=""2890""";"=""AKSU ÇAMLICA RES""";0,98;159,01;38,69;-0,27;;;;;0;7,07;"=""0""";
"=""API""";"=""WIND""";"=""2026-04-27T18:44:00+03:00""";"=""OA_YTM""";"=""AKSU RES""";"=""10928268862""";"=""2890""";"=""AKSU ÇAMLICA RES""";0,98;159,01;39,68;8,18;;;;;0;7,25;"=""1""";
"=""API""";"=""WIND""";"=""2026-04-27T18:45:00+03:00""";"=""OA_YTM""";"=""AKSU RES""";"=""10928268862""";"=""2890""";"=""AKSU ÇAMLICA RES""";0,98;159,94;39,68;1,11;;;;;0;7,25;"=""0""";
"=""API""";"=""WIND""";"=""2026-04-27T18:46:00+03:00""";"=""OA_YTM""";"=""AKSU RES""";"=""10928268862""";"=""2890""";"=""AKSU ÇAMLICA RES""";0,98;158,66;2,98;0,78;;;;;;;;
"=""API""";"=""WIND""";"=""2026-04-27T18:47:00+03:00""";"=""OA_YTM""";"=""AKSU RES""";"=""10928268862""";"=""2890""";"=""AKSU ÇAMLICA RES""";0,98;158,45;39,68;0,9;;;;;0;7,25;"=""0""";
"=""API""";"=""WIND""";"=""2026-04-27T18:48:00+03:00""";"=""OA_YTM""";"=""AKSU RES""";"=""10928268862""";"=""2890""";"=""AKSU ÇAMLICA RES""";0,98;158,86;38,69;8,6;;;;;0;7,07;"=""1""";
"=""API""";"=""WIND""";"=""2026-04-27T18:49:00+03:00""";"=""OA_YTM""";"=""AKSU RES""";"=""10928268862""";"=""2890""";"=""AKSU ÇAMLICA RES""";0,98;160,09;3,97;7,28;;;;;;;;
"=""API""";"=""WIND""";"=""2026-04-27T18:50:00+03:00""";"=""OA_YTM""";"=""AKSU RES""";"=""10928268862""";"=""2890""";"=""AKSU ÇAMLICA RES""";0,98;158,6;36,71;8,11;;;;;0;6,7;"=""1""";
"=""API""";"=""WIND""";"=""2026-04-27T18:51:00+03:00""";"=""OA_YTM""";"=""AKSU RES""";"=""10928268862""";"=""2890""";"=""AKSU ÇAMLICA RES""";0,98;158,09;36,71;9,03;;;;;0;6,7;"=""1""";
"=""API""";"=""WIND""";"=""2026-04-27T18:52:00+03:00""";"=""OA_YTM""";"=""AKSU RES""";"=""10928268862""";"=""2890""";"=""AKSU ÇAMLICA RES""";0,98;157,47;30,75;6,83;;;;;0;5,61;"=""1""";
"=""API""";"=""WIND""";"=""2026-04-27T18:53:00+03:00""";"=""OA_YTM""";"=""AKSU RES""";"=""10928268862""";"=""2890""";"=""AKSU ÇAMLICA RES""";0,98;159,89;26,79;6,27;;;;;0;4,89;"=""1""";
"=""API""";"=""WIND""";"=""2026-04-27T18:54:00+03:00""";"=""OA_YTM""";"=""AKSU RES""";"=""10928268862""";"=""2890""";"=""AKSU ÇAMLICA RES""";0,98;157,78;24,8;4,76;;;;;0;4,53;"=""1""";
"=""API""";"=""WIND""";"=""2026-04-27T18:55:00+03:00""";"=""OA_YTM""";"=""AKSU RES""";"=""10928268862""";"=""2890""";"=""AKSU ÇAMLICA RES""";0,98;159,78;22,82;0,5;;;;;0;4,17;"=""0""";
"=""API""";"=""WIND""";"=""2026-04-27T18:56:00+03:00""";"=""OA_YTM""";"=""AKSU RES""";"=""10928268862""";"=""2890""";"=""AKSU ÇAMLICA RES""";0,98;158,4;18,85;3,91;;;;;0;3,44;"=""1""";
"=""API""";"=""WIND""";"=""2026-04-27T18:57:00+03:00""";"=""OA_YTM""";"=""AKSU RES""";"=""10928268862""";"=""2890""";"=""AKSU ÇAMLICA RES""";0,98;159,94;16,87;3,73;;;;;0;3,08;"=""1""";
"=""API""";"=""WIND""";"=""2026-04-27T18:58:00+03:00""";"=""OA_YTM""";"=""AKSU RES""";"=""10928268862""";"=""2890""";"=""AKSU ÇAMLICA RES""";0,98;158,7;13,89;3,04;;;;;0;2,53;"=""1""";
"=""API""";"=""WIND""";"=""2026-04-27T18:59:00+03:00""";"=""OA_YTM""";"=""AKSU RES""";"=""10928268862""";"=""2890""";"=""AKSU ÇAMLICA RES""";0,98;158,7;12,9;0,3;;;;;0;2,35;"=""0""";
"=""API""";"=""WIND""";"=""2026-04-27T19:00:00+03:00""";"=""OA_YTM""";"=""AKSU RES""";"=""10928268862""";"=""2890""";"=""AKSU ÇAMLICA RES""";0,98;158,81;10,91;2,31;;;;;0;1,99;"=""1""";
"=""API""";"=""WIND""";"=""2026-04-27T19:01:00+03:00""";"=""OA_YTM""";"=""AKSU RES""";"=""10928268862""";"=""2890""";"=""AKSU ÇAMLICA RES""";0,98;158,6;8,93;1,99;;;;;0;1,63;"=""1""";
"=""API""";"=""WIND""";"=""2026-04-27T19:02:00+03:00""";"=""OA_YTM""";"=""AKSU RES""";"=""10928268862""";"=""2890""";"=""AKSU ÇAMLICA RES""";0,98;159,02;6,94;1,75;;;;;;;;
"=""API""";"=""WIND""";"=""2026-04-27T19:03:00+03:00""";"=""OA_YTM""";"=""AKSU RES""";"=""10928268862""";"=""2890""";"=""AKSU ÇAMLICA RES""";0,98;159,22;1,98;1,49;;;;;;;;
"=""API""";"=""WIND""";"=""2026-04-27T19:04:00+03:00""";"=""OA_YTM""";"=""AKSU RES""";"=""10928268862""";"=""2890""";"=""AKSU ÇAMLICA RES""";0,98;159,22;5,95;2,4;;;;;;;;
"=""API""";"=""WIND""";"=""2026-04-27T19:05:00+03:00""";"=""OA_YTM""";"=""AKSU RES""";"=""10928268862""";"=""2890""";"=""AKSU ÇAMLICA RES""";0,98;159,32;7,93;2,26;;;;;;;;
"=""API""";"=""WIND""";"=""2026-04-27T19:06:00+03:00""";"=""OA_YTM""";"=""AKSU RES""";"=""10928268862""";"=""2890""";"=""AKSU ÇAMLICA RES""";0,98;158,91;4,96;1,32;;;;;;;;
"=""API""";"=""WIND""";"=""2026-04-27T19:07:00+03:00""";"=""OA_YTM""";"=""AKSU RES""";"=""10928268862""";"=""2890""";"=""AKSU ÇAMLICA RES""";0,98;158,91;3,97;1,11;;;;;;;;
"=""API""";"=""WIND""";"=""2026-04-27T19:08:00+03:00""";"=""OA_YTM""";"=""AKSU RES""";"=""10928268862""";"=""2890""";"=""AKSU ÇAMLICA RES""";0,98;158,71;3,97;0,88;;;;;;;;
"=""API""";"=""WIND""";"=""2026-04-27T19:09:00+03:00""";"=""OA_YTM""";"=""AKSU RES""";"=""10928268862""";"=""2890""";"=""AKSU ÇAMLICA RES""";0,98;158,45;3,97;0,18;;;;;;;;
"=""API""";"=""WIND""";"=""2026-04-27T19:10:00+03:00""";"=""OA_YTM""";"=""AKSU RES""";"=""10928268862""";"=""2890""";"=""AKSU ÇAMLICA RES""";0,98;158,71;0,99;0,9;;;;;;;;
"=""API""";"=""WIND""";"=""2026-04-27T19:11:00+03:00""";"=""OA_YTM""";"=""AKSU RES""";"=""10928268862""";"=""2890""";"=""AKSU ÇAMLICA RES""";0,98;158,76;3,97;0,9;;;;;;;;
"=""API""";"=""WIND""";"=""2026-04-27T19:12:00+03:00""";"=""OA_YTM""";"=""AKSU RES""";"=""10928268862""";"=""2890""";"=""AKSU ÇAMLICA RES""";0,98;158,76;3,97;0,92;;;;;;;;
"=""API""";"=""WIND""";"=""2026-04-27T19:13:00+03:00""";"=""OA_YTM""";"=""AKSU RES""";"=""10928268862""";"=""2890""";"=""AKSU ÇAMLICA RES""";0,98;158,76;0,99;0,26;;;;;;;;
"=""API""";"=""WIND""";"=""2026-04-27T19:14:00+03:00""";"=""OA_YTM""";"=""AKSU RES""";"=""10928268862""";"=""2890""";"=""AKSU ÇAMLICA RES""";0,98;158,6;0,99;0,16;;;;;;;;
"=""API""";"=""WIND""";"=""2026-04-27T19:15:00+03:00""";"=""OA_YTM""";"=""AKSU RES""";"=""10928268862""";"=""2890""";"=""AKSU ÇAMLICA RES""";0,98;157,89;0,99;0,62;;;;;;;;
"=""API""";"=""WIND""";"=""2026-04-27T19:16:00+03:00""";"=""OA_YTM""";"=""AKSU RES""";"=""10928268862""";"=""2890""";"=""AKSU ÇAMLICA RES""";0,98;157,99;1,98;0,18;;;;;;;;
"=""API""";"=""WIND""";"=""2026-04-27T19:17:00+03:00""";"=""OA_YTM""";"=""AKSU RES""";"=""10928268862""";"=""2890""";"=""AKSU ÇAMLICA RES""";0,98;158,29;1,98;0,26;;;;;;;;
"=""API""";"=""WIND""";"=""2026-04-27T19:18:00+03:00""";"=""OA_YTM""";"=""AKSU RES""";"=""10928268862""";"=""2890""";"=""AKSU ÇAMLICA RES""";0,98;158,19;1,98;0,3;;;;;;;;
"=""API""";"=""WIND""";"=""2026-04-27T19:19:00+03:00""";"=""OA_YTM""";"=""AKSU RES""";"=""10928268862""";"=""2890""";"=""AKSU ÇAMLICA RES""";0,98;157,78;1,98;0,33;;;;;;;;
"=""API""";"=""WIND""";"=""2026-04-27T19:20:00+03:00""";"=""OA_YTM""";"=""AKSU RES""";"=""10928268862""";"=""2890""";"=""AKSU ÇAMLICA RES""";0,98;157,58;1,98;0,27;;;;;;;;
"=""API""";"=""WIND""";"=""2026-04-27T19:21:00+03:00""";"=""OA_YTM""";"=""AKSU RES""";"=""10928268862""";"=""2890""";"=""AKSU ÇAMLICA RES""";0,98;158,09;1,98;0,53;;;;;;;;
"=""API""";"=""WIND""";"=""2026-04-27T19:22:00+03:00""";"=""OA_YTM""";"=""AKSU RES""";"=""10928268862""";"=""2890""";"=""AKSU ÇAMLICA RES""";0,98;157,88;1,98;0,45;;;;;;;;
"=""API""";"=""WIND""";"=""2026-04-27T19:23:00+03:00""";"=""OA_YTM""";"=""AKSU RES""";"=""10928268862""";"=""2890""";"=""AKSU ÇAMLICA RES""";0,98;157,88;1,98;0,39;;;;;;;;
"=""API""";"=""WIND""";"=""2026-04-27T19:24:00+03:00""";"=""OA_YTM""";"=""AKSU RES""";"=""10928268862""";"=""2890""";"=""AKSU ÇAMLICA RES""";0,98;158,81;1,98;0,39;;;;;;;;
"=""API""";"=""WIND""";"=""2026-04-27T19:25:00+03:00""";"=""OA_YTM""";"=""AKSU RES""";"=""10928268862""";"=""2890""";"=""AKSU ÇAMLICA RES""";0,98;157,99;1,98;0,45;;;;;;;;
"=""API""";"=""WIND""";"=""2026-04-27T19:26:00+03:00""";"=""OA_YTM""";"=""AKSU RES""";"=""10928268862""";"=""2890""";"=""AKSU ÇAMLICA RES""";0,98;158,09;0,99;0,46;;;;;;;;
"=""API""";"=""WIND""";"=""2026-04-27T19:27:00+03:00""";"=""OA_YTM""";"=""AKSU RES""";"=""10928268862""";"=""2890""";"=""AKSU ÇAMLICA RES""";0,98;158,04;1,98;0,62;;;;;;;;
"=""API""";"=""WIND""";"=""2026-04-27T19:28:00+03:00""";"=""OA_YTM""";"=""AKSU RES""";"=""10928268862""";"=""2890""";"=""AKSU ÇAMLICA RES""";0,98;158,4;0,99;0,5;;;;;;;;
"=""API""";"=""WIND""";"=""2026-04-27T19:29:00+03:00""";"=""OA_YTM""";"=""AKSU RES""";"=""10928268862""";"=""2890""";"=""AKSU ÇAMLICA RES""";0,98;158,04;0,99;0,81;;;;;;;;
"=""API""";"=""WIND""";"=""2026-04-27T19:30:00+03:00""";"=""OA_YTM""";"=""AKSU RES""";"=""10928268862""";"=""2890""";"=""AKSU ÇAMLICA RES""";0,98;157,73;0,99;0,62;;;;;;;;
"=""API""";"=""WIND""";"=""2026-04-27T19:31:00+03:00""";"=""OA_YTM""";"=""AKSU RES""";"=""10928268862""";"=""2890""";"=""AKSU ÇAMLICA RES""";0,98;157,93;1,98;0,97;;;;;;;;
"=""API""";"=""WIND""";"=""2026-04-27T19:32:00+03:00""";"=""OA_YTM""";"=""AKSU RES""";"=""10928268862""";"=""2890""";"=""AKSU ÇAMLICA RES""";0,98;159,22;0;0,57;;;;;;;;
"=""API""";"=""WIND""";"=""2026-04-27T19:33:00+03:00""";"=""OA_YTM""";"=""AKSU RES""";"=""10928268862""";"=""2890""";"=""AKSU ÇAMLICA RES""";0,98;159,63;0;0,44;;;;;;;;
"=""API""";"=""WIND""";"=""2026-04-27T19:34:00+03:00""";"=""OA_YTM""";"=""AKSU RES""";"=""10928268862""";"=""2890""";"=""AKSU ÇAMLICA RES""";0,98;158,45;0;0,99;;;;;;;;
"=""API""";"=""WIND""";"=""2026-04-27T19:35:00+03:00""";"=""OA_YTM""";"=""AKSU RES""";"=""10928268862""";"=""2890""";"=""AKSU ÇAMLICA RES""";0,98;158,71;0;0,27;;;;;;;;
"=""API""";"=""WIND""";"=""2026-04-27T19:36:00+03:00""";"=""OA_YTM""";"=""AKSU RES""";"=""10928268862""";"=""2890""";"=""AKSU ÇAMLICA RES""";0,98;158,29;0,99;0,36;;;;;;;;
"=""API""";"=""WIND""";"=""2026-04-27T19:37:00+03:00""";"=""OA_YTM""";"=""AKSU RES""";"=""10928268862""";"=""2890""";"=""AKSU ÇAMLICA RES""";0,98;158,71;0,99;0,26;;;;;;;;
"=""API""";"=""WIND""";"=""2026-04-27T19:38:00+03:00""";"=""OA_YTM""";"=""AKSU RES""";"=""10928268862""";"=""2890""";"=""AKSU ÇAMLICA RES""";0,98;158,71;0,99;0,54;;;;;;;;
"=""API""";"=""WIND""";"=""2026-04-27T19:39:00+03:00""";"=""OA_YTM""";"=""AKSU RES""";"=""10928268862""";"=""2890""";"=""AKSU ÇAMLICA RES""";0,98;157,58;0;0,18;;;;;;;;
"=""API""";"=""WIND""";"=""2026-04-27T19:40:00+03:00""";"=""OA_YTM""";"=""AKSU RES""";"=""10928268862""";"=""2890""";"=""AKSU ÇAMLICA RES""";0,98;157,17;0,99;0,61;;;;;;;;
"=""API""";"=""WIND""";"=""2026-04-27T19:41:00+03:00""";"=""OA_YTM""";"=""AKSU RES""";"=""10928268862""";"=""2890""";"=""AKSU ÇAMLICA RES""";0,98;157,16;0,99;0,28;;;;;;;;
"=""API""";"=""WIND""";"=""2026-04-27T19:42:00+03:00""";"=""OA_YTM""";"=""AKSU RES""";"=""10928268862""";"=""2890""";"=""AKSU ÇAMLICA RES""";0,98;156,81;0,99;0,4;;;;;;;;
"=""API""";"=""WIND""";"=""2026-04-27T19:43:00+03:00""";"=""OA_YTM""";"=""AKSU RES""";"=""10928268862""";"=""2890""";"=""AKSU ÇAMLICA RES""";0,98;156,81;0,99;0,31;;;;;;;;
"=""API""";"=""WIND""";"=""2026-04-27T19:44:00+03:00""";"=""OA_YTM""";"=""AKSU RES""";"=""10928268862""";"=""2890""";"=""AKSU ÇAMLICA RES""";0,98;157,58;0,99;0,35;;;;;;;;
"=""API""";"=""WIND""";"=""2026-04-27T19:45:00+03:00""";"=""OA_YTM""";"=""AKSU RES""";"=""10928268862""";"=""2890""";"=""AKSU ÇAMLICA RES""";0,98;158,19;0,99;0,31;;;;;;;;
"=""API""";"=""WIND""";"=""2026-04-27T19:46:00+03:00""";"=""OA_YTM""";"=""AKSU RES""";"=""10928268862""";"=""2890""";"=""AKSU ÇAMLICA RES""";0,98;157,78;1,98;0,16;;;;;;;;
"=""API""";"=""WIND""";"=""2026-04-27T19:47:00+03:00""";"=""OA_YTM""";"=""AKSU RES""";"=""10928268862""";"=""2890""";"=""AKSU ÇAMLICA RES""";0,98;157,78;1,98;0,32;;;;;;;;
"=""API""";"=""WIND""";"=""2026-04-27T19:48:00+03:00""";"=""OA_YTM""";"=""AKSU RES""";"=""10928268862""";"=""2890""";"=""AKSU ÇAMLICA RES""";0,98;157,78;2,98;0,18;;;;;;;;
"=""API""";"=""WIND""";"=""2026-04-27T19:49:00+03:00""";"=""OA_YTM""";"=""AKSU RES""";"=""10928268862""";"=""2890""";"=""AKSU ÇAMLICA RES""";0,98;157,73;2,98;0,34;;;;;;;;
"=""API""";"=""WIND""";"=""2026-04-27T19:50:00+03:00""";"=""OA_YTM""";"=""AKSU RES""";"=""10928268862""";"=""2890""";"=""AKSU ÇAMLICA RES""";0,98;157,42;0,99;0,11;;;;;;;;
"=""API""";"=""WIND""";"=""2026-04-27T19:51:00+03:00""";"=""OA_YTM""";"=""AKSU RES""";"=""10928268862""";"=""2890""";"=""AKSU ÇAMLICA RES""";0,98;157,42;0,99;0,3;;;;;;;;
"=""API""";"=""WIND""";"=""2026-04-27T19:52:00+03:00""";"=""OA_YTM""";"=""AKSU RES""";"=""10928268862""";"=""2890""";"=""AKSU ÇAMLICA RES""";0,98;158,4;0,99;0,33;;;;;;;;
"=""API""";"=""WIND""";"=""2026-04-27T19:53:00+03:00""";"=""OA_YTM""";"=""AKSU RES""";"=""10928268862""";"=""2890""";"=""AKSU ÇAMLICA RES""";0,98;158,4;0,99;0,08;;;;;;;;
"=""API""";"=""WIND""";"=""2026-04-27T19:54:00+03:00""";"=""OA_YTM""";"=""AKSU RES""";"=""10928268862""";"=""2890""";"=""AKSU ÇAMLICA RES""";0,98;156,86;1,98;0,27;;;;;;;;
"=""API""";"=""WIND""";"=""2026-04-27T19:55:00+03:00""";"=""OA_YTM""";"=""AKSU RES""";"=""10928268862""";"=""2890""";"=""AKSU ÇAMLICA RES""";0,98;156,65;0,99;0,65;;;;;;;;
"=""API""";"=""WIND""";"=""2026-04-27T19:56:00+03:00""";"=""OA_YTM""";"=""AKSU RES""";"=""10928268862""";"=""2890""";"=""AKSU ÇAMLICA RES""";0,98;156,09;1,98;0,45;;;;;;;;
"=""API""";"=""WIND""";"=""2026-04-27T19:57:00+03:00""";"=""OA_YTM""";"=""AKSU RES""";"=""10928268862""";"=""2890""";"=""AKSU ÇAMLICA RES""";0,98;157,68;2,98;0,75;;;;;;;;
"=""API""";"=""WIND""";"=""2026-04-27T19:58:00+03:00""";"=""OA_YTM""";"=""AKSU RES""";"=""10928268862""";"=""2890""";"=""AKSU ÇAMLICA RES""";0,98;156,6;2,98;0,39;;;;;;;;
"=""API""";"=""WIND""";"=""2026-04-27T19:59:00+03:00""";"=""OA_YTM""";"=""AKSU RES""";"=""10928268862""";"=""2890""";"=""AKSU ÇAMLICA RES""";0,98;157,42;2,98;0,4;;;;;;;;
"=""API""";"=""WIND""";"=""2026-04-27T20:00:00+03:00""";"=""OA_YTM""";"=""AKSU RES""";"=""10928268862""";"=""2890""";"=""AKSU ÇAMLICA RES""";0,99;157,06;4,96;0,91;;;;;;;;
"=""API""";"=""WIND""";"=""2026-04-27T20:01:00+03:00""";"=""OA_YTM""";"=""AKSU RES""";"=""10928268862""";"=""2890""";"=""AKSU ÇAMLICA RES""";0,99;157,47;4,96;0,33;;;;;;;;
"=""API""";"=""WIND""";"=""2026-04-27T20:02:00+03:00""";"=""OA_YTM""";"=""AKSU RES""";"=""10928268862""";"=""2890""";"=""AKSU ÇAMLICA RES""";0,99;157,73;0,99;0,96;;;;;;;;
"=""API""";"=""WIND""";"=""2026-04-27T20:03:00+03:00""";"=""OA_YTM""";"=""AKSU RES""";"=""10928268862""";"=""2890""";"=""AKSU ÇAMLICA RES""";0,99;157,83;4,96;0,62;;;;;;;;
"=""API""";"=""WIND""";"=""2026-04-27T20:04:00+03:00""";"=""OA_YTM""";"=""AKSU RES""";"=""10928268862""";"=""2890""";"=""AKSU ÇAMLICA RES""";0,99;157,83;5,95;1,17;;;;;;;;
"=""API""";"=""WIND""";"=""2026-04-27T20:05:00+03:00""";"=""OA_YTM""";"=""AKSU RES""";"=""10928268862""";"=""2890""";"=""AKSU ÇAMLICA RES""";0,99;157,73;5,95;0,83;;;;;;;;
"=""API""";"=""WIND""";"=""2026-04-27T20:06:00+03:00""";"=""OA_YTM""";"=""AKSU RES""";"=""10928268862""";"=""2890""";"=""AKSU ÇAMLICA RES""";0,99;157,73;6,94;0,89;;;;;;;;
"=""API""";"=""WIND""";"=""2026-04-27T20:07:00+03:00""";"=""OA_YTM""";"=""AKSU RES""";"=""10928268862""";"=""2890""";"=""AKSU ÇAMLICA RES""";0,99;157,83;6,94;0,98;;;;;;;;
"=""API""";"=""WIND""";"=""2026-04-27T20:08:00+03:00""";"=""OA_YTM""";"=""AKSU RES""";"=""10928268862""";"=""2890""";"=""AKSU ÇAMLICA RES""";0,99;157,63;6,94;0,89;;;;;;;;
"=""API""";"=""WIND""";"=""2026-04-27T20:09:00+03:00""";"=""OA_YTM""";"=""AKSU RES""";"=""10928268862""";"=""2890""";"=""AKSU ÇAMLICA RES""";0,99;157,17;0;0,9;;;;;;;;
"=""API""";"=""WIND""";"=""2026-04-27T20:10:00+03:00""";"=""OA_YTM""";"=""AKSU RES""";"=""10928268862""";"=""2890""";"=""AKSU ÇAMLICA RES""";0,99;157,37;6,94;0,98;;;;;;;;
"=""API""";"=""WIND""";"=""2026-04-27T20:11:00+03:00""";"=""OA_YTM""";"=""AKSU RES""";"=""10928268862""";"=""2890""";"=""AKSU ÇAMLICA RES""";0,99;157,27;6,94;1,22;;;;;;;;
"=""API""";"=""WIND""";"=""2026-04-27T20:12:00+03:00""";"=""OA_YTM""";"=""AKSU RES""";"=""10928268862""";"=""2890""";"=""AKSU ÇAMLICA RES""";0,99;158,55;0;0,99;;;;;;;;
"=""API""";"=""WIND""";"=""2026-04-27T20:13:00+03:00""";"=""OA_YTM""";"=""AKSU RES""";"=""10928268862""";"=""2890""";"=""AKSU ÇAMLICA RES""";0,99;157,17;6,94;0,77;;;;;;;;
"=""API""";"=""WIND""";"=""2026-04-27T20:14:00+03:00""";"=""OA_YTM""";"=""AKSU RES""";"=""10928268862""";"=""2890""";"=""AKSU ÇAMLICA RES""";0,99;157,06;7,93;0,13;;;;;;;;
"=""API""";"=""WIND""";"=""2026-04-27T20:15:00+03:00""";"=""OA_YTM""";"=""AKSU RES""";"=""10928268862""";"=""2890""";"=""AKSU ÇAMLICA RES""";0,99;158,19;7,93;1,06;;;;;;;;
"=""API""";"=""WIND""";"=""2026-04-27T20:16:00+03:00""";"=""OA_YTM""";"=""AKSU RES""";"=""10928268862""";"=""2890""";"=""AKSU ÇAMLICA RES""";0,99;157,68;7,93;0,26;;;;;;;;
"=""API""";"=""WIND""";"=""2026-04-27T20:17:00+03:00""";"=""OA_YTM""";"=""AKSU RES""";"=""10928268862""";"=""2890""";"=""AKSU ÇAMLICA RES""";0,99;157,93;6,94;0,26;;;;;;;;
"=""API""";"=""WIND""";"=""2026-04-27T20:18:00+03:00""";"=""OA_YTM""";"=""AKSU RES""";"=""10928268862""";"=""2890""";"=""AKSU ÇAMLICA RES""";0,99;157,78;6,94;0,34;;;;;;;;
"=""API""";"=""WIND""";"=""2026-04-27T20:19:00+03:00""";"=""OA_YTM""";"=""AKSU RES""";"=""10928268862""";"=""2890""";"=""AKSU ÇAMLICA RES""";0,99;157,27;6,94;0,61;;;;;;;;
"=""API""";"=""WIND""";"=""2026-04-27T20:20:00+03:00""";"=""OA_YTM""";"=""AKSU RES""";"=""10928268862""";"=""2890""";"=""AKSU ÇAMLICA RES""";0,99;157,06;6,94;1,09;;;;;;;;
"=""API""";"=""WIND""";"=""2026-04-27T20:21:00+03:00""";"=""OA_YTM""";"=""AKSU RES""";"=""10928268862""";"=""2890""";"=""AKSU ÇAMLICA RES""";0,99;156,96;0,99;0,28;;;;;;;;
"=""API""";"=""WIND""";"=""2026-04-27T20:22:00+03:00""";"=""OA_YTM""";"=""AKSU RES""";"=""10928268862""";"=""2890""";"=""AKSU ÇAMLICA RES""";0,99;157,63;0,99;0,14;;;;;;;;
"=""API""";"=""WIND""";"=""2026-04-27T20:23:00+03:00""";"=""OA_YTM""";"=""AKSU RES""";"=""10928268862""";"=""2890""";"=""AKSU ÇAMLICA RES""";0,99;157,01;0,99;0,04;;;;;;;;
"=""API""";"=""WIND""";"=""2026-04-27T20:24:00+03:00""";"=""OA_YTM""";"=""AKSU RES""";"=""10928268862""";"=""2890""";"=""AKSU ÇAMLICA RES""";0,99;156,91;0,99;0,31;;;;;;;;
"=""API""";"=""WIND""";"=""2026-04-27T20:25:00+03:00""";"=""OA_YTM""";"=""AKSU RES""";"=""10928268862""";"=""2890""";"=""AKSU ÇAMLICA RES""";0,99;157,32;0,99;0,25;;;;;;;;
"=""API""";"=""WIND""";"=""2026-04-27T20:26:00+03:00""";"=""OA_YTM""";"=""AKSU RES""";"=""10928268862""";"=""2890""";"=""AKSU ÇAMLICA RES""";0,99;157,17;0,99;1,13;;;;;;;;
"=""API""";"=""WIND""";"=""2026-04-27T20:27:00+03:00""";"=""OA_YTM""";"=""AKSU RES""";"=""10928268862""";"=""2890""";"=""AKSU ÇAMLICA RES""";0,99;157,01;0,99;0,31;;;;;;;;
"=""API""";"=""WIND""";"=""2026-04-27T20:28:00+03:00""";"=""OA_YTM""";"=""AKSU RES""";"=""10928268862""";"=""2890""";"=""AKSU ÇAMLICA RES""";0,99;157,78;1,98;1,03;;;;;;;;
"=""API""";"=""WIND""";"=""2026-04-27T20:29:00+03:00""";"=""OA_YTM""";"=""AKSU RES""";"=""10928268862""";"=""2890""";"=""AKSU ÇAMLICA RES""";0,99;157,01;7,93;0,36;;;;;;;;
"=""API""";"=""WIND""";"=""2026-04-27T20:30:00+03:00""";"=""OA_YTM""";"=""AKSU RES""";"=""10928268862""";"=""2890""";"=""AKSU ÇAMLICA RES""";0,99;157,42;8,93;1,2;;;;;0;1,14;"=""1""";
"=""API""";"=""WIND""";"=""2026-04-27T20:31:00+03:00""";"=""OA_YTM""";"=""AKSU RES""";"=""10928268862""";"=""2890""";"=""AKSU ÇAMLICA RES""";0,99;157,52;2,98;0,44;;;;;;;;
"=""API""";"=""WIND""";"=""2026-04-27T20:32:00+03:00""";"=""OA_YTM""";"=""AKSU RES""";"=""10928268862""";"=""2890""";"=""AKSU ÇAMLICA RES""";0,99;157,52;7,94;0,68;;;;;;;;
"=""API""";"=""WIND""";"=""2026-04-27T20:33:00+03:00""";"=""OA_YTM""";"=""AKSU RES""";"=""10928268862""";"=""2890""";"=""AKSU ÇAMLICA RES""";0,99;157,22;7,94;1,13;;;;;;;;
"=""API""";"=""WIND""";"=""2026-04-27T20:34:00+03:00""";"=""OA_YTM""";"=""AKSU RES""";"=""10928268862""";"=""2890""";"=""AKSU ÇAMLICA RES""";0,99;157,63;7,93;0,51;;;;;;;;
"=""API""";"=""WIND""";"=""2026-04-27T20:35:00+03:00""";"=""OA_YTM""";"=""AKSU RES""";"=""10928268862""";"=""2890""";"=""AKSU ÇAMLICA RES""";0,99;157,78;8,93;0,68;;;;;0;1,14;"=""0""";
"=""API""";"=""WIND""";"=""2026-04-27T20:36:00+03:00""";"=""OA_YTM""";"=""AKSU RES""";"=""10928268862""";"=""2890""";"=""AKSU ÇAMLICA RES""";0,99;157,63;8,93;1,22;;;;;0;1,14;"=""1""";
"=""API""";"=""WIND""";"=""2026-04-27T20:37:00+03:00""";"=""OA_YTM""";"=""AKSU RES""";"=""10928268862""";"=""2890""";"=""AKSU ÇAMLICA RES""";0,99;157,83;7,94;1,27;;;;;;;;
"=""API""";"=""WIND""";"=""2026-04-27T20:38:00+03:00""";"=""OA_YTM""";"=""AKSU RES""";"=""10928268862""";"=""2890""";"=""AKSU ÇAMLICA RES""";0,99;156,86;7,93;1,1;;;;;;;;
"=""API""";"=""WIND""";"=""2026-04-27T20:39:00+03:00""";"=""OA_YTM""";"=""AKSU RES""";"=""10928268862""";"=""2890""";"=""AKSU ÇAMLICA RES""";0,99;156,86;7,93;1,18;;;;;;;;
"=""API""";"=""WIND""";"=""2026-04-27T20:40:00+03:00""";"=""OA_YTM""";"=""AKSU RES""";"=""10928268862""";"=""2890""";"=""AKSU ÇAMLICA RES""";0,99;156,6;6,94;1,18;;;;;;;;
"=""API""";"=""WIND""";"=""2026-04-27T20:41:00+03:00""";"=""OA_YTM""";"=""AKSU RES""";"=""10928268862""";"=""2890""";"=""AKSU ÇAMLICA RES""";0,99;157,01;3,97;1,1;;;;;;;;
"=""API""";"=""WIND""";"=""2026-04-27T20:42:00+03:00""";"=""OA_YTM""";"=""AKSU RES""";"=""10928268862""";"=""2890""";"=""AKSU ÇAMLICA RES""";0,99;157,53;2,98;0,75;;;;;;;;
"=""API""";"=""WIND""";"=""2026-04-27T20:43:00+03:00""";"=""OA_YTM""";"=""AKSU RES""";"=""10928268862""";"=""2890""";"=""AKSU ÇAMLICA RES""";0,99;156,91;7,93;1,13;;;;;;;;
"=""API""";"=""WIND""";"=""2026-04-27T20:44:00+03:00""";"=""OA_YTM""";"=""AKSU RES""";"=""10928268862""";"=""2890""";"=""AKSU ÇAMLICA RES""";0,99;157,42;5,95;0,93;;;;;;;;
"=""API""";"=""WIND""";"=""2026-04-27T20:45:00+03:00""";"=""OA_YTM""";"=""AKSU RES""";"=""10928268862""";"=""2890""";"=""AKSU ÇAMLICA RES""";0,99;157,11;3,97;1,03;;;;;;;;
"=""API""";"=""WIND""";"=""2026-04-27T20:46:00+03:00""";"=""OA_YTM""";"=""AKSU RES""";"=""10928268862""";"=""2890""";"=""AKSU ÇAMLICA RES""";0,99;157,37;4,96;0,91;;;;;;;;
"=""API""";"=""WIND""";"=""2026-04-27T20:47:00+03:00""";"=""OA_YTM""";"=""AKSU RES""";"=""10928268862""";"=""2890""";"=""AKSU ÇAMLICA RES""";0,99;157,11;4,96;0,76;;;;;;;;
"=""API""";"=""WIND""";"=""2026-04-27T20:48:00+03:00""";"=""OA_YTM""";"=""AKSU RES""";"=""10928268862""";"=""2890""";"=""AKSU ÇAMLICA RES""";0,99;157,83;4,96;0,96;;;;;;;;
"=""API""";"=""WIND""";"=""2026-04-27T20:49:00+03:00""";"=""OA_YTM""";"=""AKSU RES""";"=""10928268862""";"=""2890""";"=""AKSU ÇAMLICA RES""";0,99;158,35;4,96;0,82;;;;;;;;
"=""API""";"=""WIND""";"=""2026-04-27T20:50:00+03:00""";"=""OA_YTM""";"=""AKSU RES""";"=""10928268862""";"=""2890""";"=""AKSU ÇAMLICA RES""";0,99;157,93;3,97;0,99;;;;;;;;
"=""API""";"=""WIND""";"=""2026-04-27T20:51:00+03:00""";"=""OA_YTM""";"=""AKSU RES""";"=""10928268862""";"=""2890""";"=""AKSU ÇAMLICA RES""";0,99;158,04;5,95;0,62;;;;;;;;
"=""API""";"=""WIND""";"=""2026-04-27T20:52:00+03:00""";"=""OA_YTM""";"=""AKSU RES""";"=""10928268862""";"=""2890""";"=""AKSU ÇAMLICA RES""";0,99;157,52;5,95;0,83;;;;;;;;
"=""API""";"=""WIND""";"=""2026-04-27T20:53:00+03:00""";"=""OA_YTM""";"=""AKSU RES""";"=""10928268862""";"=""2890""";"=""AKSU ÇAMLICA RES""";0,99;157,22;3,97;0,89;;;;;;;;
"=""API""";"=""WIND""";"=""2026-04-27T20:54:00+03:00""";"=""OA_YTM""";"=""AKSU RES""";"=""10928268862""";"=""2890""";"=""AKSU ÇAMLICA RES""";0,99;157,83;2,98;0,89;;;;;;;;
"=""API""";"=""WIND""";"=""2026-04-27T20:55:00+03:00""";"=""OA_YTM""";"=""AKSU RES""";"=""10928268862""";"=""2890""";"=""AKSU ÇAMLICA RES""";0,99;156,91;2,98;0,52;;;;;;;;
"=""API""";"=""WIND""";"=""2026-04-27T20:56:00+03:00""";"=""OA_YTM""";"=""AKSU RES""";"=""10928268862""";"=""2890""";"=""AKSU ÇAMLICA RES""";0,99;157,47;2,98;0,89;;;;;;;;
"=""API""";"=""WIND""";"=""2026-04-27T20:57:00+03:00""";"=""OA_YTM""";"=""AKSU RES""";"=""10928268862""";"=""2890""";"=""AKSU ÇAMLICA RES""";0,99;157,37;2,98;0,4;;;;;;;;
"=""API""";"=""WIND""";"=""2026-04-27T20:58:00+03:00""";"=""OA_YTM""";"=""AKSU RES""";"=""10928268862""";"=""2890""";"=""AKSU ÇAMLICA RES""";0,99;156,81;6,94;0,5;;;;;;;;
"=""API""";"=""WIND""";"=""2026-04-27T20:59:00+03:00""";"=""OA_YTM""";"=""AKSU RES""";"=""10928268862""";"=""2890""";"=""AKSU ÇAMLICA RES""";0,99;157,06;7,93;1,05;;;;;;;;
"=""API""";"=""WIND""";"=""2026-04-27T21:00:00+03:00""";"=""OA_YTM""";"=""AKSU RES""";"=""10928268862""";"=""2890""";"=""AKSU ÇAMLICA RES""";0,99;157,37;6,94;0,39;;;;;;;;
"=""API""";"=""WIND""";"=""2026-04-27T21:01:00+03:00""";"=""OA_YTM""";"=""AKSU RES""";"=""10928268862""";"=""2890""";"=""AKSU ÇAMLICA RES""";0,99;157,63;0,99;1,07;;;;;;;;
"=""API""";"=""WIND""";"=""2026-04-27T21:02:00+03:00""";"=""OA_YTM""";"=""AKSU RES""";"=""10928268862""";"=""2890""";"=""AKSU ÇAMLICA RES""";0,99;157,17;7,94;0,33;;;;;;;;
"=""API""";"=""WIND""";"=""2026-04-27T21:03:00+03:00""";"=""OA_YTM""";"=""AKSU RES""";"=""10928268862""";"=""2890""";"=""AKSU ÇAMLICA RES""";0,99;157,17;7,93;0,32;;;;;;;;
"=""API""";"=""WIND""";"=""2026-04-27T21:04:00+03:00""";"=""OA_YTM""";"=""AKSU RES""";"=""10928268862""";"=""2890""";"=""AKSU ÇAMLICA RES""";0,99;156,86;0,99;0,28;;;;;;;;
"=""API""";"=""WIND""";"=""2026-04-27T21:05:00+03:00""";"=""OA_YTM""";"=""AKSU RES""";"=""10928268862""";"=""2890""";"=""AKSU ÇAMLICA RES""";0,99;157,47;0,99;0,53;;;;;;;;
"=""API""";"=""WIND""";"=""2026-04-27T21:06:00+03:00""";"=""OA_YTM""";"=""AKSU RES""";"=""10928268862""";"=""2890""";"=""AKSU ÇAMLICA RES""";0,99;158,29;0,99;1,01;;;;;;;;
"=""API""";"=""WIND""";"=""2026-04-27T21:07:00+03:00""";"=""OA_YTM""";"=""AKSU RES""";"=""10928268862""";"=""2890""";"=""AKSU ÇAMLICA RES""";0,99;157,99;6,94;1,01;;;;;;;;
"=""API""";"=""WIND""";"=""2026-04-27T21:08:00+03:00""";"=""OA_YTM""";"=""AKSU RES""";"=""10928268862""";"=""2890""";"=""AKSU ÇAMLICA RES""";0,99;157,88;1,98;1,1;;;;;;;;
"=""API""";"=""WIND""";"=""2026-04-27T21:09:00+03:00""";"=""OA_YTM""";"=""AKSU RES""";"=""10928268862""";"=""2890""";"=""AKSU ÇAMLICA RES""";0,99;157,83;1,98;0,5;;;;;;;;
"=""API""";"=""WIND""";"=""2026-04-27T21:10:00+03:00""";"=""OA_YTM""";"=""AKSU RES""";"=""10928268862""";"=""2890""";"=""AKSU ÇAMLICA RES""";0,99;157,83;1,98;0,96;;;;;;;;
"=""API""";"=""WIND""";"=""2026-04-27T21:11:00+03:00""";"=""OA_YTM""";"=""AKSU RES""";"=""10928268862""";"=""2890""";"=""AKSU ÇAMLICA RES""";0,99;157,73;2,98;1,12;;;;;;;;
"=""API""";"=""WIND""";"=""2026-04-27T21:12:00+03:00""";"=""OA_YTM""";"=""AKSU RES""";"=""10928268862""";"=""2890""";"=""AKSU ÇAMLICA RES""";0,99;157,06;2,98;1,06;;;;;;;;
"=""API""";"=""WIND""";"=""2026-04-27T21:13:00+03:00""";"=""OA_YTM""";"=""AKSU RES""";"=""10928268862""";"=""2890""";"=""AKSU ÇAMLICA RES""";0,99;157,63;1,98;1,27;;;;;;;;
"=""API""";"=""WIND""";"=""2026-04-27T21:14:00+03:00""";"=""OA_YTM""";"=""AKSU RES""";"=""10928268862""";"=""2890""";"=""AKSU ÇAMLICA RES""";0,99;157,52;1,98;1,14;;;;;;;;
"=""API""";"=""WIND""";"=""2026-04-27T21:15:00+03:00""";"=""OA_YTM""";"=""AKSU RES""";"=""10928268862""";"=""2890""";"=""AKSU ÇAMLICA RES""";0,99;157,11;2,98;1,33;;;;;;;;
"=""API""";"=""WIND""";"=""2026-04-27T21:16:00+03:00""";"=""OA_YTM""";"=""AKSU RES""";"=""10928268862""";"=""2890""";"=""AKSU ÇAMLICA RES""";0,99;156,91;3,97;1,02;;;;;;;;
"=""API""";"=""WIND""";"=""2026-04-27T21:17:00+03:00""";"=""OA_YTM""";"=""AKSU RES""";"=""10928268862""";"=""2890""";"=""AKSU ÇAMLICA RES""";0,99;157,16;2,98;1,46;;;;;;;;
"=""API""";"=""WIND""";"=""2026-04-27T21:18:00+03:00""";"=""OA_YTM""";"=""AKSU RES""";"=""10928268862""";"=""2890""";"=""AKSU ÇAMLICA RES""";0,99;157,32;3,97;1,71;;;;;;;;
"=""API""";"=""WIND""";"=""2026-04-27T21:19:00+03:00""";"=""OA_YTM""";"=""AKSU RES""";"=""10928268862""";"=""2890""";"=""AKSU ÇAMLICA RES""";0,99;156,65;3,97;1,71;;;;;;;;
"=""API""";"=""WIND""";"=""2026-04-27T21:20:00+03:00""";"=""OA_YTM""";"=""AKSU RES""";"=""10928268862""";"=""2890""";"=""AKSU ÇAMLICA RES""";0,99;157,11;3,97;0,98;;;;;;;;
"=""API""";"=""WIND""";"=""2026-04-27T21:21:00+03:00""";"=""OA_YTM""";"=""AKSU RES""";"=""10928268862""";"=""2890""";"=""AKSU ÇAMLICA RES""";0,99;156,7;5,95;1,1;;;;;;;;
"=""API""";"=""WIND""";"=""2026-04-27T21:22:00+03:00""";"=""OA_YTM""";"=""AKSU RES""";"=""10928268862""";"=""2890""";"=""AKSU ÇAMLICA RES""";0,99;156,91;4,96;1,14;;;;;;;;
"=""API""";"=""WIND""";"=""2026-04-27T21:23:00+03:00""";"=""OA_YTM""";"=""AKSU RES""";"=""10928268862""";"=""2890""";"=""AKSU ÇAMLICA RES""";0,99;156,65;6,94;0,65;;;;;;;;
"=""API""";"=""WIND""";"=""2026-04-27T21:24:00+03:00""";"=""OA_YTM""";"=""AKSU RES""";"=""10928268862""";"=""2890""";"=""AKSU ÇAMLICA RES""";0,99;156,96;7,94;1,2;;;;;;;;
"=""API""";"=""WIND""";"=""2026-04-27T21:25:00+03:00""";"=""OA_YTM""";"=""AKSU RES""";"=""10928268862""";"=""2890""";"=""AKSU ÇAMLICA RES""";0,99;157,22;5,95;1,2;;;;;;;;
"=""API""";"=""WIND""";"=""2026-04-27T21:26:00+03:00""";"=""OA_YTM""";"=""AKSU RES""";"=""10928268862""";"=""2890""";"=""AKSU ÇAMLICA RES""";0,99;157,63;7,93;0,96;;;;;;;;
"=""API""";"=""WIND""";"=""2026-04-27T21:27:00+03:00""";"=""OA_YTM""";"=""AKSU RES""";"=""10928268862""";"=""2890""";"=""AKSU ÇAMLICA RES""";0,99;157,32;6,94;0,86;;;;;;;;
"=""API""";"=""WIND""";"=""2026-04-27T21:28:00+03:00""";"=""OA_YTM""";"=""AKSU RES""";"=""10928268862""";"=""2890""";"=""AKSU ÇAMLICA RES""";0,99;157,32;6,94;1,13;;;;;;;;
"=""API""";"=""WIND""";"=""2026-04-27T21:29:00+03:00""";"=""OA_YTM""";"=""AKSU RES""";"=""10928268862""";"=""2890""";"=""AKSU ÇAMLICA RES""";0,99;157,32;8,93;1,02;;;;;0;1,14;"=""0""";
"=""API""";"=""WIND""";"=""2026-04-27T21:30:00+03:00""";"=""OA_YTM""";"=""AKSU RES""";"=""10928268862""";"=""2890""";"=""AKSU ÇAMLICA RES""";0,99;157,17;4,96;0,71;;;;;;;;
"=""API""";"=""WIND""";"=""2026-04-27T21:31:00+03:00""";"=""OA_YTM""";"=""AKSU RES""";"=""10928268862""";"=""2890""";"=""AKSU ÇAMLICA RES""";0,99;157,47;8,93;1,22;;;;;0;1,14;"=""1""";
"=""API""";"=""WIND""";"=""2026-04-27T21:32:00+03:00""";"=""OA_YTM""";"=""AKSU RES""";"=""10928268862""";"=""2890""";"=""AKSU ÇAMLICA RES""";0,99;157,93;4,96;0,95;;;;;;;;
"=""API""";"=""WIND""";"=""2026-04-27T21:33:00+03:00""";"=""OA_YTM""";"=""AKSU RES""";"=""10928268862""";"=""2890""";"=""AKSU ÇAMLICA RES""";0,99;157,63;4,96;0,75;;;;;;;;
"=""API""";"=""WIND""";"=""2026-04-27T21:34:00+03:00""";"=""OA_YTM""";"=""AKSU RES""";"=""10928268862""";"=""2890""";"=""AKSU ÇAMLICA RES""";0,99;157,52;6,94;1,17;;;;;;;;
"=""API""";"=""WIND""";"=""2026-04-27T21:35:00+03:00""";"=""OA_YTM""";"=""AKSU RES""";"=""10928268862""";"=""2890""";"=""AKSU ÇAMLICA RES""";0,99;157,42;4,96;1,1;;;;;;;;
"=""API""";"=""WIND""";"=""2026-04-27T21:36:00+03:00""";"=""OA_YTM""";"=""AKSU RES""";"=""10928268862""";"=""2890""";"=""AKSU ÇAMLICA RES""";0,99;157,17;4,96;1,18;;;;;;;;
"=""API""";"=""WIND""";"=""2026-04-27T21:37:00+03:00""";"=""OA_YTM""";"=""AKSU RES""";"=""10928268862""";"=""2890""";"=""AKSU ÇAMLICA RES""";0,99;156,91;6,94;0,53;;;;;;;;
"=""API""";"=""WIND""";"=""2026-04-27T21:38:00+03:00""";"=""OA_YTM""";"=""AKSU RES""";"=""10928268862""";"=""2890""";"=""AKSU ÇAMLICA RES""";0,99;156,81;7,93;1,1;;;;;;;;
"=""API""";"=""WIND""";"=""2026-04-27T21:39:00+03:00""";"=""OA_YTM""";"=""AKSU RES""";"=""10928268862""";"=""2890""";"=""AKSU ÇAMLICA RES""";0,99;156,91;2,98;1,11;;;;;;;;
"=""API""";"=""WIND""";"=""2026-04-27T21:40:00+03:00""";"=""OA_YTM""";"=""AKSU RES""";"=""10928268862""";"=""2890""";"=""AKSU ÇAMLICA RES""";0,99;157,58;3,97;0,51;;;;;;;;
"=""API""";"=""WIND""";"=""2026-04-27T21:41:00+03:00""";"=""OA_YTM""";"=""AKSU RES""";"=""10928268862""";"=""2890""";"=""AKSU ÇAMLICA RES""";0,99;157,63;7,93;1,17;;;;;;;;
"=""API""";"=""WIND""";"=""2026-04-27T21:42:00+03:00""";"=""OA_YTM""";"=""AKSU RES""";"=""10928268862""";"=""2890""";"=""AKSU ÇAMLICA RES""";0,99;157,27;4,96;0,93;;;;;;;;
"=""API""";"=""WIND""";"=""2026-04-27T21:43:00+03:00""";"=""OA_YTM""";"=""AKSU RES""";"=""10928268862""";"=""2890""";"=""AKSU ÇAMLICA RES""";0,99;158,19;5,95;0,7;;;;;;;;
"=""API""";"=""WIND""";"=""2026-04-27T21:44:00+03:00""";"=""OA_YTM""";"=""AKSU RES""";"=""10928268862""";"=""2890""";"=""AKSU ÇAMLICA RES""";0,99;157,11;6,94;0,87;;;;;;;;
"=""API""";"=""WIND""";"=""2026-04-27T21:45:00+03:00""";"=""OA_YTM""";"=""AKSU RES""";"=""10928268862""";"=""2890""";"=""AKSU ÇAMLICA RES""";0,99;157,11;6,94;0,87;;;;;;;;
"=""API""";"=""WIND""";"=""2026-04-27T21:46:00+03:00""";"=""OA_YTM""";"=""AKSU RES""";"=""10928268862""";"=""2890""";"=""AKSU ÇAMLICA RES""";0,99;157,22;6,94;0,95;;;;;;;;
"=""API""";"=""WIND""";"=""2026-04-27T21:47:00+03:00""";"=""OA_YTM""";"=""AKSU RES""";"=""10928268862""";"=""2890""";"=""AKSU ÇAMLICA RES""";0,99;157,47;8,93;0,96;;;;;0;1,14;"=""0""";
"=""API""";"=""WIND""";"=""2026-04-27T21:48:00+03:00""";"=""OA_YTM""";"=""AKSU RES""";"=""10928268862""";"=""2890""";"=""AKSU ÇAMLICA RES""";0,99;158,35;4,96;0,89;;;;;;;;
"=""API""";"=""WIND""";"=""2026-04-27T21:49:00+03:00""";"=""OA_YTM""";"=""AKSU RES""";"=""10928268862""";"=""2890""";"=""AKSU ÇAMLICA RES""";0,99;158,45;8,93;0,82;;;;;0;1,14;"=""0""";
"=""API""";"=""WIND""";"=""2026-04-27T21:50:00+03:00""";"=""OA_YTM""";"=""AKSU RES""";"=""10928268862""";"=""2890""";"=""AKSU ÇAMLICA RES""";0,99;158,66;3,97;1,19;;;;;;;;
"=""API""";"=""WIND""";"=""2026-04-27T21:51:00+03:00""";"=""OA_YTM""";"=""AKSU RES""";"=""10928268862""";"=""2890""";"=""AKSU ÇAMLICA RES""";0,99;157,78;6,94;0,74;;;;;;;;
"=""API""";"=""WIND""";"=""2026-04-27T21:52:00+03:00""";"=""OA_YTM""";"=""AKSU RES""";"=""10928268862""";"=""2890""";"=""AKSU ÇAMLICA RES""";0,99;157,52;9,92;1,29;;;;;0;1,27;"=""1""";
"=""API""";"=""WIND""";"=""2026-04-27T21:53:00+03:00""";"=""OA_YTM""";"=""AKSU RES""";"=""10928268862""";"=""2890""";"=""AKSU ÇAMLICA RES""";0,99;157,63;4,96;1,42;;;;;;;;
"=""API""";"=""WIND""";"=""2026-04-27T21:54:00+03:00""";"=""OA_YTM""";"=""AKSU RES""";"=""10928268862""";"=""2890""";"=""AKSU ÇAMLICA RES""";0,99;158,45;8,93;1,3;;;;;0;1,14;"=""1""";
"=""API""";"=""WIND""";"=""2026-04-27T21:55:00+03:00""";"=""OA_YTM""";"=""AKSU RES""";"=""10928268862""";"=""2890""";"=""AKSU ÇAMLICA RES""";0,99;158,55;2,98;1,34;;;;;;;;
"=""API""";"=""WIND""";"=""2026-04-27T21:56:00+03:00""";"=""OA_YTM""";"=""AKSU RES""";"=""10928268862""";"=""2890""";"=""AKSU ÇAMLICA RES""";0,99;157,22;2,98;0,6;;;;;;;;
"=""API""";"=""WIND""";"=""2026-04-27T21:57:00+03:00""";"=""OA_YTM""";"=""AKSU RES""";"=""10928268862""";"=""2890""";"=""AKSU ÇAMLICA RES""";0,99;156,5;2,98;0,52;;;;;;;;
"=""API""";"=""WIND""";"=""2026-04-27T21:58:00+03:00""";"=""OA_YTM""";"=""AKSU RES""";"=""10928268862""";"=""2890""";"=""AKSU ÇAMLICA RES""";0,99;158,45;10,91;1,49;;;;;0;1,39;"=""1""";
"=""API""";"=""WIND""";"=""2026-04-27T21:59:00+03:00""";"=""OA_YTM""";"=""AKSU RES""";"=""10928268862""";"=""2890""";"=""AKSU ÇAMLICA RES""";0,99;158,24;9,92;1,42;;;;;0;1,27;"=""1""";
"=""API""";"=""WIND""";"=""2026-04-27T22:00:00+03:00""";"=""OA_YTM""";"=""AKSU RES""";"=""10928268862""";"=""2890""";"=""AKSU ÇAMLICA RES""";0,99;158,66;9,92;1,46;;;;;0;1,27;"=""1""";
"=""API""";"=""WIND""";"=""2026-04-27T22:01:00+03:00""";"=""OA_YTM""";"=""AKSU RES""";"=""10928268862""";"=""2890""";"=""AKSU ÇAMLICA RES""";0,99;157,11;9,92;1,57;;;;;0;1,27;"=""1""";
"=""API""";"=""WIND""";"=""2026-04-27T22:02:00+03:00""";"=""OA_YTM""";"=""AKSU RES""";"=""10928268862""";"=""2890""";"=""AKSU ÇAMLICA RES""";0,99;158,04;10,91;0,58;;;;;0;1,39;"=""0""";
"=""API""";"=""WIND""";"=""2026-04-27T22:03:00+03:00""";"=""OA_YTM""";"=""AKSU RES""";"=""10928268862""";"=""2890""";"=""AKSU ÇAMLICA RES""";0,99;157,17;8,93;1,33;;;;;0;1,14;"=""1""";
"=""API""";"=""WIND""";"=""2026-04-27T22:04:00+03:00""";"=""OA_YTM""";"=""AKSU RES""";"=""10928268862""";"=""2890""";"=""AKSU ÇAMLICA RES""";0,99;157,52;10,91;0,39;;;;;0;1,39;"=""0""";
"=""API""";"=""WIND""";"=""2026-04-27T22:05:00+03:00""";"=""OA_YTM""";"=""AKSU RES""";"=""10928268862""";"=""2890""";"=""AKSU ÇAMLICA RES""";0,99;157,63;11,91;1,57;;;;;0;1,52;"=""1""";
"=""API""";"=""WIND""";"=""2026-04-27T22:06:00+03:00""";"=""OA_YTM""";"=""AKSU RES""";"=""10928268862""";"=""2890""";"=""AKSU ÇAMLICA RES""";0,99;157,42;1,98;0,15;;;;;;;;
"=""API""";"=""WIND""";"=""2026-04-27T22:07:00+03:00""";"=""OA_YTM""";"=""AKSU RES""";"=""10928268862""";"=""2890""";"=""AKSU ÇAMLICA RES""";0,99;157,52;11,91;0,26;;;;;0;1,52;"=""0""";
"=""API""";"=""WIND""";"=""2026-04-27T22:08:00+03:00""";"=""OA_YTM""";"=""AKSU RES""";"=""10928268862""";"=""2890""";"=""AKSU ÇAMLICA RES""";0,99;157,99;1,98;0,22;;;;;;;;
"=""API""";"=""WIND""";"=""2026-04-27T22:09:00+03:00""";"=""OA_YTM""";"=""AKSU RES""";"=""10928268862""";"=""2890""";"=""AKSU ÇAMLICA RES""";0,99;157,73;12,9;0,28;;;;;0;1,65;"=""0""";
"=""API""";"=""WIND""";"=""2026-04-27T22:10:00+03:00""";"=""OA_YTM""";"=""AKSU RES""";"=""10928268862""";"=""2890""";"=""AKSU ÇAMLICA RES""";0,99;157,47;14,88;0,83;;;;;0;1,9;"=""0""";
"=""API""";"=""WIND""";"=""2026-04-27T22:11:00+03:00""";"=""OA_YTM""";"=""AKSU RES""";"=""10928268862""";"=""2890""";"=""AKSU ÇAMLICA RES""";0,99;158,09;1,98;1,01;;;;;;;;
"=""API""";"=""WIND""";"=""2026-04-27T22:12:00+03:00""";"=""OA_YTM""";"=""AKSU RES""";"=""10928268862""";"=""2890""";"=""AKSU ÇAMLICA RES""";0,99;158,19;1,98;2,13;;;;;;;;
"=""API""";"=""WIND""";"=""2026-04-27T22:13:00+03:00""";"=""OA_YTM""";"=""AKSU RES""";"=""10928268862""";"=""2890""";"=""AKSU ÇAMLICA RES""";0,99;157,11;12,9;1,07;;;;;0;1,65;"=""0""";
"=""API""";"=""WIND""";"=""2026-04-27T22:14:00+03:00""";"=""OA_YTM""";"=""AKSU RES""";"=""10928268862""";"=""2890""";"=""AKSU ÇAMLICA RES""";0,99;157,88;2,98;0,56;;;;;;;;
"=""API""";"=""WIND""";"=""2026-04-27T22:15:00+03:00""";"=""OA_YTM""";"=""AKSU RES""";"=""10928268862""";"=""2890""";"=""AKSU ÇAMLICA RES""";0,99;157,06;2,98;1,91;;;;;;;;
"=""API""";"=""WIND""";"=""2026-04-27T22:16:00+03:00""";"=""OA_YTM""";"=""AKSU RES""";"=""10928268862""";"=""2890""";"=""AKSU ÇAMLICA RES""";0,99;157,58;12,9;0,82;;;;;0;1,65;"=""0""";
"=""API""";"=""WIND""";"=""2026-04-27T22:17:00+03:00""";"=""OA_YTM""";"=""AKSU RES""";"=""10928268862""";"=""2890""";"=""AKSU ÇAMLICA RES""";0,99;157,88;12,9;0,52;;;;;0;1,65;"=""0""";
"=""API""";"=""WIND""";"=""2026-04-27T22:18:00+03:00""";"=""OA_YTM""";"=""AKSU RES""";"=""10928268862""";"=""2890""";"=""AKSU ÇAMLICA RES""";0,99;158,14;13,89;1,12;;;;;0;1,78;"=""0""";
"=""API""";"=""WIND""";"=""2026-04-27T22:19:00+03:00""";"=""OA_YTM""";"=""AKSU RES""";"=""10928268862""";"=""2890""";"=""AKSU ÇAMLICA RES""";0,99;156,96;2,98;1,29;;;;;;;;
"=""API""";"=""WIND""";"=""2026-04-27T22:20:00+03:00""";"=""OA_YTM""";"=""AKSU RES""";"=""10928268862""";"=""2890""";"=""AKSU ÇAMLICA RES""";0,99;157,93;1,98;0,67;;;;;;;;
"=""API""";"=""WIND""";"=""2026-04-27T22:21:00+03:00""";"=""OA_YTM""";"=""AKSU RES""";"=""10928268862""";"=""2890""";"=""AKSU ÇAMLICA RES""";0,99;157,83;1,98;2,13;;;;;;;;
"=""API""";"=""WIND""";"=""2026-04-27T22:22:00+03:00""";"=""OA_YTM""";"=""AKSU RES""";"=""10928268862""";"=""2890""";"=""AKSU ÇAMLICA RES""";0,99;157,83;12,9;1,14;;;;;0;1,65;"=""0""";
"=""API""";"=""WIND""";"=""2026-04-27T22:23:00+03:00""";"=""OA_YTM""";"=""AKSU RES""";"=""10928268862""";"=""2890""";"=""AKSU ÇAMLICA RES""";0,99;157,83;2,98;1,76;;;;;;;;
"=""API""";"=""WIND""";"=""2026-04-27T22:24:00+03:00""";"=""OA_YTM""";"=""AKSU RES""";"=""10928268862""";"=""2890""";"=""AKSU ÇAMLICA RES""";0,99;157,68;13,89;1,84;;;;;0;1,78;"=""1""";
"=""API""";"=""WIND""";"=""2026-04-27T22:25:00+03:00""";"=""OA_YTM""";"=""AKSU RES""";"=""10928268862""";"=""2890""";"=""AKSU ÇAMLICA RES""";0,99;157,73;3,97;1,29;;;;;;;;
"=""API""";"=""WIND""";"=""2026-04-27T22:26:00+03:00""";"=""OA_YTM""";"=""AKSU RES""";"=""10928268862""";"=""2890""";"=""AKSU ÇAMLICA RES""";0,99;157,16;11,91;1,63;;;;;0;1,52;"=""1""";
"=""API""";"=""WIND""";"=""2026-04-27T22:27:00+03:00""";"=""OA_YTM""";"=""AKSU RES""";"=""10928268862""";"=""2890""";"=""AKSU ÇAMLICA RES""";0,99;158,14;11,91;1,41;;;;;0;1,52;"=""0""";
"=""API""";"=""WIND""";"=""2026-04-27T22:28:00+03:00""";"=""OA_YTM""";"=""AKSU RES""";"=""10928268862""";"=""2890""";"=""AKSU ÇAMLICA RES""";0,99;156,96;11,91;1,54;;;;;0;1,52;"=""1""";
"=""API""";"=""WIND""";"=""2026-04-27T22:29:00+03:00""";"=""OA_YTM""";"=""AKSU RES""";"=""10928268862""";"=""2890""";"=""AKSU ÇAMLICA RES""";0,99;158,24;12,9;1,56;;;;;0;1,65;"=""0""";
"=""API""";"=""WIND""";"=""2026-04-27T22:30:00+03:00""";"=""OA_YTM""";"=""AKSU RES""";"=""10928268862""";"=""2890""";"=""AKSU ÇAMLICA RES""";0,99;156,86;4,96;1,69;;;;;;;;
"=""API""";"=""WIND""";"=""2026-04-27T22:31:00+03:00""";"=""OA_YTM""";"=""AKSU RES""";"=""10928268862""";"=""2890""";"=""AKSU ÇAMLICA RES""";0,99;157,63;13,89;1,92;;;;;0;1,78;"=""1""";
"=""API""";"=""WIND""";"=""2026-04-27T22:32:00+03:00""";"=""OA_YTM""";"=""AKSU RES""";"=""10928268862""";"=""2890""";"=""AKSU ÇAMLICA RES""";0,99;156,7;12,9;1,03;;;;;0;1,65;"=""0""";
"=""API""";"=""WIND""";"=""2026-04-27T22:33:00+03:00""";"=""OA_YTM""";"=""AKSU RES""";"=""10928268862""";"=""2890""";"=""AKSU ÇAMLICA RES""";0,99;157,58;11,91;1,81;;;;;0;1,52;"=""1""";
"=""API""";"=""WIND""";"=""2026-04-27T22:34:00+03:00""";"=""OA_YTM""";"=""AKSU RES""";"=""10928268862""";"=""2890""";"=""AKSU ÇAMLICA RES""";0,99;158,14;11,91;0,82;;;;;0;1,52;"=""0""";
"=""API""";"=""WIND""";"=""2026-04-27T22:35:00+03:00""";"=""OA_YTM""";"=""AKSU RES""";"=""10928268862""";"=""2890""";"=""AKSU ÇAMLICA RES""";0,99;156,86;11,91;0,92;;;;;0;1,52;"=""0""";
"=""API""";"=""WIND""";"=""2026-04-27T22:36:00+03:00""";"=""OA_YTM""";"=""AKSU RES""";"=""10928268862""";"=""2890""";"=""AKSU ÇAMLICA RES""";0,99;158,4;6,94;1,86;;;;;;;;
"=""API""";"=""WIND""";"=""2026-04-27T22:37:00+03:00""";"=""OA_YTM""";"=""AKSU RES""";"=""10928268862""";"=""2890""";"=""AKSU ÇAMLICA RES""";0,99;158,65;11,91;0,96;;;;;0;1,52;"=""0""";
"=""API""";"=""WIND""";"=""2026-04-27T22:38:00+03:00""";"=""OA_YTM""";"=""AKSU RES""";"=""10928268862""";"=""2890""";"=""AKSU ÇAMLICA RES""";0,99;157,22;10,91;1,74;;;;;0;1,39;"=""1""";
"=""API""";"=""WIND""";"=""2026-04-27T22:39:00+03:00""";"=""OA_YTM""";"=""AKSU RES""";"=""10928268862""";"=""2890""";"=""AKSU ÇAMLICA RES""";0,99;157,32;6,94;1,62;;;;;;;;
"=""API""";"=""WIND""";"=""2026-04-27T22:40:00+03:00""";"=""OA_YTM""";"=""AKSU RES""";"=""10928268862""";"=""2890""";"=""AKSU ÇAMLICA RES""";0,99;157,22;9,92;1,53;;;;;0;1,27;"=""1""";
"=""API""";"=""WIND""";"=""2026-04-27T22:41:00+03:00""";"=""OA_YTM""";"=""AKSU RES""";"=""10928268862""";"=""2890""";"=""AKSU ÇAMLICA RES""";0,99;157,32;8,93;1,3;;;;;0;1,14;"=""1""";
"=""API""";"=""WIND""";"=""2026-04-27T22:42:00+03:00""";"=""OA_YTM""";"=""AKSU RES""";"=""10928268862""";"=""2890""";"=""AKSU ÇAMLICA RES""";0,99;157,83;3,97;0,65;;;;;;;;
"=""API""";"=""WIND""";"=""2026-04-27T22:43:00+03:00""";"=""OA_YTM""";"=""AKSU RES""";"=""10928268862""";"=""2890""";"=""AKSU ÇAMLICA RES""";0,99;157,93;9,92;0,71;;;;;0;1,27;"=""0""";
"=""API""";"=""WIND""";"=""2026-04-27T22:44:00+03:00""";"=""OA_YTM""";"=""AKSU RES""";"=""10928268862""";"=""2890""";"=""AKSU ÇAMLICA RES""";0,99;158,66;8,93;0,89;;;;;0;1,14;"=""0""";
"=""API""";"=""WIND""";"=""2026-04-27T22:45:00+03:00""";"=""OA_YTM""";"=""AKSU RES""";"=""10928268862""";"=""2890""";"=""AKSU ÇAMLICA RES""";0,99;157,83;8,93;0,95;;;;;0;1,14;"=""0""";
"=""API""";"=""WIND""";"=""2026-04-27T22:46:00+03:00""";"=""OA_YTM""";"=""AKSU RES""";"=""10928268862""";"=""2890""";"=""AKSU ÇAMLICA RES""";0,99;157,52;4,96;0,9;;;;;;;;
"=""API""";"=""WIND""";"=""2026-04-27T22:47:00+03:00""";"=""OA_YTM""";"=""AKSU RES""";"=""10928268862""";"=""2890""";"=""AKSU ÇAMLICA RES""";0,99;157,17;4,96;1,21;;;;;;;;
"=""API""";"=""WIND""";"=""2026-04-27T22:48:00+03:00""";"=""OA_YTM""";"=""AKSU RES""";"=""10928268862""";"=""2890""";"=""AKSU ÇAMLICA RES""";0,99;158,04;7,93;1,21;;;;;;;;
"=""API""";"=""WIND""";"=""2026-04-27T22:49:00+03:00""";"=""OA_YTM""";"=""AKSU RES""";"=""10928268862""";"=""2890""";"=""AKSU ÇAMLICA RES""";0,99;157,58;6,94;0,66;;;;;;;;
"=""API""";"=""WIND""";"=""2026-04-27T22:50:00+03:00""";"=""OA_YTM""";"=""AKSU RES""";"=""10928268862""";"=""2890""";"=""AKSU ÇAMLICA RES""";0,99;158,24;4,96;0,66;;;;;;;;
"=""API""";"=""WIND""";"=""2026-04-27T22:51:00+03:00""";"=""OA_YTM""";"=""AKSU RES""";"=""10928268862""";"=""2890""";"=""AKSU ÇAMLICA RES""";0,99;157,58;5,95;0,88;;;;;;;;
"=""API""";"=""WIND""";"=""2026-04-27T22:52:00+03:00""";"=""OA_YTM""";"=""AKSU RES""";"=""10928268862""";"=""2890""";"=""AKSU ÇAMLICA RES""";0,99;157,83;3,97;0,76;;;;;;;;
"=""API""";"=""WIND""";"=""2026-04-27T22:53:00+03:00""";"=""OA_YTM""";"=""AKSU RES""";"=""10928268862""";"=""2890""";"=""AKSU ÇAMLICA RES""";0,99;157,94;4,96;0,53;;;;;;;;
"=""API""";"=""WIND""";"=""2026-04-27T22:54:00+03:00""";"=""OA_YTM""";"=""AKSU RES""";"=""10928268862""";"=""2890""";"=""AKSU ÇAMLICA RES""";0,99;157,42;5,95;0,52;;;;;;;;
"=""API""";"=""WIND""";"=""2026-04-27T22:55:00+03:00""";"=""OA_YTM""";"=""AKSU RES""";"=""10928268862""";"=""2890""";"=""AKSU ÇAMLICA RES""";0,99;157,58;3,97;0,51;;;;;;;;
"=""API""";"=""WIND""";"=""2026-04-27T22:56:00+03:00""";"=""OA_YTM""";"=""AKSU RES""";"=""10928268862""";"=""2890""";"=""AKSU ÇAMLICA RES""";0,99;157,58;3,97;0,8;;;;;;;;
"=""API""";"=""WIND""";"=""2026-04-27T22:57:00+03:00""";"=""OA_YTM""";"=""AKSU RES""";"=""10928268862""";"=""2890""";"=""AKSU ÇAMLICA RES""";0,99;158,04;4,96;0,74;;;;;;;;
"=""API""";"=""WIND""";"=""2026-04-27T22:58:00+03:00""";"=""OA_YTM""";"=""AKSU RES""";"=""10928268862""";"=""2890""";"=""AKSU ÇAMLICA RES""";0,99;157,83;4,96;0,73;;;;;;;;
"=""API""";"=""WIND""";"=""2026-04-27T22:59:00+03:00""";"=""OA_YTM""";"=""AKSU RES""";"=""10928268862""";"=""2890""";"=""AKSU ÇAMLICA RES""";0,99;158,65;4,96;0,67;;;;;;;;
"=""API""";"=""WIND""";"=""2026-04-27T23:00:00+03:00""";"=""OA_YTM""";"=""AKSU RES""";"=""10928268862""";"=""2890""";"=""AKSU ÇAMLICA RES""";0,99;157,73;5,95;0,7;;;;;;;;
"=""API""";"=""WIND""";"=""2026-04-27T23:01:00+03:00""";"=""OA_YTM""";"=""AKSU RES""";"=""10928268862""";"=""2890""";"=""AKSU ÇAMLICA RES""";0,99;158,19;5,95;0,89;;;;;;;;
"=""API""";"=""WIND""";"=""2026-04-27T23:02:00+03:00""";"=""OA_YTM""";"=""AKSU RES""";"=""10928268862""";"=""2890""";"=""AKSU ÇAMLICA RES""";0,99;156,96;2,98;0,87;;;;;;;;
"=""API""";"=""WIND""";"=""2026-04-27T23:03:00+03:00""";"=""OA_YTM""";"=""AKSU RES""";"=""10928268862""";"=""2890""";"=""AKSU ÇAMLICA RES""";0,99;157,99;6,94;0,87;;;;;;;;
"=""API""";"=""WIND""";"=""2026-04-27T23:04:00+03:00""";"=""OA_YTM""";"=""AKSU RES""";"=""10928268862""";"=""2890""";"=""AKSU ÇAMLICA RES""";0,99;158,24;3,97;1;;;;;;;;
"=""API""";"=""WIND""";"=""2026-04-27T23:05:00+03:00""";"=""OA_YTM""";"=""AKSU RES""";"=""10928268862""";"=""2890""";"=""AKSU ÇAMLICA RES""";0,99;158,14;8,93;1,3;;;;;0;1,14;"=""1""";
"=""API""";"=""WIND""";"=""2026-04-27T23:06:00+03:00""";"=""OA_YTM""";"=""AKSU RES""";"=""10928268862""";"=""2890""";"=""AKSU ÇAMLICA RES""";0,99;157,17;2,98;1,28;;;;;;;;
"=""API""";"=""WIND""";"=""2026-04-27T23:07:00+03:00""";"=""OA_YTM""";"=""AKSU RES""";"=""10928268862""";"=""2890""";"=""AKSU ÇAMLICA RES""";0,99;158,35;9,92;0,41;;;;;0;1,27;"=""0""";
"=""API""";"=""WIND""";"=""2026-04-27T23:08:00+03:00""";"=""OA_YTM""";"=""AKSU RES""";"=""10928268862""";"=""2890""";"=""AKSU ÇAMLICA RES""";0,99;157,73;7,93;1,36;;;;;;;;
"=""API""";"=""WIND""";"=""2026-04-27T23:09:00+03:00""";"=""OA_YTM""";"=""AKSU RES""";"=""10928268862""";"=""2890""";"=""AKSU ÇAMLICA RES""";0,99;158,55;3,97;1,19;;;;;;;;
"=""API""";"=""WIND""";"=""2026-04-27T23:10:00+03:00""";"=""OA_YTM""";"=""AKSU RES""";"=""10928268862""";"=""2890""";"=""AKSU ÇAMLICA RES""";0,99;157,73;7,93;1,33;;;;;;;;
"=""API""";"=""WIND""";"=""2026-04-27T23:11:00+03:00""";"=""OA_YTM""";"=""AKSU RES""";"=""10928268862""";"=""2890""";"=""AKSU ÇAMLICA RES""";0,99;157,94;2,98;0,55;;;;;;;;
"=""API""";"=""WIND""";"=""2026-04-27T23:12:00+03:00""";"=""OA_YTM""";"=""AKSU RES""";"=""10928268862""";"=""2890""";"=""AKSU ÇAMLICA RES""";0,99;158,35;9,92;0,43;;;;;0;1,27;"=""0""";
"=""API""";"=""WIND""";"=""2026-04-27T23:13:00+03:00""";"=""OA_YTM""";"=""AKSU RES""";"=""10928268862""";"=""2890""";"=""AKSU ÇAMLICA RES""";0,99;158,14;8,93;1,42;;;;;0;1,14;"=""1""";
"=""API""";"=""WIND""";"=""2026-04-27T23:14:00+03:00""";"=""OA_YTM""";"=""AKSU RES""";"=""10928268862""";"=""2890""";"=""AKSU ÇAMLICA RES""";0,99;158,45;9,92;0,36;;;;;0;1,27;"=""0""";
"=""API""";"=""WIND""";"=""2026-04-27T23:15:00+03:00""";"=""OA_YTM""";"=""AKSU RES""";"=""10928268862""";"=""2890""";"=""AKSU ÇAMLICA RES""";0,99;158,14;9,92;1,43;;;;;0;1,27;"=""1""";
"=""API""";"=""WIND""";"=""2026-04-27T23:16:00+03:00""";"=""OA_YTM""";"=""AKSU RES""";"=""10928268862""";"=""2890""";"=""AKSU ÇAMLICA RES""";0,99;157,63;9,92;1,53;;;;;0;1,27;"=""1""";
"=""API""";"=""WIND""";"=""2026-04-27T23:17:00+03:00""";"=""OA_YTM""";"=""AKSU RES""";"=""10928268862""";"=""2890""";"=""AKSU ÇAMLICA RES""";0,99;157,63;2,98;1,39;;;;;;;;
"=""API""";"=""WIND""";"=""2026-04-27T23:18:00+03:00""";"=""OA_YTM""";"=""AKSU RES""";"=""10928268862""";"=""2890""";"=""AKSU ÇAMLICA RES""";0,99;158,24;1,98;0,36;;;;;;;;
"=""API""";"=""WIND""";"=""2026-04-27T23:19:00+03:00""";"=""OA_YTM""";"=""AKSU RES""";"=""10928268862""";"=""2890""";"=""AKSU ÇAMLICA RES""";0,99;157,27;2,98;0,44;;;;;;;;
"=""API""";"=""WIND""";"=""2026-04-27T23:20:00+03:00""";"=""OA_YTM""";"=""AKSU RES""";"=""10928268862""";"=""2890""";"=""AKSU ÇAMLICA RES""";0,99;157,68;3,97;1,42;;;;;;;;
"=""API""";"=""WIND""";"=""2026-04-27T23:21:00+03:00""";"=""OA_YTM""";"=""AKSU RES""";"=""10928268862""";"=""2890""";"=""AKSU ÇAMLICA RES""";0,99;157,78;9,92;0,61;;;;;0;1,27;"=""0""";
"=""API""";"=""WIND""";"=""2026-04-27T23:22:00+03:00""";"=""OA_YTM""";"=""AKSU RES""";"=""10928268862""";"=""2890""";"=""AKSU ÇAMLICA RES""";0,99;157,78;10,91;1,46;;;;;0;1,39;"=""1""";
"=""API""";"=""WIND""";"=""2026-04-27T23:23:00+03:00""";"=""OA_YTM""";"=""AKSU RES""";"=""10928268862""";"=""2890""";"=""AKSU ÇAMLICA RES""";0,99;157,88;9,92;1,57;;;;;0;1,27;"=""1""";
"=""API""";"=""WIND""";"=""2026-04-27T23:24:00+03:00""";"=""OA_YTM""";"=""AKSU RES""";"=""10928268862""";"=""2890""";"=""AKSU ÇAMLICA RES""";0,99;158,04;10,91;1,35;;;;;0;1,39;"=""0""";
"=""API""";"=""WIND""";"=""2026-04-27T23:25:00+03:00""";"=""OA_YTM""";"=""AKSU RES""";"=""10928268862""";"=""2890""";"=""AKSU ÇAMLICA RES""";0,99;158,14;9,92;0,72;;;;;0;1,27;"=""0""";
"=""API""";"=""WIND""";"=""2026-04-27T23:26:00+03:00""";"=""OA_YTM""";"=""AKSU RES""";"=""10928268862""";"=""2890""";"=""AKSU ÇAMLICA RES""";0,99;158,81;9,92;0,78;;;;;0;1,27;"=""0""";
"=""API""";"=""WIND""";"=""2026-04-27T23:27:00+03:00""";"=""OA_YTM""";"=""AKSU RES""";"=""10928268862""";"=""2890""";"=""AKSU ÇAMLICA RES""";0,99;157,93;5,95;1,37;;;;;;;;
"=""API""";"=""WIND""";"=""2026-04-27T23:28:00+03:00""";"=""OA_YTM""";"=""AKSU RES""";"=""10928268862""";"=""2890""";"=""AKSU ÇAMLICA RES""";0,99;157,73;11,91;0,83;;;;;0;1,52;"=""0""";
"=""API""";"=""WIND""";"=""2026-04-27T23:29:00+03:00""";"=""OA_YTM""";"=""AKSU RES""";"=""10928268862""";"=""2890""";"=""AKSU ÇAMLICA RES""";0,99;158,81;7,93;1,18;;;;;;;;
"=""API""";"=""WIND""";"=""2026-04-27T23:30:00+03:00""";"=""OA_YTM""";"=""AKSU RES""";"=""10928268862""";"=""2890""";"=""AKSU ÇAMLICA RES""";0,99;158,45;9,92;1,22;;;;;0;1,27;"=""0""";
"=""API""";"=""WIND""";"=""2026-04-27T23:31:00+03:00""";"=""OA_YTM""";"=""AKSU RES""";"=""10928268862""";"=""2890""";"=""AKSU ÇAMLICA RES""";0,99;158,29;12,9;1,37;;;;;0;1,65;"=""0""";
"=""API""";"=""WIND""";"=""2026-04-27T23:32:00+03:00""";"=""OA_YTM""";"=""AKSU RES""";"=""10928268862""";"=""2890""";"=""AKSU ÇAMLICA RES""";0,99;157,99;14,88;1,81;;;;;0;1,9;"=""0""";
"=""API""";"=""WIND""";"=""2026-04-27T23:33:00+03:00""";"=""OA_YTM""";"=""AKSU RES""";"=""10928268862""";"=""2890""";"=""AKSU ÇAMLICA RES""";0,99;157,73;12,9;1,71;;;;;0;1,65;"=""1""";
"=""API""";"=""WIND""";"=""2026-04-27T23:34:00+03:00""";"=""OA_YTM""";"=""AKSU RES""";"=""10928268862""";"=""2890""";"=""AKSU ÇAMLICA RES""";0,99;157,73;14,88;1,89;;;;;0;1,9;"=""0""";
"=""API""";"=""WIND""";"=""2026-04-27T23:35:00+03:00""";"=""OA_YTM""";"=""AKSU RES""";"=""10928268862""";"=""2890""";"=""AKSU ÇAMLICA RES""";0,99;158,19;12,9;2,07;;;;;0;1,65;"=""1""";
"=""API""";"=""WIND""";"=""2026-04-27T23:36:00+03:00""";"=""OA_YTM""";"=""AKSU RES""";"=""10928268862""";"=""2890""";"=""AKSU ÇAMLICA RES""";0,99;157,32;14,88;2,12;;;;;0;1,9;"=""1""";
"=""API""";"=""WIND""";"=""2026-04-27T23:37:00+03:00""";"=""OA_YTM""";"=""AKSU RES""";"=""10928268862""";"=""2890""";"=""AKSU ÇAMLICA RES""";0,99;158,29;14,88;2,13;;;;;0;1,9;"=""1""";
"=""API""";"=""WIND""";"=""2026-04-27T23:38:00+03:00""";"=""OA_YTM""";"=""AKSU RES""";"=""10928268862""";"=""2890""";"=""AKSU ÇAMLICA RES""";0,99;157,11;11,91;2,02;;;;;0;1,52;"=""1""";
"=""API""";"=""WIND""";"=""2026-04-27T23:39:00+03:00""";"=""OA_YTM""";"=""AKSU RES""";"=""10928268862""";"=""2890""";"=""AKSU ÇAMLICA RES""";0,99;157,22;14,88;2,17;;;;;0;1,9;"=""1""";
"=""API""";"=""WIND""";"=""2026-04-27T23:40:00+03:00""";"=""OA_YTM""";"=""AKSU RES""";"=""10928268862""";"=""2890""";"=""AKSU ÇAMLICA RES""";0,99;157,42;12,9;2,03;;;;;0;1,65;"=""1""";
"=""API""";"=""WIND""";"=""2026-04-27T23:41:00+03:00""";"=""OA_YTM""";"=""AKSU RES""";"=""10928268862""";"=""2890""";"=""AKSU ÇAMLICA RES""";0,99;158,65;15,87;2,35;;;;;0;2,03;"=""1""";
"=""API""";"=""WIND""";"=""2026-04-27T23:42:00+03:00""";"=""OA_YTM""";"=""AKSU RES""";"=""10928268862""";"=""2890""";"=""AKSU ÇAMLICA RES""";0,99;157,78;12,9;1,7;;;;;0;1,65;"=""1""";
"=""API""";"=""WIND""";"=""2026-04-27T23:43:00+03:00""";"=""OA_YTM""";"=""AKSU RES""";"=""10928268862""";"=""2890""";"=""AKSU ÇAMLICA RES""";0,99;157,88;11,91;2,61;;;;;0;1,52;"=""1""";
"=""API""";"=""WIND""";"=""2026-04-27T23:44:00+03:00""";"=""OA_YTM""";"=""AKSU RES""";"=""10928268862""";"=""2890""";"=""AKSU ÇAMLICA RES""";0,99;158,19;17,86;1,89;;;;;0;2,29;"=""0""";
"=""API""";"=""WIND""";"=""2026-04-27T23:45:00+03:00""";"=""OA_YTM""";"=""AKSU RES""";"=""10928268862""";"=""2890""";"=""AKSU ÇAMLICA RES""";0,99;157,83;17,86;2,6;;;;;0;2,29;"=""1""";
"=""API""";"=""WIND""";"=""2026-04-27T23:46:00+03:00""";"=""OA_YTM""";"=""AKSU RES""";"=""10928268862""";"=""2890""";"=""AKSU ÇAMLICA RES""";0,99;158,35;18,85;2,57;;;;;0;2,41;"=""1""";
"=""API""";"=""WIND""";"=""2026-04-27T23:47:00+03:00""";"=""OA_YTM""";"=""AKSU RES""";"=""10928268862""";"=""2890""";"=""AKSU ÇAMLICA RES""";0,99;158,6;17,86;2,42;;;;;0;2,29;"=""1""";
"=""API""";"=""WIND""";"=""2026-04-27T23:48:00+03:00""";"=""OA_YTM""";"=""AKSU RES""";"=""10928268862""";"=""2890""";"=""AKSU ÇAMLICA RES""";0,99;159,12;17,86;1,82;;;;;0;2,29;"=""0""";
"=""API""";"=""WIND""";"=""2026-04-27T23:49:00+03:00""";"=""OA_YTM""";"=""AKSU RES""";"=""10928268862""";"=""2890""";"=""AKSU ÇAMLICA RES""";0,99;158,91;18,85;1,98;;;;;0;2,41;"=""0""";
"=""API""";"=""WIND""";"=""2026-04-27T23:50:00+03:00""";"=""OA_YTM""";"=""AKSU RES""";"=""10928268862""";"=""2890""";"=""AKSU ÇAMLICA RES""";0,99;158,91;18,85;1,92;;;;;0;2,41;"=""0""";
"=""API""";"=""WIND""";"=""2026-04-27T23:51:00+03:00""";"=""OA_YTM""";"=""AKSU RES""";"=""10928268862""";"=""2890""";"=""AKSU ÇAMLICA RES""";0,99;157,88;18,85;1,76;;;;;0;2,41;"=""0""";
"=""API""";"=""WIND""";"=""2026-04-27T23:52:00+03:00""";"=""OA_YTM""";"=""AKSU RES""";"=""10928268862""";"=""2890""";"=""AKSU ÇAMLICA RES""";0,99;157,68;19,84;2,72;;;;;0;2,54;"=""1""";
"=""API""";"=""WIND""";"=""2026-04-27T23:53:00+03:00""";"=""OA_YTM""";"=""AKSU RES""";"=""10928268862""";"=""2890""";"=""AKSU ÇAMLICA RES""";0,99;158,55;19,84;2,86;;;;;0;2,54;"=""1""";
"=""API""";"=""WIND""";"=""2026-04-27T23:54:00+03:00""";"=""OA_YTM""";"=""AKSU RES""";"=""10928268862""";"=""2890""";"=""AKSU ÇAMLICA RES""";0,99;159,48;11,91;2,76;;;;;0;1,52;"=""1""";
"=""API""";"=""WIND""";"=""2026-04-27T23:55:00+03:00""";"=""OA_YTM""";"=""AKSU RES""";"=""10928268862""";"=""2890""";"=""AKSU ÇAMLICA RES""";0,99;159,27;11,91;2,62;;;;;0;1,52;"=""1""";
"=""API""";"=""WIND""";"=""2026-04-27T23:56:00+03:00""";"=""OA_YTM""";"=""AKSU RES""";"=""10928268862""";"=""2890""";"=""AKSU ÇAMLICA RES""";0,99;157,93;10,91;2,75;;;;;0;1,39;"=""1""";
"=""API""";"=""WIND""";"=""2026-04-27T23:57:00+03:00""";"=""OA_YTM""";"=""AKSU RES""";"=""10928268862""";"=""2890""";"=""AKSU ÇAMLICA RES""";0,99;158,24;12,9;2,58;;;;;0;1,65;"=""1""";
"=""API""";"=""WIND""";"=""2026-04-27T23:58:00+03:00""";"=""OA_YTM""";"=""AKSU RES""";"=""10928268862""";"=""2890""";"=""AKSU ÇAMLICA RES""";0,99;158,14;11,91;1,77;;;;;0;1,52;"=""1""";
"=""API""";"=""WIND""";"=""2026-04-27T23:59:00+03:00""";"=""OA_YTM""";"=""AKSU RES""";"=""10928268862""";"=""2890""";"=""AKSU ÇAMLICA RES""";0,99;158,24;15,87;1,77;;;;;0;2,03;"=""0""";
"=""API""";"=""WIND""";"=""2026-04-28T00:00:00+03:00""";"=""OA_YTM""";"=""AKSU RES""";"=""10928268862""";"=""2890""";"=""AKSU ÇAMLICA RES""";0,99;158,29;12,9;1,83;;;;;0;1,65;"=""1""";
"=""API""";"=""WIND""";"=""2026-04-28T00:01:00+03:00""";"=""OA_YTM""";"=""AKSU RES""";"=""10928268862""";"=""2890""";"=""AKSU ÇAMLICA RES""";0,99;157,47;16,87;1,92;;;;;0;2,16;"=""0""";
"=""API""";"=""WIND""";"=""2026-04-28T00:02:00+03:00""";"=""OA_YTM""";"=""AKSU RES""";"=""10928268862""";"=""2890""";"=""AKSU ÇAMLICA RES""";0,99;157,88;14,88;2,34;;;;;0;1,9;"=""1""";
"=""API""";"=""WIND""";"=""2026-04-28T00:03:00+03:00""";"=""OA_YTM""";"=""AKSU RES""";"=""10928268862""";"=""2890""";"=""AKSU ÇAMLICA RES""";0,99;157,42;12,9;2,13;;;;;0;1,65;"=""1""";
"=""API""";"=""WIND""";"=""2026-04-28T00:04:00+03:00""";"=""OA_YTM""";"=""AKSU RES""";"=""10928268862""";"=""2890""";"=""AKSU ÇAMLICA RES""";0,99;157,68;12,9;1,81;;;;;0;1,65;"=""1""";
"=""API""";"=""WIND""";"=""2026-04-28T00:05:00+03:00""";"=""OA_YTM""";"=""AKSU RES""";"=""10928268862""";"=""2890""";"=""AKSU ÇAMLICA RES""";0,99;158,19;11,9;1,79;;;;;0;1,52;"=""1""";
"=""API""";"=""WIND""";"=""2026-04-28T00:06:00+03:00""";"=""OA_YTM""";"=""AKSU RES""";"=""10928268862""";"=""2890""";"=""AKSU ÇAMLICA RES""";0,99;158,04;11,9;1,68;;;;;0;1,52;"=""1""";
"=""API""";"=""WIND""";"=""2026-04-28T00:07:00+03:00""";"=""OA_YTM""";"=""AKSU RES""";"=""10928268862""";"=""2890""";"=""AKSU ÇAMLICA RES""";0,99;157,88;10,91;1,67;;;;;0;1,39;"=""1""";
"=""API""";"=""WIND""";"=""2026-04-28T00:08:00+03:00""";"=""OA_YTM""";"=""AKSU RES""";"=""10928268862""";"=""2890""";"=""AKSU ÇAMLICA RES""";0,99;157,88;11,9;1,86;;;;;0;1,52;"=""1""";
"=""API""";"=""WIND""";"=""2026-04-28T00:09:00+03:00""";"=""OA_YTM""";"=""AKSU RES""";"=""10928268862""";"=""2890""";"=""AKSU ÇAMLICA RES""";0,99;158,55;10,91;1,64;;;;;0;1,39;"=""1""";
"=""API""";"=""WIND""";"=""2026-04-28T00:10:00+03:00""";"=""OA_YTM""";"=""AKSU RES""";"=""10928268862""";"=""2890""";"=""AKSU ÇAMLICA RES""";0,99;158,19;10,91;1,55;;;;;0;1,39;"=""1""";
"=""API""";"=""WIND""";"=""2026-04-28T00:11:00+03:00""";"=""OA_YTM""";"=""AKSU RES""";"=""10928268862""";"=""2890""";"=""AKSU ÇAMLICA RES""";0,99;158,5;9,92;1,46;;;;;0;1,27;"=""1""";
"=""API""";"=""WIND""";"=""2026-04-28T00:12:00+03:00""";"=""OA_YTM""";"=""AKSU RES""";"=""10928268862""";"=""2890""";"=""AKSU ÇAMLICA RES""";0,99;158,24;11,91;1,62;;;;;0;1,52;"=""1""";
"=""API""";"=""WIND""";"=""2026-04-28T00:13:00+03:00""";"=""OA_YTM""";"=""AKSU RES""";"=""10928268862""";"=""2890""";"=""AKSU ÇAMLICA RES""";0,99;158,04;8,93;1,53;;;;;0;1,14;"=""1""";
"=""API""";"=""WIND""";"=""2026-04-28T00:14:00+03:00""";"=""OA_YTM""";"=""AKSU RES""";"=""10928268862""";"=""2890""";"=""AKSU ÇAMLICA RES""";0,99;158,04;8,93;1,42;;;;;0;1,14;"=""1""";
"=""API""";"=""WIND""";"=""2026-04-28T00:15:00+03:00""";"=""OA_YTM""";"=""AKSU RES""";"=""10928268862""";"=""2890""";"=""AKSU ÇAMLICA RES""";0,99;157,63;7,93;1,33;;;;;;;;
"=""API""";"=""WIND""";"=""2026-04-28T00:16:00+03:00""";"=""OA_YTM""";"=""AKSU RES""";"=""10928268862""";"=""2890""";"=""AKSU ÇAMLICA RES""";0,99;157,93;8,93;1,28;;;;;0;1,14;"=""1""";
"=""API""";"=""WIND""";"=""2026-04-28T00:17:00+03:00""";"=""OA_YTM""";"=""AKSU RES""";"=""10928268862""";"=""2890""";"=""AKSU ÇAMLICA RES""";0,99;157,83;9,92;1,28;;;;;0;1,27;"=""1""";
"=""API""";"=""WIND""";"=""2026-04-28T00:18:00+03:00""";"=""OA_YTM""";"=""AKSU RES""";"=""10928268862""";"=""2890""";"=""AKSU ÇAMLICA RES""";0,99;157,78;8,93;1,39;;;;;0;1,14;"=""1""";
"=""API""";"=""WIND""";"=""2026-04-28T00:19:00+03:00""";"=""OA_YTM""";"=""AKSU RES""";"=""10928268862""";"=""2890""";"=""AKSU ÇAMLICA RES""";0,99;158,04;8,93;1,39;;;;;0;1,14;"=""1""";
"=""API""";"=""WIND""";"=""2026-04-28T00:20:00+03:00""";"=""OA_YTM""";"=""AKSU RES""";"=""10928268862""";"=""2890""";"=""AKSU ÇAMLICA RES""";0,99;157,83;7,93;1,31;;;;;;;;
"=""API""";"=""WIND""";"=""2026-04-28T00:21:00+03:00""";"=""OA_YTM""";"=""AKSU RES""";"=""10928268862""";"=""2890""";"=""AKSU ÇAMLICA RES""";0,99;157,32;7,93;1,18;;;;;;;;
"=""API""";"=""WIND""";"=""2026-04-28T00:22:00+03:00""";"=""OA_YTM""";"=""AKSU RES""";"=""10928268862""";"=""2890""";"=""AKSU ÇAMLICA RES""";0,99;157,58;7,93;1,21;;;;;;;;
"=""API""";"=""WIND""";"=""2026-04-28T00:23:00+03:00""";"=""OA_YTM""";"=""AKSU RES""";"=""10928268862""";"=""2890""";"=""AKSU ÇAMLICA RES""";0,99;157,27;6,94;1,08;;;;;;;;
"=""API""";"=""WIND""";"=""2026-04-28T00:24:00+03:00""";"=""OA_YTM""";"=""AKSU RES""";"=""10928268862""";"=""2890""";"=""AKSU ÇAMLICA RES""";0,99;157,58;6,94;1,08;;;;;;;;
"=""API""";"=""WIND""";"=""2026-04-28T00:25:00+03:00""";"=""OA_YTM""";"=""AKSU RES""";"=""10928268862""";"=""2890""";"=""AKSU ÇAMLICA RES""";0,99;158,19;6,94;1;;;;;;;;
"=""API""";"=""WIND""";"=""2026-04-28T00:26:00+03:00""";"=""OA_YTM""";"=""AKSU RES""";"=""10928268862""";"=""2890""";"=""AKSU ÇAMLICA RES""";0,99;158,3;6,94;0,86;;;;;;;;
"=""API""";"=""WIND""";"=""2026-04-28T00:27:00+03:00""";"=""OA_YTM""";"=""AKSU RES""";"=""10928268862""";"=""2890""";"=""AKSU ÇAMLICA RES""";0,99;158,3;5,95;0,88;;;;;;;;
"=""API""";"=""WIND""";"=""2026-04-28T00:28:00+03:00""";"=""OA_YTM""";"=""AKSU RES""";"=""10928268862""";"=""2890""";"=""AKSU ÇAMLICA RES""";0,99;158,04;5,95;0,87;;;;;;;;
"=""API""";"=""WIND""";"=""2026-04-28T00:29:00+03:00""";"=""OA_YTM""";"=""AKSU RES""";"=""10928268862""";"=""2890""";"=""AKSU ÇAMLICA RES""";0,99;158,3;5,95;0,87;;;;;;;;
"=""API""";"=""WIND""";"=""2026-04-28T00:30:00+03:00""";"=""OA_YTM""";"=""AKSU RES""";"=""10928268862""";"=""2890""";"=""AKSU ÇAMLICA RES""";0,99;157,83;3,97;0,82;;;;;;;;
"=""API""";"=""WIND""";"=""2026-04-28T00:31:00+03:00""";"=""OA_YTM""";"=""AKSU RES""";"=""10928268862""";"=""2890""";"=""AKSU ÇAMLICA RES""";0,99;157,88;3,97;0,77;;;;;;;;
"=""API""";"=""WIND""";"=""2026-04-28T00:32:00+03:00""";"=""OA_YTM""";"=""AKSU RES""";"=""10928268862""";"=""2890""";"=""AKSU ÇAMLICA RES""";0,99;157,99;3,97;0,7;;;;;;;;
"=""API""";"=""WIND""";"=""2026-04-28T00:33:00+03:00""";"=""OA_YTM""";"=""AKSU RES""";"=""10928268862""";"=""2890""";"=""AKSU ÇAMLICA RES""";0,99;157,88;3,97;0,8;;;;;;;;
"=""API""";"=""WIND""";"=""2026-04-28T00:34:00+03:00""";"=""OA_YTM""";"=""AKSU RES""";"=""10928268862""";"=""2890""";"=""AKSU ÇAMLICA RES""";0,99;158,24;4,96;0,92;;;;;;;;
"=""API""";"=""WIND""";"=""2026-04-28T00:35:00+03:00""";"=""OA_YTM""";"=""AKSU RES""";"=""10928268862""";"=""2890""";"=""AKSU ÇAMLICA RES""";0,99;158,19;4,96;0,79;;;;;;;;
"=""API""";"=""WIND""";"=""2026-04-28T00:36:00+03:00""";"=""OA_YTM""";"=""AKSU RES""";"=""10928268862""";"=""2890""";"=""AKSU ÇAMLICA RES""";0,99;158,19;4,96;1,17;;;;;;;;
"=""API""";"=""WIND""";"=""2026-04-28T00:37:00+03:00""";"=""OA_YTM""";"=""AKSU RES""";"=""10928268862""";"=""2890""";"=""AKSU ÇAMLICA RES""";0,99;158,65;4,96;0,86;;;;;;;;
"=""API""";"=""WIND""";"=""2026-04-28T00:38:00+03:00""";"=""OA_YTM""";"=""AKSU RES""";"=""10928268862""";"=""2890""";"=""AKSU ÇAMLICA RES""";0,99;158,3;4,96;1,03;;;;;;;;
"=""API""";"=""WIND""";"=""2026-04-28T00:39:00+03:00""";"=""OA_YTM""";"=""AKSU RES""";"=""10928268862""";"=""2890""";"=""AKSU ÇAMLICA RES""";0,99;158,4;4,96;1,07;;;;;;;;
"=""API""";"=""WIND""";"=""2026-04-28T00:40:00+03:00""";"=""OA_YTM""";"=""AKSU RES""";"=""10928268862""";"=""2890""";"=""AKSU ÇAMLICA RES""";0,99;157,06;4,96;0,9;;;;;;;;
"=""API""";"=""WIND""";"=""2026-04-28T00:41:00+03:00""";"=""OA_YTM""";"=""AKSU RES""";"=""10928268862""";"=""2890""";"=""AKSU ÇAMLICA RES""";0,99;157,06;2,98;0,75;;;;;;;;
"=""API""";"=""WIND""";"=""2026-04-28T00:42:00+03:00""";"=""OA_YTM""";"=""AKSU RES""";"=""10928268862""";"=""2890""";"=""AKSU ÇAMLICA RES""";0,99;157,01;3,97;0,75;;;;;;;;
"=""API""";"=""WIND""";"=""2026-04-28T00:43:00+03:00""";"=""OA_YTM""";"=""AKSU RES""";"=""10928268862""";"=""2890""";"=""AKSU ÇAMLICA RES""";0,99;157,32;4,96;0,69;;;;;;;;
"=""API""";"=""WIND""";"=""2026-04-28T00:44:00+03:00""";"=""OA_YTM""";"=""AKSU RES""";"=""10928268862""";"=""2890""";"=""AKSU ÇAMLICA RES""";0,99;157,01;3,97;0,69;;;;;;;;
"=""API""";"=""WIND""";"=""2026-04-28T00:45:00+03:00""";"=""OA_YTM""";"=""AKSU RES""";"=""10928268862""";"=""2890""";"=""AKSU ÇAMLICA RES""";0,99;158,81;3,97;0,63;;;;;;;;
"=""API""";"=""WIND""";"=""2026-04-28T00:46:00+03:00""";"=""OA_YTM""";"=""AKSU RES""";"=""10928268862""";"=""2890""";"=""AKSU ÇAMLICA RES""";0,99;159,12;3,97;0,77;;;;;;;;
"=""API""";"=""WIND""";"=""2026-04-28T00:47:00+03:00""";"=""OA_YTM""";"=""AKSU RES""";"=""10928268862""";"=""2890""";"=""AKSU ÇAMLICA RES""";0,99;158,4;3,97;0,6;;;;;;;;
"=""API""";"=""WIND""";"=""2026-04-28T00:48:00+03:00""";"=""OA_YTM""";"=""AKSU RES""";"=""10928268862""";"=""2890""";"=""AKSU ÇAMLICA RES""";0,99;158,29;3,97;0,77;;;;;;;;
"=""API""";"=""WIND""";"=""2026-04-28T00:49:00+03:00""";"=""OA_YTM""";"=""AKSU RES""";"=""10928268862""";"=""2890""";"=""AKSU ÇAMLICA RES""";0,99;158,24;4,96;1,11;;;;;;;;
"=""API""";"=""WIND""";"=""2026-04-28T00:50:00+03:00""";"=""OA_YTM""";"=""AKSU RES""";"=""10928268862""";"=""2890""";"=""AKSU ÇAMLICA RES""";0,99;158,4;4,96;0,72;;;;;;;;
"=""API""";"=""WIND""";"=""2026-04-28T00:51:00+03:00""";"=""OA_YTM""";"=""AKSU RES""";"=""10928268862""";"=""2890""";"=""AKSU ÇAMLICA RES""";0,99;157,78;4,96;1,22;;;;;;;;
"=""API""";"=""WIND""";"=""2026-04-28T00:52:00+03:00""";"=""OA_YTM""";"=""AKSU RES""";"=""10928268862""";"=""2890""";"=""AKSU ÇAMLICA RES""";0,99;157,37;5,95;1,02;;;;;;;;
"=""API""";"=""WIND""";"=""2026-04-28T00:53:00+03:00""";"=""OA_YTM""";"=""AKSU RES""";"=""10928268862""";"=""2890""";"=""AKSU ÇAMLICA RES""";0,99;158,35;1,98;0,43;;;;;;;;
"=""API""";"=""WIND""";"=""2026-04-28T00:54:00+03:00""";"=""OA_YTM""";"=""AKSU RES""";"=""10928268862""";"=""2890""";"=""AKSU ÇAMLICA RES""";0,99;158,14;5,95;0,83;;;;;;;;
"=""API""";"=""WIND""";"=""2026-04-28T00:55:00+03:00""";"=""OA_YTM""";"=""AKSU RES""";"=""10928268862""";"=""2890""";"=""AKSU ÇAMLICA RES""";0,99;158,04;5,95;0,64;;;;;;;;
"=""API""";"=""WIND""";"=""2026-04-28T00:56:00+03:00""";"=""OA_YTM""";"=""AKSU RES""";"=""10928268862""";"=""2890""";"=""AKSU ÇAMLICA RES""";0,99;158,24;4,96;0,9;;;;;;;;
"=""API""";"=""WIND""";"=""2026-04-28T00:57:00+03:00""";"=""OA_YTM""";"=""AKSU RES""";"=""10928268862""";"=""2890""";"=""AKSU ÇAMLICA RES""";0,99;157,94;4,96;0,32;;;;;;;;
"=""API""";"=""WIND""";"=""2026-04-28T00:58:00+03:00""";"=""OA_YTM""";"=""AKSU RES""";"=""10928268862""";"=""2890""";"=""AKSU ÇAMLICA RES""";0,99;158,66;4,96;0,72;;;;;;;;
"=""API""";"=""WIND""";"=""2026-04-28T00:59:00+03:00""";"=""OA_YTM""";"=""AKSU RES""";"=""10928268862""";"=""2890""";"=""AKSU ÇAMLICA RES""";0,99;158,91;2,98;1,85;;;;;;;;
"=""API""";"=""WIND""";"=""2026-04-28T01:00:00+03:00""";"=""OA_YTM""";"=""AKSU RES""";"=""10928268862""";"=""2890""";"=""AKSU ÇAMLICA RES""";-0,99;157,52;4,96;0,36;;;;;;;;
"=""API""";"=""WIND""";"=""2026-04-28T01:01:00+03:00""";"=""OA_YTM""";"=""AKSU RES""";"=""10928268862""";"=""2890""";"=""AKSU ÇAMLICA RES""";-0,99;157,52;2,98;1,83;;;;;;;;
"=""API""";"=""WIND""";"=""2026-04-28T01:02:00+03:00""";"=""OA_YTM""";"=""AKSU RES""";"=""10928268862""";"=""2890""";"=""AKSU ÇAMLICA RES""";-0,99;157,73;5,95;0,44;;;;;;;;
"=""API""";"=""WIND""";"=""2026-04-28T01:03:00+03:00""";"=""OA_YTM""";"=""AKSU RES""";"=""10928268862""";"=""2890""";"=""AKSU ÇAMLICA RES""";-0,99;157,78;3,97;1,92;;;;;;;;
"=""API""";"=""WIND""";"=""2026-04-28T01:04:00+03:00""";"=""OA_YTM""";"=""AKSU RES""";"=""10928268862""";"=""2890""";"=""AKSU ÇAMLICA RES""";-0,99;157,83;4,96;1,92;;;;;;;;
"=""API""";"=""WIND""";"=""2026-04-28T01:05:00+03:00""";"=""OA_YTM""";"=""AKSU RES""";"=""10928268862""";"=""2890""";"=""AKSU ÇAMLICA RES""";-0,99;157,52;4,96;0,35;;;;;;;;
"=""API""";"=""WIND""";"=""2026-04-28T01:06:00+03:00""";"=""OA_YTM""";"=""AKSU RES""";"=""10928268862""";"=""2890""";"=""AKSU ÇAMLICA RES""";-0,99;157,73;4,96;0,24;;;;;;;;
"=""API""";"=""WIND""";"=""2026-04-28T01:07:00+03:00""";"=""OA_YTM""";"=""AKSU RES""";"=""10928268862""";"=""2890""";"=""AKSU ÇAMLICA RES""";-0,99;157,83;4,96;0,43;;;;;;;;
"=""API""";"=""WIND""";"=""2026-04-28T01:08:00+03:00""";"=""OA_YTM""";"=""AKSU RES""";"=""10928268862""";"=""2890""";"=""AKSU ÇAMLICA RES""";-0,99;157,73;4,96;0,43;;;;;;;;
"=""API""";"=""WIND""";"=""2026-04-28T01:09:00+03:00""";"=""OA_YTM""";"=""AKSU RES""";"=""10928268862""";"=""2890""";"=""AKSU ÇAMLICA RES""";-0,99;157,73;4,96;0,43;;;;;;;;
"=""API""";"=""WIND""";"=""2026-04-28T01:10:00+03:00""";"=""OA_YTM""";"=""AKSU RES""";"=""10928268862""";"=""2890""";"=""AKSU ÇAMLICA RES""";-0,99;157,42;4,96;0,54;;;;;;;;
"=""API""";"=""WIND""";"=""2026-04-28T01:11:00+03:00""";"=""OA_YTM""";"=""AKSU RES""";"=""10928268862""";"=""2890""";"=""AKSU ÇAMLICA RES""";-0,99;157,47;4,96;0,59;;;;;;;;
"=""API""";"=""WIND""";"=""2026-04-28T01:12:00+03:00""";"=""OA_YTM""";"=""AKSU RES""";"=""10928268862""";"=""2890""";"=""AKSU ÇAMLICA RES""";-0,99;157,58;4,96;0,59;;;;;;;;
"=""API""";"=""WIND""";"=""2026-04-28T01:13:00+03:00""";"=""OA_YTM""";"=""AKSU RES""";"=""10928268862""";"=""2890""";"=""AKSU ÇAMLICA RES""";-0,99;157,52;4,96;0,48;;;;;;;;
"=""API""";"=""WIND""";"=""2026-04-28T01:14:00+03:00""";"=""OA_YTM""";"=""AKSU RES""";"=""10928268862""";"=""2890""";"=""AKSU ÇAMLICA RES""";-0,99;157,37;4,96;0,56;;;;;;;;
"=""API""";"=""WIND""";"=""2026-04-28T01:15:00+03:00""";"=""OA_YTM""";"=""AKSU RES""";"=""10928268862""";"=""2890""";"=""AKSU ÇAMLICA RES""";-0,99;157,88;3,97;0,4;;;;;;;;
"=""API""";"=""WIND""";"=""2026-04-28T01:16:00+03:00""";"=""OA_YTM""";"=""AKSU RES""";"=""10928268862""";"=""2890""";"=""AKSU ÇAMLICA RES""";-0,99;157,68;2,98;0,75;;;;;;;;
"=""API""";"=""WIND""";"=""2026-04-28T01:17:00+03:00""";"=""OA_YTM""";"=""AKSU RES""";"=""10928268862""";"=""2890""";"=""AKSU ÇAMLICA RES""";-0,99;156,96;2,98;0,86;;;;;;;;
"=""API""";"=""WIND""";"=""2026-04-28T01:18:00+03:00""";"=""OA_YTM""";"=""AKSU RES""";"=""10928268862""";"=""2890""";"=""AKSU ÇAMLICA RES""";-0,99;157,16;2,98;0,94;;;;;;;;
"=""API""";"=""WIND""";"=""2026-04-28T01:19:00+03:00""";"=""OA_YTM""";"=""AKSU RES""";"=""10928268862""";"=""2890""";"=""AKSU ÇAMLICA RES""";-0,99;157,06;2,98;0,74;;;;;;;;
"=""API""";"=""WIND""";"=""2026-04-28T01:20:00+03:00""";"=""OA_YTM""";"=""AKSU RES""";"=""10928268862""";"=""2890""";"=""AKSU ÇAMLICA RES""";-0,99;157,32;2,98;0,74;;;;;;;;
"=""API""";"=""WIND""";"=""2026-04-28T01:21:00+03:00""";"=""OA_YTM""";"=""AKSU RES""";"=""10928268862""";"=""2890""";"=""AKSU ÇAMLICA RES""";-0,99;157,32;1,98;0,47;;;;;;;;
"=""API""";"=""WIND""";"=""2026-04-28T01:22:00+03:00""";"=""OA_YTM""";"=""AKSU RES""";"=""10928268862""";"=""2890""";"=""AKSU ÇAMLICA RES""";-0,99;158,14;1,98;0,97;;;;;;;;
"=""API""";"=""WIND""";"=""2026-04-28T01:23:00+03:00""";"=""OA_YTM""";"=""AKSU RES""";"=""10928268862""";"=""2890""";"=""AKSU ÇAMLICA RES""";-0,99;157,94;2,98;0,84;;;;;;;;
"=""API""";"=""WIND""";"=""2026-04-28T01:24:00+03:00""";"=""OA_YTM""";"=""AKSU RES""";"=""10928268862""";"=""2890""";"=""AKSU ÇAMLICA RES""";-0,99;158,24;2,98;0,82;;;;;;;;
"=""API""";"=""WIND""";"=""2026-04-28T01:25:00+03:00""";"=""OA_YTM""";"=""AKSU RES""";"=""10928268862""";"=""2890""";"=""AKSU ÇAMLICA RES""";-0,99;157,88;1,98;0,98;;;;;;;;
"=""API""";"=""WIND""";"=""2026-04-28T01:26:00+03:00""";"=""OA_YTM""";"=""AKSU RES""";"=""10928268862""";"=""2890""";"=""AKSU ÇAMLICA RES""";-0,99;157,63;2,98;0,34;;;;;;;;
"=""API""";"=""WIND""";"=""2026-04-28T01:27:00+03:00""";"=""OA_YTM""";"=""AKSU RES""";"=""10928268862""";"=""2890""";"=""AKSU ÇAMLICA RES""";-0,99;157,73;2,98;0,08;;;;;;;;
"=""API""";"=""WIND""";"=""2026-04-28T01:28:00+03:00""";"=""OA_YTM""";"=""AKSU RES""";"=""10928268862""";"=""2890""";"=""AKSU ÇAMLICA RES""";-0,99;157,78;2,98;0,41;;;;;;;;
"=""API""";"=""WIND""";"=""2026-04-28T01:29:00+03:00""";"=""OA_YTM""";"=""AKSU RES""";"=""10928268862""";"=""2890""";"=""AKSU ÇAMLICA RES""";-0,99;157,83;2,98;0,62;;;;;;;;
"=""API""";"=""WIND""";"=""2026-04-28T01:30:00+03:00""";"=""OA_YTM""";"=""AKSU RES""";"=""10928268862""";"=""2890""";"=""AKSU ÇAMLICA RES""";-0,99;157,78;2,98;0,8;;;;;;;;
"=""API""";"=""WIND""";"=""2026-04-28T01:31:00+03:00""";"=""OA_YTM""";"=""AKSU RES""";"=""10928268862""";"=""2890""";"=""AKSU ÇAMLICA RES""";-0,99;157,47;2,98;0,77;;;;;;;;
"=""API""";"=""WIND""";"=""2026-04-28T01:32:00+03:00""";"=""OA_YTM""";"=""AKSU RES""";"=""10928268862""";"=""2890""";"=""AKSU ÇAMLICA RES""";-0,99;157,47;2,98;0,93;;;;;;;;
"=""API""";"=""WIND""";"=""2026-04-28T01:33:00+03:00""";"=""OA_YTM""";"=""AKSU RES""";"=""10928268862""";"=""2890""";"=""AKSU ÇAMLICA RES""";-0,99;157,47;1,98;0,69;;;;;;;;
"=""API""";"=""WIND""";"=""2026-04-28T01:34:00+03:00""";"=""OA_YTM""";"=""AKSU RES""";"=""10928268862""";"=""2890""";"=""AKSU ÇAMLICA RES""";-0,99;157,78;1,98;0,8;;;;;;;;
"=""API""";"=""WIND""";"=""2026-04-28T01:35:00+03:00""";"=""OA_YTM""";"=""AKSU RES""";"=""10928268862""";"=""2890""";"=""AKSU ÇAMLICA RES""";-0,99;157,37;1,98;0,34;;;;;;;;
"=""API""";"=""WIND""";"=""2026-04-28T01:36:00+03:00""";"=""OA_YTM""";"=""AKSU RES""";"=""10928268862""";"=""2890""";"=""AKSU ÇAMLICA RES""";-0,99;157,89;1,98;0,08;;;;;;;;
"=""API""";"=""WIND""";"=""2026-04-28T01:37:00+03:00""";"=""OA_YTM""";"=""AKSU RES""";"=""10928268862""";"=""2890""";"=""AKSU ÇAMLICA RES""";-0,99;157,68;1,98;0,08;;;;;;;;
"=""API""";"=""WIND""";"=""2026-04-28T01:38:00+03:00""";"=""OA_YTM""";"=""AKSU RES""";"=""10928268862""";"=""2890""";"=""AKSU ÇAMLICA RES""";-0,99;157,58;1,98;-0,17;;;;;;;;
"=""API""";"=""WIND""";"=""2026-04-28T01:39:00+03:00""";"=""OA_YTM""";"=""AKSU RES""";"=""10928268862""";"=""2890""";"=""AKSU ÇAMLICA RES""";-0,99;157,37;1,98;-0,05;;;;;;;;
"=""API""";"=""WIND""";"=""2026-04-28T01:40:00+03:00""";"=""OA_YTM""";"=""AKSU RES""";"=""10928268862""";"=""2890""";"=""AKSU ÇAMLICA RES""";-0,99;158,4;0,99;0,44;;;;;;;;
"=""API""";"=""WIND""";"=""2026-04-28T01:41:00+03:00""";"=""OA_YTM""";"=""AKSU RES""";"=""10928268862""";"=""2890""";"=""AKSU ÇAMLICA RES""";-0,99;158,71;0,99;0,91;;;;;;;;
"=""API""";"=""WIND""";"=""2026-04-28T01:42:00+03:00""";"=""OA_YTM""";"=""AKSU RES""";"=""10928268862""";"=""2890""";"=""AKSU ÇAMLICA RES""";-0,99;157,99;0,99;0,67;;;;;;;;
"=""API""";"=""WIND""";"=""2026-04-28T01:43:00+03:00""";"=""OA_YTM""";"=""AKSU RES""";"=""10928268862""";"=""2890""";"=""AKSU ÇAMLICA RES""";-0,99;157,89;0,99;0,84;;;;;;;;
"=""API""";"=""WIND""";"=""2026-04-28T01:44:00+03:00""";"=""OA_YTM""";"=""AKSU RES""";"=""10928268862""";"=""2890""";"=""AKSU ÇAMLICA RES""";-0,99;158,19;0,99;0,97;;;;;;;;
"=""API""";"=""WIND""";"=""2026-04-28T01:45:00+03:00""";"=""OA_YTM""";"=""AKSU RES""";"=""10928268862""";"=""2890""";"=""AKSU ÇAMLICA RES""";-0,99;157,99;0,99;0,92;;;;;;;;
"=""API""";"=""WIND""";"=""2026-04-28T01:46:00+03:00""";"=""OA_YTM""";"=""AKSU RES""";"=""10928268862""";"=""2890""";"=""AKSU ÇAMLICA RES""";-0,99;157,78;0,99;1,12;;;;;;;;
"=""API""";"=""WIND""";"=""2026-04-28T01:47:00+03:00""";"=""OA_YTM""";"=""AKSU RES""";"=""10928268862""";"=""2890""";"=""AKSU ÇAMLICA RES""";-0,99;157,37;0,99;1,08;;;;;;;;
"=""API""";"=""WIND""";"=""2026-04-28T01:48:00+03:00""";"=""OA_YTM""";"=""AKSU RES""";"=""10928268862""";"=""2890""";"=""AKSU ÇAMLICA RES""";-0,99;157,94;0,99;1,08;;;;;;;;
"=""API""";"=""WIND""";"=""2026-04-28T01:49:00+03:00""";"=""OA_YTM""";"=""AKSU RES""";"=""10928268862""";"=""2890""";"=""AKSU ÇAMLICA RES""";-0,99;157,94;0,99;0,91;;;;;;;;
"=""API""";"=""WIND""";"=""2026-04-28T01:50:00+03:00""";"=""OA_YTM""";"=""AKSU RES""";"=""10928268862""";"=""2890""";"=""AKSU ÇAMLICA RES""";-0,99;158,24;0,99;0,91;;;;;;;;
"=""API""";"=""WIND""";"=""2026-04-28T01:51:00+03:00""";"=""OA_YTM""";"=""AKSU RES""";"=""10928268862""";"=""2890""";"=""AKSU ÇAMLICA RES""";-0,99;158,24;0,99;1,01;;;;;;;;
"=""API""";"=""WIND""";"=""2026-04-28T01:52:00+03:00""";"=""OA_YTM""";"=""AKSU RES""";"=""10928268862""";"=""2890""";"=""AKSU ÇAMLICA RES""";-0,99;157,73;0,99;0,45;;;;;;;;
"=""API""";"=""WIND""";"=""2026-04-28T01:53:00+03:00""";"=""OA_YTM""";"=""AKSU RES""";"=""10928268862""";"=""2890""";"=""AKSU ÇAMLICA RES""";-0,99;157,73;0,99;0,76;;;;;;;;
"=""API""";"=""WIND""";"=""2026-04-28T01:54:00+03:00""";"=""OA_YTM""";"=""AKSU RES""";"=""10928268862""";"=""2890""";"=""AKSU ÇAMLICA RES""";-0,99;157,83;0,99;0,89;;;;;;;;
"=""API""";"=""WIND""";"=""2026-04-28T01:55:00+03:00""";"=""OA_YTM""";"=""AKSU RES""";"=""10928268862""";"=""2890""";"=""AKSU ÇAMLICA RES""";-0,99;158,14;0,99;0,76;;;;;;;;
"=""API""";"=""WIND""";"=""2026-04-28T01:56:00+03:00""";"=""OA_YTM""";"=""AKSU RES""";"=""10928268862""";"=""2890""";"=""AKSU ÇAMLICA RES""";-0,99;158,24;0,99;1,1;;;;;;;;
"=""API""";"=""WIND""";"=""2026-04-28T01:57:00+03:00""";"=""OA_YTM""";"=""AKSU RES""";"=""10928268862""";"=""2890""";"=""AKSU ÇAMLICA RES""";-0,99;157,22;0,99;0,83;;;;;;;;
"=""API""";"=""WIND""";"=""2026-04-28T01:58:00+03:00""";"=""OA_YTM""";"=""AKSU RES""";"=""10928268862""";"=""2890""";"=""AKSU ÇAMLICA RES""";-0,99;157,83;0,99;0,83;;;;;;;;
"=""API""";"=""WIND""";"=""2026-04-28T01:59:00+03:00""";"=""OA_YTM""";"=""AKSU RES""";"=""10928268862""";"=""2890""";"=""AKSU ÇAMLICA RES""";-0,99;157,83;0,99;1,06;;;;;;;;
"=""API""";"=""WIND""";"=""2026-04-28T02:00:00+03:00""";"=""OA_YTM""";"=""AKSU RES""";"=""10928268862""";"=""2890""";"=""AKSU ÇAMLICA RES""";-0,98;158,24;0,99;1,06;;;;;;;;
"=""API""";"=""WIND""";"=""2026-04-28T02:01:00+03:00""";"=""OA_YTM""";"=""AKSU RES""";"=""10928268862""";"=""2890""";"=""AKSU ÇAMLICA RES""";-0,98;158,24;0,99;0,78;;;;;;;;
"=""API""";"=""WIND""";"=""2026-04-28T02:02:00+03:00""";"=""OA_YTM""";"=""AKSU RES""";"=""10928268862""";"=""2890""";"=""AKSU ÇAMLICA RES""";-0,98;158,14;0;1,25;;;;;;;;
"=""API""";"=""WIND""";"=""2026-04-28T02:03:00+03:00""";"=""OA_YTM""";"=""AKSU RES""";"=""10928268862""";"=""2890""";"=""AKSU ÇAMLICA RES""";-0,98;157,94;0;1,09;;;;;;;;
"=""API""";"=""WIND""";"=""2026-04-28T02:04:00+03:00""";"=""OA_YTM""";"=""AKSU RES""";"=""10928268862""";"=""2890""";"=""AKSU ÇAMLICA RES""";-0,98;158,19;0,99;0,89;;;;;;;;
"=""API""";"=""WIND""";"=""2026-04-28T02:05:00+03:00""";"=""OA_YTM""";"=""AKSU RES""";"=""10928268862""";"=""2890""";"=""AKSU ÇAMLICA RES""";-0,98;158,65;0,99;0,89;;;;;;;;
"=""API""";"=""WIND""";"=""2026-04-28T02:06:00+03:00""";"=""OA_YTM""";"=""AKSU RES""";"=""10928268862""";"=""2890""";"=""AKSU ÇAMLICA RES""";-0,98;159,07;0,99;0,75;;;;;;;;
"=""API""";"=""WIND""";"=""2026-04-28T02:07:00+03:00""";"=""OA_YTM""";"=""AKSU RES""";"=""10928268862""";"=""2890""";"=""AKSU ÇAMLICA RES""";-0,98;158,76;0,99;0,99;;;;;;;;
"=""API""";"=""WIND""";"=""2026-04-28T02:08:00+03:00""";"=""OA_YTM""";"=""AKSU RES""";"=""10928268862""";"=""2890""";"=""AKSU ÇAMLICA RES""";-0,98;159,38;0,99;1,07;;;;;;;;
"=""API""";"=""WIND""";"=""2026-04-28T02:09:00+03:00""";"=""OA_YTM""";"=""AKSU RES""";"=""10928268862""";"=""2890""";"=""AKSU ÇAMLICA RES""";-0,98;158,09;0,99;1,01;;;;;;;;
"=""API""";"=""WIND""";"=""2026-04-28T02:10:00+03:00""";"=""OA_YTM""";"=""AKSU RES""";"=""10928268862""";"=""2890""";"=""AKSU ÇAMLICA RES""";-0,98;157,83;0,99;1,12;;;;;;;;
"=""API""";"=""WIND""";"=""2026-04-28T02:11:00+03:00""";"=""OA_YTM""";"=""AKSU RES""";"=""10928268862""";"=""2890""";"=""AKSU ÇAMLICA RES""";-0,98;158,04;1,98;0,67;;;;;;;;
"=""API""";"=""WIND""";"=""2026-04-28T02:12:00+03:00""";"=""OA_YTM""";"=""AKSU RES""";"=""10928268862""";"=""2890""";"=""AKSU ÇAMLICA RES""";-0,98;157,94;1,98;0,85;;;;;;;;
"=""API""";"=""WIND""";"=""2026-04-28T02:13:00+03:00""";"=""OA_YTM""";"=""AKSU RES""";"=""10928268862""";"=""2890""";"=""AKSU ÇAMLICA RES""";-0,98;158,19;0,99;0,74;;;;;;;;
"=""API""";"=""WIND""";"=""2026-04-28T02:14:00+03:00""";"=""OA_YTM""";"=""AKSU RES""";"=""10928268862""";"=""2890""";"=""AKSU ÇAMLICA RES""";-0,98;158,29;0,99;0,93;;;;;;;;
"=""API""";"=""WIND""";"=""2026-04-28T02:15:00+03:00""";"=""OA_YTM""";"=""AKSU RES""";"=""10928268862""";"=""2890""";"=""AKSU ÇAMLICA RES""";-0,98;158,4;1,98;0,84;;;;;;;;
"=""API""";"=""WIND""";"=""2026-04-28T02:16:00+03:00""";"=""OA_YTM""";"=""AKSU RES""";"=""10928268862""";"=""2890""";"=""AKSU ÇAMLICA RES""";-0,98;158,29;1,98;0,82;;;;;;;;
"=""API""";"=""WIND""";"=""2026-04-28T02:17:00+03:00""";"=""OA_YTM""";"=""AKSU RES""";"=""10928268862""";"=""2890""";"=""AKSU ÇAMLICA RES""";-0,98;158,29;1,98;0,82;;;;;;;;
"=""API""";"=""WIND""";"=""2026-04-28T02:18:00+03:00""";"=""OA_YTM""";"=""AKSU RES""";"=""10928268862""";"=""2890""";"=""AKSU ÇAMLICA RES""";-0,98;158,19;1,98;0,46;;;;;;;;
"=""API""";"=""WIND""";"=""2026-04-28T02:19:00+03:00""";"=""OA_YTM""";"=""AKSU RES""";"=""10928268862""";"=""2890""";"=""AKSU ÇAMLICA RES""";-0,98;157,99;1,98;0,64;;;;;;;;
"=""API""";"=""WIND""";"=""2026-04-28T02:20:00+03:00""";"=""OA_YTM""";"=""AKSU RES""";"=""10928268862""";"=""2890""";"=""AKSU ÇAMLICA RES""";-0,98;157,89;1,98;0,64;;;;;;;;
"=""API""";"=""WIND""";"=""2026-04-28T02:21:00+03:00""";"=""OA_YTM""";"=""AKSU RES""";"=""10928268862""";"=""2890""";"=""AKSU ÇAMLICA RES""";-0,98;157,99;1,98;0,69;;;;;;;;
"=""API""";"=""WIND""";"=""2026-04-28T02:22:00+03:00""";"=""OA_YTM""";"=""AKSU RES""";"=""10928268862""";"=""2890""";"=""AKSU ÇAMLICA RES""";-0,98;158,09;2,98;0,69;;;;;;;;
"=""API""";"=""WIND""";"=""2026-04-28T02:23:00+03:00""";"=""OA_YTM""";"=""AKSU RES""";"=""10928268862""";"=""2890""";"=""AKSU ÇAMLICA RES""";-0,98;158,24;2,98;0,69;;;;;;;;
"=""API""";"=""WIND""";"=""2026-04-28T02:24:00+03:00""";"=""OA_YTM""";"=""AKSU RES""";"=""10928268862""";"=""2890""";"=""AKSU ÇAMLICA RES""";-0,98;158,19;2,98;0,03;;;;;;;;
"=""API""";"=""WIND""";"=""2026-04-28T02:25:00+03:00""";"=""OA_YTM""";"=""AKSU RES""";"=""10928268862""";"=""2890""";"=""AKSU ÇAMLICA RES""";-0,98;158,19;2,98;-0,33;;;;;;;;
"=""API""";"=""WIND""";"=""2026-04-28T02:26:00+03:00""";"=""OA_YTM""";"=""AKSU RES""";"=""10928268862""";"=""2890""";"=""AKSU ÇAMLICA RES""";-0,98;158,5;2,98;-0,09;;;;;;;;
"=""API""";"=""WIND""";"=""2026-04-28T02:27:00+03:00""";"=""OA_YTM""";"=""AKSU RES""";"=""10928268862""";"=""2890""";"=""AKSU ÇAMLICA RES""";-0,98;158,19;2,98;-0,11;;;;;;;;
"=""API""";"=""WIND""";"=""2026-04-28T02:28:00+03:00""";"=""OA_YTM""";"=""AKSU RES""";"=""10928268862""";"=""2890""";"=""AKSU ÇAMLICA RES""";-0,98;158,04;2,98;-0,35;;;;;;;;
"=""API""";"=""WIND""";"=""2026-04-28T02:29:00+03:00""";"=""OA_YTM""";"=""AKSU RES""";"=""10928268862""";"=""2890""";"=""AKSU ÇAMLICA RES""";-0,98;158,24;2,98;-0,27;;;;;;;;
"=""API""";"=""WIND""";"=""2026-04-28T02:30:00+03:00""";"=""OA_YTM""";"=""AKSU RES""";"=""10928268862""";"=""2890""";"=""AKSU ÇAMLICA RES""";-0,98;158,35;2,98;-0,59;;;;;;;;
"=""API""";"=""WIND""";"=""2026-04-28T02:31:00+03:00""";"=""OA_YTM""";"=""AKSU RES""";"=""10928268862""";"=""2890""";"=""AKSU ÇAMLICA RES""";-0,98;158,24;3,97;-0,67;;;;;;;;
"=""API""";"=""WIND""";"=""2026-04-28T02:32:00+03:00""";"=""OA_YTM""";"=""AKSU RES""";"=""10928268862""";"=""2890""";"=""AKSU ÇAMLICA RES""";-0,98;158,24;2,98;-0,73;;;;;;;;
"=""API""";"=""WIND""";"=""2026-04-28T02:33:00+03:00""";"=""OA_YTM""";"=""AKSU RES""";"=""10928268862""";"=""2890""";"=""AKSU ÇAMLICA RES""";-0,98;158,14;3,97;-0,73;;;;;;;;
"=""API""";"=""WIND""";"=""2026-04-28T02:34:00+03:00""";"=""OA_YTM""";"=""AKSU RES""";"=""10928268862""";"=""2890""";"=""AKSU ÇAMLICA RES""";-0,98;157,58;2,98;-0,78;;;;;;;;
"=""API""";"=""WIND""";"=""2026-04-28T02:35:00+03:00""";"=""OA_YTM""";"=""AKSU RES""";"=""10928268862""";"=""2890""";"=""AKSU ÇAMLICA RES""";-0,98;157,73;4,96;-0,88;;;;;;;;
"=""API""";"=""WIND""";"=""2026-04-28T02:36:00+03:00""";"=""OA_YTM""";"=""AKSU RES""";"=""10928268862""";"=""2890""";"=""AKSU ÇAMLICA RES""";-0,98;157,93;4,96;-0,88;;;;;;;;
"=""API""";"=""WIND""";"=""2026-04-28T02:37:00+03:00""";"=""OA_YTM""";"=""AKSU RES""";"=""10928268862""";"=""2890""";"=""AKSU ÇAMLICA RES""";-0,98;157,83;4,96;-0,88;;;;;;;;
"=""API""";"=""WIND""";"=""2026-04-28T02:38:00+03:00""";"=""OA_YTM""";"=""AKSU RES""";"=""10928268862""";"=""2890""";"=""AKSU ÇAMLICA RES""";-0,98;157,42;4,96;-0,95;;;;;;;;
"=""API""";"=""WIND""";"=""2026-04-28T02:39:00+03:00""";"=""OA_YTM""";"=""AKSU RES""";"=""10928268862""";"=""2890""";"=""AKSU ÇAMLICA RES""";-0,98;157,73;3,97;-0,98;;;;;;;;
"=""API""";"=""WIND""";"=""2026-04-28T02:40:00+03:00""";"=""OA_YTM""";"=""AKSU RES""";"=""10928268862""";"=""2890""";"=""AKSU ÇAMLICA RES""";-0,98;157,83;3,97;-1,03;;;;;;;;
"=""API""";"=""WIND""";"=""2026-04-28T02:41:00+03:00""";"=""OA_YTM""";"=""AKSU RES""";"=""10928268862""";"=""2890""";"=""AKSU ÇAMLICA RES""";-0,98;157,83;4,96;-0,94;;;;;;;;
"=""API""";"=""WIND""";"=""2026-04-28T02:42:00+03:00""";"=""OA_YTM""";"=""AKSU RES""";"=""10928268862""";"=""2890""";"=""AKSU ÇAMLICA RES""";-0,98;157,52;3,97;-0,94;;;;;;;;
"=""API""";"=""WIND""";"=""2026-04-28T02:43:00+03:00""";"=""OA_YTM""";"=""AKSU RES""";"=""10928268862""";"=""2890""";"=""AKSU ÇAMLICA RES""";-0,98;158,14;3,97;-0,95;;;;;;;;
"=""API""";"=""WIND""";"=""2026-04-28T02:44:00+03:00""";"=""OA_YTM""";"=""AKSU RES""";"=""10928268862""";"=""2890""";"=""AKSU ÇAMLICA RES""";-0,98;158,76;3,97;-0,88;;;;;;;;
"=""API""";"=""WIND""";"=""2026-04-28T02:45:00+03:00""";"=""OA_YTM""";"=""AKSU RES""";"=""10928268862""";"=""2890""";"=""AKSU ÇAMLICA RES""";-0,98;158,45;3,97;-0,93;;;;;;;;
"=""API""";"=""WIND""";"=""2026-04-28T02:46:00+03:00""";"=""OA_YTM""";"=""AKSU RES""";"=""10928268862""";"=""2890""";"=""AKSU ÇAMLICA RES""";-0,98;158,45;3,97;-0,85;;;;;;;;
"=""API""";"=""WIND""";"=""2026-04-28T02:47:00+03:00""";"=""OA_YTM""";"=""AKSU RES""";"=""10928268862""";"=""2890""";"=""AKSU ÇAMLICA RES""";-0,98;158,45;3,97;-0,79;;;;;;;;
"=""API""";"=""WIND""";"=""2026-04-28T02:48:00+03:00""";"=""OA_YTM""";"=""AKSU RES""";"=""10928268862""";"=""2890""";"=""AKSU ÇAMLICA RES""";-0,98;158,45;3,97;-0,86;;;;;;;;
"=""API""";"=""WIND""";"=""2026-04-28T02:49:00+03:00""";"=""OA_YTM""";"=""AKSU RES""";"=""10928268862""";"=""2890""";"=""AKSU ÇAMLICA RES""";-0,98;158,35;3,97;-0,86;;;;;;;;
"=""API""";"=""WIND""";"=""2026-04-28T02:50:00+03:00""";"=""OA_YTM""";"=""AKSU RES""";"=""10928268862""";"=""2890""";"=""AKSU ÇAMLICA RES""";-0,98;158,45;3,97;-0,82;;;;;;;;
"=""API""";"=""WIND""";"=""2026-04-28T02:51:00+03:00""";"=""OA_YTM""";"=""AKSU RES""";"=""10928268862""";"=""2890""";"=""AKSU ÇAMLICA RES""";-0,98;157,83;3,97;-0,82;;;;;;;;
"=""API""";"=""WIND""";"=""2026-04-28T02:52:00+03:00""";"=""OA_YTM""";"=""AKSU RES""";"=""10928268862""";"=""2890""";"=""AKSU ÇAMLICA RES""";-0,98;157,11;3,97;-0,82;;;;;;;;
"=""API""";"=""WIND""";"=""2026-04-28T02:53:00+03:00""";"=""OA_YTM""";"=""AKSU RES""";"=""10928268862""";"=""2890""";"=""AKSU ÇAMLICA RES""";-0,98;157,22;3,97;-0,87;;;;;;;;
"=""API""";"=""WIND""";"=""2026-04-28T02:54:00+03:00""";"=""OA_YTM""";"=""AKSU RES""";"=""10928268862""";"=""2890""";"=""AKSU ÇAMLICA RES""";-0,98;157,11;3,97;-0,87;;;;;;;;
"=""API""";"=""WIND""";"=""2026-04-28T02:55:00+03:00""";"=""OA_YTM""";"=""AKSU RES""";"=""10928268862""";"=""2890""";"=""AKSU ÇAMLICA RES""";-0,98;157,42;3,97;-0,8;;;;;;;;
"=""API""";"=""WIND""";"=""2026-04-28T02:56:00+03:00""";"=""OA_YTM""";"=""AKSU RES""";"=""10928268862""";"=""2890""";"=""AKSU ÇAMLICA RES""";-0,98;157,22;3,97;-0,75;;;;;;;;
"=""API""";"=""WIND""";"=""2026-04-28T02:57:00+03:00""";"=""OA_YTM""";"=""AKSU RES""";"=""10928268862""";"=""2890""";"=""AKSU ÇAMLICA RES""";-0,98;157,58;3,97;-0,75;;;;;;;;
"=""API""";"=""WIND""";"=""2026-04-28T02:58:00+03:00""";"=""OA_YTM""";"=""AKSU RES""";"=""10928268862""";"=""2890""";"=""AKSU ÇAMLICA RES""";-0,98;157,27;3,97;-0,63;;;;;;;;
"=""API""";"=""WIND""";"=""2026-04-28T02:59:00+03:00""";"=""OA_YTM""";"=""AKSU RES""";"=""10928268862""";"=""2890""";"=""AKSU ÇAMLICA RES""";-0,98;157,06;2,98;-0,7;;;;;;;;
"=""API""";"=""WIND""";"=""2026-04-28T03:00:00+03:00""";"=""OA_YTM""";"=""AKSU RES""";"=""10928268862""";"=""2890""";"=""AKSU ÇAMLICA RES""";-0,98;157,27;3,97;-0,63;;;;;;;;
"=""API""";"=""WIND""";"=""2026-04-28T03:01:00+03:00""";"=""OA_YTM""";"=""AKSU RES""";"=""10928268862""";"=""2890""";"=""AKSU ÇAMLICA RES""";-0,98;157,01;3,97;-0,63;;;;;;;;
"=""API""";"=""WIND""";"=""2026-04-28T03:02:00+03:00""";"=""OA_YTM""";"=""AKSU RES""";"=""10928268862""";"=""2890""";"=""AKSU ÇAMLICA RES""";-0,98;157,78;3,97;-0,72;;;;;;;;
"=""API""";"=""WIND""";"=""2026-04-28T03:03:00+03:00""";"=""OA_YTM""";"=""AKSU RES""";"=""10928268862""";"=""2890""";"=""AKSU ÇAMLICA RES""";-0,98;157,78;3,97;-0,77;;;;;;;;
"=""API""";"=""WIND""";"=""2026-04-28T03:04:00+03:00""";"=""OA_YTM""";"=""AKSU RES""";"=""10928268862""";"=""2890""";"=""AKSU ÇAMLICA RES""";-0,98;157,78;3,97;-0,77;;;;;;;;
"=""API""";"=""WIND""";"=""2026-04-28T03:05:00+03:00""";"=""OA_YTM""";"=""AKSU RES""";"=""10928268862""";"=""2890""";"=""AKSU ÇAMLICA RES""";-0,98;158,71;3,97;-0,8;;;;;;;;
"=""API""";"=""WIND""";"=""2026-04-28T03:06:00+03:00""";"=""OA_YTM""";"=""AKSU RES""";"=""10928268862""";"=""2890""";"=""AKSU ÇAMLICA RES""";-0,98;159,02;3,97;-0,93;;;;;;;;
"=""API""";"=""WIND""";"=""2026-04-28T03:07:00+03:00""";"=""OA_YTM""";"=""AKSU RES""";"=""10928268862""";"=""2890""";"=""AKSU ÇAMLICA RES""";-0,98;159,02;3,97;-0,94;;;;;;;;
"=""API""";"=""WIND""";"=""2026-04-28T03:08:00+03:00""";"=""OA_YTM""";"=""AKSU RES""";"=""10928268862""";"=""2890""";"=""AKSU ÇAMLICA RES""";-0,98;158,71;3,97;-0,88;;;;;;;;
"=""API""";"=""WIND""";"=""2026-04-28T03:09:00+03:00""";"=""OA_YTM""";"=""AKSU RES""";"=""10928268862""";"=""2890""";"=""AKSU ÇAMLICA RES""";-0,98;158,5;3,97;-0,88;;;;;;;;
"=""API""";"=""WIND""";"=""2026-04-28T03:10:00+03:00""";"=""OA_YTM""";"=""AKSU RES""";"=""10928268862""";"=""2890""";"=""AKSU ÇAMLICA RES""";-0,98;158,71;3,97;-0,97;;;;;;;;
"=""API""";"=""WIND""";"=""2026-04-28T03:11:00+03:00""";"=""OA_YTM""";"=""AKSU RES""";"=""10928268862""";"=""2890""";"=""AKSU ÇAMLICA RES""";-0,98;158,71;3,97;-0,87;;;;;;;;
"=""API""";"=""WIND""";"=""2026-04-28T03:12:00+03:00""";"=""OA_YTM""";"=""AKSU RES""";"=""10928268862""";"=""2890""";"=""AKSU ÇAMLICA RES""";-0,98;158,71;3,97;-0,87;;;;;;;;
"=""API""";"=""WIND""";"=""2026-04-28T03:13:00+03:00""";"=""OA_YTM""";"=""AKSU RES""";"=""10928268862""";"=""2890""";"=""AKSU ÇAMLICA RES""";-0,98;157,78;3,97;-0,87;;;;;;;;
"=""API""";"=""WIND""";"=""2026-04-28T03:14:00+03:00""";"=""OA_YTM""";"=""AKSU RES""";"=""10928268862""";"=""2890""";"=""AKSU ÇAMLICA RES""";-0,98;157,47;3,97;-0,87;;;;;;;;
"=""API""";"=""WIND""";"=""2026-04-28T03:15:00+03:00""";"=""OA_YTM""";"=""AKSU RES""";"=""10928268862""";"=""2890""";"=""AKSU ÇAMLICA RES""";-0,98;157,47;3,97;-0,79;;;;;;;;
"=""API""";"=""WIND""";"=""2026-04-28T03:16:00+03:00""";"=""OA_YTM""";"=""AKSU RES""";"=""10928268862""";"=""2890""";"=""AKSU ÇAMLICA RES""";-0,98;157,47;3,97;-0,84;;;;;;;;
"=""API""";"=""WIND""";"=""2026-04-28T03:17:00+03:00""";"=""OA_YTM""";"=""AKSU RES""";"=""10928268862""";"=""2890""";"=""AKSU ÇAMLICA RES""";-0,98;157,47;3,97;-0,84;;;;;;;;
"=""API""";"=""WIND""";"=""2026-04-28T03:18:00+03:00""";"=""OA_YTM""";"=""AKSU RES""";"=""10928268862""";"=""2890""";"=""AKSU ÇAMLICA RES""";-0,98;157,27;3,97;-0,84;;;;;;;;
"=""API""";"=""WIND""";"=""2026-04-28T03:19:00+03:00""";"=""OA_YTM""";"=""AKSU RES""";"=""10928268862""";"=""2890""";"=""AKSU ÇAMLICA RES""";-0,98;157,47;3,97;-0,78;;;;;;;;
"=""API""";"=""WIND""";"=""2026-04-28T03:20:00+03:00""";"=""OA_YTM""";"=""AKSU RES""";"=""10928268862""";"=""2890""";"=""AKSU ÇAMLICA RES""";-0,98;157,47;3,97;-0,68;;;;;;;;
"=""API""";"=""WIND""";"=""2026-04-28T03:21:00+03:00""";"=""OA_YTM""";"=""AKSU RES""";"=""10928268862""";"=""2890""";"=""AKSU ÇAMLICA RES""";-0,98;157,17;3,97;-0,76;;;;;;;;
"=""API""";"=""WIND""";"=""2026-04-28T03:22:00+03:00""";"=""OA_YTM""";"=""AKSU RES""";"=""10928268862""";"=""2890""";"=""AKSU ÇAMLICA RES""";-0,98;157,27;2,98;-0,64;;;;;;;;
"=""API""";"=""WIND""";"=""2026-04-28T03:23:00+03:00""";"=""OA_YTM""";"=""AKSU RES""";"=""10928268862""";"=""2890""";"=""AKSU ÇAMLICA RES""";-0,98;157,37;3,97;-0,64;;;;;;;;
"=""API""";"=""WIND""";"=""2026-04-28T03:24:00+03:00""";"=""OA_YTM""";"=""AKSU RES""";"=""10928268862""";"=""2890""";"=""AKSU ÇAMLICA RES""";-0,98;157,63;2,98;-0,64;;;;;;;;
"=""API""";"=""WIND""";"=""2026-04-28T03:25:00+03:00""";"=""OA_YTM""";"=""AKSU RES""";"=""10928268862""";"=""2890""";"=""AKSU ÇAMLICA RES""";-0,98;157,32;2,98;-0,64;;;;;;;;
"=""API""";"=""WIND""";"=""2026-04-28T03:26:00+03:00""";"=""OA_YTM""";"=""AKSU RES""";"=""10928268862""";"=""2890""";"=""AKSU ÇAMLICA RES""";-0,98;157,32;3,97;-0,77;;;;;;;;
"=""API""";"=""WIND""";"=""2026-04-28T03:27:00+03:00""";"=""OA_YTM""";"=""AKSU RES""";"=""10928268862""";"=""2890""";"=""AKSU ÇAMLICA RES""";-0,98;157,32;3,97;-0,66;;;;;;;;
"=""API""";"=""WIND""";"=""2026-04-28T03:28:00+03:00""";"=""OA_YTM""";"=""AKSU RES""";"=""10928268862""";"=""2890""";"=""AKSU ÇAMLICA RES""";-0,98;157,32;3,97;-0,79;;;;;;;;
"=""API""";"=""WIND""";"=""2026-04-28T03:29:00+03:00""";"=""OA_YTM""";"=""AKSU RES""";"=""10928268862""";"=""2890""";"=""AKSU ÇAMLICA RES""";-0,98;157,63;3,97;-0,79;;;;;;;;
"=""API""";"=""WIND""";"=""2026-04-28T03:30:00+03:00""";"=""OA_YTM""";"=""AKSU RES""";"=""10928268862""";"=""2890""";"=""AKSU ÇAMLICA RES""";-0,98;157,63;3,97;-0,79;;;;;;;;
"=""API""";"=""WIND""";"=""2026-04-28T03:31:00+03:00""";"=""OA_YTM""";"=""AKSU RES""";"=""10928268862""";"=""2890""";"=""AKSU ÇAMLICA RES""";-0,98;157,83;3,97;-0,79;;;;;;;;
"=""API""";"=""WIND""";"=""2026-04-28T03:32:00+03:00""";"=""OA_YTM""";"=""AKSU RES""";"=""10928268862""";"=""2890""";"=""AKSU ÇAMLICA RES""";-0,98;157,73;3,97;-0,87;;;;;;;;
"=""API""";"=""WIND""";"=""2026-04-28T03:33:00+03:00""";"=""OA_YTM""";"=""AKSU RES""";"=""10928268862""";"=""2890""";"=""AKSU ÇAMLICA RES""";-0,98;158,04;3,97;-0,87;;;;;;;;
"=""API""";"=""WIND""";"=""2026-04-28T03:34:00+03:00""";"=""OA_YTM""";"=""AKSU RES""";"=""10928268862""";"=""2890""";"=""AKSU ÇAMLICA RES""";-0,98;157,93;3,97;-0,87;;;;;;;;
"=""API""";"=""WIND""";"=""2026-04-28T03:35:00+03:00""";"=""OA_YTM""";"=""AKSU RES""";"=""10928268862""";"=""2890""";"=""AKSU ÇAMLICA RES""";-0,98;157,73;3,97;-0,84;;;;;;;;
"=""API""";"=""WIND""";"=""2026-04-28T03:36:00+03:00""";"=""OA_YTM""";"=""AKSU RES""";"=""10928268862""";"=""2890""";"=""AKSU ÇAMLICA RES""";-0,98;157,42;4,96;-0,97;;;;;;;;
"=""API""";"=""WIND""";"=""2026-04-28T03:37:00+03:00""";"=""OA_YTM""";"=""AKSU RES""";"=""10928268862""";"=""2890""";"=""AKSU ÇAMLICA RES""";-0,98;157,78;4,96;-0,97;;;;;;;;
"=""API""";"=""WIND""";"=""2026-04-28T03:38:00+03:00""";"=""OA_YTM""";"=""AKSU RES""";"=""10928268862""";"=""2890""";"=""AKSU ÇAMLICA RES""";-0,98;157,88;4,96;-0,97;;;;;;;;
"=""API""";"=""WIND""";"=""2026-04-28T03:39:00+03:00""";"=""OA_YTM""";"=""AKSU RES""";"=""10928268862""";"=""2890""";"=""AKSU ÇAMLICA RES""";-0,98;157,88;4,96;-0,97;;;;;;;;
"=""API""";"=""WIND""";"=""2026-04-28T03:40:00+03:00""";"=""OA_YTM""";"=""AKSU RES""";"=""10928268862""";"=""2890""";"=""AKSU ÇAMLICA RES""";-0,98;157,27;4,96;-0,97;;;;;;;;
"=""API""";"=""WIND""";"=""2026-04-28T03:41:00+03:00""";"=""OA_YTM""";"=""AKSU RES""";"=""10928268862""";"=""2890""";"=""AKSU ÇAMLICA RES""";-0,98;157,42;4,96;-1,04;;;;;;;;
"=""API""";"=""WIND""";"=""2026-04-28T03:42:00+03:00""";"=""OA_YTM""";"=""AKSU RES""";"=""10928268862""";"=""2890""";"=""AKSU ÇAMLICA RES""";-0,98;157,42;4,96;-1,03;;;;;;;;
"=""API""";"=""WIND""";"=""2026-04-28T03:43:00+03:00""";"=""OA_YTM""";"=""AKSU RES""";"=""10928268862""";"=""2890""";"=""AKSU ÇAMLICA RES""";-0,98;157,42;4,96;-1,03;;;;;;;;
"=""API""";"=""WIND""";"=""2026-04-28T03:44:00+03:00""";"=""OA_YTM""";"=""AKSU RES""";"=""10928268862""";"=""2890""";"=""AKSU ÇAMLICA RES""";-0,98;157,52;4,96;-1,03;;;;;;;;
"=""API""";"=""WIND""";"=""2026-04-28T03:45:00+03:00""";"=""OA_YTM""";"=""AKSU RES""";"=""10928268862""";"=""2890""";"=""AKSU ÇAMLICA RES""";-0,98;157,52;4,96;-0,98;;;;;;;;
"=""API""";"=""WIND""";"=""2026-04-28T03:46:00+03:00""";"=""OA_YTM""";"=""AKSU RES""";"=""10928268862""";"=""2890""";"=""AKSU ÇAMLICA RES""";-0,98;157,63;4,96;-1,13;;;;;;;;
"=""API""";"=""WIND""";"=""2026-04-28T03:47:00+03:00""";"=""OA_YTM""";"=""AKSU RES""";"=""10928268862""";"=""2890""";"=""AKSU ÇAMLICA RES""";-0,98;157,63;4,96;-1,02;;;;;;;;
"=""API""";"=""WIND""";"=""2026-04-28T03:48:00+03:00""";"=""OA_YTM""";"=""AKSU RES""";"=""10928268862""";"=""2890""";"=""AKSU ÇAMLICA RES""";-0,98;157,37;4,96;-1,12;;;;;;;;
"=""API""";"=""WIND""";"=""2026-04-28T03:49:00+03:00""";"=""OA_YTM""";"=""AKSU RES""";"=""10928268862""";"=""2890""";"=""AKSU ÇAMLICA RES""";-0,98;157,78;4,96;-1,12;;;;;;;;
"=""API""";"=""WIND""";"=""2026-04-28T03:50:00+03:00""";"=""OA_YTM""";"=""AKSU RES""";"=""10928268862""";"=""2890""";"=""AKSU ÇAMLICA RES""";-0,98;157,68;4,96;-1,12;;;;;;;;
"=""API""";"=""WIND""";"=""2026-04-28T03:51:00+03:00""";"=""OA_YTM""";"=""AKSU RES""";"=""10928268862""";"=""2890""";"=""AKSU ÇAMLICA RES""";-0,98;157,47;4,96;-1,12;;;;;;;;
"=""API""";"=""WIND""";"=""2026-04-28T03:52:00+03:00""";"=""OA_YTM""";"=""AKSU RES""";"=""10928268862""";"=""2890""";"=""AKSU ÇAMLICA RES""";-0,98;157,47;4,96;-1,12;;;;;;;;
"=""API""";"=""WIND""";"=""2026-04-28T03:53:00+03:00""";"=""OA_YTM""";"=""AKSU RES""";"=""10928268862""";"=""2890""";"=""AKSU ÇAMLICA RES""";-0,98;157,37;4,96;-1,09;;;;;;;;
"=""API""";"=""WIND""";"=""2026-04-28T03:54:00+03:00""";"=""OA_YTM""";"=""AKSU RES""";"=""10928268862""";"=""2890""";"=""AKSU ÇAMLICA RES""";-0,98;157,47;4,96;-1,09;;;;;;;;
"=""API""";"=""WIND""";"=""2026-04-28T03:55:00+03:00""";"=""OA_YTM""";"=""AKSU RES""";"=""10928268862""";"=""2890""";"=""AKSU ÇAMLICA RES""";-0,98;157,47;4,96;-1,09;;;;;;;;
"=""API""";"=""WIND""";"=""2026-04-28T03:56:00+03:00""";"=""OA_YTM""";"=""AKSU RES""";"=""10928268862""";"=""2890""";"=""AKSU ÇAMLICA RES""";-0,98;157,83;4,96;-1,03;;;;;;;;
"=""API""";"=""WIND""";"=""2026-04-28T03:57:00+03:00""";"=""OA_YTM""";"=""AKSU RES""";"=""10928268862""";"=""2890""";"=""AKSU ÇAMLICA RES""";-0,98;157,93;4,96;-1,08;;;;;;;;
"=""API""";"=""WIND""";"=""2026-04-28T03:58:00+03:00""";"=""OA_YTM""";"=""AKSU RES""";"=""10928268862""";"=""2890""";"=""AKSU ÇAMLICA RES""";-0,98;157,73;5,95;-1,08;;;;;;;;
"=""API""";"=""WIND""";"=""2026-04-28T03:59:00+03:00""";"=""OA_YTM""";"=""AKSU RES""";"=""10928268862""";"=""2890""";"=""AKSU ÇAMLICA RES""";-0,98;157,63;5,95;-1,17;;;;;;;;
"=""API""";"=""WIND""";"=""2026-04-28T04:00:00+03:00""";"=""OA_YTM""";"=""AKSU RES""";"=""10928268862""";"=""2890""";"=""AKSU ÇAMLICA RES""";-0,98;157,11;5,95;-1,27;;;;;;;;
"=""API""";"=""WIND""";"=""2026-04-28T04:01:00+03:00""";"=""OA_YTM""";"=""AKSU RES""";"=""10928268862""";"=""2890""";"=""AKSU ÇAMLICA RES""";-0,98;156,81;6,94;-1,27;;;;;;;;
"=""API""";"=""WIND""";"=""2026-04-28T04:02:00+03:00""";"=""OA_YTM""";"=""AKSU RES""";"=""10928268862""";"=""2890""";"=""AKSU ÇAMLICA RES""";-0,98;157,01;6,94;-1,43;;;;;;;;
"=""API""";"=""WIND""";"=""2026-04-28T04:03:00+03:00""";"=""OA_YTM""";"=""AKSU RES""";"=""10928268862""";"=""2890""";"=""AKSU ÇAMLICA RES""";-0,98;156,81;6,94;-1,45;;;;;;;;
"=""API""";"=""WIND""";"=""2026-04-28T04:04:00+03:00""";"=""OA_YTM""";"=""AKSU RES""";"=""10928268862""";"=""2890""";"=""AKSU ÇAMLICA RES""";-0,98;156,81;6,94;-1,45;;;;;;;;
"=""API""";"=""WIND""";"=""2026-04-28T04:05:00+03:00""";"=""OA_YTM""";"=""AKSU RES""";"=""10928268862""";"=""2890""";"=""AKSU ÇAMLICA RES""";-0,98;157,42;6,94;-1,45;;;;;;;;
"=""API""";"=""WIND""";"=""2026-04-28T04:06:00+03:00""";"=""OA_YTM""";"=""AKSU RES""";"=""10928268862""";"=""2890""";"=""AKSU ÇAMLICA RES""";-0,98;157,01;6,94;-1,45;;;;;;;;
"=""API""";"=""WIND""";"=""2026-04-28T04:07:00+03:00""";"=""OA_YTM""";"=""AKSU RES""";"=""10928268862""";"=""2890""";"=""AKSU ÇAMLICA RES""";-0,98;157,11;7,93;-1,71;;;;;;;;
"=""API""";"=""WIND""";"=""2026-04-28T04:08:00+03:00""";"=""OA_YTM""";"=""AKSU RES""";"=""10928268862""";"=""2890""";"=""AKSU ÇAMLICA RES""";-0,98;157,11;8,93;-1,71;;;;;-1,64;0;"=""1""";
"=""API""";"=""WIND""";"=""2026-04-28T04:09:00+03:00""";"=""OA_YTM""";"=""AKSU RES""";"=""10928268862""";"=""2890""";"=""AKSU ÇAMLICA RES""";-0,98;157,11;8,93;-1,84;;;;;-1,64;0;"=""1""";
"=""API""";"=""WIND""";"=""2026-04-28T04:10:00+03:00""";"=""OA_YTM""";"=""AKSU RES""";"=""10928268862""";"=""2890""";"=""AKSU ÇAMLICA RES""";-0,98;157,01;8,93;-1,79;;;;;-1,64;0;"=""1""";
"=""API""";"=""WIND""";"=""2026-04-28T04:11:00+03:00""";"=""OA_YTM""";"=""AKSU RES""";"=""10928268862""";"=""2890""";"=""AKSU ÇAMLICA RES""";-0,98;156,96;8,93;-1,79;;;;;-1,64;0;"=""1""";
"=""API""";"=""WIND""";"=""2026-04-28T04:12:00+03:00""";"=""OA_YTM""";"=""AKSU RES""";"=""10928268862""";"=""2890""";"=""AKSU ÇAMLICA RES""";-0,98;157,06;8,93;-1,86;;;;;-1,64;0;"=""1""";
"=""API""";"=""WIND""";"=""2026-04-28T04:13:00+03:00""";"=""OA_YTM""";"=""AKSU RES""";"=""10928268862""";"=""2890""";"=""AKSU ÇAMLICA RES""";-0,98;157,68;9,92;-1,95;;;;;-1,82;0;"=""1""";
"=""API""";"=""WIND""";"=""2026-04-28T04:14:00+03:00""";"=""OA_YTM""";"=""AKSU RES""";"=""10928268862""";"=""2890""";"=""AKSU ÇAMLICA RES""";-0,98;157,68;9,92;-1,95;;;;;-1,82;0;"=""1""";
"=""API""";"=""WIND""";"=""2026-04-28T04:15:00+03:00""";"=""OA_YTM""";"=""AKSU RES""";"=""10928268862""";"=""2890""";"=""AKSU ÇAMLICA RES""";-0,98;157,68;9,92;-1,96;;;;;-1,82;0;"=""1""";
"=""API""";"=""WIND""";"=""2026-04-28T04:16:00+03:00""";"=""OA_YTM""";"=""AKSU RES""";"=""10928268862""";"=""2890""";"=""AKSU ÇAMLICA RES""";-0,98;157,47;8,93;-1,9;;;;;-1,64;0;"=""1""";
"=""API""";"=""WIND""";"=""2026-04-28T04:17:00+03:00""";"=""OA_YTM""";"=""AKSU RES""";"=""10928268862""";"=""2890""";"=""AKSU ÇAMLICA RES""";-0,98;157,68;8,93;-1,9;;;;;-1,64;0;"=""1""";
"=""API""";"=""WIND""";"=""2026-04-28T04:18:00+03:00""";"=""OA_YTM""";"=""AKSU RES""";"=""10928268862""";"=""2890""";"=""AKSU ÇAMLICA RES""";-0,98;157,68;8,93;-1,85;;;;;-1,64;0;"=""1""";
"=""API""";"=""WIND""";"=""2026-04-28T04:19:00+03:00""";"=""OA_YTM""";"=""AKSU RES""";"=""10928268862""";"=""2890""";"=""AKSU ÇAMLICA RES""";-0,98;157,68;8,93;-1,77;;;;;-1,64;0;"=""1""";
"=""API""";"=""WIND""";"=""2026-04-28T04:20:00+03:00""";"=""OA_YTM""";"=""AKSU RES""";"=""10928268862""";"=""2890""";"=""AKSU ÇAMLICA RES""";-0,98;157,68;8,93;-1,82;;;;;-1,64;0;"=""1""";
"=""API""";"=""WIND""";"=""2026-04-28T04:21:00+03:00""";"=""OA_YTM""";"=""AKSU RES""";"=""10928268862""";"=""2890""";"=""AKSU ÇAMLICA RES""";-0,98;157,47;7,94;-1,7;;;;;;;;
"=""API""";"=""WIND""";"=""2026-04-28T04:22:00+03:00""";"=""OA_YTM""";"=""AKSU RES""";"=""10928268862""";"=""2890""";"=""AKSU ÇAMLICA RES""";-0,98;157,47;8,93;-1,85;;;;;-1,64;0;"=""1""";
"=""API""";"=""WIND""";"=""2026-04-28T04:23:00+03:00""";"=""OA_YTM""";"=""AKSU RES""";"=""10928268862""";"=""2890""";"=""AKSU ÇAMLICA RES""";-0,98;157,47;8,93;-1,72;;;;;-1,64;0;"=""1""";
"=""API""";"=""WIND""";"=""2026-04-28T04:24:00+03:00""";"=""OA_YTM""";"=""AKSU RES""";"=""10928268862""";"=""2890""";"=""AKSU ÇAMLICA RES""";-0,98;157,47;7,94;-1,85;;;;;;;;
"=""API""";"=""WIND""";"=""2026-04-28T04:25:00+03:00""";"=""OA_YTM""";"=""AKSU RES""";"=""10928268862""";"=""2890""";"=""AKSU ÇAMLICA RES""";-0,98;157,58;7,94;-1,75;;;;;;;;
"=""API""";"=""WIND""";"=""2026-04-28T04:26:00+03:00""";"=""OA_YTM""";"=""AKSU RES""";"=""10928268862""";"=""2890""";"=""AKSU ÇAMLICA RES""";-0,98;157,47;8,93;-1,82;;;;;-1,64;0;"=""1""";
"=""API""";"=""WIND""";"=""2026-04-28T04:27:00+03:00""";"=""OA_YTM""";"=""AKSU RES""";"=""10928268862""";"=""2890""";"=""AKSU ÇAMLICA RES""";-0,98;157,37;8,93;-1,82;;;;;-1,64;0;"=""1""";
"=""API""";"=""WIND""";"=""2026-04-28T04:28:00+03:00""";"=""OA_YTM""";"=""AKSU RES""";"=""10928268862""";"=""2890""";"=""AKSU ÇAMLICA RES""";-0,98;157,47;9,92;-1,92;;;;;-1,82;0;"=""1""";
"=""API""";"=""WIND""";"=""2026-04-28T04:29:00+03:00""";"=""OA_YTM""";"=""AKSU RES""";"=""10928268862""";"=""2890""";"=""AKSU ÇAMLICA RES""";-0,98;157,37;9,92;-1,93;;;;;-1,82;0;"=""1""";
"=""API""";"=""WIND""";"=""2026-04-28T04:30:00+03:00""";"=""OA_YTM""";"=""AKSU RES""";"=""10928268862""";"=""2890""";"=""AKSU ÇAMLICA RES""";-0,98;157,37;10,91;-2,05;;;;;-2;0;"=""1""";
"=""API""";"=""WIND""";"=""2026-04-28T04:31:00+03:00""";"=""OA_YTM""";"=""AKSU RES""";"=""10928268862""";"=""2890""";"=""AKSU ÇAMLICA RES""";-0,98;157,37;10,91;-2,18;;;;;-2;0;"=""1""";
"=""API""";"=""WIND""";"=""2026-04-28T04:32:00+03:00""";"=""OA_YTM""";"=""AKSU RES""";"=""10928268862""";"=""2890""";"=""AKSU ÇAMLICA RES""";-0,98;157,37;10,91;-2,19;;;;;-2;0;"=""1""";
"=""API""";"=""WIND""";"=""2026-04-28T04:33:00+03:00""";"=""OA_YTM""";"=""AKSU RES""";"=""10928268862""";"=""2890""";"=""AKSU ÇAMLICA RES""";-0,98;157,37;10,91;-2,24;;;;;-2;0;"=""1""";
"=""API""";"=""WIND""";"=""2026-04-28T04:34:00+03:00""";"=""OA_YTM""";"=""AKSU RES""";"=""10928268862""";"=""2890""";"=""AKSU ÇAMLICA RES""";-0,98;157,37;10,91;-2,24;;;;;-2;0;"=""1""";
"=""API""";"=""WIND""";"=""2026-04-28T04:35:00+03:00""";"=""OA_YTM""";"=""AKSU RES""";"=""10928268862""";"=""2890""";"=""AKSU ÇAMLICA RES""";-0,98;157,06;10,91;-2,19;;;;;-2;0;"=""1""";
"=""API""";"=""WIND""";"=""2026-04-28T04:36:00+03:00""";"=""OA_YTM""";"=""AKSU RES""";"=""10928268862""";"=""2890""";"=""AKSU ÇAMLICA RES""";-0,98;157,06;9,92;-2,19;;;;;-1,82;0;"=""1""";
"=""API""";"=""WIND""";"=""2026-04-28T04:37:00+03:00""";"=""OA_YTM""";"=""AKSU RES""";"=""10928268862""";"=""2890""";"=""AKSU ÇAMLICA RES""";-0,98;157,06;9,92;-2,11;;;;;-1,82;0;"=""1""";
"=""API""";"=""WIND""";"=""2026-04-28T04:38:00+03:00""";"=""OA_YTM""";"=""AKSU RES""";"=""10928268862""";"=""2890""";"=""AKSU ÇAMLICA RES""";-0,98;157,37;9,92;-2,19;;;;;-1,82;0;"=""1""";
"=""API""";"=""WIND""";"=""2026-04-28T04:39:00+03:00""";"=""OA_YTM""";"=""AKSU RES""";"=""10928268862""";"=""2890""";"=""AKSU ÇAMLICA RES""";-0,98;157,68;9,92;-2,09;;;;;-1,82;0;"=""1""";
"=""API""";"=""WIND""";"=""2026-04-28T04:40:00+03:00""";"=""OA_YTM""";"=""AKSU RES""";"=""10928268862""";"=""2890""";"=""AKSU ÇAMLICA RES""";-0,98;157,99;9,92;-2,09;;;;;-1,82;0;"=""1""";
"=""API""";"=""WIND""";"=""2026-04-28T04:41:00+03:00""";"=""OA_YTM""";"=""AKSU RES""";"=""10928268862""";"=""2890""";"=""AKSU ÇAMLICA RES""";-0,98;156,75;9,92;-1,92;;;;;-1,82;0;"=""1""";
"=""API""";"=""WIND""";"=""2026-04-28T04:42:00+03:00""";"=""OA_YTM""";"=""AKSU RES""";"=""10928268862""";"=""2890""";"=""AKSU ÇAMLICA RES""";-0,98;157,37;9,92;-2;;;;;-1,82;0;"=""1""";
"=""API""";"=""WIND""";"=""2026-04-28T04:43:00+03:00""";"=""OA_YTM""";"=""AKSU RES""";"=""10928268862""";"=""2890""";"=""AKSU ÇAMLICA RES""";-0,98;157,37;10,91;-2,09;;;;;-2;0;"=""1""";
"=""API""";"=""WIND""";"=""2026-04-28T04:44:00+03:00""";"=""OA_YTM""";"=""AKSU RES""";"=""10928268862""";"=""2890""";"=""AKSU ÇAMLICA RES""";-0,98;156,65;10,91;-2,32;;;;;-2;0;"=""1""";
"=""API""";"=""WIND""";"=""2026-04-28T04:45:00+03:00""";"=""OA_YTM""";"=""AKSU RES""";"=""10928268862""";"=""2890""";"=""AKSU ÇAMLICA RES""";-0,98;156,55;10,91;-2,32;;;;;-2;0;"=""1""";
"=""API""";"=""WIND""";"=""2026-04-28T04:46:00+03:00""";"=""OA_YTM""";"=""AKSU RES""";"=""10928268862""";"=""2890""";"=""AKSU ÇAMLICA RES""";-0,98;156,65;10,91;-2,32;;;;;-2;0;"=""1""";
"=""API""";"=""WIND""";"=""2026-04-28T04:47:00+03:00""";"=""OA_YTM""";"=""AKSU RES""";"=""10928268862""";"=""2890""";"=""AKSU ÇAMLICA RES""";-0,98;156,24;10,91;-2,43;;;;;-2;0;"=""1""";
"=""API""";"=""WIND""";"=""2026-04-28T04:48:00+03:00""";"=""OA_YTM""";"=""AKSU RES""";"=""10928268862""";"=""2890""";"=""AKSU ÇAMLICA RES""";-0,98;156,45;10,91;-2,33;;;;;-2;0;"=""1""";
"=""API""";"=""WIND""";"=""2026-04-28T04:49:00+03:00""";"=""OA_YTM""";"=""AKSU RES""";"=""10928268862""";"=""2890""";"=""AKSU ÇAMLICA RES""";-0,98;156,03;10,91;-2,33;;;;;-2;0;"=""1""";
"=""API""";"=""WIND""";"=""2026-04-28T04:50:00+03:00""";"=""OA_YTM""";"=""AKSU RES""";"=""10928268862""";"=""2890""";"=""AKSU ÇAMLICA RES""";-0,98;156,03;10,91;-2,24;;;;;-2;0;"=""1""";
"=""API""";"=""WIND""";"=""2026-04-28T04:51:00+03:00""";"=""OA_YTM""";"=""AKSU RES""";"=""10928268862""";"=""2890""";"=""AKSU ÇAMLICA RES""";-0,98;156,24;10,91;-2,24;;;;;-2;0;"=""1""";
"=""API""";"=""WIND""";"=""2026-04-28T04:52:00+03:00""";"=""OA_YTM""";"=""AKSU RES""";"=""10928268862""";"=""2890""";"=""AKSU ÇAMLICA RES""";-0,98;156,03;9,92;-2,17;;;;;-1,82;0;"=""1""";
"=""API""";"=""WIND""";"=""2026-04-28T04:53:00+03:00""";"=""OA_YTM""";"=""AKSU RES""";"=""10928268862""";"=""2890""";"=""AKSU ÇAMLICA RES""";-0,98;155,83;10,91;-2,04;;;;;-2;0;"=""1""";
"=""API""";"=""WIND""";"=""2026-04-28T04:54:00+03:00""";"=""OA_YTM""";"=""AKSU RES""";"=""10928268862""";"=""2890""";"=""AKSU ÇAMLICA RES""";-0,98;156,24;10,91;-2,1;;;;;-2;0;"=""1""";
"=""API""";"=""WIND""";"=""2026-04-28T04:55:00+03:00""";"=""OA_YTM""";"=""AKSU RES""";"=""10928268862""";"=""2890""";"=""AKSU ÇAMLICA RES""";-0,98;155,93;9,92;-2,07;;;;;-1,82;0;"=""1""";
"=""API""";"=""WIND""";"=""2026-04-28T04:56:00+03:00""";"=""OA_YTM""";"=""AKSU RES""";"=""10928268862""";"=""2890""";"=""AKSU ÇAMLICA RES""";-0,98;156,34;8,93;-1,98;;;;;-1,64;0;"=""1""";
"=""API""";"=""WIND""";"=""2026-04-28T04:57:00+03:00""";"=""OA_YTM""";"=""AKSU RES""";"=""10928268862""";"=""2890""";"=""AKSU ÇAMLICA RES""";-0,98;156,34;8,93;-1,98;;;;;-1,64;0;"=""1""";
"=""API""";"=""WIND""";"=""2026-04-28T04:58:00+03:00""";"=""OA_YTM""";"=""AKSU RES""";"=""10928268862""";"=""2890""";"=""AKSU ÇAMLICA RES""";-0,98;156,5;8,93;-1,87;;;;;-1,64;0;"=""1""";
"=""API""";"=""WIND""";"=""2026-04-28T04:59:00+03:00""";"=""OA_YTM""";"=""AKSU RES""";"=""10928268862""";"=""2890""";"=""AKSU ÇAMLICA RES""";-0,98;156,19;8,93;-1,87;;;;;-1,64;0;"=""1""";
"=""API""";"=""WIND""";"=""2026-04-28T05:00:00+03:00""";"=""OA_YTM""";"=""AKSU RES""";"=""10928268862""";"=""2890""";"=""AKSU ÇAMLICA RES""";-0,98;155,83;8,93;-1,87;;;;;-1,64;0;"=""1""";
"=""API""";"=""WIND""";"=""2026-04-28T05:01:00+03:00""";"=""OA_YTM""";"=""AKSU RES""";"=""10928268862""";"=""2890""";"=""AKSU ÇAMLICA RES""";-0,98;156,45;7,93;-1,79;;;;;;;;
"=""API""";"=""WIND""";"=""2026-04-28T05:02:00+03:00""";"=""OA_YTM""";"=""AKSU RES""";"=""10928268862""";"=""2890""";"=""AKSU ÇAMLICA RES""";-0,98;157,42;7,93;-1,64;;;;;;;;
"=""API""";"=""WIND""";"=""2026-04-28T05:03:00+03:00""";"=""OA_YTM""";"=""AKSU RES""";"=""10928268862""";"=""2890""";"=""AKSU ÇAMLICA RES""";-0,98;157,63;7,93;-1,55;;;;;;;;
"=""API""";"=""WIND""";"=""2026-04-28T05:04:00+03:00""";"=""OA_YTM""";"=""AKSU RES""";"=""10928268862""";"=""2890""";"=""AKSU ÇAMLICA RES""";-0,98;157,73;7,93;-1,59;;;;;;;;
"=""API""";"=""WIND""";"=""2026-04-28T05:05:00+03:00""";"=""OA_YTM""";"=""AKSU RES""";"=""10928268862""";"=""2890""";"=""AKSU ÇAMLICA RES""";-0,98;157,42;7,93;-1,61;;;;;;;;
"=""API""";"=""WIND""";"=""2026-04-28T05:06:00+03:00""";"=""OA_YTM""";"=""AKSU RES""";"=""10928268862""";"=""2890""";"=""AKSU ÇAMLICA RES""";-0,98;157,22;7,93;-1,52;;;;;;;;
"=""API""";"=""WIND""";"=""2026-04-28T05:07:00+03:00""";"=""OA_YTM""";"=""AKSU RES""";"=""10928268862""";"=""2890""";"=""AKSU ÇAMLICA RES""";-0,98;157,11;7,93;-1,63;;;;;;;;
"=""API""";"=""WIND""";"=""2026-04-28T05:08:00+03:00""";"=""OA_YTM""";"=""AKSU RES""";"=""10928268862""";"=""2890""";"=""AKSU ÇAMLICA RES""";-0,98;156,91;7,93;-1,63;;;;;;;;
"=""API""";"=""WIND""";"=""2026-04-28T05:09:00+03:00""";"=""OA_YTM""";"=""AKSU RES""";"=""10928268862""";"=""2890""";"=""AKSU ÇAMLICA RES""";-0,98;156,91;7,93;-1,63;;;;;;;;
"=""API""";"=""WIND""";"=""2026-04-28T05:10:00+03:00""";"=""OA_YTM""";"=""AKSU RES""";"=""10928268862""";"=""2890""";"=""AKSU ÇAMLICA RES""";-0,98;156,91;7,93;-1,64;;;;;;;;
"=""API""";"=""WIND""";"=""2026-04-28T05:11:00+03:00""";"=""OA_YTM""";"=""AKSU RES""";"=""10928268862""";"=""2890""";"=""AKSU ÇAMLICA RES""";-0,98;156,91;7,93;-1,64;;;;;;;;
"=""API""";"=""WIND""";"=""2026-04-28T05:12:00+03:00""";"=""OA_YTM""";"=""AKSU RES""";"=""10928268862""";"=""2890""";"=""AKSU ÇAMLICA RES""";-0,98;157,01;7,93;-1,73;;;;;;;;
"=""API""";"=""WIND""";"=""2026-04-28T05:13:00+03:00""";"=""OA_YTM""";"=""AKSU RES""";"=""10928268862""";"=""2890""";"=""AKSU ÇAMLICA RES""";-0,98;157,06;8,93;-1,87;;;;;-1,64;0;"=""1""";
"=""API""";"=""WIND""";"=""2026-04-28T05:14:00+03:00""";"=""OA_YTM""";"=""AKSU RES""";"=""10928268862""";"=""2890""";"=""AKSU ÇAMLICA RES""";-0,98;157,27;9,92;-1,9;;;;;-1,82;0;"=""1""";
"=""API""";"=""WIND""";"=""2026-04-28T05:15:00+03:00""";"=""OA_YTM""";"=""AKSU RES""";"=""10928268862""";"=""2890""";"=""AKSU ÇAMLICA RES""";-0,98;158,09;10,91;-1,98;;;;;-2;0;"=""0""";
"=""API""";"=""WIND""";"=""2026-04-28T05:16:00+03:00""";"=""OA_YTM""";"=""AKSU RES""";"=""10928268862""";"=""2890""";"=""AKSU ÇAMLICA RES""";-0,98;157,52;9,92;-2,03;;;;;-1,82;0;"=""1""";
"=""API""";"=""WIND""";"=""2026-04-28T05:17:00+03:00""";"=""OA_YTM""";"=""AKSU RES""";"=""10928268862""";"=""2890""";"=""AKSU ÇAMLICA RES""";-0,98;157,32;8,93;-2,03;;;;;-1,64;0;"=""1""";
"=""API""";"=""WIND""";"=""2026-04-28T05:18:00+03:00""";"=""OA_YTM""";"=""AKSU RES""";"=""10928268862""";"=""2890""";"=""AKSU ÇAMLICA RES""";-0,98;157,63;9,92;-2,03;;;;;-1,82;0;"=""1""";
"=""API""";"=""WIND""";"=""2026-04-28T05:19:00+03:00""";"=""OA_YTM""";"=""AKSU RES""";"=""10928268862""";"=""2890""";"=""AKSU ÇAMLICA RES""";-0,98;157,52;10,91;-2,03;;;;;-2;0;"=""1""";
"=""API""";"=""WIND""";"=""2026-04-28T05:20:00+03:00""";"=""OA_YTM""";"=""AKSU RES""";"=""10928268862""";"=""2890""";"=""AKSU ÇAMLICA RES""";-0,98;157,42;10,91;-2,07;;;;;-2;0;"=""1""";
"=""API""";"=""WIND""";"=""2026-04-28T05:21:00+03:00""";"=""OA_YTM""";"=""AKSU RES""";"=""10928268862""";"=""2890""";"=""AKSU ÇAMLICA RES""";-0,98;157,63;10,91;-2,11;;;;;-2;0;"=""1""";
"=""API""";"=""WIND""";"=""2026-04-28T05:22:00+03:00""";"=""OA_YTM""";"=""AKSU RES""";"=""10928268862""";"=""2890""";"=""AKSU ÇAMLICA RES""";-0,98;157,63;10,91;-2,23;;;;;-2;0;"=""1""";
"=""API""";"=""WIND""";"=""2026-04-28T05:23:00+03:00""";"=""OA_YTM""";"=""AKSU RES""";"=""10928268862""";"=""2890""";"=""AKSU ÇAMLICA RES""";-0,98;157,47;10,91;-2,38;;;;;-2;0;"=""1""";
"=""API""";"=""WIND""";"=""2026-04-28T05:24:00+03:00""";"=""OA_YTM""";"=""AKSU RES""";"=""10928268862""";"=""2890""";"=""AKSU ÇAMLICA RES""";-0,98;157,22;12,9;-2,38;;;;;-2,36;0;"=""1""";
"=""API""";"=""WIND""";"=""2026-04-28T05:25:00+03:00""";"=""OA_YTM""";"=""AKSU RES""";"=""10928268862""";"=""2890""";"=""AKSU ÇAMLICA RES""";-0,98;156,81;12,9;-2,5;;;;;-2,36;0;"=""1""";
"=""API""";"=""WIND""";"=""2026-04-28T05:26:00+03:00""";"=""OA_YTM""";"=""AKSU RES""";"=""10928268862""";"=""2890""";"=""AKSU ÇAMLICA RES""";-0,98;156,91;11,91;-2,5;;;;;-2,18;0;"=""1""";
"=""API""";"=""WIND""";"=""2026-04-28T05:27:00+03:00""";"=""OA_YTM""";"=""AKSU RES""";"=""10928268862""";"=""2890""";"=""AKSU ÇAMLICA RES""";-0,98;156,91;11,91;-2,42;;;;;-2,18;0;"=""1""";
"=""API""";"=""WIND""";"=""2026-04-28T05:28:00+03:00""";"=""OA_YTM""";"=""AKSU RES""";"=""10928268862""";"=""2890""";"=""AKSU ÇAMLICA RES""";-0,98;156,86;12,9;-2,66;;;;;-2,36;0;"=""1""";
"=""API""";"=""WIND""";"=""2026-04-28T05:29:00+03:00""";"=""OA_YTM""";"=""AKSU RES""";"=""10928268862""";"=""2890""";"=""AKSU ÇAMLICA RES""";-0,98;156,45;12,9;-2,66;;;;;-2,36;0;"=""1""";
"=""API""";"=""WIND""";"=""2026-04-28T05:30:00+03:00""";"=""OA_YTM""";"=""AKSU RES""";"=""10928268862""";"=""2890""";"=""AKSU ÇAMLICA RES""";-0,98;157,06;12,9;-2,66;;;;;-2,36;0;"=""1""";
"=""API""";"=""WIND""";"=""2026-04-28T05:31:00+03:00""";"=""OA_YTM""";"=""AKSU RES""";"=""10928268862""";"=""2890""";"=""AKSU ÇAMLICA RES""";-0,98;157,06;11,91;-2,63;;;;;-2,18;0;"=""1""";
"=""API""";"=""WIND""";"=""2026-04-28T05:32:00+03:00""";"=""OA_YTM""";"=""AKSU RES""";"=""10928268862""";"=""2890""";"=""AKSU ÇAMLICA RES""";-0,98;157,06;11,91;-2,57;;;;;-2,18;0;"=""1""";
"=""API""";"=""WIND""";"=""2026-04-28T05:33:00+03:00""";"=""OA_YTM""";"=""AKSU RES""";"=""10928268862""";"=""2890""";"=""AKSU ÇAMLICA RES""";-0,98;157,06;11,91;-2,57;;;;;-2,18;0;"=""1""";
"=""API""";"=""WIND""";"=""2026-04-28T05:34:00+03:00""";"=""OA_YTM""";"=""AKSU RES""";"=""10928268862""";"=""2890""";"=""AKSU ÇAMLICA RES""";-0,98;156,96;10,91;-2,37;;;;;-2;0;"=""1""";
"=""API""";"=""WIND""";"=""2026-04-28T05:35:00+03:00""";"=""OA_YTM""";"=""AKSU RES""";"=""10928268862""";"=""2890""";"=""AKSU ÇAMLICA RES""";-0,98;156,96;11,91;-2,35;;;;;-2,18;0;"=""1""";
"=""API""";"=""WIND""";"=""2026-04-28T05:36:00+03:00""";"=""OA_YTM""";"=""AKSU RES""";"=""10928268862""";"=""2890""";"=""AKSU ÇAMLICA RES""";-0,98;157,06;11,91;-2,26;;;;;-2,18;0;"=""1""";
"=""API""";"=""WIND""";"=""2026-04-28T05:37:00+03:00""";"=""OA_YTM""";"=""AKSU RES""";"=""10928268862""";"=""2890""";"=""AKSU ÇAMLICA RES""";-0,98;156,75;10,91;-2,26;;;;;-2;0;"=""1""";
"=""API""";"=""WIND""";"=""2026-04-28T05:38:00+03:00""";"=""OA_YTM""";"=""AKSU RES""";"=""10928268862""";"=""2890""";"=""AKSU ÇAMLICA RES""";-0,98;156,45;10,91;-2,08;;;;;-2;0;"=""1""";
"=""API""";"=""WIND""";"=""2026-04-28T05:39:00+03:00""";"=""OA_YTM""";"=""AKSU RES""";"=""10928268862""";"=""2890""";"=""AKSU ÇAMLICA RES""";-0,98;157,68;9,92;-2,13;;;;;-1,82;0;"=""1""";
"=""API""";"=""WIND""";"=""2026-04-28T05:40:00+03:00""";"=""OA_YTM""";"=""AKSU RES""";"=""10928268862""";"=""2890""";"=""AKSU ÇAMLICA RES""";-0,98;156,45;10,91;-2,13;;;;;-2;0;"=""1""";
"=""API""";"=""WIND""";"=""2026-04-28T05:41:00+03:00""";"=""OA_YTM""";"=""AKSU RES""";"=""10928268862""";"=""2890""";"=""AKSU ÇAMLICA RES""";-0,98;156,75;10,91;-2,13;;;;;-2;0;"=""1""";
"=""API""";"=""WIND""";"=""2026-04-28T05:42:00+03:00""";"=""OA_YTM""";"=""AKSU RES""";"=""10928268862""";"=""2890""";"=""AKSU ÇAMLICA RES""";-0,98;157,11;10,91;-2,23;;;;;-2;0;"=""1""";
"=""API""";"=""WIND""";"=""2026-04-28T05:43:00+03:00""";"=""OA_YTM""";"=""AKSU RES""";"=""10928268862""";"=""2890""";"=""AKSU ÇAMLICA RES""";-0,98;157,11;9,92;-2,11;;;;;-1,82;0;"=""1""";
"=""API""";"=""WIND""";"=""2026-04-28T05:44:00+03:00""";"=""OA_YTM""";"=""AKSU RES""";"=""10928268862""";"=""2890""";"=""AKSU ÇAMLICA RES""";-0,98;157,11;8,93;-2,02;;;;;-1,64;0;"=""1""";
"=""API""";"=""WIND""";"=""2026-04-28T05:45:00+03:00""";"=""OA_YTM""";"=""AKSU RES""";"=""10928268862""";"=""2890""";"=""AKSU ÇAMLICA RES""";-0,98;156,8;9,92;-1,94;;;;;-1,82;0;"=""1""";
"=""API""";"=""WIND""";"=""2026-04-28T05:46:00+03:00""";"=""OA_YTM""";"=""AKSU RES""";"=""10928268862""";"=""2890""";"=""AKSU ÇAMLICA RES""";-0,98;157,32;8,93;-1,94;;;;;-1,64;0;"=""1""";
"=""API""";"=""WIND""";"=""2026-04-28T05:47:00+03:00""";"=""OA_YTM""";"=""AKSU RES""";"=""10928268862""";"=""2890""";"=""AKSU ÇAMLICA RES""";-0,98;157,47;8,93;-1,8;;;;;-1,64;0;"=""1""";
"=""API""";"=""WIND""";"=""2026-04-28T05:48:00+03:00""";"=""OA_YTM""";"=""AKSU RES""";"=""10928268862""";"=""2890""";"=""AKSU ÇAMLICA RES""";-0,98;157,22;9,92;-1,91;;;;;-1,82;0;"=""1""";
"=""API""";"=""WIND""";"=""2026-04-28T05:49:00+03:00""";"=""OA_YTM""";"=""AKSU RES""";"=""10928268862""";"=""2890""";"=""AKSU ÇAMLICA RES""";-0,98;157,52;9,92;-1,8;;;;;-1,82;0;"=""0""";
"=""API""";"=""WIND""";"=""2026-04-28T05:50:00+03:00""";"=""OA_YTM""";"=""AKSU RES""";"=""10928268862""";"=""2890""";"=""AKSU ÇAMLICA RES""";-0,98;157,52;9,92;-1,89;;;;;-1,82;0;"=""1""";
"=""API""";"=""WIND""";"=""2026-04-28T05:51:00+03:00""";"=""OA_YTM""";"=""AKSU RES""";"=""10928268862""";"=""2890""";"=""AKSU ÇAMLICA RES""";-0,98;157,52;8,93;-1,98;;;;;-1,64;0;"=""1""";
"=""API""";"=""WIND""";"=""2026-04-28T05:52:00+03:00""";"=""OA_YTM""";"=""AKSU RES""";"=""10928268862""";"=""2890""";"=""AKSU ÇAMLICA RES""";-0,98;157,22;8,93;-1,82;;;;;-1,64;0;"=""1""";
"=""API""";"=""WIND""";"=""2026-04-28T05:53:00+03:00""";"=""OA_YTM""";"=""AKSU RES""";"=""10928268862""";"=""2890""";"=""AKSU ÇAMLICA RES""";-0,98;157,52;7,94;-1,72;;;;;;;;
"=""API""";"=""WIND""";"=""2026-04-28T05:54:00+03:00""";"=""OA_YTM""";"=""AKSU RES""";"=""10928268862""";"=""2890""";"=""AKSU ÇAMLICA RES""";-0,98;157,78;7,94;-1,76;;;;;;;;
"=""API""";"=""WIND""";"=""2026-04-28T05:55:00+03:00""";"=""OA_YTM""";"=""AKSU RES""";"=""10928268862""";"=""2890""";"=""AKSU ÇAMLICA RES""";-0,98;157,88;8,93;-1,85;;;;;-1,64;0;"=""1""";
"=""API""";"=""WIND""";"=""2026-04-28T05:56:00+03:00""";"=""OA_YTM""";"=""AKSU RES""";"=""10928268862""";"=""2890""";"=""AKSU ÇAMLICA RES""";-0,98;157,27;8,93;-1,87;;;;;-1,64;0;"=""1""";
"=""API""";"=""WIND""";"=""2026-04-28T05:57:00+03:00""";"=""OA_YTM""";"=""AKSU RES""";"=""10928268862""";"=""2890""";"=""AKSU ÇAMLICA RES""";-0,98;157,63;8,93;-1,86;;;;;-1,64;0;"=""1""";
"=""API""";"=""WIND""";"=""2026-04-28T05:58:00+03:00""";"=""OA_YTM""";"=""AKSU RES""";"=""10928268862""";"=""2890""";"=""AKSU ÇAMLICA RES""";-0,98;158,04;9,92;-1,97;;;;;-1,82;0;"=""1""";
"=""API""";"=""WIND""";"=""2026-04-28T05:59:00+03:00""";"=""OA_YTM""";"=""AKSU RES""";"=""10928268862""";"=""2890""";"=""AKSU ÇAMLICA RES""";-0,98;158,04;9,92;-2;;;;;-1,82;0;"=""1""";
"=""API""";"=""WIND""";"=""2026-04-28T06:00:00+03:00""";"=""OA_YTM""";"=""AKSU RES""";"=""10928268862""";"=""2890""";"=""AKSU ÇAMLICA RES""";-0,98;157,93;9,92;-2,14;;;;;-1,82;0;"=""1""";
"=""API""";"=""WIND""";"=""2026-04-28T06:01:00+03:00""";"=""OA_YTM""";"=""AKSU RES""";"=""10928268862""";"=""2890""";"=""AKSU ÇAMLICA RES""";-0,98;158,24;10,91;-2,14;;;;;-2;0;"=""1""";
"=""API""";"=""WIND""";"=""2026-04-28T06:02:00+03:00""";"=""OA_YTM""";"=""AKSU RES""";"=""10928268862""";"=""2890""";"=""AKSU ÇAMLICA RES""";-0,98;158,65;10,91;-2,26;;;;;-2;0;"=""1""";
"=""API""";"=""WIND""";"=""2026-04-28T06:03:00+03:00""";"=""OA_YTM""";"=""AKSU RES""";"=""10928268862""";"=""2890""";"=""AKSU ÇAMLICA RES""";-0,98;158,14;10,91;-2,26;;;;;-2;0;"=""1""";
"=""API""";"=""WIND""";"=""2026-04-28T06:04:00+03:00""";"=""OA_YTM""";"=""AKSU RES""";"=""10928268862""";"=""2890""";"=""AKSU ÇAMLICA RES""";-0,98;158,4;11,91;-2,26;;;;;-2,18;0;"=""1""";
"=""API""";"=""WIND""";"=""2026-04-28T06:05:00+03:00""";"=""OA_YTM""";"=""AKSU RES""";"=""10928268862""";"=""2890""";"=""AKSU ÇAMLICA RES""";-0,98;158,19;11,91;-2,3;;;;;-2,18;0;"=""1""";
"=""API""";"=""WIND""";"=""2026-04-28T06:06:00+03:00""";"=""OA_YTM""";"=""AKSU RES""";"=""10928268862""";"=""2890""";"=""AKSU ÇAMLICA RES""";-0,98;158,09;11,91;-2,38;;;;;-2,18;0;"=""1""";
"=""API""";"=""WIND""";"=""2026-04-28T06:07:00+03:00""";"=""OA_YTM""";"=""AKSU RES""";"=""10928268862""";"=""2890""";"=""AKSU ÇAMLICA RES""";-0,98;158,19;10,91;-2,41;;;;;-2;0;"=""1""";
"=""API""";"=""WIND""";"=""2026-04-28T06:08:00+03:00""";"=""OA_YTM""";"=""AKSU RES""";"=""10928268862""";"=""2890""";"=""AKSU ÇAMLICA RES""";-0,98;158,19;10,91;-2,27;;;;;-2;0;"=""1""";
"=""API""";"=""WIND""";"=""2026-04-28T06:09:00+03:00""";"=""OA_YTM""";"=""AKSU RES""";"=""10928268862""";"=""2890""";"=""AKSU ÇAMLICA RES""";-0,98;158,19;10,91;-2,3;;;;;-2;0;"=""1""";
"=""API""";"=""WIND""";"=""2026-04-28T06:10:00+03:00""";"=""OA_YTM""";"=""AKSU RES""";"=""10928268862""";"=""2890""";"=""AKSU ÇAMLICA RES""";-0,98;157,88;10,91;-2,17;;;;;-2;0;"=""1""";
"=""API""";"=""WIND""";"=""2026-04-28T06:11:00+03:00""";"=""OA_YTM""";"=""AKSU RES""";"=""10928268862""";"=""2890""";"=""AKSU ÇAMLICA RES""";-0,98;157,88;10,91;-2,17;;;;;-2;0;"=""1""";
"=""API""";"=""WIND""";"=""2026-04-28T06:12:00+03:00""";"=""OA_YTM""";"=""AKSU RES""";"=""10928268862""";"=""2890""";"=""AKSU ÇAMLICA RES""";-0,98;157,88;9,92;-2,19;;;;;-1,82;0;"=""1""";
"=""API""";"=""WIND""";"=""2026-04-28T06:13:00+03:00""";"=""OA_YTM""";"=""AKSU RES""";"=""10928268862""";"=""2890""";"=""AKSU ÇAMLICA RES""";-0,98;157,78;8,93;-2,07;;;;;-1,64;0;"=""1""";
"=""API""";"=""WIND""";"=""2026-04-28T06:14:00+03:00""";"=""OA_YTM""";"=""AKSU RES""";"=""10928268862""";"=""2890""";"=""AKSU ÇAMLICA RES""";-0,98;158,19;9,92;-1,93;;;;;-1,82;0;"=""1""";
"=""API""";"=""WIND""";"=""2026-04-28T06:15:00+03:00""";"=""OA_YTM""";"=""AKSU RES""";"=""10928268862""";"=""2890""";"=""AKSU ÇAMLICA RES""";-0,98;157,88;9,92;-2,07;;;;;-1,82;0;"=""1""";
"=""API""";"=""WIND""";"=""2026-04-28T06:16:00+03:00""";"=""OA_YTM""";"=""AKSU RES""";"=""10928268862""";"=""2890""";"=""AKSU ÇAMLICA RES""";-0,98;157,88;10,91;-2,23;;;;;-2;0;"=""1""";
"=""API""";"=""WIND""";"=""2026-04-28T06:17:00+03:00""";"=""OA_YTM""";"=""AKSU RES""";"=""10928268862""";"=""2890""";"=""AKSU ÇAMLICA RES""";-0,98;157,78;10,91;-2,23;;;;;-2;0;"=""1""";
"=""API""";"=""WIND""";"=""2026-04-28T06:18:00+03:00""";"=""OA_YTM""";"=""AKSU RES""";"=""10928268862""";"=""2890""";"=""AKSU ÇAMLICA RES""";-0,98;158,09;10,91;-2,25;;;;;-2;0;"=""1""";
"=""API""";"=""WIND""";"=""2026-04-28T06:19:00+03:00""";"=""OA_YTM""";"=""AKSU RES""";"=""10928268862""";"=""2890""";"=""AKSU ÇAMLICA RES""";-0,98;158,5;10,91;-2,25;;;;;-2;0;"=""1""";
"=""API""";"=""WIND""";"=""2026-04-28T06:20:00+03:00""";"=""OA_YTM""";"=""AKSU RES""";"=""10928268862""";"=""2890""";"=""AKSU ÇAMLICA RES""";-0,98;158,6;9,92;-2,26;;;;;-1,82;0;"=""1""";
"=""API""";"=""WIND""";"=""2026-04-28T06:21:00+03:00""";"=""OA_YTM""";"=""AKSU RES""";"=""10928268862""";"=""2890""";"=""AKSU ÇAMLICA RES""";-0,98;158,5;9,92;-2,08;;;;;-1,82;0;"=""1""";
"=""API""";"=""WIND""";"=""2026-04-28T06:22:00+03:00""";"=""OA_YTM""";"=""AKSU RES""";"=""10928268862""";"=""2890""";"=""AKSU ÇAMLICA RES""";-0,98;158,19;9,92;-2,02;;;;;-1,82;0;"=""1""";
"=""API""";"=""WIND""";"=""2026-04-28T06:23:00+03:00""";"=""OA_YTM""";"=""AKSU RES""";"=""10928268862""";"=""2890""";"=""AKSU ÇAMLICA RES""";-0,98;158,09;9,92;-2,02;;;;;-1,82;0;"=""1""";
"=""API""";"=""WIND""";"=""2026-04-28T06:24:00+03:00""";"=""OA_YTM""";"=""AKSU RES""";"=""10928268862""";"=""2890""";"=""AKSU ÇAMLICA RES""";-0,98;158,45;7,93;-1,88;;;;;;;;
"=""API""";"=""WIND""";"=""2026-04-28T06:25:00+03:00""";"=""OA_YTM""";"=""AKSU RES""";"=""10928268862""";"=""2890""";"=""AKSU ÇAMLICA RES""";-0,98;158,24;8,93;-1,72;;;;;-1,64;0;"=""1""";
"=""API""";"=""WIND""";"=""2026-04-28T06:26:00+03:00""";"=""OA_YTM""";"=""AKSU RES""";"=""10928268862""";"=""2890""";"=""AKSU ÇAMLICA RES""";-0,98;158,04;8,93;-1,94;;;;;-1,64;0;"=""1""";
"=""API""";"=""WIND""";"=""2026-04-28T06:27:00+03:00""";"=""OA_YTM""";"=""AKSU RES""";"=""10928268862""";"=""2890""";"=""AKSU ÇAMLICA RES""";-0,98;158,04;8,93;-1,94;;;;;-1,64;0;"=""1""";
"=""API""";"=""WIND""";"=""2026-04-28T06:28:00+03:00""";"=""OA_YTM""";"=""AKSU RES""";"=""10928268862""";"=""2890""";"=""AKSU ÇAMLICA RES""";-0,98;157,63;8,93;-1,81;;;;;-1,64;0;"=""1""";
"=""API""";"=""WIND""";"=""2026-04-28T06:29:00+03:00""";"=""OA_YTM""";"=""AKSU RES""";"=""10928268862""";"=""2890""";"=""AKSU ÇAMLICA RES""";-0,98;157,93;8,93;-1,81;;;;;-1,64;0;"=""1""";
"=""API""";"=""WIND""";"=""2026-04-28T06:30:00+03:00""";"=""OA_YTM""";"=""AKSU RES""";"=""10928268862""";"=""2890""";"=""AKSU ÇAMLICA RES""";-0,98;158,45;8,93;-1,98;;;;;-1,64;0;"=""1""";
"=""API""";"=""WIND""";"=""2026-04-28T06:31:00+03:00""";"=""OA_YTM""";"=""AKSU RES""";"=""10928268862""";"=""2890""";"=""AKSU ÇAMLICA RES""";-0,98;158,14;9,92;-1,93;;;;;-1,82;0;"=""1""";
"=""API""";"=""WIND""";"=""2026-04-28T06:32:00+03:00""";"=""OA_YTM""";"=""AKSU RES""";"=""10928268862""";"=""2890""";"=""AKSU ÇAMLICA RES""";-0,98;157,52;9,92;-2,04;;;;;-1,82;0;"=""1""";
"=""API""";"=""WIND""";"=""2026-04-28T06:33:00+03:00""";"=""OA_YTM""";"=""AKSU RES""";"=""10928268862""";"=""2890""";"=""AKSU ÇAMLICA RES""";-0,98;157,83;10,91;-2,04;;;;;-2;0;"=""1""";
"=""API""";"=""WIND""";"=""2026-04-28T06:34:00+03:00""";"=""OA_YTM""";"=""AKSU RES""";"=""10928268862""";"=""2890""";"=""AKSU ÇAMLICA RES""";-0,98;157,42;9,92;-2,11;;;;;-1,82;0;"=""1""";
"=""API""";"=""WIND""";"=""2026-04-28T06:35:00+03:00""";"=""OA_YTM""";"=""AKSU RES""";"=""10928268862""";"=""2890""";"=""AKSU ÇAMLICA RES""";-0,98;157,78;9,92;-2,1;;;;;-1,82;0;"=""1""";
"=""API""";"=""WIND""";"=""2026-04-28T06:36:00+03:00""";"=""OA_YTM""";"=""AKSU RES""";"=""10928268862""";"=""2890""";"=""AKSU ÇAMLICA RES""";-0,98;157,58;9,92;-2,1;;;;;-1,82;0;"=""1""";
"=""API""";"=""WIND""";"=""2026-04-28T06:37:00+03:00""";"=""OA_YTM""";"=""AKSU RES""";"=""10928268862""";"=""2890""";"=""AKSU ÇAMLICA RES""";-0,98;158,71;9,92;-2,1;;;;;-1,82;0;"=""1""";
"=""API""";"=""WIND""";"=""2026-04-28T06:38:00+03:00""";"=""OA_YTM""";"=""AKSU RES""";"=""10928268862""";"=""2890""";"=""AKSU ÇAMLICA RES""";-0,98;158,65;9,92;-2,07;;;;;-1,82;0;"=""1""";
"=""API""";"=""WIND""";"=""2026-04-28T06:39:00+03:00""";"=""OA_YTM""";"=""AKSU RES""";"=""10928268862""";"=""2890""";"=""AKSU ÇAMLICA RES""";-0,98;158,04;8,93;-1,89;;;;;-1,64;0;"=""1""";
"=""API""";"=""WIND""";"=""2026-04-28T06:40:00+03:00""";"=""OA_YTM""";"=""AKSU RES""";"=""10928268862""";"=""2890""";"=""AKSU ÇAMLICA RES""";-0,98;157,83;8,93;-1,86;;;;;-1,64;0;"=""1""";
"=""API""";"=""WIND""";"=""2026-04-28T06:41:00+03:00""";"=""OA_YTM""";"=""AKSU RES""";"=""10928268862""";"=""2890""";"=""AKSU ÇAMLICA RES""";-0,98;157,93;8,93;-1,86;;;;;-1,64;0;"=""1""";
"=""API""";"=""WIND""";"=""2026-04-28T06:42:00+03:00""";"=""OA_YTM""";"=""AKSU RES""";"=""10928268862""";"=""2890""";"=""AKSU ÇAMLICA RES""";-0,98;157,63;8,93;-1,86;;;;;-1,64;0;"=""1""";
"=""API""";"=""WIND""";"=""2026-04-28T06:43:00+03:00""";"=""OA_YTM""";"=""AKSU RES""";"=""10928268862""";"=""2890""";"=""AKSU ÇAMLICA RES""";-0,98;157,68;8,93;-1,82;;;;;-1,64;0;"=""1""";
"=""API""";"=""WIND""";"=""2026-04-28T06:44:00+03:00""";"=""OA_YTM""";"=""AKSU RES""";"=""10928268862""";"=""2890""";"=""AKSU ÇAMLICA RES""";-0,98;157,58;9,92;-1,82;;;;;-1,82;0;"=""1""";
"=""API""";"=""WIND""";"=""2026-04-28T06:45:00+03:00""";"=""OA_YTM""";"=""AKSU RES""";"=""10928268862""";"=""2890""";"=""AKSU ÇAMLICA RES""";-0,98;157,99;9,92;-1,91;;;;;-1,82;0;"=""1""";
"=""API""";"=""WIND""";"=""2026-04-28T06:46:00+03:00""";"=""OA_YTM""";"=""AKSU RES""";"=""10928268862""";"=""2890""";"=""AKSU ÇAMLICA RES""";-0,98;157,53;9,92;-1,95;;;;;-1,82;0;"=""1""";
"=""API""";"=""WIND""";"=""2026-04-28T06:47:00+03:00""";"=""OA_YTM""";"=""AKSU RES""";"=""10928268862""";"=""2890""";"=""AKSU ÇAMLICA RES""";-0,98;157,83;9,92;-1,95;;;;;-1,82;0;"=""1""";
"=""API""";"=""WIND""";"=""2026-04-28T06:48:00+03:00""";"=""OA_YTM""";"=""AKSU RES""";"=""10928268862""";"=""2890""";"=""AKSU ÇAMLICA RES""";-0,98;157,93;8,93;-1,73;;;;;-1,64;0;"=""1""";
"=""API""";"=""WIND""";"=""2026-04-28T06:49:00+03:00""";"=""OA_YTM""";"=""AKSU RES""";"=""10928268862""";"=""2890""";"=""AKSU ÇAMLICA RES""";-0,98;158,04;8,93;-1,86;;;;;-1,64;0;"=""1""";
"=""API""";"=""WIND""";"=""2026-04-28T06:50:00+03:00""";"=""OA_YTM""";"=""AKSU RES""";"=""10928268862""";"=""2890""";"=""AKSU ÇAMLICA RES""";-0,98;157,99;9,92;-1,95;;;;;-1,82;0;"=""1""";
"=""API""";"=""WIND""";"=""2026-04-28T06:51:00+03:00""";"=""OA_YTM""";"=""AKSU RES""";"=""10928268862""";"=""2890""";"=""AKSU ÇAMLICA RES""";-0,98;158,29;8,93;-1,96;;;;;-1,64;0;"=""1""";
"=""API""";"=""WIND""";"=""2026-04-28T06:52:00+03:00""";"=""OA_YTM""";"=""AKSU RES""";"=""10928268862""";"=""2890""";"=""AKSU ÇAMLICA RES""";-0,98;158,14;9,92;-1,96;;;;;-1,82;0;"=""1""";
"=""API""";"=""WIND""";"=""2026-04-28T06:53:00+03:00""";"=""OA_YTM""";"=""AKSU RES""";"=""10928268862""";"=""2890""";"=""AKSU ÇAMLICA RES""";-0,98;158,14;9,92;-2;;;;;-1,82;0;"=""1""";
"=""API""";"=""WIND""";"=""2026-04-28T06:54:00+03:00""";"=""OA_YTM""";"=""AKSU RES""";"=""10928268862""";"=""2890""";"=""AKSU ÇAMLICA RES""";-0,98;158,19;9,92;-2,08;;;;;-1,82;0;"=""1""";
"=""API""";"=""WIND""";"=""2026-04-28T06:55:00+03:00""";"=""OA_YTM""";"=""AKSU RES""";"=""10928268862""";"=""2890""";"=""AKSU ÇAMLICA RES""";-0,98;158,19;10,91;-2,18;;;;;-2;0;"=""1""";
"=""API""";"=""WIND""";"=""2026-04-28T06:56:00+03:00""";"=""OA_YTM""";"=""AKSU RES""";"=""10928268862""";"=""2890""";"=""AKSU ÇAMLICA RES""";-0,98;158,29;11,91;-2,18;;;;;-2,18;0;"=""1""";
"=""API""";"=""WIND""";"=""2026-04-28T06:57:00+03:00""";"=""OA_YTM""";"=""AKSU RES""";"=""10928268862""";"=""2890""";"=""AKSU ÇAMLICA RES""";-0,98;158,19;10,91;-2,27;;;;;-2;0;"=""1""";
"=""API""";"=""WIND""";"=""2026-04-28T06:58:00+03:00""";"=""OA_YTM""";"=""AKSU RES""";"=""10928268862""";"=""2890""";"=""AKSU ÇAMLICA RES""";-0,98;158,19;10,91;-2,37;;;;;-2;0;"=""1""";
"=""API""";"=""WIND""";"=""2026-04-28T06:59:00+03:00""";"=""OA_YTM""";"=""AKSU RES""";"=""10928268862""";"=""2890""";"=""AKSU ÇAMLICA RES""";-0,98;158,19;10,91;-2,23;;;;;-2;0;"=""1""";
"=""API""";"=""WIND""";"=""2026-04-28T07:00:00+03:00""";"=""OA_YTM""";"=""AKSU RES""";"=""10928268862""";"=""2890""";"=""AKSU ÇAMLICA RES""";-0,99;158,71;0,99;0,39;;;;;;;;
"=""API""";"=""WIND""";"=""2026-04-28T07:01:00+03:00""";"=""OA_YTM""";"=""AKSU RES""";"=""10928268862""";"=""2890""";"=""AKSU ÇAMLICA RES""";-0,99;158,76;0;2,53;;;;;;;;
"=""API""";"=""WIND""";"=""2026-04-28T07:02:00+03:00""";"=""OA_YTM""";"=""AKSU RES""";"=""10928268862""";"=""2890""";"=""AKSU ÇAMLICA RES""";-0,99;158,76;0;2,87;;;;;;;;
"=""API""";"=""WIND""";"=""2026-04-28T07:03:00+03:00""";"=""OA_YTM""";"=""AKSU RES""";"=""10928268862""";"=""2890""";"=""AKSU ÇAMLICA RES""";-0,99;158,6;0;2,91;;;;;;;;
"=""API""";"=""WIND""";"=""2026-04-28T07:04:00+03:00""";"=""OA_YTM""";"=""AKSU RES""";"=""10928268862""";"=""2890""";"=""AKSU ÇAMLICA RES""";-0,99;158,91;0;2,91;;;;;;;;
"=""API""";"=""WIND""";"=""2026-04-28T07:05:00+03:00""";"=""OA_YTM""";"=""AKSU RES""";"=""10928268862""";"=""2890""";"=""AKSU ÇAMLICA RES""";-0,99;158,6;0;2,95;;;;;;;;
"=""API""";"=""WIND""";"=""2026-04-28T07:06:00+03:00""";"=""OA_YTM""";"=""AKSU RES""";"=""10928268862""";"=""2890""";"=""AKSU ÇAMLICA RES""";-0,99;158,4;0;2,95;;;;;;;;
"=""API""";"=""WIND""";"=""2026-04-28T07:07:00+03:00""";"=""OA_YTM""";"=""AKSU RES""";"=""10928268862""";"=""2890""";"=""AKSU ÇAMLICA RES""";-0,99;158,29;0;2,95;;;;;;;;
"=""API""";"=""WIND""";"=""2026-04-28T07:08:00+03:00""";"=""OA_YTM""";"=""AKSU RES""";"=""10928268862""";"=""2890""";"=""AKSU ÇAMLICA RES""";-0,99;157,63;0;2,9;;;;;;;;
"=""API""";"=""WIND""";"=""2026-04-28T07:09:00+03:00""";"=""OA_YTM""";"=""AKSU RES""";"=""10928268862""";"=""2890""";"=""AKSU ÇAMLICA RES""";-0,99;158,45;0;2,87;;;;;;;;
"=""API""";"=""WIND""";"=""2026-04-28T07:10:00+03:00""";"=""OA_YTM""";"=""AKSU RES""";"=""10928268862""";"=""2890""";"=""AKSU ÇAMLICA RES""";-0,99;158,14;0;2,9;;;;;;;;
"=""API""";"=""WIND""";"=""2026-04-28T07:11:00+03:00""";"=""OA_YTM""";"=""AKSU RES""";"=""10928268862""";"=""2890""";"=""AKSU ÇAMLICA RES""";-0,99;158,19;0;2,9;;;;;;;;
"=""API""";"=""WIND""";"=""2026-04-28T07:12:00+03:00""";"=""OA_YTM""";"=""AKSU RES""";"=""10928268862""";"=""2890""";"=""AKSU ÇAMLICA RES""";-0,99;158,96;0;2,9;;;;;;;;
"=""API""";"=""WIND""";"=""2026-04-28T07:13:00+03:00""";"=""OA_YTM""";"=""AKSU RES""";"=""10928268862""";"=""2890""";"=""AKSU ÇAMLICA RES""";-0,99;159,01;0;2,93;;;;;;;;
"=""API""";"=""WIND""";"=""2026-04-28T07:14:00+03:00""";"=""OA_YTM""";"=""AKSU RES""";"=""10928268862""";"=""2890""";"=""AKSU ÇAMLICA RES""";-0,99;159,01;0;2,93;;;;;;;;
"=""API""";"=""WIND""";"=""2026-04-28T07:15:00+03:00""";"=""OA_YTM""";"=""AKSU RES""";"=""10928268862""";"=""2890""";"=""AKSU ÇAMLICA RES""";-0,99;159,22;0;2,93;;;;;;;;
"=""API""";"=""WIND""";"=""2026-04-28T07:16:00+03:00""";"=""OA_YTM""";"=""AKSU RES""";"=""10928268862""";"=""2890""";"=""AKSU ÇAMLICA RES""";-0,99;159,68;0;2,95;;;;;;;;
"=""API""";"=""WIND""";"=""2026-04-28T07:17:00+03:00""";"=""OA_YTM""";"=""AKSU RES""";"=""10928268862""";"=""2890""";"=""AKSU ÇAMLICA RES""";-0,99;159,58;0;2,95;;;;;;;;
"=""API""";"=""WIND""";"=""2026-04-28T07:18:00+03:00""";"=""OA_YTM""";"=""AKSU RES""";"=""10928268862""";"=""2890""";"=""AKSU ÇAMLICA RES""";-0,99;159,58;0;2,95;;;;;;;;
"=""API""";"=""WIND""";"=""2026-04-28T07:19:00+03:00""";"=""OA_YTM""";"=""AKSU RES""";"=""10928268862""";"=""2890""";"=""AKSU ÇAMLICA RES""";-0,99;158,76;0;2,95;;;;;;;;
"=""API""";"=""WIND""";"=""2026-04-28T07:20:00+03:00""";"=""OA_YTM""";"=""AKSU RES""";"=""10928268862""";"=""2890""";"=""AKSU ÇAMLICA RES""";-0,99;158,96;0;2,95;;;;;;;;
"=""API""";"=""WIND""";"=""2026-04-28T07:21:00+03:00""";"=""OA_YTM""";"=""AKSU RES""";"=""10928268862""";"=""2890""";"=""AKSU ÇAMLICA RES""";-0,99;159,12;0;2,89;;;;;;;;
"=""API""";"=""WIND""";"=""2026-04-28T07:22:00+03:00""";"=""OA_YTM""";"=""AKSU RES""";"=""10928268862""";"=""2890""";"=""AKSU ÇAMLICA RES""";-0,99;159,07;0;2,94;;;;;;;;
"=""API""";"=""WIND""";"=""2026-04-28T07:23:00+03:00""";"=""OA_YTM""";"=""AKSU RES""";"=""10928268862""";"=""2890""";"=""AKSU ÇAMLICA RES""";-0,99;159,58;0;2,94;;;;;;;;
"=""API""";"=""WIND""";"=""2026-04-28T07:24:00+03:00""";"=""OA_YTM""";"=""AKSU RES""";"=""10928268862""";"=""2890""";"=""AKSU ÇAMLICA RES""";-0,99;160,2;0;2,94;;;;;;;;
"=""API""";"=""WIND""";"=""2026-04-28T07:25:00+03:00""";"=""OA_YTM""";"=""AKSU RES""";"=""10928268862""";"=""2890""";"=""AKSU ÇAMLICA RES""";-0,99;159,99;0;2,97;;;;;;;;
"=""API""";"=""WIND""";"=""2026-04-28T07:26:00+03:00""";"=""OA_YTM""";"=""AKSU RES""";"=""10928268862""";"=""2890""";"=""AKSU ÇAMLICA RES""";-0,99;159,68;0;2,97;;;;;;;;
"=""API""";"=""WIND""";"=""2026-04-28T07:27:00+03:00""";"=""OA_YTM""";"=""AKSU RES""";"=""10928268862""";"=""2890""";"=""AKSU ÇAMLICA RES""";-0,99;160,14;0;2,97;;;;;;;;
"=""API""";"=""WIND""";"=""2026-04-28T07:28:00+03:00""";"=""OA_YTM""";"=""AKSU RES""";"=""10928268862""";"=""2890""";"=""AKSU ÇAMLICA RES""";-0,99;159,84;0;2,97;;;;;;;;
"=""API""";"=""WIND""";"=""2026-04-28T07:29:00+03:00""";"=""OA_YTM""";"=""AKSU RES""";"=""10928268862""";"=""2890""";"=""AKSU ÇAMLICA RES""";-0,99;159,32;0;2,97;;;;;;;;
"=""API""";"=""WIND""";"=""2026-04-28T07:30:00+03:00""";"=""OA_YTM""";"=""AKSU RES""";"=""10928268862""";"=""2890""";"=""AKSU ÇAMLICA RES""";-0,99;159,63;0;2,97;;;;;;;;
"=""API""";"=""WIND""";"=""2026-04-28T07:31:00+03:00""";"=""OA_YTM""";"=""AKSU RES""";"=""10928268862""";"=""2890""";"=""AKSU ÇAMLICA RES""";-0,99;159,63;0;2,97;;;;;;;;
"=""API""";"=""WIND""";"=""2026-04-28T07:32:00+03:00""";"=""OA_YTM""";"=""AKSU RES""";"=""10928268862""";"=""2890""";"=""AKSU ÇAMLICA RES""";-0,99;159,94;0;2,94;;;;;;;;
"=""API""";"=""WIND""";"=""2026-04-28T07:33:00+03:00""";"=""OA_YTM""";"=""AKSU RES""";"=""10928268862""";"=""2890""";"=""AKSU ÇAMLICA RES""";-0,99;159,63;0;2,94;;;;;;;;
"=""API""";"=""WIND""";"=""2026-04-28T07:34:00+03:00""";"=""OA_YTM""";"=""AKSU RES""";"=""10928268862""";"=""2890""";"=""AKSU ÇAMLICA RES""";-0,99;159,79;0;2,94;;;;;;;;
"=""API""";"=""WIND""";"=""2026-04-28T07:35:00+03:00""";"=""OA_YTM""";"=""AKSU RES""";"=""10928268862""";"=""2890""";"=""AKSU ÇAMLICA RES""";-0,99;159,27;0;2,98;;;;;;;;
"=""API""";"=""WIND""";"=""2026-04-28T07:36:00+03:00""";"=""OA_YTM""";"=""AKSU RES""";"=""10928268862""";"=""2890""";"=""AKSU ÇAMLICA RES""";-0,99;159,58;0;2,98;;;;;;;;
"=""API""";"=""WIND""";"=""2026-04-28T07:37:00+03:00""";"=""OA_YTM""";"=""AKSU RES""";"=""10928268862""";"=""2890""";"=""AKSU ÇAMLICA RES""";-0,99;159,58;0;2,98;;;;;;;;
"=""API""";"=""WIND""";"=""2026-04-28T07:38:00+03:00""";"=""OA_YTM""";"=""AKSU RES""";"=""10928268862""";"=""2890""";"=""AKSU ÇAMLICA RES""";-0,99;159,89;0;2,96;;;;;;;;
"=""API""";"=""WIND""";"=""2026-04-28T07:39:00+03:00""";"=""OA_YTM""";"=""AKSU RES""";"=""10928268862""";"=""2890""";"=""AKSU ÇAMLICA RES""";-0,99;159,58;0;2,96;;;;;;;;
"=""API""";"=""WIND""";"=""2026-04-28T07:40:00+03:00""";"=""OA_YTM""";"=""AKSU RES""";"=""10928268862""";"=""2890""";"=""AKSU ÇAMLICA RES""";-0,99;159,89;0;2,96;;;;;;;;
"=""API""";"=""WIND""";"=""2026-04-28T07:41:00+03:00""";"=""OA_YTM""";"=""AKSU RES""";"=""10928268862""";"=""2890""";"=""AKSU ÇAMLICA RES""";-0,99;159,89;0;2,96;;;;;;;;
"=""API""";"=""WIND""";"=""2026-04-28T07:42:00+03:00""";"=""OA_YTM""";"=""AKSU RES""";"=""10928268862""";"=""2890""";"=""AKSU ÇAMLICA RES""";-0,99;159,99;0;2,98;;;;;;;;
"=""API""";"=""WIND""";"=""2026-04-28T07:43:00+03:00""";"=""OA_YTM""";"=""AKSU RES""";"=""10928268862""";"=""2890""";"=""AKSU ÇAMLICA RES""";-0,99;159,68;0;2,98;;;;;;;;
"=""API""";"=""WIND""";"=""2026-04-28T07:44:00+03:00""";"=""OA_YTM""";"=""AKSU RES""";"=""10928268862""";"=""2890""";"=""AKSU ÇAMLICA RES""";-0,99;159,68;0;2,98;;;;;;;;
"=""API""";"=""WIND""";"=""2026-04-28T07:45:00+03:00""";"=""OA_YTM""";"=""AKSU RES""";"=""10928268862""";"=""2890""";"=""AKSU ÇAMLICA RES""";-0,99;159,27;0;2,98;;;;;;;;
"=""API""";"=""WIND""";"=""2026-04-28T07:46:00+03:00""";"=""OA_YTM""";"=""AKSU RES""";"=""10928268862""";"=""2890""";"=""AKSU ÇAMLICA RES""";-0,99;159,06;0;2,99;;;;;;;;
"=""API""";"=""WIND""";"=""2026-04-28T07:47:00+03:00""";"=""OA_YTM""";"=""AKSU RES""";"=""10928268862""";"=""2890""";"=""AKSU ÇAMLICA RES""";-0,99;159,27;0;2,99;;;;;;;;
"=""API""";"=""WIND""";"=""2026-04-28T07:48:00+03:00""";"=""OA_YTM""";"=""AKSU RES""";"=""10928268862""";"=""2890""";"=""AKSU ÇAMLICA RES""";-0,99;159,58;0;2,99;;;;;;;;
"=""API""";"=""WIND""";"=""2026-04-28T07:49:00+03:00""";"=""OA_YTM""";"=""AKSU RES""";"=""10928268862""";"=""2890""";"=""AKSU ÇAMLICA RES""";-0,99;159,27;0;2,95;;;;;;;;
"=""API""";"=""WIND""";"=""2026-04-28T07:50:00+03:00""";"=""OA_YTM""";"=""AKSU RES""";"=""10928268862""";"=""2890""";"=""AKSU ÇAMLICA RES""";-0,99;159,17;0;2,94;;;;;;;;
"=""API""";"=""WIND""";"=""2026-04-28T07:51:00+03:00""";"=""OA_YTM""";"=""AKSU RES""";"=""10928268862""";"=""2890""";"=""AKSU ÇAMLICA RES""";-0,99;159,68;0;2,94;;;;;;;;
"=""API""";"=""WIND""";"=""2026-04-28T07:52:00+03:00""";"=""OA_YTM""";"=""AKSU RES""";"=""10928268862""";"=""2890""";"=""AKSU ÇAMLICA RES""";-0,99;159,68;0;2,99;;;;;;;;
"=""API""";"=""WIND""";"=""2026-04-28T07:53:00+03:00""";"=""OA_YTM""";"=""AKSU RES""";"=""10928268862""";"=""2890""";"=""AKSU ÇAMLICA RES""";-0,99;159,68;0;2,99;;;;;;;;
"=""API""";"=""WIND""";"=""2026-04-28T07:54:00+03:00""";"=""OA_YTM""";"=""AKSU RES""";"=""10928268862""";"=""2890""";"=""AKSU ÇAMLICA RES""";-0,99;159,38;0;2,99;;;;;;;;
"=""API""";"=""WIND""";"=""2026-04-28T07:55:00+03:00""";"=""OA_YTM""";"=""AKSU RES""";"=""10928268862""";"=""2890""";"=""AKSU ÇAMLICA RES""";-0,99;159,43;0;2,99;;;;;;;;
"=""API""";"=""WIND""";"=""2026-04-28T07:56:00+03:00""";"=""OA_YTM""";"=""AKSU RES""";"=""10928268862""";"=""2890""";"=""AKSU ÇAMLICA RES""";-0,99;159,53;0;2,99;;;;;;;;
"=""API""";"=""WIND""";"=""2026-04-28T07:57:00+03:00""";"=""OA_YTM""";"=""AKSU RES""";"=""10928268862""";"=""2890""";"=""AKSU ÇAMLICA RES""";-0,99;158,66;0;2,98;;;;;;;;
"=""API""";"=""WIND""";"=""2026-04-28T07:58:00+03:00""";"=""OA_YTM""";"=""AKSU RES""";"=""10928268862""";"=""2890""";"=""AKSU ÇAMLICA RES""";-0,99;158,76;0;2,98;;;;;;;;
"=""API""";"=""WIND""";"=""2026-04-28T07:59:00+03:00""";"=""OA_YTM""";"=""AKSU RES""";"=""10928268862""";"=""2890""";"=""AKSU ÇAMLICA RES""";-0,99;158,86;0;2,98;;;;;;;;
"=""API""";"=""WIND""";"=""2026-04-28T08:00:00+03:00""";"=""OA_YTM""";"=""AKSU RES""";"=""10928268862""";"=""2890""";"=""AKSU ÇAMLICA RES""";0,98;159,17;0;2,98;;;;;;;;
"=""API""";"=""WIND""";"=""2026-04-28T08:01:00+03:00""";"=""OA_YTM""";"=""AKSU RES""";"=""10928268862""";"=""2890""";"=""AKSU ÇAMLICA RES""";0,98;158,96;0;2,98;;;;;;;;
"=""API""";"=""WIND""";"=""2026-04-28T08:02:00+03:00""";"=""OA_YTM""";"=""AKSU RES""";"=""10928268862""";"=""2890""";"=""AKSU ÇAMLICA RES""";0,98;159,06;0;2,98;;;;;;;;
"=""API""";"=""WIND""";"=""2026-04-28T08:03:00+03:00""";"=""OA_YTM""";"=""AKSU RES""";"=""10928268862""";"=""2890""";"=""AKSU ÇAMLICA RES""";0,98;158,81;0;2,98;;;;;;;;
"=""API""";"=""WIND""";"=""2026-04-28T08:04:00+03:00""";"=""OA_YTM""";"=""AKSU RES""";"=""10928268862""";"=""2890""";"=""AKSU ÇAMLICA RES""";0,98;158,55;0;2,98;;;;;;;;
"=""API""";"=""WIND""";"=""2026-04-28T08:05:00+03:00""";"=""OA_YTM""";"=""AKSU RES""";"=""10928268862""";"=""2890""";"=""AKSU ÇAMLICA RES""";0,98;158,96;0;2,98;;;;;;;;
"=""API""";"=""WIND""";"=""2026-04-28T08:06:00+03:00""";"=""OA_YTM""";"=""AKSU RES""";"=""10928268862""";"=""2890""";"=""AKSU ÇAMLICA RES""";0,98;158,29;0;2,98;;;;;;;;
"=""API""";"=""WIND""";"=""2026-04-28T08:07:00+03:00""";"=""OA_YTM""";"=""AKSU RES""";"=""10928268862""";"=""2890""";"=""AKSU ÇAMLICA RES""";0,98;158,81;0;2,98;;;;;;;;
"=""API""";"=""WIND""";"=""2026-04-28T08:08:00+03:00""";"=""OA_YTM""";"=""AKSU RES""";"=""10928268862""";"=""2890""";"=""AKSU ÇAMLICA RES""";0,98;159,58;0;2,98;;;;;;;;
"=""API""";"=""WIND""";"=""2026-04-28T08:09:00+03:00""";"=""OA_YTM""";"=""AKSU RES""";"=""10928268862""";"=""2890""";"=""AKSU ÇAMLICA RES""";0,98;160,09;0;3;;;;;;;;
"=""API""";"=""WIND""";"=""2026-04-28T08:10:00+03:00""";"=""OA_YTM""";"=""AKSU RES""";"=""10928268862""";"=""2890""";"=""AKSU ÇAMLICA RES""";0,98;159,99;0;3;;;;;;;;
"=""API""";"=""WIND""";"=""2026-04-28T08:11:00+03:00""";"=""OA_YTM""";"=""AKSU RES""";"=""10928268862""";"=""2890""";"=""AKSU ÇAMLICA RES""";0,98;159,73;0;3;;;;;;;;
"=""API""";"=""WIND""";"=""2026-04-28T08:12:00+03:00""";"=""OA_YTM""";"=""AKSU RES""";"=""10928268862""";"=""2890""";"=""AKSU ÇAMLICA RES""";0,98;159,42;0;3,03;;;;;;;;
"=""API""";"=""WIND""";"=""2026-04-28T08:13:00+03:00""";"=""OA_YTM""";"=""AKSU RES""";"=""10928268862""";"=""2890""";"=""AKSU ÇAMLICA RES""";0,98;159,27;0;3,03;;;;;;;;
"=""API""";"=""WIND""";"=""2026-04-28T08:14:00+03:00""";"=""OA_YTM""";"=""AKSU RES""";"=""10928268862""";"=""2890""";"=""AKSU ÇAMLICA RES""";0,98;159,68;0;3,03;;;;;;;;
"=""API""";"=""WIND""";"=""2026-04-28T08:15:00+03:00""";"=""OA_YTM""";"=""AKSU RES""";"=""10928268862""";"=""2890""";"=""AKSU ÇAMLICA RES""";0,98;160,09;0;3,03;;;;;;;;
"=""API""";"=""WIND""";"=""2026-04-28T08:16:00+03:00""";"=""OA_YTM""";"=""AKSU RES""";"=""10928268862""";"=""2890""";"=""AKSU ÇAMLICA RES""";0,98;159,79;0;3,03;;;;;;;;
"=""API""";"=""WIND""";"=""2026-04-28T08:17:00+03:00""";"=""OA_YTM""";"=""AKSU RES""";"=""10928268862""";"=""2890""";"=""AKSU ÇAMLICA RES""";0,98;159,53;0;3,03;;;;;;;;
"=""API""";"=""WIND""";"=""2026-04-28T08:18:00+03:00""";"=""OA_YTM""";"=""AKSU RES""";"=""10928268862""";"=""2890""";"=""AKSU ÇAMLICA RES""";0,98;159,48;0;3,03;;;;;;;;
"=""API""";"=""WIND""";"=""2026-04-28T08:19:00+03:00""";"=""OA_YTM""";"=""AKSU RES""";"=""10928268862""";"=""2890""";"=""AKSU ÇAMLICA RES""";0,98;159,42;0;3,03;;;;;;;;
"=""API""";"=""WIND""";"=""2026-04-28T08:20:00+03:00""";"=""OA_YTM""";"=""AKSU RES""";"=""10928268862""";"=""2890""";"=""AKSU ÇAMLICA RES""";0,98;159,58;0;3,03;;;;;;;;
"=""API""";"=""WIND""";"=""2026-04-28T08:21:00+03:00""";"=""OA_YTM""";"=""AKSU RES""";"=""10928268862""";"=""2890""";"=""AKSU ÇAMLICA RES""";0,98;160,35;0;3,03;;;;;;;;
"=""API""";"=""WIND""";"=""2026-04-28T08:22:00+03:00""";"=""OA_YTM""";"=""AKSU RES""";"=""10928268862""";"=""2890""";"=""AKSU ÇAMLICA RES""";0,98;159,94;0;3,03;;;;;;;;
"=""API""";"=""WIND""";"=""2026-04-28T08:23:00+03:00""";"=""OA_YTM""";"=""AKSU RES""";"=""10928268862""";"=""2890""";"=""AKSU ÇAMLICA RES""";0,98;160,04;0;3,03;;;;;;;;
"=""API""";"=""WIND""";"=""2026-04-28T08:24:00+03:00""";"=""OA_YTM""";"=""AKSU RES""";"=""10928268862""";"=""2890""";"=""AKSU ÇAMLICA RES""";0,98;160,04;0;3,03;;;;;;;;
"=""API""";"=""WIND""";"=""2026-04-28T08:25:00+03:00""";"=""OA_YTM""";"=""AKSU RES""";"=""10928268862""";"=""2890""";"=""AKSU ÇAMLICA RES""";0,98;160,04;0;3,03;;;;;;;;
"=""API""";"=""WIND""";"=""2026-04-28T08:26:00+03:00""";"=""OA_YTM""";"=""AKSU RES""";"=""10928268862""";"=""2890""";"=""AKSU ÇAMLICA RES""";0,98;160,14;0;3,03;;;;;;;;
"=""API""";"=""WIND""";"=""2026-04-28T08:27:00+03:00""";"=""OA_YTM""";"=""AKSU RES""";"=""10928268862""";"=""2890""";"=""AKSU ÇAMLICA RES""";0,98;160,25;0;3,09;;;;;;;;
"=""API""";"=""WIND""";"=""2026-04-28T08:28:00+03:00""";"=""OA_YTM""";"=""AKSU RES""";"=""10928268862""";"=""2890""";"=""AKSU ÇAMLICA RES""";0,98;160,25;0;3,09;;;;;;;;
"=""API""";"=""WIND""";"=""2026-04-28T08:29:00+03:00""";"=""OA_YTM""";"=""AKSU RES""";"=""10928268862""";"=""2890""";"=""AKSU ÇAMLICA RES""";0,98;160,25;0;3,05;;;;;;;;
"=""API""";"=""WIND""";"=""2026-04-28T08:30:00+03:00""";"=""OA_YTM""";"=""AKSU RES""";"=""10928268862""";"=""2890""";"=""AKSU ÇAMLICA RES""";0,98;160,04;0;3,05;;;;;;;;
"=""API""";"=""WIND""";"=""2026-04-28T08:31:00+03:00""";"=""OA_YTM""";"=""AKSU RES""";"=""10928268862""";"=""2890""";"=""AKSU ÇAMLICA RES""";0,98;160,14;0;3,05;;;;;;;;
"=""API""";"=""WIND""";"=""2026-04-28T08:32:00+03:00""";"=""OA_YTM""";"=""AKSU RES""";"=""10928268862""";"=""2890""";"=""AKSU ÇAMLICA RES""";0,98;159,94;0;3,05;;;;;;;;
"=""API""";"=""WIND""";"=""2026-04-28T08:33:00+03:00""";"=""OA_YTM""";"=""AKSU RES""";"=""10928268862""";"=""2890""";"=""AKSU ÇAMLICA RES""";0,98;159,94;0;3,09;;;;;;;;
"=""API""";"=""WIND""";"=""2026-04-28T08:34:00+03:00""";"=""OA_YTM""";"=""AKSU RES""";"=""10928268862""";"=""2890""";"=""AKSU ÇAMLICA RES""";0,98;159,94;0;3,09;;;;;;;;
"=""API""";"=""WIND""";"=""2026-04-28T08:35:00+03:00""";"=""OA_YTM""";"=""AKSU RES""";"=""10928268862""";"=""2890""";"=""AKSU ÇAMLICA RES""";0,98;160,25;0;3,03;;;;;;;;
"=""API""";"=""WIND""";"=""2026-04-28T08:36:00+03:00""";"=""OA_YTM""";"=""AKSU RES""";"=""10928268862""";"=""2890""";"=""AKSU ÇAMLICA RES""";0,98;159,68;0;3,03;;;;;;;;
"=""API""";"=""WIND""";"=""2026-04-28T08:37:00+03:00""";"=""OA_YTM""";"=""AKSU RES""";"=""10928268862""";"=""2890""";"=""AKSU ÇAMLICA RES""";0,98;159,58;0;3,1;;;;;;;;
"=""API""";"=""WIND""";"=""2026-04-28T08:38:00+03:00""";"=""OA_YTM""";"=""AKSU RES""";"=""10928268862""";"=""2890""";"=""AKSU ÇAMLICA RES""";0,98;159,58;0;3,12;;;;;;;;
"=""API""";"=""WIND""";"=""2026-04-28T08:39:00+03:00""";"=""OA_YTM""";"=""AKSU RES""";"=""10928268862""";"=""2890""";"=""AKSU ÇAMLICA RES""";0,98;159,32;0;3,12;;;;;;;;
"=""API""";"=""WIND""";"=""2026-04-28T08:40:00+03:00""";"=""OA_YTM""";"=""AKSU RES""";"=""10928268862""";"=""2890""";"=""AKSU ÇAMLICA RES""";0,98;159,38;0;3,11;;;;;;;;
"=""API""";"=""WIND""";"=""2026-04-28T08:41:00+03:00""";"=""OA_YTM""";"=""AKSU RES""";"=""10928268862""";"=""2890""";"=""AKSU ÇAMLICA RES""";0,98;159,38;0;3,11;;;;;;;;
"=""API""";"=""WIND""";"=""2026-04-28T08:42:00+03:00""";"=""OA_YTM""";"=""AKSU RES""";"=""10928268862""";"=""2890""";"=""AKSU ÇAMLICA RES""";0,98;159,53;0;3,08;;;;;;;;
"=""API""";"=""WIND""";"=""2026-04-28T08:43:00+03:00""";"=""OA_YTM""";"=""AKSU RES""";"=""10928268862""";"=""2890""";"=""AKSU ÇAMLICA RES""";0,98;159,73;0;3,08;;;;;;;;
"=""API""";"=""WIND""";"=""2026-04-28T08:44:00+03:00""";"=""OA_YTM""";"=""AKSU RES""";"=""10928268862""";"=""2890""";"=""AKSU ÇAMLICA RES""";0,98;159,94;0;3,08;;;;;;;;
"=""API""";"=""WIND""";"=""2026-04-28T08:45:00+03:00""";"=""OA_YTM""";"=""AKSU RES""";"=""10928268862""";"=""2890""";"=""AKSU ÇAMLICA RES""";0,98;160,04;0;3,1;;;;;;;;
"=""API""";"=""WIND""";"=""2026-04-28T08:46:00+03:00""";"=""OA_YTM""";"=""AKSU RES""";"=""10928268862""";"=""2890""";"=""AKSU ÇAMLICA RES""";0,98;160,25;0;3,1;;;;;;;;
"=""API""";"=""WIND""";"=""2026-04-28T08:47:00+03:00""";"=""OA_YTM""";"=""AKSU RES""";"=""10928268862""";"=""2890""";"=""AKSU ÇAMLICA RES""";0,98;160,2;0;3,1;;;;;;;;
"=""API""";"=""WIND""";"=""2026-04-28T08:48:00+03:00""";"=""OA_YTM""";"=""AKSU RES""";"=""10928268862""";"=""2890""";"=""AKSU ÇAMLICA RES""";0,98;160,04;0;3,1;;;;;;;;
"=""API""";"=""WIND""";"=""2026-04-28T08:49:00+03:00""";"=""OA_YTM""";"=""AKSU RES""";"=""10928268862""";"=""2890""";"=""AKSU ÇAMLICA RES""";0,98;160,45;0;3,1;;;;;;;;
"=""API""";"=""WIND""";"=""2026-04-28T08:50:00+03:00""";"=""OA_YTM""";"=""AKSU RES""";"=""10928268862""";"=""2890""";"=""AKSU ÇAMLICA RES""";0,98;160,76;0;3,1;;;;;;;;
"=""API""";"=""WIND""";"=""2026-04-28T08:51:00+03:00""";"=""OA_YTM""";"=""AKSU RES""";"=""10928268862""";"=""2890""";"=""AKSU ÇAMLICA RES""";0,98;160,14;0;3,1;;;;;;;;
"=""API""";"=""WIND""";"=""2026-04-28T08:52:00+03:00""";"=""OA_YTM""";"=""AKSU RES""";"=""10928268862""";"=""2890""";"=""AKSU ÇAMLICA RES""";0,98;160,45;0;3,1;;;;;;;;
"=""API""";"=""WIND""";"=""2026-04-28T08:53:00+03:00""";"=""OA_YTM""";"=""AKSU RES""";"=""10928268862""";"=""2890""";"=""AKSU ÇAMLICA RES""";0,98;160,55;0;3,12;;;;;;;;
"=""API""";"=""WIND""";"=""2026-04-28T08:54:00+03:00""";"=""OA_YTM""";"=""AKSU RES""";"=""10928268862""";"=""2890""";"=""AKSU ÇAMLICA RES""";0,98;160,45;0;3,12;;;;;;;;
"=""API""";"=""WIND""";"=""2026-04-28T08:55:00+03:00""";"=""OA_YTM""";"=""AKSU RES""";"=""10928268862""";"=""2890""";"=""AKSU ÇAMLICA RES""";0,98;160,66;0;3,05;;;;;;;;
"=""API""";"=""WIND""";"=""2026-04-28T08:56:00+03:00""";"=""OA_YTM""";"=""AKSU RES""";"=""10928268862""";"=""2890""";"=""AKSU ÇAMLICA RES""";0,98;161,02;0;3,13;;;;;;;;
"=""API""";"=""WIND""";"=""2026-04-28T08:57:00+03:00""";"=""OA_YTM""";"=""AKSU RES""";"=""10928268862""";"=""2890""";"=""AKSU ÇAMLICA RES""";0,98;160,71;0;3,13;;;;;;;;
"=""API""";"=""WIND""";"=""2026-04-28T08:58:00+03:00""";"=""OA_YTM""";"=""AKSU RES""";"=""10928268862""";"=""2890""";"=""AKSU ÇAMLICA RES""";0,98;160,71;0;3,13;;;;;;;;
"=""API""";"=""WIND""";"=""2026-04-28T08:59:00+03:00""";"=""OA_YTM""";"=""AKSU RES""";"=""10928268862""";"=""2890""";"=""AKSU ÇAMLICA RES""";0,98;160,71;0;3,11;;;;;;;;
"=""API""";"=""WIND""";"=""2026-04-28T09:00:00+03:00""";"=""OA_YTM""";"=""AKSU RES""";"=""10928268862""";"=""2890""";"=""AKSU ÇAMLICA RES""";0,98;161,02;0;3,11;;;;;;;;
"=""API""";"=""WIND""";"=""2026-04-28T09:01:00+03:00""";"=""OA_YTM""";"=""AKSU RES""";"=""10928268862""";"=""2890""";"=""AKSU ÇAMLICA RES""";0,98;160,2;0;3,11;;;;;;;;
"=""API""";"=""WIND""";"=""2026-04-28T09:02:00+03:00""";"=""OA_YTM""";"=""AKSU RES""";"=""10928268862""";"=""2890""";"=""AKSU ÇAMLICA RES""";0,98;160,09;0;3,11;;;;;;;;
"=""API""";"=""WIND""";"=""2026-04-28T09:03:00+03:00""";"=""OA_YTM""";"=""AKSU RES""";"=""10928268862""";"=""2890""";"=""AKSU ÇAMLICA RES""";0,98;160,25;0;3,11;;;;;;;;
"=""API""";"=""WIND""";"=""2026-04-28T09:04:00+03:00""";"=""OA_YTM""";"=""AKSU RES""";"=""10928268862""";"=""2890""";"=""AKSU ÇAMLICA RES""";0,98;160,3;0;3,11;;;;;;;;
"=""API""";"=""WIND""";"=""2026-04-28T09:05:00+03:00""";"=""OA_YTM""";"=""AKSU RES""";"=""10928268862""";"=""2890""";"=""AKSU ÇAMLICA RES""";0,98;160,09;0;3,06;;;;;;;;
"=""API""";"=""WIND""";"=""2026-04-28T09:06:00+03:00""";"=""OA_YTM""";"=""AKSU RES""";"=""10928268862""";"=""2890""";"=""AKSU ÇAMLICA RES""";0,98;160,5;0;3,06;;;;;;;;
"=""API""";"=""WIND""";"=""2026-04-28T09:07:00+03:00""";"=""OA_YTM""";"=""AKSU RES""";"=""10928268862""";"=""2890""";"=""AKSU ÇAMLICA RES""";0,98;160,35;0;3,11;;;;;;;;
"=""API""";"=""WIND""";"=""2026-04-28T09:08:00+03:00""";"=""OA_YTM""";"=""AKSU RES""";"=""10928268862""";"=""2890""";"=""AKSU ÇAMLICA RES""";0,98;160,45;0;3,11;;;;;;;;
"=""API""";"=""WIND""";"=""2026-04-28T09:09:00+03:00""";"=""OA_YTM""";"=""AKSU RES""";"=""10928268862""";"=""2890""";"=""AKSU ÇAMLICA RES""";0,98;160,76;0;3,11;;;;;;;;
"=""API""";"=""WIND""";"=""2026-04-28T09:10:00+03:00""";"=""OA_YTM""";"=""AKSU RES""";"=""10928268862""";"=""2890""";"=""AKSU ÇAMLICA RES""";0,98;161,07;0;3,11;;;;;;;;
"=""API""";"=""WIND""";"=""2026-04-28T09:11:00+03:00""";"=""OA_YTM""";"=""AKSU RES""";"=""10928268862""";"=""2890""";"=""AKSU ÇAMLICA RES""";0,98;160,86;0;3,11;;;;;;;;
"=""API""";"=""WIND""";"=""2026-04-28T09:12:00+03:00""";"=""OA_YTM""";"=""AKSU RES""";"=""10928268862""";"=""2890""";"=""AKSU ÇAMLICA RES""";0,98;161,07;0;3,11;;;;;;;;
"=""API""";"=""WIND""";"=""2026-04-28T09:13:00+03:00""";"=""OA_YTM""";"=""AKSU RES""";"=""10928268862""";"=""2890""";"=""AKSU ÇAMLICA RES""";0,98;161,17;0;3,13;;;;;;;;
"=""API""";"=""WIND""";"=""2026-04-28T09:14:00+03:00""";"=""OA_YTM""";"=""AKSU RES""";"=""10928268862""";"=""2890""";"=""AKSU ÇAMLICA RES""";0,98;161,58;0;3,13;;;;;;;;
"=""API""";"=""WIND""";"=""2026-04-28T09:15:00+03:00""";"=""OA_YTM""";"=""AKSU RES""";"=""10928268862""";"=""2890""";"=""AKSU ÇAMLICA RES""";0,98;161,38;0;3,13;;;;;;;;
"=""API""";"=""WIND""";"=""2026-04-28T09:16:00+03:00""";"=""OA_YTM""";"=""AKSU RES""";"=""10928268862""";"=""2890""";"=""AKSU ÇAMLICA RES""";0,98;161,07;0;3,13;;;;;;;;
"=""API""";"=""WIND""";"=""2026-04-28T09:17:00+03:00""";"=""OA_YTM""";"=""AKSU RES""";"=""10928268862""";"=""2890""";"=""AKSU ÇAMLICA RES""";0,98;160,35;0;3,04;;;;;;;;
"=""API""";"=""WIND""";"=""2026-04-28T09:18:00+03:00""";"=""OA_YTM""";"=""AKSU RES""";"=""10928268862""";"=""2890""";"=""AKSU ÇAMLICA RES""";0,98;160,45;0;3,04;;;;;;;;
"=""API""";"=""WIND""";"=""2026-04-28T09:19:00+03:00""";"=""OA_YTM""";"=""AKSU RES""";"=""10928268862""";"=""2890""";"=""AKSU ÇAMLICA RES""";0,98;159,68;0;3,07;;;;;;;;
"=""API""";"=""WIND""";"=""2026-04-28T09:20:00+03:00""";"=""OA_YTM""";"=""AKSU RES""";"=""10928268862""";"=""2890""";"=""AKSU ÇAMLICA RES""";0,98;159,68;0;3,07;;;;;;;;
"=""API""";"=""WIND""";"=""2026-04-28T09:21:00+03:00""";"=""OA_YTM""";"=""AKSU RES""";"=""10928268862""";"=""2890""";"=""AKSU ÇAMLICA RES""";0,98;159,89;0;3,1;;;;;;;;
"=""API""";"=""WIND""";"=""2026-04-28T09:22:00+03:00""";"=""OA_YTM""";"=""AKSU RES""";"=""10928268862""";"=""2890""";"=""AKSU ÇAMLICA RES""";0,98;159,32;0;3,14;;;;;;;;
"=""API""";"=""WIND""";"=""2026-04-28T09:23:00+03:00""";"=""OA_YTM""";"=""AKSU RES""";"=""10928268862""";"=""2890""";"=""AKSU ÇAMLICA RES""";0,98;159,53;0;3,14;;;;;;;;
"=""API""";"=""WIND""";"=""2026-04-28T09:24:00+03:00""";"=""OA_YTM""";"=""AKSU RES""";"=""10928268862""";"=""2890""";"=""AKSU ÇAMLICA RES""";0,98;159,32;0;3,14;;;;;;;;
"=""API""";"=""WIND""";"=""2026-04-28T09:25:00+03:00""";"=""OA_YTM""";"=""AKSU RES""";"=""10928268862""";"=""2890""";"=""AKSU ÇAMLICA RES""";0,98;159,43;0;3,14;;;;;;;;
"=""API""";"=""WIND""";"=""2026-04-28T09:26:00+03:00""";"=""OA_YTM""";"=""AKSU RES""";"=""10928268862""";"=""2890""";"=""AKSU ÇAMLICA RES""";0,98;159,27;0;3,14;;;;;;;;
"=""API""";"=""WIND""";"=""2026-04-28T09:27:00+03:00""";"=""OA_YTM""";"=""AKSU RES""";"=""10928268862""";"=""2890""";"=""AKSU ÇAMLICA RES""";0,98;159,42;0;3,13;;;;;;;;
"=""API""";"=""WIND""";"=""2026-04-28T09:28:00+03:00""";"=""OA_YTM""";"=""AKSU RES""";"=""10928268862""";"=""2890""";"=""AKSU ÇAMLICA RES""";0,98;159,43;0;3,13;;;;;;;;
"=""API""";"=""WIND""";"=""2026-04-28T09:29:00+03:00""";"=""OA_YTM""";"=""AKSU RES""";"=""10928268862""";"=""2890""";"=""AKSU ÇAMLICA RES""";0,98;159,53;0;3,13;;;;;;;;
"=""API""";"=""WIND""";"=""2026-04-28T09:30:00+03:00""";"=""OA_YTM""";"=""AKSU RES""";"=""10928268862""";"=""2890""";"=""AKSU ÇAMLICA RES""";0,98;159,37;0;3,13;;;;;;;;
"=""API""";"=""WIND""";"=""2026-04-28T09:31:00+03:00""";"=""OA_YTM""";"=""AKSU RES""";"=""10928268862""";"=""2890""";"=""AKSU ÇAMLICA RES""";0,98;159,73;0;3,13;;;;;;;;
"=""API""";"=""WIND""";"=""2026-04-28T09:32:00+03:00""";"=""OA_YTM""";"=""AKSU RES""";"=""10928268862""";"=""2890""";"=""AKSU ÇAMLICA RES""";0,98;159,43;0;3,13;;;;;;;;
"=""API""";"=""WIND""";"=""2026-04-28T09:33:00+03:00""";"=""OA_YTM""";"=""AKSU RES""";"=""10928268862""";"=""2890""";"=""AKSU ÇAMLICA RES""";0,98;159,63;0;3,13;;;;;;;;
"=""API""";"=""WIND""";"=""2026-04-28T09:34:00+03:00""";"=""OA_YTM""";"=""AKSU RES""";"=""10928268862""";"=""2890""";"=""AKSU ÇAMLICA RES""";0,98;159,53;0;3,13;;;;;;;;
"=""API""";"=""WIND""";"=""2026-04-28T09:35:00+03:00""";"=""OA_YTM""";"=""AKSU RES""";"=""10928268862""";"=""2890""";"=""AKSU ÇAMLICA RES""";0,98;159,48;0;3,13;;;;;;;;
"=""API""";"=""WIND""";"=""2026-04-28T09:36:00+03:00""";"=""OA_YTM""";"=""AKSU RES""";"=""10928268862""";"=""2890""";"=""AKSU ÇAMLICA RES""";0,98;159,79;0;3,13;;;;;;;;
"=""API""";"=""WIND""";"=""2026-04-28T09:37:00+03:00""";"=""OA_YTM""";"=""AKSU RES""";"=""10928268862""";"=""2890""";"=""AKSU ÇAMLICA RES""";0,98;159,79;0;3,13;;;;;;;;
"=""API""";"=""WIND""";"=""2026-04-28T09:38:00+03:00""";"=""OA_YTM""";"=""AKSU RES""";"=""10928268862""";"=""2890""";"=""AKSU ÇAMLICA RES""";0,98;159,99;0;3,13;;;;;;;;
"=""API""";"=""WIND""";"=""2026-04-28T09:39:00+03:00""";"=""OA_YTM""";"=""AKSU RES""";"=""10928268862""";"=""2890""";"=""AKSU ÇAMLICA RES""";0,98;159,84;0;3,13;;;;;;;;
"=""API""";"=""WIND""";"=""2026-04-28T09:40:00+03:00""";"=""OA_YTM""";"=""AKSU RES""";"=""10928268862""";"=""2890""";"=""AKSU ÇAMLICA RES""";0,98;159,53;0;3,13;;;;;;;;
"=""API""";"=""WIND""";"=""2026-04-28T09:41:00+03:00""";"=""OA_YTM""";"=""AKSU RES""";"=""10928268862""";"=""2890""";"=""AKSU ÇAMLICA RES""";0,98;159,32;0;3,13;;;;;;;;
"=""API""";"=""WIND""";"=""2026-04-28T09:42:00+03:00""";"=""OA_YTM""";"=""AKSU RES""";"=""10928268862""";"=""2890""";"=""AKSU ÇAMLICA RES""";0,98;159,63;0;3,12;;;;;;;;
"=""API""";"=""WIND""";"=""2026-04-28T09:43:00+03:00""";"=""OA_YTM""";"=""AKSU RES""";"=""10928268862""";"=""2890""";"=""AKSU ÇAMLICA RES""";0,98;159,32;0;3,12;;;;;;;;
"=""API""";"=""WIND""";"=""2026-04-28T09:44:00+03:00""";"=""OA_YTM""";"=""AKSU RES""";"=""10928268862""";"=""2890""";"=""AKSU ÇAMLICA RES""";0,98;159,27;0;3,12;;;;;;;;
"=""API""";"=""WIND""";"=""2026-04-28T09:45:00+03:00""";"=""OA_YTM""";"=""AKSU RES""";"=""10928268862""";"=""2890""";"=""AKSU ÇAMLICA RES""";0,98;159,37;0;3,12;;;;;;;;
"=""API""";"=""WIND""";"=""2026-04-28T09:46:00+03:00""";"=""OA_YTM""";"=""AKSU RES""";"=""10928268862""";"=""2890""";"=""AKSU ÇAMLICA RES""";0,98;158,66;0;3,12;;;;;;;;
"=""API""";"=""WIND""";"=""2026-04-28T09:47:00+03:00""";"=""OA_YTM""";"=""AKSU RES""";"=""10928268862""";"=""2890""";"=""AKSU ÇAMLICA RES""";0,98;158,91;0;3,14;;;;;;;;
"=""API""";"=""WIND""";"=""2026-04-28T09:48:00+03:00""";"=""OA_YTM""";"=""AKSU RES""";"=""10928268862""";"=""2890""";"=""AKSU ÇAMLICA RES""";0,98;159,32;0;3,11;;;;;;;;
"=""API""";"=""WIND""";"=""2026-04-28T09:49:00+03:00""";"=""OA_YTM""";"=""AKSU RES""";"=""10928268862""";"=""2890""";"=""AKSU ÇAMLICA RES""";0,98;159,01;0;3,14;;;;;;;;
"=""API""";"=""WIND""";"=""2026-04-28T09:50:00+03:00""";"=""OA_YTM""";"=""AKSU RES""";"=""10928268862""";"=""2890""";"=""AKSU ÇAMLICA RES""";0,98;159,32;0;3,14;;;;;;;;
"=""API""";"=""WIND""";"=""2026-04-28T09:51:00+03:00""";"=""OA_YTM""";"=""AKSU RES""";"=""10928268862""";"=""2890""";"=""AKSU ÇAMLICA RES""";0,98;159,22;0;3,14;;;;;;;;
"=""API""";"=""WIND""";"=""2026-04-28T09:52:00+03:00""";"=""OA_YTM""";"=""AKSU RES""";"=""10928268862""";"=""2890""";"=""AKSU ÇAMLICA RES""";0,98;159,43;0;3,07;;;;;;;;
"=""API""";"=""WIND""";"=""2026-04-28T09:53:00+03:00""";"=""OA_YTM""";"=""AKSU RES""";"=""10928268862""";"=""2890""";"=""AKSU ÇAMLICA RES""";0,98;159,38;0;3,14;;;;;;;;
"=""API""";"=""WIND""";"=""2026-04-28T09:54:00+03:00""";"=""OA_YTM""";"=""AKSU RES""";"=""10928268862""";"=""2890""";"=""AKSU ÇAMLICA RES""";0,98;159,01;0;3,18;;;;;;;;
"=""API""";"=""WIND""";"=""2026-04-28T09:55:00+03:00""";"=""OA_YTM""";"=""AKSU RES""";"=""10928268862""";"=""2890""";"=""AKSU ÇAMLICA RES""";0,98;159,43;0;3,18;;;;;;;;
"=""API""";"=""WIND""";"=""2026-04-28T09:56:00+03:00""";"=""OA_YTM""";"=""AKSU RES""";"=""10928268862""";"=""2890""";"=""AKSU ÇAMLICA RES""";0,98;159,63;0;3,18;;;;;;;;
"=""API""";"=""WIND""";"=""2026-04-28T09:57:00+03:00""";"=""OA_YTM""";"=""AKSU RES""";"=""10928268862""";"=""2890""";"=""AKSU ÇAMLICA RES""";0,98;159,63;0;3,06;;;;;;;;
"=""API""";"=""WIND""";"=""2026-04-28T09:58:00+03:00""";"=""OA_YTM""";"=""AKSU RES""";"=""10928268862""";"=""2890""";"=""AKSU ÇAMLICA RES""";0,98;159,94;0;3,12;;;;;;;;
"=""API""";"=""WIND""";"=""2026-04-28T09:59:00+03:00""";"=""OA_YTM""";"=""AKSU RES""";"=""10928268862""";"=""2890""";"=""AKSU ÇAMLICA RES""";0,98;159,94;0;3,14;;;;;;;;
"=""API""";"=""WIND""";"=""2026-04-28T10:00:00+03:00""";"=""OA_YTM""";"=""AKSU RES""";"=""10928268862""";"=""2890""";"=""AKSU ÇAMLICA RES""";0,98;159,94;0;3,11;;;;;;;;
"=""API""";"=""WIND""";"=""2026-04-28T10:01:00+03:00""";"=""OA_YTM""";"=""AKSU RES""";"=""10928268862""";"=""2890""";"=""AKSU ÇAMLICA RES""";0,98;160,55;0;3,13;;;;;;;;
"=""API""";"=""WIND""";"=""2026-04-28T10:02:00+03:00""";"=""OA_YTM""";"=""AKSU RES""";"=""10928268862""";"=""2890""";"=""AKSU ÇAMLICA RES""";0,98;160,25;0;3,13;;;;;;;;
"=""API""";"=""WIND""";"=""2026-04-28T10:03:00+03:00""";"=""OA_YTM""";"=""AKSU RES""";"=""10928268862""";"=""2890""";"=""AKSU ÇAMLICA RES""";0,98;160,35;0;3,13;;;;;;;;
"=""API""";"=""WIND""";"=""2026-04-28T10:04:00+03:00""";"=""OA_YTM""";"=""AKSU RES""";"=""10928268862""";"=""2890""";"=""AKSU ÇAMLICA RES""";0,98;160,04;0;3,13;;;;;;;;
"=""API""";"=""WIND""";"=""2026-04-28T10:05:00+03:00""";"=""OA_YTM""";"=""AKSU RES""";"=""10928268862""";"=""2890""";"=""AKSU ÇAMLICA RES""";0,98;160,04;0;3,13;;;;;;;;
"=""API""";"=""WIND""";"=""2026-04-28T10:06:00+03:00""";"=""OA_YTM""";"=""AKSU RES""";"=""10928268862""";"=""2890""";"=""AKSU ÇAMLICA RES""";0,98;160,04;0;3,13;;;;;;;;
"=""API""";"=""WIND""";"=""2026-04-28T10:07:00+03:00""";"=""OA_YTM""";"=""AKSU RES""";"=""10928268862""";"=""2890""";"=""AKSU ÇAMLICA RES""";0,98;160,35;0;3,13;;;;;;;;
"=""API""";"=""WIND""";"=""2026-04-28T10:08:00+03:00""";"=""OA_YTM""";"=""AKSU RES""";"=""10928268862""";"=""2890""";"=""AKSU ÇAMLICA RES""";0,98;160,04;0;3,13;;;;;;;;
"=""API""";"=""WIND""";"=""2026-04-28T10:09:00+03:00""";"=""OA_YTM""";"=""AKSU RES""";"=""10928268862""";"=""2890""";"=""AKSU ÇAMLICA RES""";0,98;159,79;0;3,13;;;;;;;;
"=""API""";"=""WIND""";"=""2026-04-28T10:10:00+03:00""";"=""OA_YTM""";"=""AKSU RES""";"=""10928268862""";"=""2890""";"=""AKSU ÇAMLICA RES""";0,98;159,79;0;3,07;;;;;;;;
"=""API""";"=""WIND""";"=""2026-04-28T10:11:00+03:00""";"=""OA_YTM""";"=""AKSU RES""";"=""10928268862""";"=""2890""";"=""AKSU ÇAMLICA RES""";0,98;159,32;0;3,07;;;;;;;;
"=""API""";"=""WIND""";"=""2026-04-28T10:12:00+03:00""";"=""OA_YTM""";"=""AKSU RES""";"=""10928268862""";"=""2890""";"=""AKSU ÇAMLICA RES""";0,98;159,63;0;3,13;;;;;;;;
"=""API""";"=""WIND""";"=""2026-04-28T10:13:00+03:00""";"=""OA_YTM""";"=""AKSU RES""";"=""10928268862""";"=""2890""";"=""AKSU ÇAMLICA RES""";0,98;159,48;0;3,13;;;;;;;;
"=""API""";"=""WIND""";"=""2026-04-28T10:14:00+03:00""";"=""OA_YTM""";"=""AKSU RES""";"=""10928268862""";"=""2890""";"=""AKSU ÇAMLICA RES""";0,98;159,63;0;3,13;;;;;;;;
"=""API""";"=""WIND""";"=""2026-04-28T10:15:00+03:00""";"=""OA_YTM""";"=""AKSU RES""";"=""10928268862""";"=""2890""";"=""AKSU ÇAMLICA RES""";0,98;159,27;0;3,13;;;;;;;;
"=""API""";"=""WIND""";"=""2026-04-28T10:16:00+03:00""";"=""OA_YTM""";"=""AKSU RES""";"=""10928268862""";"=""2890""";"=""AKSU ÇAMLICA RES""";0,98;159,32;0;3,13;;;;;;;;
"=""API""";"=""WIND""";"=""2026-04-28T10:17:00+03:00""";"=""OA_YTM""";"=""AKSU RES""";"=""10928268862""";"=""2890""";"=""AKSU ÇAMLICA RES""";0,98;159,07;0;3,13;;;;;;;;
"=""API""";"=""WIND""";"=""2026-04-28T10:18:00+03:00""";"=""OA_YTM""";"=""AKSU RES""";"=""10928268862""";"=""2890""";"=""AKSU ÇAMLICA RES""";0,98;159,07;0;3,15;;;;;;;;
"=""API""";"=""WIND""";"=""2026-04-28T10:19:00+03:00""";"=""OA_YTM""";"=""AKSU RES""";"=""10928268862""";"=""2890""";"=""AKSU ÇAMLICA RES""";0,98;159,32;0;3,12;;;;;;;;
"=""API""";"=""WIND""";"=""2026-04-28T10:20:00+03:00""";"=""OA_YTM""";"=""AKSU RES""";"=""10928268862""";"=""2890""";"=""AKSU ÇAMLICA RES""";0,98;158,81;0;3,12;;;;;;;;
"=""API""";"=""WIND""";"=""2026-04-28T10:21:00+03:00""";"=""OA_YTM""";"=""AKSU RES""";"=""10928268862""";"=""2890""";"=""AKSU ÇAMLICA RES""";0,98;158,5;0;3,12;;;;;;;;
"=""API""";"=""WIND""";"=""2026-04-28T10:22:00+03:00""";"=""OA_YTM""";"=""AKSU RES""";"=""10928268862""";"=""2890""";"=""AKSU ÇAMLICA RES""";0,98;158,96;0;3,12;;;;;;;;
"=""API""";"=""WIND""";"=""2026-04-28T10:23:00+03:00""";"=""OA_YTM""";"=""AKSU RES""";"=""10928268862""";"=""2890""";"=""AKSU ÇAMLICA RES""";0,98;158,96;0;3,16;;;;;;;;
"=""API""";"=""WIND""";"=""2026-04-28T10:24:00+03:00""";"=""OA_YTM""";"=""AKSU RES""";"=""10928268862""";"=""2890""";"=""AKSU ÇAMLICA RES""";0,98;158,55;0;3,16;;;;;;;;
"=""API""";"=""WIND""";"=""2026-04-28T10:25:00+03:00""";"=""OA_YTM""";"=""AKSU RES""";"=""10928268862""";"=""2890""";"=""AKSU ÇAMLICA RES""";0,98;158,35;0;3,16;;;;;;;;
"=""API""";"=""WIND""";"=""2026-04-28T10:26:00+03:00""";"=""OA_YTM""";"=""AKSU RES""";"=""10928268862""";"=""2890""";"=""AKSU ÇAMLICA RES""";0,98;158,5;0;3,1;;;;;;;;
"=""API""";"=""WIND""";"=""2026-04-28T10:27:00+03:00""";"=""OA_YTM""";"=""AKSU RES""";"=""10928268862""";"=""2890""";"=""AKSU ÇAMLICA RES""";0,98;158,81;0;3,1;;;;;;;;
"=""API""";"=""WIND""";"=""2026-04-28T10:28:00+03:00""";"=""OA_YTM""";"=""AKSU RES""";"=""10928268862""";"=""2890""";"=""AKSU ÇAMLICA RES""";0,98;158,81;0;3,06;;;;;;;;
"=""API""";"=""WIND""";"=""2026-04-28T10:29:00+03:00""";"=""OA_YTM""";"=""AKSU RES""";"=""10928268862""";"=""2890""";"=""AKSU ÇAMLICA RES""";0,98;158,35;0;3,06;;;;;;;;
"=""API""";"=""WIND""";"=""2026-04-28T10:30:00+03:00""";"=""OA_YTM""";"=""AKSU RES""";"=""10928268862""";"=""2890""";"=""AKSU ÇAMLICA RES""";0,98;158,24;0;3,12;;;;;;;;
"=""API""";"=""WIND""";"=""2026-04-28T10:31:00+03:00""";"=""OA_YTM""";"=""AKSU RES""";"=""10928268862""";"=""2890""";"=""AKSU ÇAMLICA RES""";0,98;158,35;0;3,12;;;;;;;;
"=""API""";"=""WIND""";"=""2026-04-28T10:32:00+03:00""";"=""OA_YTM""";"=""AKSU RES""";"=""10928268862""";"=""2890""";"=""AKSU ÇAMLICA RES""";0,98;157,99;0;3,06;;;;;;;;
"=""API""";"=""WIND""";"=""2026-04-28T10:33:00+03:00""";"=""OA_YTM""";"=""AKSU RES""";"=""10928268862""";"=""2890""";"=""AKSU ÇAMLICA RES""";0,98;158,3;0;3,06;;;;;;;;
"=""API""";"=""WIND""";"=""2026-04-28T10:34:00+03:00""";"=""OA_YTM""";"=""AKSU RES""";"=""10928268862""";"=""2890""";"=""AKSU ÇAMLICA RES""";0,98;159,27;0;3,1;;;;;;;;
"=""API""";"=""WIND""";"=""2026-04-28T10:35:00+03:00""";"=""OA_YTM""";"=""AKSU RES""";"=""10928268862""";"=""2890""";"=""AKSU ÇAMLICA RES""";0,98;158,96;0;3,1;;;;;;;;
"=""API""";"=""WIND""";"=""2026-04-28T10:36:00+03:00""";"=""OA_YTM""";"=""AKSU RES""";"=""10928268862""";"=""2890""";"=""AKSU ÇAMLICA RES""";0,98;159,17;0;3,1;;;;;;;;
"=""API""";"=""WIND""";"=""2026-04-28T10:37:00+03:00""";"=""OA_YTM""";"=""AKSU RES""";"=""10928268862""";"=""2890""";"=""AKSU ÇAMLICA RES""";0,98;158,86;0;3,1;;;;;;;;
"=""API""";"=""WIND""";"=""2026-04-28T10:38:00+03:00""";"=""OA_YTM""";"=""AKSU RES""";"=""10928268862""";"=""2890""";"=""AKSU ÇAMLICA RES""";0,98;159,07;0;3,1;;;;;;;;
"=""API""";"=""WIND""";"=""2026-04-28T10:39:00+03:00""";"=""OA_YTM""";"=""AKSU RES""";"=""10928268862""";"=""2890""";"=""AKSU ÇAMLICA RES""";0,98;159,01;0;3,1;;;;;;;;
"=""API""";"=""WIND""";"=""2026-04-28T10:40:00+03:00""";"=""OA_YTM""";"=""AKSU RES""";"=""10928268862""";"=""2890""";"=""AKSU ÇAMLICA RES""";0,98;159,12;0;3,1;;;;;;;;
"=""API""";"=""WIND""";"=""2026-04-28T10:41:00+03:00""";"=""OA_YTM""";"=""AKSU RES""";"=""10928268862""";"=""2890""";"=""AKSU ÇAMLICA RES""";0,98;159,12;0;3,1;;;;;;;;
"=""API""";"=""WIND""";"=""2026-04-28T10:42:00+03:00""";"=""OA_YTM""";"=""AKSU RES""";"=""10928268862""";"=""2890""";"=""AKSU ÇAMLICA RES""";0,98;159,22;0;3,1;;;;;;;;
"=""API""";"=""WIND""";"=""2026-04-28T10:43:00+03:00""";"=""OA_YTM""";"=""AKSU RES""";"=""10928268862""";"=""2890""";"=""AKSU ÇAMLICA RES""";0,98;159,17;0;3,1;;;;;;;;
"=""API""";"=""WIND""";"=""2026-04-28T10:44:00+03:00""";"=""OA_YTM""";"=""AKSU RES""";"=""10928268862""";"=""2890""";"=""AKSU ÇAMLICA RES""";0,98;159,73;0;3,1;;;;;;;;
"=""API""";"=""WIND""";"=""2026-04-28T10:45:00+03:00""";"=""OA_YTM""";"=""AKSU RES""";"=""10928268862""";"=""2890""";"=""AKSU ÇAMLICA RES""";0,98;159,94;0;3,1;;;;;;;;
"=""API""";"=""WIND""";"=""2026-04-28T10:46:00+03:00""";"=""OA_YTM""";"=""AKSU RES""";"=""10928268862""";"=""2890""";"=""AKSU ÇAMLICA RES""";0,98;159,48;0;3,14;;;;;;;;
"=""API""";"=""WIND""";"=""2026-04-28T10:47:00+03:00""";"=""OA_YTM""";"=""AKSU RES""";"=""10928268862""";"=""2890""";"=""AKSU ÇAMLICA RES""";0,98;159,38;0;3,14;;;;;;;;
"=""API""";"=""WIND""";"=""2026-04-28T10:48:00+03:00""";"=""OA_YTM""";"=""AKSU RES""";"=""10928268862""";"=""2890""";"=""AKSU ÇAMLICA RES""";0,98;159,38;0;3,14;;;;;;;;
"=""API""";"=""WIND""";"=""2026-04-28T10:49:00+03:00""";"=""OA_YTM""";"=""AKSU RES""";"=""10928268862""";"=""2890""";"=""AKSU ÇAMLICA RES""";0,98;159,48;0;3,09;;;;;;;;
"=""API""";"=""WIND""";"=""2026-04-28T10:50:00+03:00""";"=""OA_YTM""";"=""AKSU RES""";"=""10928268862""";"=""2890""";"=""AKSU ÇAMLICA RES""";0,98;159,38;0;3,09;;;;;;;;
"=""API""";"=""WIND""";"=""2026-04-28T10:51:00+03:00""";"=""OA_YTM""";"=""AKSU RES""";"=""10928268862""";"=""2890""";"=""AKSU ÇAMLICA RES""";0,98;159,58;0;3,11;;;;;;;;
"=""API""";"=""WIND""";"=""2026-04-28T10:52:00+03:00""";"=""OA_YTM""";"=""AKSU RES""";"=""10928268862""";"=""2890""";"=""AKSU ÇAMLICA RES""";0,98;159,43;0;3,11;;;;;;;;
"=""API""";"=""WIND""";"=""2026-04-28T10:53:00+03:00""";"=""OA_YTM""";"=""AKSU RES""";"=""10928268862""";"=""2890""";"=""AKSU ÇAMLICA RES""";0,98;159,63;0;3,08;;;;;;;;
"=""API""";"=""WIND""";"=""2026-04-28T10:54:00+03:00""";"=""OA_YTM""";"=""AKSU RES""";"=""10928268862""";"=""2890""";"=""AKSU ÇAMLICA RES""";0,98;159,73;0;3,12;;;;;;;;
"=""API""";"=""WIND""";"=""2026-04-28T10:55:00+03:00""";"=""OA_YTM""";"=""AKSU RES""";"=""10928268862""";"=""2890""";"=""AKSU ÇAMLICA RES""";0,98;160,04;0;3,12;;;;;;;;
"=""API""";"=""WIND""";"=""2026-04-28T10:56:00+03:00""";"=""OA_YTM""";"=""AKSU RES""";"=""10928268862""";"=""2890""";"=""AKSU ÇAMLICA RES""";0,98;159,94;0;3,07;;;;;;;;
"=""API""";"=""WIND""";"=""2026-04-28T10:57:00+03:00""";"=""OA_YTM""";"=""AKSU RES""";"=""10928268862""";"=""2890""";"=""AKSU ÇAMLICA RES""";0,98;159,58;0;3,07;;;;;;;;
"=""API""";"=""WIND""";"=""2026-04-28T10:58:00+03:00""";"=""OA_YTM""";"=""AKSU RES""";"=""10928268862""";"=""2890""";"=""AKSU ÇAMLICA RES""";0,98;159,89;0;3,1;;;;;;;;
"=""API""";"=""WIND""";"=""2026-04-28T10:59:00+03:00""";"=""OA_YTM""";"=""AKSU RES""";"=""10928268862""";"=""2890""";"=""AKSU ÇAMLICA RES""";0,98;159,79;0;3,1;;;;;;;;
"=""API""";"=""WIND""";"=""2026-04-28T11:00:00+03:00""";"=""OA_YTM""";"=""AKSU RES""";"=""10928268862""";"=""2890""";"=""AKSU ÇAMLICA RES""";0,98;159,79;0;3,06;;;;;;;;
"=""API""";"=""WIND""";"=""2026-04-28T11:01:00+03:00""";"=""OA_YTM""";"=""AKSU RES""";"=""10928268862""";"=""2890""";"=""AKSU ÇAMLICA RES""";0,98;159,63;0;3;;;;;;;;
"=""API""";"=""WIND""";"=""2026-04-28T11:02:00+03:00""";"=""OA_YTM""";"=""AKSU RES""";"=""10928268862""";"=""2890""";"=""AKSU ÇAMLICA RES""";0,98;159,79;0;3;;;;;;;;
"=""API""";"=""WIND""";"=""2026-04-28T11:03:00+03:00""";"=""OA_YTM""";"=""AKSU RES""";"=""10928268862""";"=""2890""";"=""AKSU ÇAMLICA RES""";0,98;159,68;0;3,03;;;;;;;;
"=""API""";"=""WIND""";"=""2026-04-28T11:04:00+03:00""";"=""OA_YTM""";"=""AKSU RES""";"=""10928268862""";"=""2890""";"=""AKSU ÇAMLICA RES""";0,98;159,58;0;3,03;;;;;;;;
"=""API""";"=""WIND""";"=""2026-04-28T11:05:00+03:00""";"=""OA_YTM""";"=""AKSU RES""";"=""10928268862""";"=""2890""";"=""AKSU ÇAMLICA RES""";0,98;159,38;0;3,05;;;;;;;;
"=""API""";"=""WIND""";"=""2026-04-28T11:06:00+03:00""";"=""OA_YTM""";"=""AKSU RES""";"=""10928268862""";"=""2890""";"=""AKSU ÇAMLICA RES""";0,98;159,58;0;3,1;;;;;;;;
"=""API""";"=""WIND""";"=""2026-04-28T11:07:00+03:00""";"=""OA_YTM""";"=""AKSU RES""";"=""10928268862""";"=""2890""";"=""AKSU ÇAMLICA RES""";0,98;159,58;0;3,1;;;;;;;;
"=""API""";"=""WIND""";"=""2026-04-28T11:08:00+03:00""";"=""OA_YTM""";"=""AKSU RES""";"=""10928268862""";"=""2890""";"=""AKSU ÇAMLICA RES""";0,98;159,99;0;3,1;;;;;;;;
"=""API""";"=""WIND""";"=""2026-04-28T11:09:00+03:00""";"=""OA_YTM""";"=""AKSU RES""";"=""10928268862""";"=""2890""";"=""AKSU ÇAMLICA RES""";0,98;160,04;0;3,1;;;;;;;;
"=""API""";"=""WIND""";"=""2026-04-28T11:10:00+03:00""";"=""OA_YTM""";"=""AKSU RES""";"=""10928268862""";"=""2890""";"=""AKSU ÇAMLICA RES""";0,98;160,35;0;3,14;;;;;;;;
"=""API""";"=""WIND""";"=""2026-04-28T11:11:00+03:00""";"=""OA_YTM""";"=""AKSU RES""";"=""10928268862""";"=""2890""";"=""AKSU ÇAMLICA RES""";0,98;159,68;0;3,14;;;;;;;;
"=""API""";"=""WIND""";"=""2026-04-28T11:12:00+03:00""";"=""OA_YTM""";"=""AKSU RES""";"=""10928268862""";"=""2890""";"=""AKSU ÇAMLICA RES""";0,98;160,25;0;3,14;;;;;;;;
"=""API""";"=""WIND""";"=""2026-04-28T11:13:00+03:00""";"=""OA_YTM""";"=""AKSU RES""";"=""10928268862""";"=""2890""";"=""AKSU ÇAMLICA RES""";0,98;160,14;0;3,14;;;;;;;;
"=""API""";"=""WIND""";"=""2026-04-28T11:14:00+03:00""";"=""OA_YTM""";"=""AKSU RES""";"=""10928268862""";"=""2890""";"=""AKSU ÇAMLICA RES""";0,98;160,45;0;3,14;;;;;;;;
"=""API""";"=""WIND""";"=""2026-04-28T11:15:00+03:00""";"=""OA_YTM""";"=""AKSU RES""";"=""10928268862""";"=""2890""";"=""AKSU ÇAMLICA RES""";0,98;159,94;0;3,07;;;;;;;;
"=""API""";"=""WIND""";"=""2026-04-28T11:16:00+03:00""";"=""OA_YTM""";"=""AKSU RES""";"=""10928268862""";"=""2890""";"=""AKSU ÇAMLICA RES""";0,98;159,53;0;3,07;;;;;;;;
"=""API""";"=""WIND""";"=""2026-04-28T11:17:00+03:00""";"=""OA_YTM""";"=""AKSU RES""";"=""10928268862""";"=""2890""";"=""AKSU ÇAMLICA RES""";0,98;159,12;0;3,07;;;;;;;;
"=""API""";"=""WIND""";"=""2026-04-28T11:18:00+03:00""";"=""OA_YTM""";"=""AKSU RES""";"=""10928268862""";"=""2890""";"=""AKSU ÇAMLICA RES""";0,98;159,94;0;3,02;;;;;;;;
"=""API""";"=""WIND""";"=""2026-04-28T11:19:00+03:00""";"=""OA_YTM""";"=""AKSU RES""";"=""10928268862""";"=""2890""";"=""AKSU ÇAMLICA RES""";0,98;159,94;0;3,02;;;;;;;;
"=""API""";"=""WIND""";"=""2026-04-28T11:20:00+03:00""";"=""OA_YTM""";"=""AKSU RES""";"=""10928268862""";"=""2890""";"=""AKSU ÇAMLICA RES""";0,98;159,63;0;3,08;;;;;;;;
"=""API""";"=""WIND""";"=""2026-04-28T11:21:00+03:00""";"=""OA_YTM""";"=""AKSU RES""";"=""10928268862""";"=""2890""";"=""AKSU ÇAMLICA RES""";0,98;159,32;0;3,08;;;;;;;;
"=""API""";"=""WIND""";"=""2026-04-28T11:22:00+03:00""";"=""OA_YTM""";"=""AKSU RES""";"=""10928268862""";"=""2890""";"=""AKSU ÇAMLICA RES""";0,98;159,84;0;3,08;;;;;;;;
"=""API""";"=""WIND""";"=""2026-04-28T11:23:00+03:00""";"=""OA_YTM""";"=""AKSU RES""";"=""10928268862""";"=""2890""";"=""AKSU ÇAMLICA RES""";0,98;159,94;0;3,11;;;;;;;;
"=""API""";"=""WIND""";"=""2026-04-28T11:24:00+03:00""";"=""OA_YTM""";"=""AKSU RES""";"=""10928268862""";"=""2890""";"=""AKSU ÇAMLICA RES""";0,98;159,94;0;3,11;;;;;;;;
"=""API""";"=""WIND""";"=""2026-04-28T11:25:00+03:00""";"=""OA_YTM""";"=""AKSU RES""";"=""10928268862""";"=""2890""";"=""AKSU ÇAMLICA RES""";0,98;160,04;0;3,06;;;;;;;;
"=""API""";"=""WIND""";"=""2026-04-28T11:26:00+03:00""";"=""OA_YTM""";"=""AKSU RES""";"=""10928268862""";"=""2890""";"=""AKSU ÇAMLICA RES""";0,98;160,25;0;3,06;;;;;;;;
"=""API""";"=""WIND""";"=""2026-04-28T11:27:00+03:00""";"=""OA_YTM""";"=""AKSU RES""";"=""10928268862""";"=""2890""";"=""AKSU ÇAMLICA RES""";0,98;160,14;0;2,61;;;;;;;;
"=""API""";"=""WIND""";"=""2026-04-28T11:28:00+03:00""";"=""OA_YTM""";"=""AKSU RES""";"=""10928268862""";"=""2890""";"=""AKSU ÇAMLICA RES""";0,98;160,04;0;3,1;;;;;;;;
"=""API""";"=""WIND""";"=""2026-04-28T11:29:00+03:00""";"=""OA_YTM""";"=""AKSU RES""";"=""10928268862""";"=""2890""";"=""AKSU ÇAMLICA RES""";0,98;160,25;0;3,1;;;;;;;;
"=""API""";"=""WIND""";"=""2026-04-28T11:30:00+03:00""";"=""OA_YTM""";"=""AKSU RES""";"=""10928268862""";"=""2890""";"=""AKSU ÇAMLICA RES""";0,98;160,04;0;3,1;;;;;;;;
"=""API""";"=""WIND""";"=""2026-04-28T11:31:00+03:00""";"=""OA_YTM""";"=""AKSU RES""";"=""10928268862""";"=""2890""";"=""AKSU ÇAMLICA RES""";0,98;159,53;0;3,1;;;;;;;;
"=""API""";"=""WIND""";"=""2026-04-28T11:32:00+03:00""";"=""OA_YTM""";"=""AKSU RES""";"=""10928268862""";"=""2890""";"=""AKSU ÇAMLICA RES""";0,98;159,73;0;3,07;;;;;;;;
"=""API""";"=""WIND""";"=""2026-04-28T11:33:00+03:00""";"=""OA_YTM""";"=""AKSU RES""";"=""10928268862""";"=""2890""";"=""AKSU ÇAMLICA RES""";0,98;159,43;0;3,07;;;;;;;;
"=""API""";"=""WIND""";"=""2026-04-28T11:34:00+03:00""";"=""OA_YTM""";"=""AKSU RES""";"=""10928268862""";"=""2890""";"=""AKSU ÇAMLICA RES""";0,98;159,84;0;3,07;;;;;;;;
"=""API""";"=""WIND""";"=""2026-04-28T11:35:00+03:00""";"=""OA_YTM""";"=""AKSU RES""";"=""10928268862""";"=""2890""";"=""AKSU ÇAMLICA RES""";0,98;159,43;0;3,07;;;;;;;;
"=""API""";"=""WIND""";"=""2026-04-28T11:36:00+03:00""";"=""OA_YTM""";"=""AKSU RES""";"=""10928268862""";"=""2890""";"=""AKSU ÇAMLICA RES""";0,98;159,94;0;3,15;;;;;;;;
"=""API""";"=""WIND""";"=""2026-04-28T11:37:00+03:00""";"=""OA_YTM""";"=""AKSU RES""";"=""10928268862""";"=""2890""";"=""AKSU ÇAMLICA RES""";0,98;159,94;0;3,15;;;;;;;;
"=""API""";"=""WIND""";"=""2026-04-28T11:38:00+03:00""";"=""OA_YTM""";"=""AKSU RES""";"=""10928268862""";"=""2890""";"=""AKSU ÇAMLICA RES""";0,98;159,94;0;3,15;;;;;;;;
"=""API""";"=""WIND""";"=""2026-04-28T11:39:00+03:00""";"=""OA_YTM""";"=""AKSU RES""";"=""10928268862""";"=""2890""";"=""AKSU ÇAMLICA RES""";0,98;159,32;0;3,15;;;;;;;;
"=""API""";"=""WIND""";"=""2026-04-28T11:40:00+03:00""";"=""OA_YTM""";"=""AKSU RES""";"=""10928268862""";"=""2890""";"=""AKSU ÇAMLICA RES""";0,98;159,94;0;3,09;;;;;;;;
"=""API""";"=""WIND""";"=""2026-04-28T11:41:00+03:00""";"=""OA_YTM""";"=""AKSU RES""";"=""10928268862""";"=""2890""";"=""AKSU ÇAMLICA RES""";0,98;159,63;0;3,09;;;;;;;;
"=""API""";"=""WIND""";"=""2026-04-28T11:42:00+03:00""";"=""OA_YTM""";"=""AKSU RES""";"=""10928268862""";"=""2890""";"=""AKSU ÇAMLICA RES""";0,98;159,94;0;3,09;;;;;;;;
"=""API""";"=""WIND""";"=""2026-04-28T11:43:00+03:00""";"=""OA_YTM""";"=""AKSU RES""";"=""10928268862""";"=""2890""";"=""AKSU ÇAMLICA RES""";0,98;159,73;0;3,07;;;;;;;;
"=""API""";"=""WIND""";"=""2026-04-28T11:44:00+03:00""";"=""OA_YTM""";"=""AKSU RES""";"=""10928268862""";"=""2890""";"=""AKSU ÇAMLICA RES""";0,98;159,94;0;3,07;;;;;;;;
"=""API""";"=""WIND""";"=""2026-04-28T11:45:00+03:00""";"=""OA_YTM""";"=""AKSU RES""";"=""10928268862""";"=""2890""";"=""AKSU ÇAMLICA RES""";0,98;159,68;0;3,03;;;;;;;;
"=""API""";"=""WIND""";"=""2026-04-28T11:46:00+03:00""";"=""OA_YTM""";"=""AKSU RES""";"=""10928268862""";"=""2890""";"=""AKSU ÇAMLICA RES""";0,98;159,32;0;3,1;;;;;;;;
"=""API""";"=""WIND""";"=""2026-04-28T11:47:00+03:00""";"=""OA_YTM""";"=""AKSU RES""";"=""10928268862""";"=""2890""";"=""AKSU ÇAMLICA RES""";0,98;159,32;0;3,1;;;;;;;;
"=""API""";"=""WIND""";"=""2026-04-28T11:48:00+03:00""";"=""OA_YTM""";"=""AKSU RES""";"=""10928268862""";"=""2890""";"=""AKSU ÇAMLICA RES""";0,98;159,43;0;2,93;;;;;;;;
"=""API""";"=""WIND""";"=""2026-04-28T11:49:00+03:00""";"=""OA_YTM""";"=""AKSU RES""";"=""10928268862""";"=""2890""";"=""AKSU ÇAMLICA RES""";0,98;159,32;0;3,04;;;;;;;;
"=""API""";"=""WIND""";"=""2026-04-28T11:50:00+03:00""";"=""OA_YTM""";"=""AKSU RES""";"=""10928268862""";"=""2890""";"=""AKSU ÇAMLICA RES""";0,98;159,63;0;3,04;;;;;;;;
"=""API""";"=""WIND""";"=""2026-04-28T11:51:00+03:00""";"=""OA_YTM""";"=""AKSU RES""";"=""10928268862""";"=""2890""";"=""AKSU ÇAMLICA RES""";0,98;159,12;0;3,05;;;;;;;;
"=""API""";"=""WIND""";"=""2026-04-28T11:52:00+03:00""";"=""OA_YTM""";"=""AKSU RES""";"=""10928268862""";"=""2890""";"=""AKSU ÇAMLICA RES""";0,98;159,94;0;3,05;;;;;;;;
"=""API""";"=""WIND""";"=""2026-04-28T11:53:00+03:00""";"=""OA_YTM""";"=""AKSU RES""";"=""10928268862""";"=""2890""";"=""AKSU ÇAMLICA RES""";0,98;160,25;0;3,05;;;;;;;;
"=""API""";"=""WIND""";"=""2026-04-28T11:54:00+03:00""";"=""OA_YTM""";"=""AKSU RES""";"=""10928268862""";"=""2890""";"=""AKSU ÇAMLICA RES""";0,98;160,25;0;3,05;;;;;;;;
"=""API""";"=""WIND""";"=""2026-04-28T11:55:00+03:00""";"=""OA_YTM""";"=""AKSU RES""";"=""10928268862""";"=""2890""";"=""AKSU ÇAMLICA RES""";0,98;160,25;0;3,02;;;;;;;;
"=""API""";"=""WIND""";"=""2026-04-28T11:56:00+03:00""";"=""OA_YTM""";"=""AKSU RES""";"=""10928268862""";"=""2890""";"=""AKSU ÇAMLICA RES""";0,98;160,14;0;3,06;;;;;;;;
"=""API""";"=""WIND""";"=""2026-04-28T11:57:00+03:00""";"=""OA_YTM""";"=""AKSU RES""";"=""10928268862""";"=""2890""";"=""AKSU ÇAMLICA RES""";0,98;159,89;0;3,06;;;;;;;;
"=""API""";"=""WIND""";"=""2026-04-28T11:58:00+03:00""";"=""OA_YTM""";"=""AKSU RES""";"=""10928268862""";"=""2890""";"=""AKSU ÇAMLICA RES""";0,98;160,45;0;3,03;;;;;;;;
"=""API""";"=""WIND""";"=""2026-04-28T11:59:00+03:00""";"=""OA_YTM""";"=""AKSU RES""";"=""10928268862""";"=""2890""";"=""AKSU ÇAMLICA RES""";0,98;159,53;0;3,05;;;;;;;;
"=""API""";"=""WIND""";"=""2026-04-28T12:00:00+03:00""";"=""OA_YTM""";"=""AKSU RES""";"=""10928268862""";"=""2890""";"=""AKSU ÇAMLICA RES""";0,98;159,48;0;3,05;;;;;;;;
"=""API""";"=""WIND""";"=""2026-04-28T12:01:00+03:00""";"=""OA_YTM""";"=""AKSU RES""";"=""10928268862""";"=""2890""";"=""AKSU ÇAMLICA RES""";0,98;159,48;0;3,01;;;;;;;;
"=""API""";"=""WIND""";"=""2026-04-28T12:02:00+03:00""";"=""OA_YTM""";"=""AKSU RES""";"=""10928268862""";"=""2890""";"=""AKSU ÇAMLICA RES""";0,98;159,37;0;3,01;;;;;;;;
"=""API""";"=""WIND""";"=""2026-04-28T12:03:00+03:00""";"=""OA_YTM""";"=""AKSU RES""";"=""10928268862""";"=""2890""";"=""AKSU ÇAMLICA RES""";0,98;159,48;0;3,08;;;;;;;;
"=""API""";"=""WIND""";"=""2026-04-28T12:04:00+03:00""";"=""OA_YTM""";"=""AKSU RES""";"=""10928268862""";"=""2890""";"=""AKSU ÇAMLICA RES""";0,98;159,79;0;3,02;;;;;;;;
"=""API""";"=""WIND""";"=""2026-04-28T12:05:00+03:00""";"=""OA_YTM""";"=""AKSU RES""";"=""10928268862""";"=""2890""";"=""AKSU ÇAMLICA RES""";0,98;159,79;0;3,09;;;;;;;;
"=""API""";"=""WIND""";"=""2026-04-28T12:06:00+03:00""";"=""OA_YTM""";"=""AKSU RES""";"=""10928268862""";"=""2890""";"=""AKSU ÇAMLICA RES""";0,98;159,68;0;3,14;;;;;;;;
"=""API""";"=""WIND""";"=""2026-04-28T12:07:00+03:00""";"=""OA_YTM""";"=""AKSU RES""";"=""10928268862""";"=""2890""";"=""AKSU ÇAMLICA RES""";0,98;159,99;0;3,14;;;;;;;;
"=""API""";"=""WIND""";"=""2026-04-28T12:08:00+03:00""";"=""OA_YTM""";"=""AKSU RES""";"=""10928268862""";"=""2890""";"=""AKSU ÇAMLICA RES""";0,98;159,89;0;3,11;;;;;;;;
"=""API""";"=""WIND""";"=""2026-04-28T12:09:00+03:00""";"=""OA_YTM""";"=""AKSU RES""";"=""10928268862""";"=""2890""";"=""AKSU ÇAMLICA RES""";0,98;159,58;0;3,11;;;;;;;;
"=""API""";"=""WIND""";"=""2026-04-28T12:10:00+03:00""";"=""OA_YTM""";"=""AKSU RES""";"=""10928268862""";"=""2890""";"=""AKSU ÇAMLICA RES""";0,98;159,73;0;3,11;;;;;;;;
"=""API""";"=""WIND""";"=""2026-04-28T12:11:00+03:00""";"=""OA_YTM""";"=""AKSU RES""";"=""10928268862""";"=""2890""";"=""AKSU ÇAMLICA RES""";0,98;159,94;0;3,11;;;;;;;;
"=""API""";"=""WIND""";"=""2026-04-28T12:12:00+03:00""";"=""OA_YTM""";"=""AKSU RES""";"=""10928268862""";"=""2890""";"=""AKSU ÇAMLICA RES""";0,98;159,79;0;3,11;;;;;;;;
"=""API""";"=""WIND""";"=""2026-04-28T12:13:00+03:00""";"=""OA_YTM""";"=""AKSU RES""";"=""10928268862""";"=""2890""";"=""AKSU ÇAMLICA RES""";0,98;159,99;0;3,14;;;;;;;;
"=""API""";"=""WIND""";"=""2026-04-28T12:14:00+03:00""";"=""OA_YTM""";"=""AKSU RES""";"=""10928268862""";"=""2890""";"=""AKSU ÇAMLICA RES""";0,98;160,09;0;3,14;;;;;;;;
"=""API""";"=""WIND""";"=""2026-04-28T12:15:00+03:00""";"=""OA_YTM""";"=""AKSU RES""";"=""10928268862""";"=""2890""";"=""AKSU ÇAMLICA RES""";0,98;160,09;0;3,07;;;;;;;;
"=""API""";"=""WIND""";"=""2026-04-28T12:16:00+03:00""";"=""OA_YTM""";"=""AKSU RES""";"=""10928268862""";"=""2890""";"=""AKSU ÇAMLICA RES""";0,98;159,58;0;3,09;;;;;;;;
"=""API""";"=""WIND""";"=""2026-04-28T12:17:00+03:00""";"=""OA_YTM""";"=""AKSU RES""";"=""10928268862""";"=""2890""";"=""AKSU ÇAMLICA RES""";0,98;159,38;0;3,09;;;;;;;;
"=""API""";"=""WIND""";"=""2026-04-28T12:18:00+03:00""";"=""OA_YTM""";"=""AKSU RES""";"=""10928268862""";"=""2890""";"=""AKSU ÇAMLICA RES""";0,98;159,48;0;3,09;;;;;;;;
"=""API""";"=""WIND""";"=""2026-04-28T12:19:00+03:00""";"=""OA_YTM""";"=""AKSU RES""";"=""10928268862""";"=""2890""";"=""AKSU ÇAMLICA RES""";0,98;159,79;0;3,16;;;;;;;;
"=""API""";"=""WIND""";"=""2026-04-28T12:20:00+03:00""";"=""OA_YTM""";"=""AKSU RES""";"=""10928268862""";"=""2890""";"=""AKSU ÇAMLICA RES""";0,98;159,79;0;3,16;;;;;;;;
"=""API""";"=""WIND""";"=""2026-04-28T12:21:00+03:00""";"=""OA_YTM""";"=""AKSU RES""";"=""10928268862""";"=""2890""";"=""AKSU ÇAMLICA RES""";0,98;159,99;0;3,08;;;;;;;;
"=""API""";"=""WIND""";"=""2026-04-28T12:22:00+03:00""";"=""OA_YTM""";"=""AKSU RES""";"=""10928268862""";"=""2890""";"=""AKSU ÇAMLICA RES""";0,98;160,5;0;3,08;;;;;;;;
"=""API""";"=""WIND""";"=""2026-04-28T12:23:00+03:00""";"=""OA_YTM""";"=""AKSU RES""";"=""10928268862""";"=""2890""";"=""AKSU ÇAMLICA RES""";0,98;160,5;0;3,14;;;;;;;;
"=""API""";"=""WIND""";"=""2026-04-28T12:24:00+03:00""";"=""OA_YTM""";"=""AKSU RES""";"=""10928268862""";"=""2890""";"=""AKSU ÇAMLICA RES""";0,98;160,66;0;3,14;;;;;;;;
"=""API""";"=""WIND""";"=""2026-04-28T12:25:00+03:00""";"=""OA_YTM""";"=""AKSU RES""";"=""10928268862""";"=""2890""";"=""AKSU ÇAMLICA RES""";0,98;160,66;0;3,06;;;;;;;;
"=""API""";"=""WIND""";"=""2026-04-28T12:26:00+03:00""";"=""OA_YTM""";"=""AKSU RES""";"=""10928268862""";"=""2890""";"=""AKSU ÇAMLICA RES""";0,98;160,35;0;3,12;;;;;;;;
"=""API""";"=""WIND""";"=""2026-04-28T12:27:00+03:00""";"=""OA_YTM""";"=""AKSU RES""";"=""10928268862""";"=""2890""";"=""AKSU ÇAMLICA RES""";0,98;160,35;0;3,12;;;;;;;;
"=""API""";"=""WIND""";"=""2026-04-28T12:28:00+03:00""";"=""OA_YTM""";"=""AKSU RES""";"=""10928268862""";"=""2890""";"=""AKSU ÇAMLICA RES""";0,98;160,71;0;3;;;;;;;;
"=""API""";"=""WIND""";"=""2026-04-28T12:29:00+03:00""";"=""OA_YTM""";"=""AKSU RES""";"=""10928268862""";"=""2890""";"=""AKSU ÇAMLICA RES""";0,98;160,97;0;3,09;;;;;;;;
"=""API""";"=""WIND""";"=""2026-04-28T12:30:00+03:00""";"=""OA_YTM""";"=""AKSU RES""";"=""10928268862""";"=""2890""";"=""AKSU ÇAMLICA RES""";0,98;160,56;0;3,13;;;;;;;;
"=""API""";"=""WIND""";"=""2026-04-28T12:31:00+03:00""";"=""OA_YTM""";"=""AKSU RES""";"=""10928268862""";"=""2890""";"=""AKSU ÇAMLICA RES""";0,98;159,84;0;3,13;;;;;;;;
"=""API""";"=""WIND""";"=""2026-04-28T12:32:00+03:00""";"=""OA_YTM""";"=""AKSU RES""";"=""10928268862""";"=""2890""";"=""AKSU ÇAMLICA RES""";0,98;160,14;0;3,13;;;;;;;;
"=""API""";"=""WIND""";"=""2026-04-28T12:33:00+03:00""";"=""OA_YTM""";"=""AKSU RES""";"=""10928268862""";"=""2890""";"=""AKSU ÇAMLICA RES""";0,98;160,25;0;3,11;;;;;;;;
"=""API""";"=""WIND""";"=""2026-04-28T12:34:00+03:00""";"=""OA_YTM""";"=""AKSU RES""";"=""10928268862""";"=""2890""";"=""AKSU ÇAMLICA RES""";0,98;160,09;0;3,05;;;;;;;;
"=""API""";"=""WIND""";"=""2026-04-28T12:35:00+03:00""";"=""OA_YTM""";"=""AKSU RES""";"=""10928268862""";"=""2890""";"=""AKSU ÇAMLICA RES""";0,98;160,2;0;3,05;;;;;;;;
"=""API""";"=""WIND""";"=""2026-04-28T12:36:00+03:00""";"=""OA_YTM""";"=""AKSU RES""";"=""10928268862""";"=""2890""";"=""AKSU ÇAMLICA RES""";0,98;160,71;0;3,05;;;;;;;;
"=""API""";"=""WIND""";"=""2026-04-28T12:37:00+03:00""";"=""OA_YTM""";"=""AKSU RES""";"=""10928268862""";"=""2890""";"=""AKSU ÇAMLICA RES""";0,98;161,12;0;3,1;;;;;;;;
"=""API""";"=""WIND""";"=""2026-04-28T12:38:00+03:00""";"=""OA_YTM""";"=""AKSU RES""";"=""10928268862""";"=""2890""";"=""AKSU ÇAMLICA RES""";0,98;160,2;0;3,14;;;;;;;;
"=""API""";"=""WIND""";"=""2026-04-28T12:39:00+03:00""";"=""OA_YTM""";"=""AKSU RES""";"=""10928268862""";"=""2890""";"=""AKSU ÇAMLICA RES""";0,98;160,5;0;3,07;;;;;;;;
"=""API""";"=""WIND""";"=""2026-04-28T12:40:00+03:00""";"=""OA_YTM""";"=""AKSU RES""";"=""10928268862""";"=""2890""";"=""AKSU ÇAMLICA RES""";0,98;160,5;0;3,07;;;;;;;;
"=""API""";"=""WIND""";"=""2026-04-28T12:41:00+03:00""";"=""OA_YTM""";"=""AKSU RES""";"=""10928268862""";"=""2890""";"=""AKSU ÇAMLICA RES""";0,98;160,3;0;3,07;;;;;;;;
"=""API""";"=""WIND""";"=""2026-04-28T12:42:00+03:00""";"=""OA_YTM""";"=""AKSU RES""";"=""10928268862""";"=""2890""";"=""AKSU ÇAMLICA RES""";0,98;160,4;0;3,07;;;;;;;;
"=""API""";"=""WIND""";"=""2026-04-28T12:43:00+03:00""";"=""OA_YTM""";"=""AKSU RES""";"=""10928268862""";"=""2890""";"=""AKSU ÇAMLICA RES""";0,98;160,14;0;3,01;;;;;;;;
"=""API""";"=""WIND""";"=""2026-04-28T12:44:00+03:00""";"=""OA_YTM""";"=""AKSU RES""";"=""10928268862""";"=""2890""";"=""AKSU ÇAMLICA RES""";0,98;160,14;0;3,01;;;;;;;;
"=""API""";"=""WIND""";"=""2026-04-28T12:45:00+03:00""";"=""OA_YTM""";"=""AKSU RES""";"=""10928268862""";"=""2890""";"=""AKSU ÇAMLICA RES""";0,98;160,25;0;3,01;;;;;;;;
"=""API""";"=""WIND""";"=""2026-04-28T12:46:00+03:00""";"=""OA_YTM""";"=""AKSU RES""";"=""10928268862""";"=""2890""";"=""AKSU ÇAMLICA RES""";0,98;160,14;0;3,01;;;;;;;;
"=""API""";"=""WIND""";"=""2026-04-28T12:47:00+03:00""";"=""OA_YTM""";"=""AKSU RES""";"=""10928268862""";"=""2890""";"=""AKSU ÇAMLICA RES""";0,98;159,99;0;3,01;;;;;;;;
"=""API""";"=""WIND""";"=""2026-04-28T12:48:00+03:00""";"=""OA_YTM""";"=""AKSU RES""";"=""10928268862""";"=""2890""";"=""AKSU ÇAMLICA RES""";0,98;159,99;0;3,1;;;;;;;;
"=""API""";"=""WIND""";"=""2026-04-28T12:49:00+03:00""";"=""OA_YTM""";"=""AKSU RES""";"=""10928268862""";"=""2890""";"=""AKSU ÇAMLICA RES""";0,98;160,3;0;3,1;;;;;;;;
"=""API""";"=""WIND""";"=""2026-04-28T12:50:00+03:00""";"=""OA_YTM""";"=""AKSU RES""";"=""10928268862""";"=""2890""";"=""AKSU ÇAMLICA RES""";0,98;160,3;0;3,05;;;;;;;;
"=""API""";"=""WIND""";"=""2026-04-28T12:51:00+03:00""";"=""OA_YTM""";"=""AKSU RES""";"=""10928268862""";"=""2890""";"=""AKSU ÇAMLICA RES""";0,98;160,09;0;3,05;;;;;;;;
"=""API""";"=""WIND""";"=""2026-04-28T12:52:00+03:00""";"=""OA_YTM""";"=""AKSU RES""";"=""10928268862""";"=""2890""";"=""AKSU ÇAMLICA RES""";0,98;159,99;0;3,05;;;;;;;;
"=""API""";"=""WIND""";"=""2026-04-28T12:53:00+03:00""";"=""OA_YTM""";"=""AKSU RES""";"=""10928268862""";"=""2890""";"=""AKSU ÇAMLICA RES""";0,98;160,09;0;3,05;;;;;;;;
"=""API""";"=""WIND""";"=""2026-04-28T12:54:00+03:00""";"=""OA_YTM""";"=""AKSU RES""";"=""10928268862""";"=""2890""";"=""AKSU ÇAMLICA RES""";0,98;160,09;0;3,05;;;;;;;;
"=""API""";"=""WIND""";"=""2026-04-28T12:55:00+03:00""";"=""OA_YTM""";"=""AKSU RES""";"=""10928268862""";"=""2890""";"=""AKSU ÇAMLICA RES""";0,98;160,2;0;3,05;;;;;;;;
"=""API""";"=""WIND""";"=""2026-04-28T12:56:00+03:00""";"=""OA_YTM""";"=""AKSU RES""";"=""10928268862""";"=""2890""";"=""AKSU ÇAMLICA RES""";0,98;160,5;0;3,05;;;;;;;;
"=""API""";"=""WIND""";"=""2026-04-28T12:57:00+03:00""";"=""OA_YTM""";"=""AKSU RES""";"=""10928268862""";"=""2890""";"=""AKSU ÇAMLICA RES""";0,98;160,81;0;3,09;;;;;;;;
"=""API""";"=""WIND""";"=""2026-04-28T12:58:00+03:00""";"=""OA_YTM""";"=""AKSU RES""";"=""10928268862""";"=""2890""";"=""AKSU ÇAMLICA RES""";0,98;160,92;0;3,08;;;;;;;;
"=""API""";"=""WIND""";"=""2026-04-28T12:59:00+03:00""";"=""OA_YTM""";"=""AKSU RES""";"=""10928268862""";"=""2890""";"=""AKSU ÇAMLICA RES""";0,98;160,35;0;3,08;;;;;;;;
"=""API""";"=""WIND""";"=""2026-04-28T13:00:00+03:00""";"=""OA_YTM""";"=""AKSU RES""";"=""10928268862""";"=""2890""";"=""AKSU ÇAMLICA RES""";0,98;160,61;0;3,08;;;;;;;;
"=""API""";"=""WIND""";"=""2026-04-28T13:01:00+03:00""";"=""OA_YTM""";"=""AKSU RES""";"=""10928268862""";"=""2890""";"=""AKSU ÇAMLICA RES""";0,98;160,3;0;3,1;;;;;;;;
"=""API""";"=""WIND""";"=""2026-04-28T13:02:00+03:00""";"=""OA_YTM""";"=""AKSU RES""";"=""10928268862""";"=""2890""";"=""AKSU ÇAMLICA RES""";0,98;159,58;0;3,1;;;;;;;;
"=""API""";"=""WIND""";"=""2026-04-28T13:03:00+03:00""";"=""OA_YTM""";"=""AKSU RES""";"=""10928268862""";"=""2890""";"=""AKSU ÇAMLICA RES""";0,98;159,32;0;3,07;;;;;;;;
"=""API""";"=""WIND""";"=""2026-04-28T13:04:00+03:00""";"=""OA_YTM""";"=""AKSU RES""";"=""10928268862""";"=""2890""";"=""AKSU ÇAMLICA RES""";0,98;159,53;0;3,07;;;;;;;;
"=""API""";"=""WIND""";"=""2026-04-28T13:05:00+03:00""";"=""OA_YTM""";"=""AKSU RES""";"=""10928268862""";"=""2890""";"=""AKSU ÇAMLICA RES""";0,98;159,53;0;3,07;;;;;;;;
"=""API""";"=""WIND""";"=""2026-04-28T13:06:00+03:00""";"=""OA_YTM""";"=""AKSU RES""";"=""10928268862""";"=""2890""";"=""AKSU ÇAMLICA RES""";0,98;160,04;0;3,06;;;;;;;;
"=""API""";"=""WIND""";"=""2026-04-28T13:07:00+03:00""";"=""OA_YTM""";"=""AKSU RES""";"=""10928268862""";"=""2890""";"=""AKSU ÇAMLICA RES""";0,98;160,25;0;3,06;;;;;;;;
"=""API""";"=""WIND""";"=""2026-04-28T13:08:00+03:00""";"=""OA_YTM""";"=""AKSU RES""";"=""10928268862""";"=""2890""";"=""AKSU ÇAMLICA RES""";0,98;159,63;0;3,06;;;;;;;;
"=""API""";"=""WIND""";"=""2026-04-28T13:09:00+03:00""";"=""OA_YTM""";"=""AKSU RES""";"=""10928268862""";"=""2890""";"=""AKSU ÇAMLICA RES""";0,98;159,94;0;3,06;;;;;;;;
"=""API""";"=""WIND""";"=""2026-04-28T13:10:00+03:00""";"=""OA_YTM""";"=""AKSU RES""";"=""10928268862""";"=""2890""";"=""AKSU ÇAMLICA RES""";0,98;159,94;0;3;;;;;;;;
"=""API""";"=""WIND""";"=""2026-04-28T13:11:00+03:00""";"=""OA_YTM""";"=""AKSU RES""";"=""10928268862""";"=""2890""";"=""AKSU ÇAMLICA RES""";0,98;160,14;0;3,11;;;;;;;;
"=""API""";"=""WIND""";"=""2026-04-28T13:12:00+03:00""";"=""OA_YTM""";"=""AKSU RES""";"=""10928268862""";"=""2890""";"=""AKSU ÇAMLICA RES""";0,98;159,84;0;3,11;;;;;;;;
"=""API""";"=""WIND""";"=""2026-04-28T13:13:00+03:00""";"=""OA_YTM""";"=""AKSU RES""";"=""10928268862""";"=""2890""";"=""AKSU ÇAMLICA RES""";0,98;160,14;0;3,08;;;;;;;;
"=""API""";"=""WIND""";"=""2026-04-28T13:14:00+03:00""";"=""OA_YTM""";"=""AKSU RES""";"=""10928268862""";"=""2890""";"=""AKSU ÇAMLICA RES""";0,98;159,84;0;3,08;;;;;;;;
"=""API""";"=""WIND""";"=""2026-04-28T13:15:00+03:00""";"=""OA_YTM""";"=""AKSU RES""";"=""10928268862""";"=""2890""";"=""AKSU ÇAMLICA RES""";0,98;160,14;0;3,08;;;;;;;;
"=""API""";"=""WIND""";"=""2026-04-28T13:16:00+03:00""";"=""OA_YTM""";"=""AKSU RES""";"=""10928268862""";"=""2890""";"=""AKSU ÇAMLICA RES""";0,98;159,48;0;3,08;;;;;;;;
"=""API""";"=""WIND""";"=""2026-04-28T13:17:00+03:00""";"=""OA_YTM""";"=""AKSU RES""";"=""10928268862""";"=""2890""";"=""AKSU ÇAMLICA RES""";0,98;159,89;0;3,08;;;;;;;;
"=""API""";"=""WIND""";"=""2026-04-28T13:18:00+03:00""";"=""OA_YTM""";"=""AKSU RES""";"=""10928268862""";"=""2890""";"=""AKSU ÇAMLICA RES""";0,98;159,17;0;3,08;;;;;;;;
"=""API""";"=""WIND""";"=""2026-04-28T13:19:00+03:00""";"=""OA_YTM""";"=""AKSU RES""";"=""10928268862""";"=""2890""";"=""AKSU ÇAMLICA RES""";0,98;159,48;0;3,08;;;;;;;;
"=""API""";"=""WIND""";"=""2026-04-28T13:20:00+03:00""";"=""OA_YTM""";"=""AKSU RES""";"=""10928268862""";"=""2890""";"=""AKSU ÇAMLICA RES""";0,98;159,79;0;3,04;;;;;;;;
"=""API""";"=""WIND""";"=""2026-04-28T13:21:00+03:00""";"=""OA_YTM""";"=""AKSU RES""";"=""10928268862""";"=""2890""";"=""AKSU ÇAMLICA RES""";0,98;159,68;0;2,99;;;;;;;;
"=""API""";"=""WIND""";"=""2026-04-28T13:22:00+03:00""";"=""OA_YTM""";"=""AKSU RES""";"=""10928268862""";"=""2890""";"=""AKSU ÇAMLICA RES""";0,98;159,32;0;3,14;;;;;;;;
"=""API""";"=""WIND""";"=""2026-04-28T13:23:00+03:00""";"=""OA_YTM""";"=""AKSU RES""";"=""10928268862""";"=""2890""";"=""AKSU ÇAMLICA RES""";0,98;159,73;0;3,14;;;;;;;;
"=""API""";"=""WIND""";"=""2026-04-28T13:24:00+03:00""";"=""OA_YTM""";"=""AKSU RES""";"=""10928268862""";"=""2890""";"=""AKSU ÇAMLICA RES""";0,98;159,84;0;3,08;;;;;;;;
"=""API""";"=""WIND""";"=""2026-04-28T13:25:00+03:00""";"=""OA_YTM""";"=""AKSU RES""";"=""10928268862""";"=""2890""";"=""AKSU ÇAMLICA RES""";0,98;159,63;0;3,08;;;;;;;;
"=""API""";"=""WIND""";"=""2026-04-28T13:26:00+03:00""";"=""OA_YTM""";"=""AKSU RES""";"=""10928268862""";"=""2890""";"=""AKSU ÇAMLICA RES""";0,98;159,17;0;3,13;;;;;;;;
"=""API""";"=""WIND""";"=""2026-04-28T13:27:00+03:00""";"=""OA_YTM""";"=""AKSU RES""";"=""10928268862""";"=""2890""";"=""AKSU ÇAMLICA RES""";0,98;159,89;0;3,03;;;;;;;;
"=""API""";"=""WIND""";"=""2026-04-28T13:28:00+03:00""";"=""OA_YTM""";"=""AKSU RES""";"=""10928268862""";"=""2890""";"=""AKSU ÇAMLICA RES""";0,98;159,79;0;3,11;;;;;;;;
"=""API""";"=""WIND""";"=""2026-04-28T13:29:00+03:00""";"=""OA_YTM""";"=""AKSU RES""";"=""10928268862""";"=""2890""";"=""AKSU ÇAMLICA RES""";0,98;159,68;0;3,11;;;;;;;;
"=""API""";"=""WIND""";"=""2026-04-28T13:30:00+03:00""";"=""OA_YTM""";"=""AKSU RES""";"=""10928268862""";"=""2890""";"=""AKSU ÇAMLICA RES""";0,98;159,79;0;3,06;;;;;;;;
"=""API""";"=""WIND""";"=""2026-04-28T13:31:00+03:00""";"=""OA_YTM""";"=""AKSU RES""";"=""10928268862""";"=""2890""";"=""AKSU ÇAMLICA RES""";0,98;159,07;0;3,06;;;;;;;;
"=""API""";"=""WIND""";"=""2026-04-28T13:32:00+03:00""";"=""OA_YTM""";"=""AKSU RES""";"=""10928268862""";"=""2890""";"=""AKSU ÇAMLICA RES""";0,98;158,71;0;3,06;;;;;;;;
"=""API""";"=""WIND""";"=""2026-04-28T13:33:00+03:00""";"=""OA_YTM""";"=""AKSU RES""";"=""10928268862""";"=""2890""";"=""AKSU ÇAMLICA RES""";0,98;159,01;0;3,06;;;;;;;;
"=""API""";"=""WIND""";"=""2026-04-28T13:34:00+03:00""";"=""OA_YTM""";"=""AKSU RES""";"=""10928268862""";"=""2890""";"=""AKSU ÇAMLICA RES""";0,98;158,61;0;3,06;;;;;;;;
"=""API""";"=""WIND""";"=""2026-04-28T13:35:00+03:00""";"=""OA_YTM""";"=""AKSU RES""";"=""10928268862""";"=""2890""";"=""AKSU ÇAMLICA RES""";0,98;159,17;0;3,06;;;;;;;;
"=""API""";"=""WIND""";"=""2026-04-28T13:36:00+03:00""";"=""OA_YTM""";"=""AKSU RES""";"=""10928268862""";"=""2890""";"=""AKSU ÇAMLICA RES""";0,98;159,27;0;3,06;;;;;;;;
"=""API""";"=""WIND""";"=""2026-04-28T13:37:00+03:00""";"=""OA_YTM""";"=""AKSU RES""";"=""10928268862""";"=""2890""";"=""AKSU ÇAMLICA RES""";0,98;159,63;0;3,06;;;;;;;;
"=""API""";"=""WIND""";"=""2026-04-28T13:38:00+03:00""";"=""OA_YTM""";"=""AKSU RES""";"=""10928268862""";"=""2890""";"=""AKSU ÇAMLICA RES""";0,98;159,73;0;3,12;;;;;;;;
"=""API""";"=""WIND""";"=""2026-04-28T13:39:00+03:00""";"=""OA_YTM""";"=""AKSU RES""";"=""10928268862""";"=""2890""";"=""AKSU ÇAMLICA RES""";0,98;159,63;0;3,12;;;;;;;;
"=""API""";"=""WIND""";"=""2026-04-28T13:40:00+03:00""";"=""OA_YTM""";"=""AKSU RES""";"=""10928268862""";"=""2890""";"=""AKSU ÇAMLICA RES""";0,98;159,73;0;3,12;;;;;;;;
"=""API""";"=""WIND""";"=""2026-04-28T13:41:00+03:00""";"=""OA_YTM""";"=""AKSU RES""";"=""10928268862""";"=""2890""";"=""AKSU ÇAMLICA RES""";0,98;160,04;0;3,12;;;;;;;;
"=""API""";"=""WIND""";"=""2026-04-28T13:42:00+03:00""";"=""OA_YTM""";"=""AKSU RES""";"=""10928268862""";"=""2890""";"=""AKSU ÇAMLICA RES""";0,98;160,61;0;3,09;;;;;;;;
"=""API""";"=""WIND""";"=""2026-04-28T13:43:00+03:00""";"=""OA_YTM""";"=""AKSU RES""";"=""10928268862""";"=""2890""";"=""AKSU ÇAMLICA RES""";0,98;160,61;0;3,09;;;;;;;;
"=""API""";"=""WIND""";"=""2026-04-28T13:44:00+03:00""";"=""OA_YTM""";"=""AKSU RES""";"=""10928268862""";"=""2890""";"=""AKSU ÇAMLICA RES""";0,98;160,3;0;3,09;;;;;;;;
"=""API""";"=""WIND""";"=""2026-04-28T13:45:00+03:00""";"=""OA_YTM""";"=""AKSU RES""";"=""10928268862""";"=""2890""";"=""AKSU ÇAMLICA RES""";0,98;159,68;0;3,06;;;;;;;;
"=""API""";"=""WIND""";"=""2026-04-28T13:46:00+03:00""";"=""OA_YTM""";"=""AKSU RES""";"=""10928268862""";"=""2890""";"=""AKSU ÇAMLICA RES""";0,98;159,68;0;3,06;;;;;;;;
"=""API""";"=""WIND""";"=""2026-04-28T13:47:00+03:00""";"=""OA_YTM""";"=""AKSU RES""";"=""10928268862""";"=""2890""";"=""AKSU ÇAMLICA RES""";0,98;159,68;0;3,06;;;;;;;;
"=""API""";"=""WIND""";"=""2026-04-28T13:48:00+03:00""";"=""OA_YTM""";"=""AKSU RES""";"=""10928268862""";"=""2890""";"=""AKSU ÇAMLICA RES""";0,98;159,48;0;3,11;;;;;;;;
"=""API""";"=""WIND""";"=""2026-04-28T13:49:00+03:00""";"=""OA_YTM""";"=""AKSU RES""";"=""10928268862""";"=""2890""";"=""AKSU ÇAMLICA RES""";0,98;159,99;0;3,06;;;;;;;;
"=""API""";"=""WIND""";"=""2026-04-28T13:50:00+03:00""";"=""OA_YTM""";"=""AKSU RES""";"=""10928268862""";"=""2890""";"=""AKSU ÇAMLICA RES""";0,98;159,68;0;3,06;;;;;;;;
"=""API""";"=""WIND""";"=""2026-04-28T13:51:00+03:00""";"=""OA_YTM""";"=""AKSU RES""";"=""10928268862""";"=""2890""";"=""AKSU ÇAMLICA RES""";0,98;159,89;0;3,09;;;;;;;;
"=""API""";"=""WIND""";"=""2026-04-28T13:52:00+03:00""";"=""OA_YTM""";"=""AKSU RES""";"=""10928268862""";"=""2890""";"=""AKSU ÇAMLICA RES""";0,98;159,89;0;3,09;;;;;;;;
"=""API""";"=""WIND""";"=""2026-04-28T13:53:00+03:00""";"=""OA_YTM""";"=""AKSU RES""";"=""10928268862""";"=""2890""";"=""AKSU ÇAMLICA RES""";0,98;159,79;0;3,06;;;;;;;;
"=""API""";"=""WIND""";"=""2026-04-28T13:54:00+03:00""";"=""OA_YTM""";"=""AKSU RES""";"=""10928268862""";"=""2890""";"=""AKSU ÇAMLICA RES""";0,98;159,89;0;3,06;;;;;;;;
"=""API""";"=""WIND""";"=""2026-04-28T13:55:00+03:00""";"=""OA_YTM""";"=""AKSU RES""";"=""10928268862""";"=""2890""";"=""AKSU ÇAMLICA RES""";0,98;160,09;0;3,06;;;;;;;;
"=""API""";"=""WIND""";"=""2026-04-28T13:56:00+03:00""";"=""OA_YTM""";"=""AKSU RES""";"=""10928268862""";"=""2890""";"=""AKSU ÇAMLICA RES""";0,98;160,09;0;3,03;;;;;;;;
"=""API""";"=""WIND""";"=""2026-04-28T13:57:00+03:00""";"=""OA_YTM""";"=""AKSU RES""";"=""10928268862""";"=""2890""";"=""AKSU ÇAMLICA RES""";0,98;159,89;0;3,03;;;;;;;;
"=""API""";"=""WIND""";"=""2026-04-28T13:58:00+03:00""";"=""OA_YTM""";"=""AKSU RES""";"=""10928268862""";"=""2890""";"=""AKSU ÇAMLICA RES""";0,98;159,68;0;3,03;;;;;;;;
"=""API""";"=""WIND""";"=""2026-04-28T13:59:00+03:00""";"=""OA_YTM""";"=""AKSU RES""";"=""10928268862""";"=""2890""";"=""AKSU ÇAMLICA RES""";0,98;159,73;0;2,94;;;;;;;;
"=""API""";"=""WIND""";"=""2026-04-28T14:00:00+03:00""";"=""OA_YTM""";"=""AKSU RES""";"=""10928268862""";"=""2890""";"=""AKSU ÇAMLICA RES""";0,98;159,73;0;3,05;;;;;;;;
"=""API""";"=""WIND""";"=""2026-04-28T14:01:00+03:00""";"=""OA_YTM""";"=""AKSU RES""";"=""10928268862""";"=""2890""";"=""AKSU ÇAMLICA RES""";0,98;159,22;0;3,05;;;;;;;;
"=""API""";"=""WIND""";"=""2026-04-28T14:02:00+03:00""";"=""OA_YTM""";"=""AKSU RES""";"=""10928268862""";"=""2890""";"=""AKSU ÇAMLICA RES""";0,98;159,73;0;2,98;;;;;;;;
"=""API""";"=""WIND""";"=""2026-04-28T14:03:00+03:00""";"=""OA_YTM""";"=""AKSU RES""";"=""10928268862""";"=""2890""";"=""AKSU ÇAMLICA RES""";0,98;159,12;0;2,98;;;;;;;;
"=""API""";"=""WIND""";"=""2026-04-28T14:04:00+03:00""";"=""OA_YTM""";"=""AKSU RES""";"=""10928268862""";"=""2890""";"=""AKSU ÇAMLICA RES""";0,98;159,17;0;3,04;;;;;;;;
"=""API""";"=""WIND""";"=""2026-04-28T14:05:00+03:00""";"=""OA_YTM""";"=""AKSU RES""";"=""10928268862""";"=""2890""";"=""AKSU ÇAMLICA RES""";0,98;159,32;0;3,07;;;;;;;;
"=""API""";"=""WIND""";"=""2026-04-28T14:06:00+03:00""";"=""OA_YTM""";"=""AKSU RES""";"=""10928268862""";"=""2890""";"=""AKSU ÇAMLICA RES""";0,98;159,84;0;2,95;;;;;;;;
"=""API""";"=""WIND""";"=""2026-04-28T14:07:00+03:00""";"=""OA_YTM""";"=""AKSU RES""";"=""10928268862""";"=""2890""";"=""AKSU ÇAMLICA RES""";0,98;159,38;0;3,05;;;;;;;;
"=""API""";"=""WIND""";"=""2026-04-28T14:08:00+03:00""";"=""OA_YTM""";"=""AKSU RES""";"=""10928268862""";"=""2890""";"=""AKSU ÇAMLICA RES""";0,98;159,58;0;3,05;;;;;;;;
"=""API""";"=""WIND""";"=""2026-04-28T14:09:00+03:00""";"=""OA_YTM""";"=""AKSU RES""";"=""10928268862""";"=""2890""";"=""AKSU ÇAMLICA RES""";0,98;159,63;0;3,05;;;;;;;;
"=""API""";"=""WIND""";"=""2026-04-28T14:10:00+03:00""";"=""OA_YTM""";"=""AKSU RES""";"=""10928268862""";"=""2890""";"=""AKSU ÇAMLICA RES""";0,98;159,63;0;3,05;;;;;;;;
"=""API""";"=""WIND""";"=""2026-04-28T14:11:00+03:00""";"=""OA_YTM""";"=""AKSU RES""";"=""10928268862""";"=""2890""";"=""AKSU ÇAMLICA RES""";0,98;159,53;0;3,03;;;;;;;;
"=""API""";"=""WIND""";"=""2026-04-28T14:12:00+03:00""";"=""OA_YTM""";"=""AKSU RES""";"=""10928268862""";"=""2890""";"=""AKSU ÇAMLICA RES""";0,98;159,48;0;3,03;;;;;;;;
"=""API""";"=""WIND""";"=""2026-04-28T14:13:00+03:00""";"=""OA_YTM""";"=""AKSU RES""";"=""10928268862""";"=""2890""";"=""AKSU ÇAMLICA RES""";0,98;159,06;0;3,03;;;;;;;;
"=""API""";"=""WIND""";"=""2026-04-28T14:14:00+03:00""";"=""OA_YTM""";"=""AKSU RES""";"=""10928268862""";"=""2890""";"=""AKSU ÇAMLICA RES""";0,98;159,53;0;3,06;;;;;;;;
"=""API""";"=""WIND""";"=""2026-04-28T14:15:00+03:00""";"=""OA_YTM""";"=""AKSU RES""";"=""10928268862""";"=""2890""";"=""AKSU ÇAMLICA RES""";0,98;159,43;0;3,06;;;;;;;;
"=""API""";"=""WIND""";"=""2026-04-28T14:16:00+03:00""";"=""OA_YTM""";"=""AKSU RES""";"=""10928268862""";"=""2890""";"=""AKSU ÇAMLICA RES""";0,98;159,22;0;2,99;;;;;;;;
"=""API""";"=""WIND""";"=""2026-04-28T14:17:00+03:00""";"=""OA_YTM""";"=""AKSU RES""";"=""10928268862""";"=""2890""";"=""AKSU ÇAMLICA RES""";0,98;159,32;0;2,92;;;;;;;;
"=""API""";"=""WIND""";"=""2026-04-28T14:18:00+03:00""";"=""OA_YTM""";"=""AKSU RES""";"=""10928268862""";"=""2890""";"=""AKSU ÇAMLICA RES""";0,98;159,32;0;3,03;;;;;;;;
"=""API""";"=""WIND""";"=""2026-04-28T14:19:00+03:00""";"=""OA_YTM""";"=""AKSU RES""";"=""10928268862""";"=""2890""";"=""AKSU ÇAMLICA RES""";0,98;159,32;0;3,03;;;;;;;;
"=""API""";"=""WIND""";"=""2026-04-28T14:20:00+03:00""";"=""OA_YTM""";"=""AKSU RES""";"=""10928268862""";"=""2890""";"=""AKSU ÇAMLICA RES""";0,98;159,32;0;3,04;;;;;;;;
"=""API""";"=""WIND""";"=""2026-04-28T14:21:00+03:00""";"=""OA_YTM""";"=""AKSU RES""";"=""10928268862""";"=""2890""";"=""AKSU ÇAMLICA RES""";0,98;159,32;0;3,04;;;;;;;;
"=""API""";"=""WIND""";"=""2026-04-28T14:22:00+03:00""";"=""OA_YTM""";"=""AKSU RES""";"=""10928268862""";"=""2890""";"=""AKSU ÇAMLICA RES""";0,98;159,53;0;3,1;;;;;;;;
"=""API""";"=""WIND""";"=""2026-04-28T14:23:00+03:00""";"=""OA_YTM""";"=""AKSU RES""";"=""10928268862""";"=""2890""";"=""AKSU ÇAMLICA RES""";0,98;159,53;0;3,04;;;;;;;;
"=""API""";"=""WIND""";"=""2026-04-28T14:24:00+03:00""";"=""OA_YTM""";"=""AKSU RES""";"=""10928268862""";"=""2890""";"=""AKSU ÇAMLICA RES""";0,98;159,53;0;3,04;;;;;;;;
"=""API""";"=""WIND""";"=""2026-04-28T14:25:00+03:00""";"=""OA_YTM""";"=""AKSU RES""";"=""10928268862""";"=""2890""";"=""AKSU ÇAMLICA RES""";0,98;159,43;0;3,09;;;;;;;;
"=""API""";"=""WIND""";"=""2026-04-28T14:26:00+03:00""";"=""OA_YTM""";"=""AKSU RES""";"=""10928268862""";"=""2890""";"=""AKSU ÇAMLICA RES""";0,98;159,38;0;3,01;;;;;;;;
"=""API""";"=""WIND""";"=""2026-04-28T14:27:00+03:00""";"=""OA_YTM""";"=""AKSU RES""";"=""10928268862""";"=""2890""";"=""AKSU ÇAMLICA RES""";0,98;159,07;0;3,01;;;;;;;;
"=""API""";"=""WIND""";"=""2026-04-28T14:28:00+03:00""";"=""OA_YTM""";"=""AKSU RES""";"=""10928268862""";"=""2890""";"=""AKSU ÇAMLICA RES""";0,98;159,63;0;3,06;;;;;;;;
"=""API""";"=""WIND""";"=""2026-04-28T14:29:00+03:00""";"=""OA_YTM""";"=""AKSU RES""";"=""10928268862""";"=""2890""";"=""AKSU ÇAMLICA RES""";0,98;159,58;0;3,06;;;;;;;;
"=""API""";"=""WIND""";"=""2026-04-28T14:30:00+03:00""";"=""OA_YTM""";"=""AKSU RES""";"=""10928268862""";"=""2890""";"=""AKSU ÇAMLICA RES""";0,98;159,12;0;3,06;;;;;;;;
"=""API""";"=""WIND""";"=""2026-04-28T14:31:00+03:00""";"=""OA_YTM""";"=""AKSU RES""";"=""10928268862""";"=""2890""";"=""AKSU ÇAMLICA RES""";0,98;159,22;0;3,06;;;;;;;;
"=""API""";"=""WIND""";"=""2026-04-28T14:32:00+03:00""";"=""OA_YTM""";"=""AKSU RES""";"=""10928268862""";"=""2890""";"=""AKSU ÇAMLICA RES""";0,98;159,32;0;3,01;;;;;;;;
"=""API""";"=""WIND""";"=""2026-04-28T14:33:00+03:00""";"=""OA_YTM""";"=""AKSU RES""";"=""10928268862""";"=""2890""";"=""AKSU ÇAMLICA RES""";0,98;159,22;0;3,01;;;;;;;;
"=""API""";"=""WIND""";"=""2026-04-28T14:34:00+03:00""";"=""OA_YTM""";"=""AKSU RES""";"=""10928268862""";"=""2890""";"=""AKSU ÇAMLICA RES""";0,98;159,27;0;3,07;;;;;;;;
"=""API""";"=""WIND""";"=""2026-04-28T14:35:00+03:00""";"=""OA_YTM""";"=""AKSU RES""";"=""10928268862""";"=""2890""";"=""AKSU ÇAMLICA RES""";0,98;159,27;0;3,03;;;;;;;;
"=""API""";"=""WIND""";"=""2026-04-28T14:36:00+03:00""";"=""OA_YTM""";"=""AKSU RES""";"=""10928268862""";"=""2890""";"=""AKSU ÇAMLICA RES""";0,98;159,27;0;3,03;;;;;;;;
"=""API""";"=""WIND""";"=""2026-04-28T14:37:00+03:00""";"=""OA_YTM""";"=""AKSU RES""";"=""10928268862""";"=""2890""";"=""AKSU ÇAMLICA RES""";0,98;159,58;0;2,98;;;;;;;;
"=""API""";"=""WIND""";"=""2026-04-28T14:38:00+03:00""";"=""OA_YTM""";"=""AKSU RES""";"=""10928268862""";"=""2890""";"=""AKSU ÇAMLICA RES""";0,98;159,37;0;3,07;;;;;;;;
"=""API""";"=""WIND""";"=""2026-04-28T14:39:00+03:00""";"=""OA_YTM""";"=""AKSU RES""";"=""10928268862""";"=""2890""";"=""AKSU ÇAMLICA RES""";0,98;159,58;0;3,15;;;;;;;;
"=""API""";"=""WIND""";"=""2026-04-28T14:40:00+03:00""";"=""OA_YTM""";"=""AKSU RES""";"=""10928268862""";"=""2890""";"=""AKSU ÇAMLICA RES""";0,98;159,48;0;3,09;;;;;;;;
"=""API""";"=""WIND""";"=""2026-04-28T14:41:00+03:00""";"=""OA_YTM""";"=""AKSU RES""";"=""10928268862""";"=""2890""";"=""AKSU ÇAMLICA RES""";0,98;159,07;0;3,04;;;;;;;;
"=""API""";"=""WIND""";"=""2026-04-28T14:42:00+03:00""";"=""OA_YTM""";"=""AKSU RES""";"=""10928268862""";"=""2890""";"=""AKSU ÇAMLICA RES""";0,98;158,96;0;3,04;;;;;;;;
"=""API""";"=""WIND""";"=""2026-04-28T14:43:00+03:00""";"=""OA_YTM""";"=""AKSU RES""";"=""10928268862""";"=""2890""";"=""AKSU ÇAMLICA RES""";0,98;158,5;0;3,04;;;;;;;;
"=""API""";"=""WIND""";"=""2026-04-28T14:44:00+03:00""";"=""OA_YTM""";"=""AKSU RES""";"=""10928268862""";"=""2890""";"=""AKSU ÇAMLICA RES""";0,98;159,12;0;3,09;;;;;;;;
"=""API""";"=""WIND""";"=""2026-04-28T14:45:00+03:00""";"=""OA_YTM""";"=""AKSU RES""";"=""10928268862""";"=""2890""";"=""AKSU ÇAMLICA RES""";0,98;159,32;0;3,03;;;;;;;;
"=""API""";"=""WIND""";"=""2026-04-28T14:46:00+03:00""";"=""OA_YTM""";"=""AKSU RES""";"=""10928268862""";"=""2890""";"=""AKSU ÇAMLICA RES""";0,98;159,17;0;2,95;;;;;;;;
"=""API""";"=""WIND""";"=""2026-04-28T14:47:00+03:00""";"=""OA_YTM""";"=""AKSU RES""";"=""10928268862""";"=""2890""";"=""AKSU ÇAMLICA RES""";0,98;159,27;0;3,05;;;;;;;;
"=""API""";"=""WIND""";"=""2026-04-28T14:48:00+03:00""";"=""OA_YTM""";"=""AKSU RES""";"=""10928268862""";"=""2890""";"=""AKSU ÇAMLICA RES""";0,98;159,17;0;2,97;;;;;;;;
"=""API""";"=""WIND""";"=""2026-04-28T14:49:00+03:00""";"=""OA_YTM""";"=""AKSU RES""";"=""10928268862""";"=""2890""";"=""AKSU ÇAMLICA RES""";0,98;159,48;0;2,97;;;;;;;;
"=""API""";"=""WIND""";"=""2026-04-28T14:50:00+03:00""";"=""OA_YTM""";"=""AKSU RES""";"=""10928268862""";"=""2890""";"=""AKSU ÇAMLICA RES""";0,98;159,48;0;3,09;;;;;;;;
"=""API""";"=""WIND""";"=""2026-04-28T14:51:00+03:00""";"=""OA_YTM""";"=""AKSU RES""";"=""10928268862""";"=""2890""";"=""AKSU ÇAMLICA RES""";0,98;159,63;0;3,09;;;;;;;;
"=""API""";"=""WIND""";"=""2026-04-28T14:52:00+03:00""";"=""OA_YTM""";"=""AKSU RES""";"=""10928268862""";"=""2890""";"=""AKSU ÇAMLICA RES""";0,98;159,73;0;3,11;;;;;;;;
"=""API""";"=""WIND""";"=""2026-04-28T14:53:00+03:00""";"=""OA_YTM""";"=""AKSU RES""";"=""10928268862""";"=""2890""";"=""AKSU ÇAMLICA RES""";0,98;159,53;0;3,11;;;;;;;;
"=""API""";"=""WIND""";"=""2026-04-28T14:54:00+03:00""";"=""OA_YTM""";"=""AKSU RES""";"=""10928268862""";"=""2890""";"=""AKSU ÇAMLICA RES""";0,98;159,48;0;3,11;;;;;;;;
"=""API""";"=""WIND""";"=""2026-04-28T14:55:00+03:00""";"=""OA_YTM""";"=""AKSU RES""";"=""10928268862""";"=""2890""";"=""AKSU ÇAMLICA RES""";0,98;158,66;0;3,09;;;;;;;;
"=""API""";"=""WIND""";"=""2026-04-28T14:56:00+03:00""";"=""OA_YTM""";"=""AKSU RES""";"=""10928268862""";"=""2890""";"=""AKSU ÇAMLICA RES""";0,98;158,76;0;3,09;;;;;;;;
"=""API""";"=""WIND""";"=""2026-04-28T14:57:00+03:00""";"=""OA_YTM""";"=""AKSU RES""";"=""10928268862""";"=""2890""";"=""AKSU ÇAMLICA RES""";0,98;159,17;0;2,99;;;;;;;;
"=""API""";"=""WIND""";"=""2026-04-28T14:58:00+03:00""";"=""OA_YTM""";"=""AKSU RES""";"=""10928268862""";"=""2890""";"=""AKSU ÇAMLICA RES""";0,98;159,12;0;3,11;;;;;;;;
"=""API""";"=""WIND""";"=""2026-04-28T14:59:00+03:00""";"=""OA_YTM""";"=""AKSU RES""";"=""10928268862""";"=""2890""";"=""AKSU ÇAMLICA RES""";0,98;159,12;0;3,04;;;;;;;;
"=""API""";"=""WIND""";"=""2026-04-28T15:00:00+03:00""";"=""OA_YTM""";"=""AKSU RES""";"=""10928268862""";"=""2890""";"=""AKSU ÇAMLICA RES""";0,98;159,38;0;3,08;;;;;;;;
"=""API""";"=""WIND""";"=""2026-04-28T15:01:00+03:00""";"=""OA_YTM""";"=""AKSU RES""";"=""10928268862""";"=""2890""";"=""AKSU ÇAMLICA RES""";0,98;159,58;0;3,08;;;;;;;;
"=""API""";"=""WIND""";"=""2026-04-28T15:02:00+03:00""";"=""OA_YTM""";"=""AKSU RES""";"=""10928268862""";"=""2890""";"=""AKSU ÇAMLICA RES""";0,98;159,38;0;3,08;;;;;;;;
"=""API""";"=""WIND""";"=""2026-04-28T15:03:00+03:00""";"=""OA_YTM""";"=""AKSU RES""";"=""10928268862""";"=""2890""";"=""AKSU ÇAMLICA RES""";0,98;159,38;0;3,1;;;;;;;;
"=""API""";"=""WIND""";"=""2026-04-28T15:04:00+03:00""";"=""OA_YTM""";"=""AKSU RES""";"=""10928268862""";"=""2890""";"=""AKSU ÇAMLICA RES""";0,98;159,38;0;3,1;;;;;;;;
"=""API""";"=""WIND""";"=""2026-04-28T15:05:00+03:00""";"=""OA_YTM""";"=""AKSU RES""";"=""10928268862""";"=""2890""";"=""AKSU ÇAMLICA RES""";0,98;159,22;0;3,13;;;;;;;;
"=""API""";"=""WIND""";"=""2026-04-28T15:06:00+03:00""";"=""OA_YTM""";"=""AKSU RES""";"=""10928268862""";"=""2890""";"=""AKSU ÇAMLICA RES""";0,98;159,43;0;3,13;;;;;;;;
"=""API""";"=""WIND""";"=""2026-04-28T15:07:00+03:00""";"=""OA_YTM""";"=""AKSU RES""";"=""10928268862""";"=""2890""";"=""AKSU ÇAMLICA RES""";0,98;159,12;0;3,05;;;;;;;;
"=""API""";"=""WIND""";"=""2026-04-28T15:08:00+03:00""";"=""OA_YTM""";"=""AKSU RES""";"=""10928268862""";"=""2890""";"=""AKSU ÇAMLICA RES""";0,98;159,63;0;3,05;;;;;;;;
"=""API""";"=""WIND""";"=""2026-04-28T15:09:00+03:00""";"=""OA_YTM""";"=""AKSU RES""";"=""10928268862""";"=""2890""";"=""AKSU ÇAMLICA RES""";0,98;159,58;0;3,05;;;;;;;;
"=""API""";"=""WIND""";"=""2026-04-28T15:10:00+03:00""";"=""OA_YTM""";"=""AKSU RES""";"=""10928268862""";"=""2890""";"=""AKSU ÇAMLICA RES""";0,98;159,27;0;3,02;;;;;;;;
"=""API""";"=""WIND""";"=""2026-04-28T15:11:00+03:00""";"=""OA_YTM""";"=""AKSU RES""";"=""10928268862""";"=""2890""";"=""AKSU ÇAMLICA RES""";0,98;159,27;0;3,02;;;;;;;;
"=""API""";"=""WIND""";"=""2026-04-28T15:12:00+03:00""";"=""OA_YTM""";"=""AKSU RES""";"=""10928268862""";"=""2890""";"=""AKSU ÇAMLICA RES""";0,98;159,27;0;3,09;;;;;;;;
"=""API""";"=""WIND""";"=""2026-04-28T15:13:00+03:00""";"=""OA_YTM""";"=""AKSU RES""";"=""10928268862""";"=""2890""";"=""AKSU ÇAMLICA RES""";0,98;159,38;0;3,13;;;;;;;;
"=""API""";"=""WIND""";"=""2026-04-28T15:14:00+03:00""";"=""OA_YTM""";"=""AKSU RES""";"=""10928268862""";"=""2890""";"=""AKSU ÇAMLICA RES""";0,98;159,07;0;3,1;;;;;;;;
"=""API""";"=""WIND""";"=""2026-04-28T15:15:00+03:00""";"=""OA_YTM""";"=""AKSU RES""";"=""10928268862""";"=""2890""";"=""AKSU ÇAMLICA RES""";0,98;159,43;0;3,09;;;;;;;;
"=""API""";"=""WIND""";"=""2026-04-28T15:16:00+03:00""";"=""OA_YTM""";"=""AKSU RES""";"=""10928268862""";"=""2890""";"=""AKSU ÇAMLICA RES""";0,98;159,32;0;3,09;;;;;;;;
"=""API""";"=""WIND""";"=""2026-04-28T15:17:00+03:00""";"=""OA_YTM""";"=""AKSU RES""";"=""10928268862""";"=""2890""";"=""AKSU ÇAMLICA RES""";0,98;159,32;0;3,09;;;;;;;;
"=""API""";"=""WIND""";"=""2026-04-28T15:18:00+03:00""";"=""OA_YTM""";"=""AKSU RES""";"=""10928268862""";"=""2890""";"=""AKSU ÇAMLICA RES""";0,98;159,17;0;3,09;;;;;;;;
"=""API""";"=""WIND""";"=""2026-04-28T15:19:00+03:00""";"=""OA_YTM""";"=""AKSU RES""";"=""10928268862""";"=""2890""";"=""AKSU ÇAMLICA RES""";0,98;158,86;0;3,14;;;;;;;;
"=""API""";"=""WIND""";"=""2026-04-28T15:20:00+03:00""";"=""OA_YTM""";"=""AKSU RES""";"=""10928268862""";"=""2890""";"=""AKSU ÇAMLICA RES""";0,98;159,48;0;3,14;;;;;;;;
"=""API""";"=""WIND""";"=""2026-04-28T15:21:00+03:00""";"=""OA_YTM""";"=""AKSU RES""";"=""10928268862""";"=""2890""";"=""AKSU ÇAMLICA RES""";0,98;159,27;0;3,09;;;;;;;;
"=""API""";"=""WIND""";"=""2026-04-28T15:22:00+03:00""";"=""OA_YTM""";"=""AKSU RES""";"=""10928268862""";"=""2890""";"=""AKSU ÇAMLICA RES""";0,98;159,06;0;3,09;;;;;;;;
"=""API""";"=""WIND""";"=""2026-04-28T15:23:00+03:00""";"=""OA_YTM""";"=""AKSU RES""";"=""10928268862""";"=""2890""";"=""AKSU ÇAMLICA RES""";0,98;158,96;0;3,09;;;;;;;;
"=""API""";"=""WIND""";"=""2026-04-28T15:24:00+03:00""";"=""OA_YTM""";"=""AKSU RES""";"=""10928268862""";"=""2890""";"=""AKSU ÇAMLICA RES""";0,98;158,66;0;3,06;;;;;;;;
"=""API""";"=""WIND""";"=""2026-04-28T15:25:00+03:00""";"=""OA_YTM""";"=""AKSU RES""";"=""10928268862""";"=""2890""";"=""AKSU ÇAMLICA RES""";0,98;158,55;0;3,06;;;;;;;;
"=""API""";"=""WIND""";"=""2026-04-28T15:26:00+03:00""";"=""OA_YTM""";"=""AKSU RES""";"=""10928268862""";"=""2890""";"=""AKSU ÇAMLICA RES""";0,98;158,5;0;3,06;;;;;;;;
"=""API""";"=""WIND""";"=""2026-04-28T15:27:00+03:00""";"=""OA_YTM""";"=""AKSU RES""";"=""10928268862""";"=""2890""";"=""AKSU ÇAMLICA RES""";0,98;159,12;0;3,12;;;;;;;;
"=""API""";"=""WIND""";"=""2026-04-28T15:28:00+03:00""";"=""OA_YTM""";"=""AKSU RES""";"=""10928268862""";"=""2890""";"=""AKSU ÇAMLICA RES""";0,98;158,81;0;3,12;;;;;;;;
"=""API""";"=""WIND""";"=""2026-04-28T15:29:00+03:00""";"=""OA_YTM""";"=""AKSU RES""";"=""10928268862""";"=""2890""";"=""AKSU ÇAMLICA RES""";0,98;159,12;0;3,09;;;;;;;;
"=""API""";"=""WIND""";"=""2026-04-28T15:30:00+03:00""";"=""OA_YTM""";"=""AKSU RES""";"=""10928268862""";"=""2890""";"=""AKSU ÇAMLICA RES""";0,98;159,12;0;3,09;;;;;;;;
"=""API""";"=""WIND""";"=""2026-04-28T15:31:00+03:00""";"=""OA_YTM""";"=""AKSU RES""";"=""10928268862""";"=""2890""";"=""AKSU ÇAMLICA RES""";0,98;159,63;0;3,09;;;;;;;;
"=""API""";"=""WIND""";"=""2026-04-28T15:32:00+03:00""";"=""OA_YTM""";"=""AKSU RES""";"=""10928268862""";"=""2890""";"=""AKSU ÇAMLICA RES""";0,98;159,32;0;3,09;;;;;;;;
"=""API""";"=""WIND""";"=""2026-04-28T15:33:00+03:00""";"=""OA_YTM""";"=""AKSU RES""";"=""10928268862""";"=""2890""";"=""AKSU ÇAMLICA RES""";0,98;159,48;0;3,09;;;;;;;;
"=""API""";"=""WIND""";"=""2026-04-28T15:34:00+03:00""";"=""OA_YTM""";"=""AKSU RES""";"=""10928268862""";"=""2890""";"=""AKSU ÇAMLICA RES""";0,98;159,38;0;3,09;;;;;;;;
"=""API""";"=""WIND""";"=""2026-04-28T15:35:00+03:00""";"=""OA_YTM""";"=""AKSU RES""";"=""10928268862""";"=""2890""";"=""AKSU ÇAMLICA RES""";0,98;159,07;0;3,11;;;;;;;;
"=""API""";"=""WIND""";"=""2026-04-28T15:36:00+03:00""";"=""OA_YTM""";"=""AKSU RES""";"=""10928268862""";"=""2890""";"=""AKSU ÇAMLICA RES""";0,98;159,17;0;3,11;;;;;;;;
"=""API""";"=""WIND""";"=""2026-04-28T15:37:00+03:00""";"=""OA_YTM""";"=""AKSU RES""";"=""10928268862""";"=""2890""";"=""AKSU ÇAMLICA RES""";0,98;159,07;0;3,07;;;;;;;;
"=""API""";"=""WIND""";"=""2026-04-28T15:38:00+03:00""";"=""OA_YTM""";"=""AKSU RES""";"=""10928268862""";"=""2890""";"=""AKSU ÇAMLICA RES""";0,98;159,27;0;3,1;;;;;;;;
"=""API""";"=""WIND""";"=""2026-04-28T15:39:00+03:00""";"=""OA_YTM""";"=""AKSU RES""";"=""10928268862""";"=""2890""";"=""AKSU ÇAMLICA RES""";0,98;159,02;0;3,12;;;;;;;;
"=""API""";"=""WIND""";"=""2026-04-28T15:40:00+03:00""";"=""OA_YTM""";"=""AKSU RES""";"=""10928268862""";"=""2890""";"=""AKSU ÇAMLICA RES""";0,98;158,71;0;3,05;;;;;;;;
"=""API""";"=""WIND""";"=""2026-04-28T15:41:00+03:00""";"=""OA_YTM""";"=""AKSU RES""";"=""10928268862""";"=""2890""";"=""AKSU ÇAMLICA RES""";0,98;158,6;0;3,05;;;;;;;;
"=""API""";"=""WIND""";"=""2026-04-28T15:42:00+03:00""";"=""OA_YTM""";"=""AKSU RES""";"=""10928268862""";"=""2890""";"=""AKSU ÇAMLICA RES""";0,98;159,43;0;3,08;;;;;;;;
"=""API""";"=""WIND""";"=""2026-04-28T15:43:00+03:00""";"=""OA_YTM""";"=""AKSU RES""";"=""10928268862""";"=""2890""";"=""AKSU ÇAMLICA RES""";0,98;159,68;0;3,08;;;;;;;;
"=""API""";"=""WIND""";"=""2026-04-28T15:44:00+03:00""";"=""OA_YTM""";"=""AKSU RES""";"=""10928268862""";"=""2890""";"=""AKSU ÇAMLICA RES""";0,98;159,07;0;3,08;;;;;;;;
"=""API""";"=""WIND""";"=""2026-04-28T15:45:00+03:00""";"=""OA_YTM""";"=""AKSU RES""";"=""10928268862""";"=""2890""";"=""AKSU ÇAMLICA RES""";0,98;159,07;0;3,08;;;;;;;;
"=""API""";"=""WIND""";"=""2026-04-28T15:46:00+03:00""";"=""OA_YTM""";"=""AKSU RES""";"=""10928268862""";"=""2890""";"=""AKSU ÇAMLICA RES""";0,98;159,02;0;3,08;;;;;;;;
"=""API""";"=""WIND""";"=""2026-04-28T15:47:00+03:00""";"=""OA_YTM""";"=""AKSU RES""";"=""10928268862""";"=""2890""";"=""AKSU ÇAMLICA RES""";0,98;159,02;0;3,08;;;;;;;;
"=""API""";"=""WIND""";"=""2026-04-28T15:48:00+03:00""";"=""OA_YTM""";"=""AKSU RES""";"=""10928268862""";"=""2890""";"=""AKSU ÇAMLICA RES""";0,98;158,45;0;3,11;;;;;;;;
"=""API""";"=""WIND""";"=""2026-04-28T15:49:00+03:00""";"=""OA_YTM""";"=""AKSU RES""";"=""10928268862""";"=""2890""";"=""AKSU ÇAMLICA RES""";0,98;158,96;0;3,11;;;;;;;;
"=""API""";"=""WIND""";"=""2026-04-28T15:50:00+03:00""";"=""OA_YTM""";"=""AKSU RES""";"=""10928268862""";"=""2890""";"=""AKSU ÇAMLICA RES""";0,98;158,86;0;3,11;;;;;;;;
"=""API""";"=""WIND""";"=""2026-04-28T15:51:00+03:00""";"=""OA_YTM""";"=""AKSU RES""";"=""10928268862""";"=""2890""";"=""AKSU ÇAMLICA RES""";0,98;158,96;0;3,11;;;;;;;;
"=""API""";"=""WIND""";"=""2026-04-28T15:52:00+03:00""";"=""OA_YTM""";"=""AKSU RES""";"=""10928268862""";"=""2890""";"=""AKSU ÇAMLICA RES""";0,98;159,07;0;3,09;;;;;;;;
"=""API""";"=""WIND""";"=""2026-04-28T15:53:00+03:00""";"=""OA_YTM""";"=""AKSU RES""";"=""10928268862""";"=""2890""";"=""AKSU ÇAMLICA RES""";0,98;158,71;0;3,09;;;;;;;;
"=""API""";"=""WIND""";"=""2026-04-28T15:54:00+03:00""";"=""OA_YTM""";"=""AKSU RES""";"=""10928268862""";"=""2890""";"=""AKSU ÇAMLICA RES""";0,98;158,55;0;3,09;;;;;;;;
"=""API""";"=""WIND""";"=""2026-04-28T15:55:00+03:00""";"=""OA_YTM""";"=""AKSU RES""";"=""10928268862""";"=""2890""";"=""AKSU ÇAMLICA RES""";0,98;159,07;0;3,09;;;;;;;;
"=""API""";"=""WIND""";"=""2026-04-28T15:56:00+03:00""";"=""OA_YTM""";"=""AKSU RES""";"=""10928268862""";"=""2890""";"=""AKSU ÇAMLICA RES""";0,98;159,38;0;3,09;;;;;;;;
"=""API""";"=""WIND""";"=""2026-04-28T15:57:00+03:00""";"=""OA_YTM""";"=""AKSU RES""";"=""10928268862""";"=""2890""";"=""AKSU ÇAMLICA RES""";0,98;158,76;0;3,09;;;;;;;;
"=""API""";"=""WIND""";"=""2026-04-28T15:58:00+03:00""";"=""OA_YTM""";"=""AKSU RES""";"=""10928268862""";"=""2890""";"=""AKSU ÇAMLICA RES""";0,98;158,96;0;3,09;;;;;;;;
"=""API""";"=""WIND""";"=""2026-04-28T15:59:00+03:00""";"=""OA_YTM""";"=""AKSU RES""";"=""10928268862""";"=""2890""";"=""AKSU ÇAMLICA RES""";0,98;158,76;0;3,03;;;;;;;;
"=""API""";"=""WIND""";"=""2026-04-28T16:00:00+03:00""";"=""OA_YTM""";"=""AKSU RES""";"=""10928268862""";"=""2890""";"=""AKSU ÇAMLICA RES""";0,98;158,5;8,93;2,05;;;;;0;1,63;"=""1""";
"=""API""";"=""WIND""";"=""2026-04-28T16:01:00+03:00""";"=""OA_YTM""";"=""AKSU RES""";"=""10928268862""";"=""2890""";"=""AKSU ÇAMLICA RES""";0,98;158,91;9,92;1,93;;;;;0;1,81;"=""1""";
"=""API""";"=""WIND""";"=""2026-04-28T16:02:00+03:00""";"=""OA_YTM""";"=""AKSU RES""";"=""10928268862""";"=""2890""";"=""AKSU ÇAMLICA RES""";0,98;159,12;11,91;2,72;;;;;0;2,17;"=""1""";
"=""API""";"=""WIND""";"=""2026-04-28T16:03:00+03:00""";"=""OA_YTM""";"=""AKSU RES""";"=""10928268862""";"=""2890""";"=""AKSU ÇAMLICA RES""";0,98;159,07;14,88;2,86;;;;;0;2,71;"=""1""";
"=""API""";"=""WIND""";"=""2026-04-28T16:04:00+03:00""";"=""OA_YTM""";"=""AKSU RES""";"=""10928268862""";"=""2890""";"=""AKSU ÇAMLICA RES""";0,98;159,38;14,88;2,93;;;;;0;2,71;"=""1""";
"=""API""";"=""WIND""";"=""2026-04-28T16:05:00+03:00""";"=""OA_YTM""";"=""AKSU RES""";"=""10928268862""";"=""2890""";"=""AKSU ÇAMLICA RES""";0,98;159,07;15,87;3,37;;;;;0;2,9;"=""1""";
"=""API""";"=""WIND""";"=""2026-04-28T16:06:00+03:00""";"=""OA_YTM""";"=""AKSU RES""";"=""10928268862""";"=""2890""";"=""AKSU ÇAMLICA RES""";0,98;158,96;15,87;3,21;;;;;0;2,9;"=""1""";
"=""API""";"=""WIND""";"=""2026-04-28T16:07:00+03:00""";"=""OA_YTM""";"=""AKSU RES""";"=""10928268862""";"=""2890""";"=""AKSU ÇAMLICA RES""";0,98;158,96;14,88;2,93;;;;;0;2,71;"=""1""";
"=""API""";"=""WIND""";"=""2026-04-28T16:08:00+03:00""";"=""OA_YTM""";"=""AKSU RES""";"=""10928268862""";"=""2890""";"=""AKSU ÇAMLICA RES""";0,98;158,76;17,86;3,67;;;;;0;3,26;"=""1""";
"=""API""";"=""WIND""";"=""2026-04-28T16:09:00+03:00""";"=""OA_YTM""";"=""AKSU RES""";"=""10928268862""";"=""2890""";"=""AKSU ÇAMLICA RES""";0,98;158,66;17,86;3,28;;;;;0;3,26;"=""1""";
"=""API""";"=""WIND""";"=""2026-04-28T16:10:00+03:00""";"=""OA_YTM""";"=""AKSU RES""";"=""10928268862""";"=""2890""";"=""AKSU ÇAMLICA RES""";0,98;158,96;17,86;3,93;;;;;0;3,26;"=""1""";
"=""API""";"=""WIND""";"=""2026-04-28T16:11:00+03:00""";"=""OA_YTM""";"=""AKSU RES""";"=""10928268862""";"=""2890""";"=""AKSU ÇAMLICA RES""";0,98;158,71;14,88;3,32;;;;;0;2,71;"=""1""";
"=""API""";"=""WIND""";"=""2026-04-28T16:12:00+03:00""";"=""OA_YTM""";"=""AKSU RES""";"=""10928268862""";"=""2890""";"=""AKSU ÇAMLICA RES""";0,98;158,61;15,87;3,4;;;;;0;2,9;"=""1""";
"=""API""";"=""WIND""";"=""2026-04-28T16:13:00+03:00""";"=""OA_YTM""";"=""AKSU RES""";"=""10928268862""";"=""2890""";"=""AKSU ÇAMLICA RES""";0,98;158,14;15,87;3,42;;;;;0;2,9;"=""1""";
"=""API""";"=""WIND""";"=""2026-04-28T16:14:00+03:00""";"=""OA_YTM""";"=""AKSU RES""";"=""10928268862""";"=""2890""";"=""AKSU ÇAMLICA RES""";0,98;158,55;14,88;3,15;;;;;0;2,71;"=""1""";
"=""API""";"=""WIND""";"=""2026-04-28T16:15:00+03:00""";"=""OA_YTM""";"=""AKSU RES""";"=""10928268862""";"=""2890""";"=""AKSU ÇAMLICA RES""";0,98;158,6;11,91;2,94;;;;;0;2,17;"=""1""";
"=""API""";"=""WIND""";"=""2026-04-28T16:16:00+03:00""";"=""OA_YTM""";"=""AKSU RES""";"=""10928268862""";"=""2890""";"=""AKSU ÇAMLICA RES""";0,98;158,91;13,89;2,77;;;;;0;2,53;"=""1""";
"=""API""";"=""WIND""";"=""2026-04-28T16:17:00+03:00""";"=""OA_YTM""";"=""AKSU RES""";"=""10928268862""";"=""2890""";"=""AKSU ÇAMLICA RES""";0,98;159,32;13,89;2,78;;;;;0;2,53;"=""1""";
"=""API""";"=""WIND""";"=""2026-04-28T16:18:00+03:00""";"=""OA_YTM""";"=""AKSU RES""";"=""10928268862""";"=""2890""";"=""AKSU ÇAMLICA RES""";0,98;159,73;14,88;2,58;;;;;0;2,71;"=""0""";
"=""API""";"=""WIND""";"=""2026-04-28T16:19:00+03:00""";"=""OA_YTM""";"=""AKSU RES""";"=""10928268862""";"=""2890""";"=""AKSU ÇAMLICA RES""";0,98;159,53;17,86;3,77;;;;;0;3,26;"=""1""";
"=""API""";"=""WIND""";"=""2026-04-28T16:20:00+03:00""";"=""OA_YTM""";"=""AKSU RES""";"=""10928268862""";"=""2890""";"=""AKSU ÇAMLICA RES""";0,98;159,32;18,85;3,46;;;;;0;3,44;"=""1""";
"=""API""";"=""WIND""";"=""2026-04-28T16:21:00+03:00""";"=""OA_YTM""";"=""AKSU RES""";"=""10928268862""";"=""2890""";"=""AKSU ÇAMLICA RES""";0,98;159,53;16,87;3,76;;;;;0;3,08;"=""1""";
"=""API""";"=""WIND""";"=""2026-04-28T16:22:00+03:00""";"=""OA_YTM""";"=""AKSU RES""";"=""10928268862""";"=""2890""";"=""AKSU ÇAMLICA RES""";0,98;159,58;14,88;3,05;;;;;0;2,71;"=""1""";
"=""API""";"=""WIND""";"=""2026-04-28T16:23:00+03:00""";"=""OA_YTM""";"=""AKSU RES""";"=""10928268862""";"=""2890""";"=""AKSU ÇAMLICA RES""";0,98;159,32;13,89;3,04;;;;;0;2,53;"=""1""";
"=""API""";"=""WIND""";"=""2026-04-28T16:24:00+03:00""";"=""OA_YTM""";"=""AKSU RES""";"=""10928268862""";"=""2890""";"=""AKSU ÇAMLICA RES""";0,98;159,53;12,9;2,54;;;;;0;2,35;"=""1""";
"=""API""";"=""WIND""";"=""2026-04-28T16:25:00+03:00""";"=""OA_YTM""";"=""AKSU RES""";"=""10928268862""";"=""2890""";"=""AKSU ÇAMLICA RES""";0,98;159,27;9,92;2,34;;;;;0;1,81;"=""1""";
"=""API""";"=""WIND""";"=""2026-04-28T16:26:00+03:00""";"=""OA_YTM""";"=""AKSU RES""";"=""10928268862""";"=""2890""";"=""AKSU ÇAMLICA RES""";0,98;159,12;8,93;1,91;;;;;0;1,63;"=""1""";
"=""API""";"=""WIND""";"=""2026-04-28T16:27:00+03:00""";"=""OA_YTM""";"=""AKSU RES""";"=""10928268862""";"=""2890""";"=""AKSU ÇAMLICA RES""";0,98;158,81;8,93;1,9;;;;;0;1,63;"=""1""";
"=""API""";"=""WIND""";"=""2026-04-28T16:28:00+03:00""";"=""OA_YTM""";"=""AKSU RES""";"=""10928268862""";"=""2890""";"=""AKSU ÇAMLICA RES""";0,98;158,91;12,9;2,25;;;;;0;2,35;"=""0""";
"=""API""";"=""WIND""";"=""2026-04-28T16:29:00+03:00""";"=""OA_YTM""";"=""AKSU RES""";"=""10928268862""";"=""2890""";"=""AKSU ÇAMLICA RES""";0,98;158,91;13,89;2,85;;;;;0;2,53;"=""1""";
"=""API""";"=""WIND""";"=""2026-04-28T16:30:00+03:00""";"=""OA_YTM""";"=""AKSU RES""";"=""10928268862""";"=""2890""";"=""AKSU ÇAMLICA RES""";0,98;158,5;14,88;3,18;;;;;0;2,71;"=""1""";
"=""API""";"=""WIND""";"=""2026-04-28T16:31:00+03:00""";"=""OA_YTM""";"=""AKSU RES""";"=""10928268862""";"=""2890""";"=""AKSU ÇAMLICA RES""";0,98;158,81;14,88;3,36;;;;;0;2,71;"=""1""";
"=""API""";"=""WIND""";"=""2026-04-28T16:32:00+03:00""";"=""OA_YTM""";"=""AKSU RES""";"=""10928268862""";"=""2890""";"=""AKSU ÇAMLICA RES""";0,98;159,43;15,87;2,72;;;;;0;2,9;"=""0""";
"=""API""";"=""WIND""";"=""2026-04-28T16:33:00+03:00""";"=""OA_YTM""";"=""AKSU RES""";"=""10928268862""";"=""2890""";"=""AKSU ÇAMLICA RES""";0,98;158,91;17,86;3,33;;;;;0;3,26;"=""1""";
"=""API""";"=""WIND""";"=""2026-04-28T16:34:00+03:00""";"=""OA_YTM""";"=""AKSU RES""";"=""10928268862""";"=""2890""";"=""AKSU ÇAMLICA RES""";0,98;158,66;19,84;3,98;;;;;0;3,62;"=""1""";
"=""API""";"=""WIND""";"=""2026-04-28T16:35:00+03:00""";"=""OA_YTM""";"=""AKSU RES""";"=""10928268862""";"=""2890""";"=""AKSU ÇAMLICA RES""";0,98;158,45;20,83;4,33;;;;;0;3,8;"=""1""";
"=""API""";"=""WIND""";"=""2026-04-28T16:36:00+03:00""";"=""OA_YTM""";"=""AKSU RES""";"=""10928268862""";"=""2890""";"=""AKSU ÇAMLICA RES""";0,98;157,58;19,84;4,01;;;;;0;3,62;"=""1""";
"=""API""";"=""WIND""";"=""2026-04-28T16:37:00+03:00""";"=""OA_YTM""";"=""AKSU RES""";"=""10928268862""";"=""2890""";"=""AKSU ÇAMLICA RES""";0,98;158,66;18,85;4,42;;;;;0;3,44;"=""1""";
"=""API""";"=""WIND""";"=""2026-04-28T16:38:00+03:00""";"=""OA_YTM""";"=""AKSU RES""";"=""10928268862""";"=""2890""";"=""AKSU ÇAMLICA RES""";0,98;158,3;22,82;4,11;;;;;0;4,17;"=""0""";
"=""API""";"=""WIND""";"=""2026-04-28T16:39:00+03:00""";"=""OA_YTM""";"=""AKSU RES""";"=""10928268862""";"=""2890""";"=""AKSU ÇAMLICA RES""";0,98;158,5;20,83;4,6;;;;;0;3,8;"=""1""";
"=""API""";"=""WIND""";"=""2026-04-28T16:40:00+03:00""";"=""OA_YTM""";"=""AKSU RES""";"=""10928268862""";"=""2890""";"=""AKSU ÇAMLICA RES""";0,98;158,55;20,83;3,71;;;;;0;3,8;"=""0""";
"=""API""";"=""WIND""";"=""2026-04-28T16:41:00+03:00""";"=""OA_YTM""";"=""AKSU RES""";"=""10928268862""";"=""2890""";"=""AKSU ÇAMLICA RES""";0,98;159,37;22,82;4,75;;;;;0;4,17;"=""1""";
"=""API""";"=""WIND""";"=""2026-04-28T16:42:00+03:00""";"=""OA_YTM""";"=""AKSU RES""";"=""10928268862""";"=""2890""";"=""AKSU ÇAMLICA RES""";0,98;158,66;19,84;4,33;;;;;0;3,62;"=""1""";
"=""API""";"=""WIND""";"=""2026-04-28T16:43:00+03:00""";"=""OA_YTM""";"=""AKSU RES""";"=""10928268862""";"=""2890""";"=""AKSU ÇAMLICA RES""";0,98;159,53;18,85;4,04;;;;;0;3,44;"=""1""";
"=""API""";"=""WIND""";"=""2026-04-28T16:44:00+03:00""";"=""OA_YTM""";"=""AKSU RES""";"=""10928268862""";"=""2890""";"=""AKSU ÇAMLICA RES""";0,98;159,22;17,86;3,75;;;;;0;3,26;"=""1""";
"=""API""";"=""WIND""";"=""2026-04-28T16:45:00+03:00""";"=""OA_YTM""";"=""AKSU RES""";"=""10928268862""";"=""2890""";"=""AKSU ÇAMLICA RES""";0,98;159,58;16,87;3,68;;;;;0;3,08;"=""1""";
"=""API""";"=""WIND""";"=""2026-04-28T16:46:00+03:00""";"=""OA_YTM""";"=""AKSU RES""";"=""10928268862""";"=""2890""";"=""AKSU ÇAMLICA RES""";0,98;159,27;14,88;3,01;;;;;0;2,71;"=""1""";
"=""API""";"=""WIND""";"=""2026-04-28T16:47:00+03:00""";"=""OA_YTM""";"=""AKSU RES""";"=""10928268862""";"=""2890""";"=""AKSU ÇAMLICA RES""";0,98;158,96;13,89;2,96;;;;;0;2,53;"=""1""";
"=""API""";"=""WIND""";"=""2026-04-28T16:48:00+03:00""";"=""OA_YTM""";"=""AKSU RES""";"=""10928268862""";"=""2890""";"=""AKSU ÇAMLICA RES""";0,98;159,22;18,85;3,58;;;;;0;3,44;"=""1""";
"=""API""";"=""WIND""";"=""2026-04-28T16:49:00+03:00""";"=""OA_YTM""";"=""AKSU RES""";"=""10928268862""";"=""2890""";"=""AKSU ÇAMLICA RES""";0,98;159,53;19,84;4,48;;;;;0;3,62;"=""1""";
"=""API""";"=""WIND""";"=""2026-04-28T16:50:00+03:00""";"=""OA_YTM""";"=""AKSU RES""";"=""10928268862""";"=""2890""";"=""AKSU ÇAMLICA RES""";0,98;159,07;23,81;4,7;;;;;0;4,35;"=""1""";
"=""API""";"=""WIND""";"=""2026-04-28T16:51:00+03:00""";"=""OA_YTM""";"=""AKSU RES""";"=""10928268862""";"=""2890""";"=""AKSU ÇAMLICA RES""";0,98;158,91;26,79;5,04;;;;;0;4,89;"=""1""";
"=""API""";"=""WIND""";"=""2026-04-28T16:52:00+03:00""";"=""OA_YTM""";"=""AKSU RES""";"=""10928268862""";"=""2890""";"=""AKSU ÇAMLICA RES""";0,98;158,91;27,78;5,96;;;;;0;5,07;"=""1""";
"=""API""";"=""WIND""";"=""2026-04-28T16:53:00+03:00""";"=""OA_YTM""";"=""AKSU RES""";"=""10928268862""";"=""2890""";"=""AKSU ÇAMLICA RES""";0,98;159,07;25,79;5,05;;;;;0;4,71;"=""1""";
"=""API""";"=""WIND""";"=""2026-04-28T16:54:00+03:00""";"=""OA_YTM""";"=""AKSU RES""";"=""10928268862""";"=""2890""";"=""AKSU ÇAMLICA RES""";0,98;159,07;23,81;5,09;;;;;0;4,35;"=""1""";
"=""API""";"=""WIND""";"=""2026-04-28T16:55:00+03:00""";"=""OA_YTM""";"=""AKSU RES""";"=""10928268862""";"=""2890""";"=""AKSU ÇAMLICA RES""";0,98;159,17;22,82;4,59;;;;;0;4,17;"=""1""";
"=""API""";"=""WIND""";"=""2026-04-28T16:56:00+03:00""";"=""OA_YTM""";"=""AKSU RES""";"=""10928268862""";"=""2890""";"=""AKSU ÇAMLICA RES""";0,98;159,48;23,81;5,07;;;;;0;4,35;"=""1""";
"=""API""";"=""WIND""";"=""2026-04-28T16:57:00+03:00""";"=""OA_YTM""";"=""AKSU RES""";"=""10928268862""";"=""2890""";"=""AKSU ÇAMLICA RES""";0,98;159,63;19,84;4,25;;;;;0;3,62;"=""1""";
"=""API""";"=""WIND""";"=""2026-04-28T16:58:00+03:00""";"=""OA_YTM""";"=""AKSU RES""";"=""10928268862""";"=""2890""";"=""AKSU ÇAMLICA RES""";0,98;160,14;18,85;3,94;;;;;0;3,44;"=""1""";
"=""API""";"=""WIND""";"=""2026-04-28T16:59:00+03:00""";"=""OA_YTM""";"=""AKSU RES""";"=""10928268862""";"=""2890""";"=""AKSU ÇAMLICA RES""";0,98;160,35;15,87;3,32;;;;;0;2,9;"=""1""";
"=""API""";"=""WIND""";"=""2026-04-28T17:00:00+03:00""";"=""OA_YTM""";"=""AKSU RES""";"=""10928268862""";"=""2890""";"=""AKSU ÇAMLICA RES""";0,98;160,55;15,87;3,41;;;;;0;2,9;"=""1""";
"=""API""";"=""WIND""";"=""2026-04-28T17:01:00+03:00""";"=""OA_YTM""";"=""AKSU RES""";"=""10928268862""";"=""2890""";"=""AKSU ÇAMLICA RES""";0,98;160,25;16,87;3,28;;;;;0;3,08;"=""1""";
"=""API""";"=""WIND""";"=""2026-04-28T17:02:00+03:00""";"=""OA_YTM""";"=""AKSU RES""";"=""10928268862""";"=""2890""";"=""AKSU ÇAMLICA RES""";0,98;159,99;17,86;3,59;;;;;0;3,26;"=""1""";
"=""API""";"=""WIND""";"=""2026-04-28T17:03:00+03:00""";"=""OA_YTM""";"=""AKSU RES""";"=""10928268862""";"=""2890""";"=""AKSU ÇAMLICA RES""";0,98;160,61;20,83;3,89;;;;;0;3,8;"=""1""";
"=""API""";"=""WIND""";"=""2026-04-28T17:04:00+03:00""";"=""OA_YTM""";"=""AKSU RES""";"=""10928268862""";"=""2890""";"=""AKSU ÇAMLICA RES""";0,98;161,22;19,84;4,52;;;;;0;3,62;"=""1""";
"=""API""";"=""WIND""";"=""2026-04-28T17:05:00+03:00""";"=""OA_YTM""";"=""AKSU RES""";"=""10928268862""";"=""2890""";"=""AKSU ÇAMLICA RES""";0,98;160,97;17,86;4,34;;;;;0;3,26;"=""1""";
"=""API""";"=""WIND""";"=""2026-04-28T17:06:00+03:00""";"=""OA_YTM""";"=""AKSU RES""";"=""10928268862""";"=""2890""";"=""AKSU ÇAMLICA RES""";0,98;160,76;17,86;3,62;;;;;0;3,26;"=""1""";
"=""API""";"=""WIND""";"=""2026-04-28T17:07:00+03:00""";"=""OA_YTM""";"=""AKSU RES""";"=""10928268862""";"=""2890""";"=""AKSU ÇAMLICA RES""";0,98;160,04;17,86;3,36;;;;;0;3,26;"=""1""";
"=""API""";"=""WIND""";"=""2026-04-28T17:08:00+03:00""";"=""OA_YTM""";"=""AKSU RES""";"=""10928268862""";"=""2890""";"=""AKSU ÇAMLICA RES""";0,98;160,35;18,85;3,52;;;;;0;3,44;"=""1""";
"=""API""";"=""WIND""";"=""2026-04-28T17:09:00+03:00""";"=""OA_YTM""";"=""AKSU RES""";"=""10928268862""";"=""2890""";"=""AKSU ÇAMLICA RES""";0,98;160,35;19,84;3,9;;;;;0;3,62;"=""1""";
"=""API""";"=""WIND""";"=""2026-04-28T17:10:00+03:00""";"=""OA_YTM""";"=""AKSU RES""";"=""10928268862""";"=""2890""";"=""AKSU ÇAMLICA RES""";0,98;160,25;20,83;4;;;;;0;3,8;"=""1""";
"=""API""";"=""WIND""";"=""2026-04-28T17:11:00+03:00""";"=""OA_YTM""";"=""AKSU RES""";"=""10928268862""";"=""2890""";"=""AKSU ÇAMLICA RES""";0,98;160,35;21,82;4,39;;;;;0;3,98;"=""1""";
"=""API""";"=""WIND""";"=""2026-04-28T17:12:00+03:00""";"=""OA_YTM""";"=""AKSU RES""";"=""10928268862""";"=""2890""";"=""AKSU ÇAMLICA RES""";0,98;160,35;23,81;4,59;;;;;0;4,35;"=""1""";
"=""API""";"=""WIND""";"=""2026-04-28T17:13:00+03:00""";"=""OA_YTM""";"=""AKSU RES""";"=""10928268862""";"=""2890""";"=""AKSU ÇAMLICA RES""";0,98;159,84;22,82;4,72;;;;;0;4,17;"=""1""";
"=""API""";"=""WIND""";"=""2026-04-28T17:14:00+03:00""";"=""OA_YTM""";"=""AKSU RES""";"=""10928268862""";"=""2890""";"=""AKSU ÇAMLICA RES""";0,98;160,04;21,82;4,51;;;;;0;3,98;"=""1""";
"=""API""";"=""WIND""";"=""2026-04-28T17:15:00+03:00""";"=""OA_YTM""";"=""AKSU RES""";"=""10928268862""";"=""2890""";"=""AKSU ÇAMLICA RES""";0,98;160,25;20,83;4,49;;;;;0;3,8;"=""1""";
"=""API""";"=""WIND""";"=""2026-04-28T17:16:00+03:00""";"=""OA_YTM""";"=""AKSU RES""";"=""10928268862""";"=""2890""";"=""AKSU ÇAMLICA RES""";0,98;160,25;17,86;3,73;;;;;0;3,26;"=""1""";
"=""API""";"=""WIND""";"=""2026-04-28T17:17:00+03:00""";"=""OA_YTM""";"=""AKSU RES""";"=""10928268862""";"=""2890""";"=""AKSU ÇAMLICA RES""";0,98;160,35;18,85;3,98;;;;;0;3,44;"=""1""";
"=""API""";"=""WIND""";"=""2026-04-28T17:18:00+03:00""";"=""OA_YTM""";"=""AKSU RES""";"=""10928268862""";"=""2890""";"=""AKSU ÇAMLICA RES""";0,98;159,89;17,86;4,02;;;;;0;3,26;"=""1""";
"=""API""";"=""WIND""";"=""2026-04-28T17:19:00+03:00""";"=""OA_YTM""";"=""AKSU RES""";"=""10928268862""";"=""2890""";"=""AKSU ÇAMLICA RES""";0,98;159,58;17,86;4,02;;;;;0;3,26;"=""1""";
"=""API""";"=""WIND""";"=""2026-04-28T17:20:00+03:00""";"=""OA_YTM""";"=""AKSU RES""";"=""10928268862""";"=""2890""";"=""AKSU ÇAMLICA RES""";0,98;159,89;18,85;3,98;;;;;0;3,44;"=""1""";
"=""API""";"=""WIND""";"=""2026-04-28T17:21:00+03:00""";"=""OA_YTM""";"=""AKSU RES""";"=""10928268862""";"=""2890""";"=""AKSU ÇAMLICA RES""";0,98;159,48;22,82;4,28;;;;;0;4,17;"=""1""";
"=""API""";"=""WIND""";"=""2026-04-28T17:22:00+03:00""";"=""OA_YTM""";"=""AKSU RES""";"=""10928268862""";"=""2890""";"=""AKSU ÇAMLICA RES""";0,98;159,38;25,79;4,97;;;;;0;4,71;"=""1""";
"=""API""";"=""WIND""";"=""2026-04-28T17:23:00+03:00""";"=""OA_YTM""";"=""AKSU RES""";"=""10928268862""";"=""2890""";"=""AKSU ÇAMLICA RES""";0,98;159,48;24,8;5,46;;;;;0;4,53;"=""1""";
"=""API""";"=""WIND""";"=""2026-04-28T17:24:00+03:00""";"=""OA_YTM""";"=""AKSU RES""";"=""10928268862""";"=""2890""";"=""AKSU ÇAMLICA RES""";0,98;158,81;21,82;4,73;;;;;0;3,98;"=""1""";
"=""API""";"=""WIND""";"=""2026-04-28T17:25:00+03:00""";"=""OA_YTM""";"=""AKSU RES""";"=""10928268862""";"=""2890""";"=""AKSU ÇAMLICA RES""";0,98;158,4;21,82;4,25;;;;;0;3,98;"=""1""";
"=""API""";"=""WIND""";"=""2026-04-28T17:26:00+03:00""";"=""OA_YTM""";"=""AKSU RES""";"=""10928268862""";"=""2890""";"=""AKSU ÇAMLICA RES""";0,98;158,66;19,84;4,55;;;;;0;3,62;"=""1""";
"=""API""";"=""WIND""";"=""2026-04-28T17:27:00+03:00""";"=""OA_YTM""";"=""AKSU RES""";"=""10928268862""";"=""2890""";"=""AKSU ÇAMLICA RES""";0,98;158,35;17,86;3,85;;;;;0;3,26;"=""1""";
"=""API""";"=""WIND""";"=""2026-04-28T17:28:00+03:00""";"=""OA_YTM""";"=""AKSU RES""";"=""10928268862""";"=""2890""";"=""AKSU ÇAMLICA RES""";0,98;158,76;17,86;3,53;;;;;0;3,26;"=""1""";
"=""API""";"=""WIND""";"=""2026-04-28T17:29:00+03:00""";"=""OA_YTM""";"=""AKSU RES""";"=""10928268862""";"=""2890""";"=""AKSU ÇAMLICA RES""";0,98;158,86;18,85;3,74;;;;;0;3,44;"=""1""";
"=""API""";"=""WIND""";"=""2026-04-28T17:30:00+03:00""";"=""OA_YTM""";"=""AKSU RES""";"=""10928268862""";"=""2890""";"=""AKSU ÇAMLICA RES""";0,98;158,35;17,86;3,55;;;;;0;3,26;"=""1""";
"=""API""";"=""WIND""";"=""2026-04-28T17:31:00+03:00""";"=""OA_YTM""";"=""AKSU RES""";"=""10928268862""";"=""2890""";"=""AKSU ÇAMLICA RES""";0,98;158,45;16,87;3,38;;;;;0;3,08;"=""1""";
"=""API""";"=""WIND""";"=""2026-04-28T17:32:00+03:00""";"=""OA_YTM""";"=""AKSU RES""";"=""10928268862""";"=""2890""";"=""AKSU ÇAMLICA RES""";0,98;158,66;15,87;3,2;;;;;0;2,9;"=""1""";
"=""API""";"=""WIND""";"=""2026-04-28T17:33:00+03:00""";"=""OA_YTM""";"=""AKSU RES""";"=""10928268862""";"=""2890""";"=""AKSU ÇAMLICA RES""";0,98;158,66;16,87;3,31;;;;;0;3,08;"=""1""";
"=""API""";"=""WIND""";"=""2026-04-28T17:34:00+03:00""";"=""OA_YTM""";"=""AKSU RES""";"=""10928268862""";"=""2890""";"=""AKSU ÇAMLICA RES""";0,98;158,66;17,86;3,58;;;;;0;3,26;"=""1""";
"=""API""";"=""WIND""";"=""2026-04-28T17:35:00+03:00""";"=""OA_YTM""";"=""AKSU RES""";"=""10928268862""";"=""2890""";"=""AKSU ÇAMLICA RES""";0,98;158,45;17,86;3,89;;;;;0;3,26;"=""1""";
"=""API""";"=""WIND""";"=""2026-04-28T17:36:00+03:00""";"=""OA_YTM""";"=""AKSU RES""";"=""10928268862""";"=""2890""";"=""AKSU ÇAMLICA RES""";0,98;158,55;19,84;4,23;;;;;0;3,62;"=""1""";
"=""API""";"=""WIND""";"=""2026-04-28T17:37:00+03:00""";"=""OA_YTM""";"=""AKSU RES""";"=""10928268862""";"=""2890""";"=""AKSU ÇAMLICA RES""";0,98;158,35;18,85;4,34;;;;;0;3,44;"=""1""";
"=""API""";"=""WIND""";"=""2026-04-28T17:38:00+03:00""";"=""OA_YTM""";"=""AKSU RES""";"=""10928268862""";"=""2890""";"=""AKSU ÇAMLICA RES""";0,98;158,55;16,87;3,65;;;;;0;3,08;"=""1""";
"=""API""";"=""WIND""";"=""2026-04-28T17:39:00+03:00""";"=""OA_YTM""";"=""AKSU RES""";"=""10928268862""";"=""2890""";"=""AKSU ÇAMLICA RES""";0,98;158,66;16,87;3,19;;;;;0;3,08;"=""1""";
"=""API""";"=""WIND""";"=""2026-04-28T17:40:00+03:00""";"=""OA_YTM""";"=""AKSU RES""";"=""10928268862""";"=""2890""";"=""AKSU ÇAMLICA RES""";0,98;158,66;17,86;3,61;;;;;0;3,26;"=""1""";
"=""API""";"=""WIND""";"=""2026-04-28T17:41:00+03:00""";"=""OA_YTM""";"=""AKSU RES""";"=""10928268862""";"=""2890""";"=""AKSU ÇAMLICA RES""";0,98;158,86;16,87;3,61;;;;;0;3,08;"=""1""";
"=""API""";"=""WIND""";"=""2026-04-28T17:42:00+03:00""";"=""OA_YTM""";"=""AKSU RES""";"=""10928268862""";"=""2890""";"=""AKSU ÇAMLICA RES""";0,98;158,96;16,87;3,52;;;;;0;3,08;"=""1""";
"=""API""";"=""WIND""";"=""2026-04-28T17:43:00+03:00""";"=""OA_YTM""";"=""AKSU RES""";"=""10928268862""";"=""2890""";"=""AKSU ÇAMLICA RES""";0,98;158,66;17,86;4,11;;;;;0;3,26;"=""1""";
"=""API""";"=""WIND""";"=""2026-04-28T17:44:00+03:00""";"=""OA_YTM""";"=""AKSU RES""";"=""10928268862""";"=""2890""";"=""AKSU ÇAMLICA RES""";0,98;158,35;18,85;3,71;;;;;0;3,44;"=""1""";
"=""API""";"=""WIND""";"=""2026-04-28T17:45:00+03:00""";"=""OA_YTM""";"=""AKSU RES""";"=""10928268862""";"=""2890""";"=""AKSU ÇAMLICA RES""";0,98;158,35;18,85;3,97;;;;;0;3,44;"=""1""";
"=""API""";"=""WIND""";"=""2026-04-28T17:46:00+03:00""";"=""OA_YTM""";"=""AKSU RES""";"=""10928268862""";"=""2890""";"=""AKSU ÇAMLICA RES""";0,98;158,24;17,86;3,69;;;;;0;3,26;"=""1""";
"=""API""";"=""WIND""";"=""2026-04-28T17:47:00+03:00""";"=""OA_YTM""";"=""AKSU RES""";"=""10928268862""";"=""2890""";"=""AKSU ÇAMLICA RES""";0,98;158,81;18,85;4,11;;;;;0;3,44;"=""1""";
"=""API""";"=""WIND""";"=""2026-04-28T17:48:00+03:00""";"=""OA_YTM""";"=""AKSU RES""";"=""10928268862""";"=""2890""";"=""AKSU ÇAMLICA RES""";0,98;158,09;18,85;3,61;;;;;0;3,44;"=""1""";
"=""API""";"=""WIND""";"=""2026-04-28T17:49:00+03:00""";"=""OA_YTM""";"=""AKSU RES""";"=""10928268862""";"=""2890""";"=""AKSU ÇAMLICA RES""";0,98;158,19;19,84;3,66;;;;;0;3,62;"=""1""";
"=""API""";"=""WIND""";"=""2026-04-28T17:50:00+03:00""";"=""OA_YTM""";"=""AKSU RES""";"=""10928268862""";"=""2890""";"=""AKSU ÇAMLICA RES""";0,98;157,99;20,83;4,07;;;;;0;3,8;"=""1""";
"=""API""";"=""WIND""";"=""2026-04-28T17:51:00+03:00""";"=""OA_YTM""";"=""AKSU RES""";"=""10928268862""";"=""2890""";"=""AKSU ÇAMLICA RES""";0,98;158,4;20,83;3,93;;;;;0;3,8;"=""1""";
"=""API""";"=""WIND""";"=""2026-04-28T17:52:00+03:00""";"=""OA_YTM""";"=""AKSU RES""";"=""10928268862""";"=""2890""";"=""AKSU ÇAMLICA RES""";0,98;158,91;21,82;4,04;;;;;0;3,98;"=""1""";
"=""API""";"=""WIND""";"=""2026-04-28T17:53:00+03:00""";"=""OA_YTM""";"=""AKSU RES""";"=""10928268862""";"=""2890""";"=""AKSU ÇAMLICA RES""";0,98;158,81;20,83;4,63;;;;;0;3,8;"=""1""";
"=""API""";"=""WIND""";"=""2026-04-28T17:54:00+03:00""";"=""OA_YTM""";"=""AKSU RES""";"=""10928268862""";"=""2890""";"=""AKSU ÇAMLICA RES""";0,98;158,81;21,82;4,35;;;;;0;3,98;"=""1""";
"=""API""";"=""WIND""";"=""2026-04-28T17:55:00+03:00""";"=""OA_YTM""";"=""AKSU RES""";"=""10928268862""";"=""2890""";"=""AKSU ÇAMLICA RES""";0,98;158,71;22,82;5;;;;;0;4,17;"=""1""";
"=""API""";"=""WIND""";"=""2026-04-28T17:56:00+03:00""";"=""OA_YTM""";"=""AKSU RES""";"=""10928268862""";"=""2890""";"=""AKSU ÇAMLICA RES""";0,98;158,71;20,83;4,34;;;;;0;3,8;"=""1""";
"=""API""";"=""WIND""";"=""2026-04-28T17:57:00+03:00""";"=""OA_YTM""";"=""AKSU RES""";"=""10928268862""";"=""2890""";"=""AKSU ÇAMLICA RES""";0,98;158,91;21,82;4,48;;;;;0;3,98;"=""1""";
"=""API""";"=""WIND""";"=""2026-04-28T17:58:00+03:00""";"=""OA_YTM""";"=""AKSU RES""";"=""10928268862""";"=""2890""";"=""AKSU ÇAMLICA RES""";0,98;159,84;20,83;4,75;;;;;0;3,8;"=""1""";
"=""API""";"=""WIND""";"=""2026-04-28T17:59:00+03:00""";"=""OA_YTM""";"=""AKSU RES""";"=""10928268862""";"=""2890""";"=""AKSU ÇAMLICA RES""";0,98;159,63;18,85;3,98;;;;;0;3,44;"=""1""";
"=""API""";"=""WIND""";"=""2026-04-28T18:00:00+03:00""";"=""OA_YTM""";"=""AKSU RES""";"=""10928268862""";"=""2890""";"=""AKSU ÇAMLICA RES""";0,98;160,04;20,83;4,1;;;;;0;3,8;"=""1""";
"=""API""";"=""WIND""";"=""2026-04-28T18:01:00+03:00""";"=""OA_YTM""";"=""AKSU RES""";"=""10928268862""";"=""2890""";"=""AKSU ÇAMLICA RES""";0,98;159,94;21,82;5,04;;;;;0;3,98;"=""1""";
"=""API""";"=""WIND""";"=""2026-04-28T18:02:00+03:00""";"=""OA_YTM""";"=""AKSU RES""";"=""10928268862""";"=""2890""";"=""AKSU ÇAMLICA RES""";0,98;159,43;19,84;4,69;;;;;0;3,62;"=""1""";
"=""API""";"=""WIND""";"=""2026-04-28T18:03:00+03:00""";"=""OA_YTM""";"=""AKSU RES""";"=""10928268862""";"=""2890""";"=""AKSU ÇAMLICA RES""";0,98;160,35;18,85;4,02;;;;;0;3,44;"=""1""";
"=""API""";"=""WIND""";"=""2026-04-28T18:04:00+03:00""";"=""OA_YTM""";"=""AKSU RES""";"=""10928268862""";"=""2890""";"=""AKSU ÇAMLICA RES""";0,98;160,35;18,85;3,78;;;;;0;3,44;"=""1""";
"=""API""";"=""WIND""";"=""2026-04-28T18:05:00+03:00""";"=""OA_YTM""";"=""AKSU RES""";"=""10928268862""";"=""2890""";"=""AKSU ÇAMLICA RES""";0,98;160,04;16,87;3,66;;;;;0;3,08;"=""1""";
"=""API""";"=""WIND""";"=""2026-04-28T18:06:00+03:00""";"=""OA_YTM""";"=""AKSU RES""";"=""10928268862""";"=""2890""";"=""AKSU ÇAMLICA RES""";0,98;160,04;14,88;3,33;;;;;0;2,71;"=""1""";
"=""API""";"=""WIND""";"=""2026-04-28T18:07:00+03:00""";"=""OA_YTM""";"=""AKSU RES""";"=""10928268862""";"=""2890""";"=""AKSU ÇAMLICA RES""";0,98;160,04;15,87;3,14;;;;;0;2,9;"=""1""";
"=""API""";"=""WIND""";"=""2026-04-28T18:08:00+03:00""";"=""OA_YTM""";"=""AKSU RES""";"=""10928268862""";"=""2890""";"=""AKSU ÇAMLICA RES""";0,98;159,73;15,87;3,26;;;;;0;2,9;"=""1""";
"=""API""";"=""WIND""";"=""2026-04-28T18:09:00+03:00""";"=""OA_YTM""";"=""AKSU RES""";"=""10928268862""";"=""2890""";"=""AKSU ÇAMLICA RES""";0,98;159,73;16,87;3,55;;;;;0;3,08;"=""1""";
"=""API""";"=""WIND""";"=""2026-04-28T18:10:00+03:00""";"=""OA_YTM""";"=""AKSU RES""";"=""10928268862""";"=""2890""";"=""AKSU ÇAMLICA RES""";0,98;159,12;15,87;3,62;;;;;0;2,9;"=""1""";
"=""API""";"=""WIND""";"=""2026-04-28T18:11:00+03:00""";"=""OA_YTM""";"=""AKSU RES""";"=""10928268862""";"=""2890""";"=""AKSU ÇAMLICA RES""";0,98;159,43;17,86;3,39;;;;;0;3,26;"=""1""";
"=""API""";"=""WIND""";"=""2026-04-28T18:12:00+03:00""";"=""OA_YTM""";"=""AKSU RES""";"=""10928268862""";"=""2890""";"=""AKSU ÇAMLICA RES""";0,98;159,84;16,87;3,35;;;;;0;3,08;"=""1""";
"=""API""";"=""WIND""";"=""2026-04-28T18:13:00+03:00""";"=""OA_YTM""";"=""AKSU RES""";"=""10928268862""";"=""2890""";"=""AKSU ÇAMLICA RES""";0,98;159,43;17,86;3,45;;;;;0;3,26;"=""1""";
"=""API""";"=""WIND""";"=""2026-04-28T18:14:00+03:00""";"=""OA_YTM""";"=""AKSU RES""";"=""10928268862""";"=""2890""";"=""AKSU ÇAMLICA RES""";0,98;159,53;18,85;3,55;;;;;0;3,44;"=""1""";
"=""API""";"=""WIND""";"=""2026-04-28T18:15:00+03:00""";"=""OA_YTM""";"=""AKSU RES""";"=""10928268862""";"=""2890""";"=""AKSU ÇAMLICA RES""";0,98;159,32;18,85;4,06;;;;;0;3,44;"=""1""";
"=""API""";"=""WIND""";"=""2026-04-28T18:16:00+03:00""";"=""OA_YTM""";"=""AKSU RES""";"=""10928268862""";"=""2890""";"=""AKSU ÇAMLICA RES""";0,98;159,63;20,83;4,17;;;;;0;3,8;"=""1""";
"=""API""";"=""WIND""";"=""2026-04-28T18:17:00+03:00""";"=""OA_YTM""";"=""AKSU RES""";"=""10928268862""";"=""2890""";"=""AKSU ÇAMLICA RES""";0,98;159,32;21,82;4,61;;;;;0;3,98;"=""1""";
"=""API""";"=""WIND""";"=""2026-04-28T18:18:00+03:00""";"=""OA_YTM""";"=""AKSU RES""";"=""10928268862""";"=""2890""";"=""AKSU ÇAMLICA RES""";0,98;159,53;20,83;4,54;;;;;0;3,8;"=""1""";
"=""API""";"=""WIND""";"=""2026-04-28T18:19:00+03:00""";"=""OA_YTM""";"=""AKSU RES""";"=""10928268862""";"=""2890""";"=""AKSU ÇAMLICA RES""";0,98;159,32;19,84;3,92;;;;;0;3,62;"=""1""";
"=""API""";"=""WIND""";"=""2026-04-28T18:20:00+03:00""";"=""OA_YTM""";"=""AKSU RES""";"=""10928268862""";"=""2890""";"=""AKSU ÇAMLICA RES""";0,98;159,32;19,84;4,2;;;;;0;3,62;"=""1""";
"=""API""";"=""WIND""";"=""2026-04-28T18:21:00+03:00""";"=""OA_YTM""";"=""AKSU RES""";"=""10928268862""";"=""2890""";"=""AKSU ÇAMLICA RES""";0,98;159,01;18,85;4,2;;;;;0;3,44;"=""1""";
"=""API""";"=""WIND""";"=""2026-04-28T18:22:00+03:00""";"=""OA_YTM""";"=""AKSU RES""";"=""10928268862""";"=""2890""";"=""AKSU ÇAMLICA RES""";0,98;159,22;18,85;3,85;;;;;0;3,44;"=""1""";
"=""API""";"=""WIND""";"=""2026-04-28T18:23:00+03:00""";"=""OA_YTM""";"=""AKSU RES""";"=""10928268862""";"=""2890""";"=""AKSU ÇAMLICA RES""";0,98;159,01;18,85;3,95;;;;;0;3,44;"=""1""";
"=""API""";"=""WIND""";"=""2026-04-28T18:24:00+03:00""";"=""OA_YTM""";"=""AKSU RES""";"=""10928268862""";"=""2890""";"=""AKSU ÇAMLICA RES""";0,98;159,01;18,85;3,95;;;;;0;3,44;"=""1""";
"=""API""";"=""WIND""";"=""2026-04-28T18:25:00+03:00""";"=""OA_YTM""";"=""AKSU RES""";"=""10928268862""";"=""2890""";"=""AKSU ÇAMLICA RES""";0,98;158,71;17,86;3,53;;;;;0;3,26;"=""1""";
"=""API""";"=""WIND""";"=""2026-04-28T18:26:00+03:00""";"=""OA_YTM""";"=""AKSU RES""";"=""10928268862""";"=""2890""";"=""AKSU ÇAMLICA RES""";0,98;158,71;16,87;3,32;;;;;0;3,08;"=""1""";
"=""API""";"=""WIND""";"=""2026-04-28T18:27:00+03:00""";"=""OA_YTM""";"=""AKSU RES""";"=""10928268862""";"=""2890""";"=""AKSU ÇAMLICA RES""";0,98;158,71;17,86;3,68;;;;;0;3,26;"=""1""";
"=""API""";"=""WIND""";"=""2026-04-28T18:28:00+03:00""";"=""OA_YTM""";"=""AKSU RES""";"=""10928268862""";"=""2890""";"=""AKSU ÇAMLICA RES""";0,98;159,01;16,87;3,57;;;;;0;3,08;"=""1""";
"=""API""";"=""WIND""";"=""2026-04-28T18:29:00+03:00""";"=""OA_YTM""";"=""AKSU RES""";"=""10928268862""";"=""2890""";"=""AKSU ÇAMLICA RES""";0,98;158,91;16,87;3,19;;;;;0;3,08;"=""1""";
"=""API""";"=""WIND""";"=""2026-04-28T18:30:00+03:00""";"=""OA_YTM""";"=""AKSU RES""";"=""10928268862""";"=""2890""";"=""AKSU ÇAMLICA RES""";0,98;158,61;14,88;3,19;;;;;0;2,71;"=""1""";
"=""API""";"=""WIND""";"=""2026-04-28T18:31:00+03:00""";"=""OA_YTM""";"=""AKSU RES""";"=""10928268862""";"=""2890""";"=""AKSU ÇAMLICA RES""";0,98;158,71;15,87;3,38;;;;;0;2,9;"=""1""";
"=""API""";"=""WIND""";"=""2026-04-28T18:32:00+03:00""";"=""OA_YTM""";"=""AKSU RES""";"=""10928268862""";"=""2890""";"=""AKSU ÇAMLICA RES""";0,98;159,48;14,88;3,12;;;;;0;2,71;"=""1""";
"=""API""";"=""WIND""";"=""2026-04-28T18:33:00+03:00""";"=""OA_YTM""";"=""AKSU RES""";"=""10928268862""";"=""2890""";"=""AKSU ÇAMLICA RES""";0,98;158,66;14,88;2,92;;;;;0;2,71;"=""1""";
"=""API""";"=""WIND""";"=""2026-04-28T18:34:00+03:00""";"=""OA_YTM""";"=""AKSU RES""";"=""10928268862""";"=""2890""";"=""AKSU ÇAMLICA RES""";0,98;158,96;12,9;2,95;;;;;0;2,35;"=""1""";
"=""API""";"=""WIND""";"=""2026-04-28T18:35:00+03:00""";"=""OA_YTM""";"=""AKSU RES""";"=""10928268862""";"=""2890""";"=""AKSU ÇAMLICA RES""";0,98;158,66;13,89;2,79;;;;;0;2,53;"=""1""";
"=""API""";"=""WIND""";"=""2026-04-28T18:36:00+03:00""";"=""OA_YTM""";"=""AKSU RES""";"=""10928268862""";"=""2890""";"=""AKSU ÇAMLICA RES""";0,98;158,66;14,88;2,87;;;;;0;2,71;"=""1""";
"=""API""";"=""WIND""";"=""2026-04-28T18:37:00+03:00""";"=""OA_YTM""";"=""AKSU RES""";"=""10928268862""";"=""2890""";"=""AKSU ÇAMLICA RES""";0,98;158,55;12,9;2,86;;;;;0;2,35;"=""1""";
"=""API""";"=""WIND""";"=""2026-04-28T18:38:00+03:00""";"=""OA_YTM""";"=""AKSU RES""";"=""10928268862""";"=""2890""";"=""AKSU ÇAMLICA RES""";0,98;158,55;13,89;2,77;;;;;0;2,53;"=""1""";
"=""API""";"=""WIND""";"=""2026-04-28T18:39:00+03:00""";"=""OA_YTM""";"=""AKSU RES""";"=""10928268862""";"=""2890""";"=""AKSU ÇAMLICA RES""";0,98;158,29;13,89;2,97;;;;;0;2,53;"=""1""";
"=""API""";"=""WIND""";"=""2026-04-28T18:40:00+03:00""";"=""OA_YTM""";"=""AKSU RES""";"=""10928268862""";"=""2890""";"=""AKSU ÇAMLICA RES""";0,98;158,6;13,89;2,92;;;;;0;2,53;"=""1""";
"=""API""";"=""WIND""";"=""2026-04-28T18:41:00+03:00""";"=""OA_YTM""";"=""AKSU RES""";"=""10928268862""";"=""2890""";"=""AKSU ÇAMLICA RES""";0,98;158,29;13,89;2,92;;;;;0;2,53;"=""1""";
"=""API""";"=""WIND""";"=""2026-04-28T18:42:00+03:00""";"=""OA_YTM""";"=""AKSU RES""";"=""10928268862""";"=""2890""";"=""AKSU ÇAMLICA RES""";0,98;158,29;13,89;2,97;;;;;0;2,53;"=""1""";
"=""API""";"=""WIND""";"=""2026-04-28T18:43:00+03:00""";"=""OA_YTM""";"=""AKSU RES""";"=""10928268862""";"=""2890""";"=""AKSU ÇAMLICA RES""";0,98;158,19;13,89;2,98;;;;;0;2,53;"=""1""";
"=""API""";"=""WIND""";"=""2026-04-28T18:44:00+03:00""";"=""OA_YTM""";"=""AKSU RES""";"=""10928268862""";"=""2890""";"=""AKSU ÇAMLICA RES""";0,98;158,3;14,88;2,9;;;;;0;2,71;"=""1""";
"=""API""";"=""WIND""";"=""2026-04-28T18:45:00+03:00""";"=""OA_YTM""";"=""AKSU RES""";"=""10928268862""";"=""2890""";"=""AKSU ÇAMLICA RES""";0,98;158,09;12,9;2,9;;;;;0;2,35;"=""1""";
"=""API""";"=""WIND""";"=""2026-04-28T18:46:00+03:00""";"=""OA_YTM""";"=""AKSU RES""";"=""10928268862""";"=""2890""";"=""AKSU ÇAMLICA RES""";0,98;158,45;13,89;2,88;;;;;0;2,53;"=""1""";
"=""API""";"=""WIND""";"=""2026-04-28T18:47:00+03:00""";"=""OA_YTM""";"=""AKSU RES""";"=""10928268862""";"=""2890""";"=""AKSU ÇAMLICA RES""";0,98;158,45;14,88;2,81;;;;;0;2,71;"=""1""";
"=""API""";"=""WIND""";"=""2026-04-28T18:48:00+03:00""";"=""OA_YTM""";"=""AKSU RES""";"=""10928268862""";"=""2890""";"=""AKSU ÇAMLICA RES""";0,98;158,45;14,88;2,86;;;;;0;2,71;"=""1""";
"=""API""";"=""WIND""";"=""2026-04-28T18:49:00+03:00""";"=""OA_YTM""";"=""AKSU RES""";"=""10928268862""";"=""2890""";"=""AKSU ÇAMLICA RES""";0,98;158,35;13,89;2,95;;;;;0;2,53;"=""1""";
"=""API""";"=""WIND""";"=""2026-04-28T18:50:00+03:00""";"=""OA_YTM""";"=""AKSU RES""";"=""10928268862""";"=""2890""";"=""AKSU ÇAMLICA RES""";0,98;158,24;13,89;3,04;;;;;0;2,53;"=""1""";
"=""API""";"=""WIND""";"=""2026-04-28T18:51:00+03:00""";"=""OA_YTM""";"=""AKSU RES""";"=""10928268862""";"=""2890""";"=""AKSU ÇAMLICA RES""";0,98;158,45;14,88;2,83;;;;;0;2,71;"=""1""";
"=""API""";"=""WIND""";"=""2026-04-28T18:52:00+03:00""";"=""OA_YTM""";"=""AKSU RES""";"=""10928268862""";"=""2890""";"=""AKSU ÇAMLICA RES""";0,98;157,88;14,88;3,26;;;;;0;2,71;"=""1""";
"=""API""";"=""WIND""";"=""2026-04-28T18:53:00+03:00""";"=""OA_YTM""";"=""AKSU RES""";"=""10928268862""";"=""2890""";"=""AKSU ÇAMLICA RES""";0,98;157,63;15,87;3,5;;;;;0;2,9;"=""1""";
"=""API""";"=""WIND""";"=""2026-04-28T18:54:00+03:00""";"=""OA_YTM""";"=""AKSU RES""";"=""10928268862""";"=""2890""";"=""AKSU ÇAMLICA RES""";0,98;157,58;15,87;3,01;;;;;0;2,9;"=""1""";
"=""API""";"=""WIND""";"=""2026-04-28T18:55:00+03:00""";"=""OA_YTM""";"=""AKSU RES""";"=""10928268862""";"=""2890""";"=""AKSU ÇAMLICA RES""";0,98;157,78;16,87;3,44;;;;;0;3,08;"=""1""";
"=""API""";"=""WIND""";"=""2026-04-28T18:56:00+03:00""";"=""OA_YTM""";"=""AKSU RES""";"=""10928268862""";"=""2890""";"=""AKSU ÇAMLICA RES""";0,98;157,32;17,86;3,92;;;;;0;3,26;"=""1""";
"=""API""";"=""WIND""";"=""2026-04-28T18:57:00+03:00""";"=""OA_YTM""";"=""AKSU RES""";"=""10928268862""";"=""2890""";"=""AKSU ÇAMLICA RES""";0,98;157,27;17,86;3,73;;;;;0;3,26;"=""1""";
"=""API""";"=""WIND""";"=""2026-04-28T18:58:00+03:00""";"=""OA_YTM""";"=""AKSU RES""";"=""10928268862""";"=""2890""";"=""AKSU ÇAMLICA RES""";0,98;157,52;15,87;3,41;;;;;0;2,9;"=""1""";
"=""API""";"=""WIND""";"=""2026-04-28T18:59:00+03:00""";"=""OA_YTM""";"=""AKSU RES""";"=""10928268862""";"=""2890""";"=""AKSU ÇAMLICA RES""";0,98;158,14;15,87;3,11;;;;;0;2,9;"=""1""";
"=""API""";"=""WIND""";"=""2026-04-28T19:00:00+03:00""";"=""OA_YTM""";"=""AKSU RES""";"=""10928268862""";"=""2890""";"=""AKSU ÇAMLICA RES""";0,98;158,35;15,87;3,43;;;;;0;2,9;"=""1""";
"=""API""";"=""WIND""";"=""2026-04-28T19:01:00+03:00""";"=""OA_YTM""";"=""AKSU RES""";"=""10928268862""";"=""2890""";"=""AKSU ÇAMLICA RES""";0,98;158,45;13,89;3,12;;;;;0;2,53;"=""1""";
"=""API""";"=""WIND""";"=""2026-04-28T19:02:00+03:00""";"=""OA_YTM""";"=""AKSU RES""";"=""10928268862""";"=""2890""";"=""AKSU ÇAMLICA RES""";0,98;158,19;13,89;2,94;;;;;0;2,53;"=""1""";
"=""API""";"=""WIND""";"=""2026-04-28T19:03:00+03:00""";"=""OA_YTM""";"=""AKSU RES""";"=""10928268862""";"=""2890""";"=""AKSU ÇAMLICA RES""";0,98;158,4;13,89;3,02;;;;;0;2,53;"=""1""";
"=""API""";"=""WIND""";"=""2026-04-28T19:04:00+03:00""";"=""OA_YTM""";"=""AKSU RES""";"=""10928268862""";"=""2890""";"=""AKSU ÇAMLICA RES""";0,98;157,88;13,89;2,85;;;;;0;2,53;"=""1""";
"=""API""";"=""WIND""";"=""2026-04-28T19:05:00+03:00""";"=""OA_YTM""";"=""AKSU RES""";"=""10928268862""";"=""2890""";"=""AKSU ÇAMLICA RES""";0,98;158,09;12,9;2,76;;;;;0;2,35;"=""1""";
"=""API""";"=""WIND""";"=""2026-04-28T19:06:00+03:00""";"=""OA_YTM""";"=""AKSU RES""";"=""10928268862""";"=""2890""";"=""AKSU ÇAMLICA RES""";0,98;158,5;11,91;2,54;;;;;0;2,17;"=""1""";
"=""API""";"=""WIND""";"=""2026-04-28T19:07:00+03:00""";"=""OA_YTM""";"=""AKSU RES""";"=""10928268862""";"=""2890""";"=""AKSU ÇAMLICA RES""";0,98;158,09;11,91;2,46;;;;;0;2,17;"=""1""";
"=""API""";"=""WIND""";"=""2026-04-28T19:08:00+03:00""";"=""OA_YTM""";"=""AKSU RES""";"=""10928268862""";"=""2890""";"=""AKSU ÇAMLICA RES""";0,98;158,19;11,91;2,46;;;;;0;2,17;"=""1""";
"=""API""";"=""WIND""";"=""2026-04-28T19:09:00+03:00""";"=""OA_YTM""";"=""AKSU RES""";"=""10928268862""";"=""2890""";"=""AKSU ÇAMLICA RES""";0,98;158,19;10,91;2,2;;;;;0;1,99;"=""1""";
"=""API""";"=""WIND""";"=""2026-04-28T19:10:00+03:00""";"=""OA_YTM""";"=""AKSU RES""";"=""10928268862""";"=""2890""";"=""AKSU ÇAMLICA RES""";0,98;158,24;12,9;2,47;;;;;0;2,35;"=""1""";
"=""API""";"=""WIND""";"=""2026-04-28T19:11:00+03:00""";"=""OA_YTM""";"=""AKSU RES""";"=""10928268862""";"=""2890""";"=""AKSU ÇAMLICA RES""";0,98;158,24;11,91;2,47;;;;;0;2,17;"=""1""";
"=""API""";"=""WIND""";"=""2026-04-28T19:12:00+03:00""";"=""OA_YTM""";"=""AKSU RES""";"=""10928268862""";"=""2890""";"=""AKSU ÇAMLICA RES""";0,98;158,04;12,9;2,56;;;;;0;2,35;"=""1""";
"=""API""";"=""WIND""";"=""2026-04-28T19:13:00+03:00""";"=""OA_YTM""";"=""AKSU RES""";"=""10928268862""";"=""2890""";"=""AKSU ÇAMLICA RES""";0,98;158,19;12,9;2,74;;;;;0;2,35;"=""1""";
"=""API""";"=""WIND""";"=""2026-04-28T19:14:00+03:00""";"=""OA_YTM""";"=""AKSU RES""";"=""10928268862""";"=""2890""";"=""AKSU ÇAMLICA RES""";0,98;158,19;11,91;2,49;;;;;0;2,17;"=""1""";
"=""API""";"=""WIND""";"=""2026-04-28T19:15:00+03:00""";"=""OA_YTM""";"=""AKSU RES""";"=""10928268862""";"=""2890""";"=""AKSU ÇAMLICA RES""";0,98;158,19;11,91;2,46;;;;;0;2,17;"=""1""";
"=""API""";"=""WIND""";"=""2026-04-28T19:16:00+03:00""";"=""OA_YTM""";"=""AKSU RES""";"=""10928268862""";"=""2890""";"=""AKSU ÇAMLICA RES""";0,98;159,12;11,91;2,6;;;;;0;2,17;"=""1""";
"=""API""";"=""WIND""";"=""2026-04-28T19:17:00+03:00""";"=""OA_YTM""";"=""AKSU RES""";"=""10928268862""";"=""2890""";"=""AKSU ÇAMLICA RES""";0,98;158,5;12,9;2,51;;;;;0;2,35;"=""1""";
"=""API""";"=""WIND""";"=""2026-04-28T19:18:00+03:00""";"=""OA_YTM""";"=""AKSU RES""";"=""10928268862""";"=""2890""";"=""AKSU ÇAMLICA RES""";0,98;158,5;13,89;2,85;;;;;0;2,53;"=""1""";
"=""API""";"=""WIND""";"=""2026-04-28T19:19:00+03:00""";"=""OA_YTM""";"=""AKSU RES""";"=""10928268862""";"=""2890""";"=""AKSU ÇAMLICA RES""";0,98;157,63;13,89;2,62;;;;;0;2,53;"=""1""";
"=""API""";"=""WIND""";"=""2026-04-28T19:20:00+03:00""";"=""OA_YTM""";"=""AKSU RES""";"=""10928268862""";"=""2890""";"=""AKSU ÇAMLICA RES""";0,98;158,14;13,89;2,8;;;;;0;2,53;"=""1""";
"=""API""";"=""WIND""";"=""2026-04-28T19:21:00+03:00""";"=""OA_YTM""";"=""AKSU RES""";"=""10928268862""";"=""2890""";"=""AKSU ÇAMLICA RES""";0,98;157,52;13,89;2,84;;;;;0;2,53;"=""1""";
"=""API""";"=""WIND""";"=""2026-04-28T19:22:00+03:00""";"=""OA_YTM""";"=""AKSU RES""";"=""10928268862""";"=""2890""";"=""AKSU ÇAMLICA RES""";0,98;157,63;13,89;2,88;;;;;0;2,53;"=""1""";
"=""API""";"=""WIND""";"=""2026-04-28T19:23:00+03:00""";"=""OA_YTM""";"=""AKSU RES""";"=""10928268862""";"=""2890""";"=""AKSU ÇAMLICA RES""";0,98;157,88;13,89;3,06;;;;;0;2,53;"=""1""";
"=""API""";"=""WIND""";"=""2026-04-28T19:24:00+03:00""";"=""OA_YTM""";"=""AKSU RES""";"=""10928268862""";"=""2890""";"=""AKSU ÇAMLICA RES""";0,98;156,91;15,87;2,99;;;;;0;2,9;"=""1""";
"=""API""";"=""WIND""";"=""2026-04-28T19:25:00+03:00""";"=""OA_YTM""";"=""AKSU RES""";"=""10928268862""";"=""2890""";"=""AKSU ÇAMLICA RES""";0,98;157,27;13,89;2,78;;;;;0;2,53;"=""1""";
"=""API""";"=""WIND""";"=""2026-04-28T19:26:00+03:00""";"=""OA_YTM""";"=""AKSU RES""";"=""10928268862""";"=""2890""";"=""AKSU ÇAMLICA RES""";0,98;157,58;13,89;2,96;;;;;0;2,53;"=""1""";
"=""API""";"=""WIND""";"=""2026-04-28T19:27:00+03:00""";"=""OA_YTM""";"=""AKSU RES""";"=""10928268862""";"=""2890""";"=""AKSU ÇAMLICA RES""";0,98;157,58;13,89;2,84;;;;;0;2,53;"=""1""";
"=""API""";"=""WIND""";"=""2026-04-28T19:28:00+03:00""";"=""OA_YTM""";"=""AKSU RES""";"=""10928268862""";"=""2890""";"=""AKSU ÇAMLICA RES""";0,98;158,14;14,88;3,08;;;;;0;2,71;"=""1""";
"=""API""";"=""WIND""";"=""2026-04-28T19:29:00+03:00""";"=""OA_YTM""";"=""AKSU RES""";"=""10928268862""";"=""2890""";"=""AKSU ÇAMLICA RES""";0,98;158,14;13,89;3,13;;;;;0;2,53;"=""1""";
"=""API""";"=""WIND""";"=""2026-04-28T19:30:00+03:00""";"=""OA_YTM""";"=""AKSU RES""";"=""10928268862""";"=""2890""";"=""AKSU ÇAMLICA RES""";0,98;158,5;14,88;2,99;;;;;0;2,71;"=""1""";
"=""API""";"=""WIND""";"=""2026-04-28T19:31:00+03:00""";"=""OA_YTM""";"=""AKSU RES""";"=""10928268862""";"=""2890""";"=""AKSU ÇAMLICA RES""";0,98;159,42;13,89;2,86;;;;;0;2,53;"=""1""";
"=""API""";"=""WIND""";"=""2026-04-28T19:32:00+03:00""";"=""OA_YTM""";"=""AKSU RES""";"=""10928268862""";"=""2890""";"=""AKSU ÇAMLICA RES""";0,98;158,81;13,89;2,94;;;;;0;2,53;"=""1""";
"=""API""";"=""WIND""";"=""2026-04-28T19:33:00+03:00""";"=""OA_YTM""";"=""AKSU RES""";"=""10928268862""";"=""2890""";"=""AKSU ÇAMLICA RES""";0,98;158,71;14,88;2,86;;;;;0;2,71;"=""1""";
"=""API""";"=""WIND""";"=""2026-04-28T19:34:00+03:00""";"=""OA_YTM""";"=""AKSU RES""";"=""10928268862""";"=""2890""";"=""AKSU ÇAMLICA RES""";0,98;158,81;12,9;2,98;;;;;0;2,35;"=""1""";
"=""API""";"=""WIND""";"=""2026-04-28T19:35:00+03:00""";"=""OA_YTM""";"=""AKSU RES""";"=""10928268862""";"=""2890""";"=""AKSU ÇAMLICA RES""";0,98;158,5;12,9;2,71;;;;;0;2,35;"=""1""";
"=""API""";"=""WIND""";"=""2026-04-28T19:36:00+03:00""";"=""OA_YTM""";"=""AKSU RES""";"=""10928268862""";"=""2890""";"=""AKSU ÇAMLICA RES""";0,98;158,35;14,88;2,71;;;;;0;2,71;"=""1""";
"=""API""";"=""WIND""";"=""2026-04-28T19:37:00+03:00""";"=""OA_YTM""";"=""AKSU RES""";"=""10928268862""";"=""2890""";"=""AKSU ÇAMLICA RES""";0,98;158,35;13,89;3,09;;;;;0;2,53;"=""1""";
"=""API""";"=""WIND""";"=""2026-04-28T19:38:00+03:00""";"=""OA_YTM""";"=""AKSU RES""";"=""10928268862""";"=""2890""";"=""AKSU ÇAMLICA RES""";0,98;158,04;13,89;3,05;;;;;0;2,53;"=""1""";
"=""API""";"=""WIND""";"=""2026-04-28T19:39:00+03:00""";"=""OA_YTM""";"=""AKSU RES""";"=""10928268862""";"=""2890""";"=""AKSU ÇAMLICA RES""";0,98;158,35;13,89;3,05;;;;;0;2,53;"=""1""";
"=""API""";"=""WIND""";"=""2026-04-28T19:40:00+03:00""";"=""OA_YTM""";"=""AKSU RES""";"=""10928268862""";"=""2890""";"=""AKSU ÇAMLICA RES""";0,98;158,35;13,89;3;;;;;0;2,53;"=""1""";
"=""API""";"=""WIND""";"=""2026-04-28T19:41:00+03:00""";"=""OA_YTM""";"=""AKSU RES""";"=""10928268862""";"=""2890""";"=""AKSU ÇAMLICA RES""";0,98;158,04;13,89;2,73;;;;;0;2,53;"=""1""";
"=""API""";"=""WIND""";"=""2026-04-28T19:42:00+03:00""";"=""OA_YTM""";"=""AKSU RES""";"=""10928268862""";"=""2890""";"=""AKSU ÇAMLICA RES""";0,98;157,63;12,9;2,8;;;;;0;2,35;"=""1""";
"=""API""";"=""WIND""";"=""2026-04-28T19:43:00+03:00""";"=""OA_YTM""";"=""AKSU RES""";"=""10928268862""";"=""2890""";"=""AKSU ÇAMLICA RES""";0,98;157,73;12,9;2,7;;;;;0;2,35;"=""1""";
"=""API""";"=""WIND""";"=""2026-04-28T19:44:00+03:00""";"=""OA_YTM""";"=""AKSU RES""";"=""10928268862""";"=""2890""";"=""AKSU ÇAMLICA RES""";0,98;157,83;12,9;2,63;;;;;0;2,35;"=""1""";
"=""API""";"=""WIND""";"=""2026-04-28T19:45:00+03:00""";"=""OA_YTM""";"=""AKSU RES""";"=""10928268862""";"=""2890""";"=""AKSU ÇAMLICA RES""";0,98;157,52;11,91;2,45;;;;;0;2,17;"=""1""";
"=""API""";"=""WIND""";"=""2026-04-28T19:46:00+03:00""";"=""OA_YTM""";"=""AKSU RES""";"=""10928268862""";"=""2890""";"=""AKSU ÇAMLICA RES""";0,98;157,78;10,91;2,31;;;;;0;1,99;"=""1""";
"=""API""";"=""WIND""";"=""2026-04-28T19:47:00+03:00""";"=""OA_YTM""";"=""AKSU RES""";"=""10928268862""";"=""2890""";"=""AKSU ÇAMLICA RES""";0,98;157,73;10,91;2,26;;;;;0;1,99;"=""1""";
"=""API""";"=""WIND""";"=""2026-04-28T19:48:00+03:00""";"=""OA_YTM""";"=""AKSU RES""";"=""10928268862""";"=""2890""";"=""AKSU ÇAMLICA RES""";0,98;157,32;8,93;2,03;;;;;0;1,63;"=""1""";
"=""API""";"=""WIND""";"=""2026-04-28T19:49:00+03:00""";"=""OA_YTM""";"=""AKSU RES""";"=""10928268862""";"=""2890""";"=""AKSU ÇAMLICA RES""";0,98;157,27;8,93;2,03;;;;;0;1,63;"=""1""";
"=""API""";"=""WIND""";"=""2026-04-28T19:50:00+03:00""";"=""OA_YTM""";"=""AKSU RES""";"=""10928268862""";"=""2890""";"=""AKSU ÇAMLICA RES""";0,98;157,37;8,93;1,95;;;;;0;1,63;"=""1""";
"=""API""";"=""WIND""";"=""2026-04-28T19:51:00+03:00""";"=""OA_YTM""";"=""AKSU RES""";"=""10928268862""";"=""2890""";"=""AKSU ÇAMLICA RES""";0,98;157,32;8,93;1,69;;;;;0;1,63;"=""1""";
"=""API""";"=""WIND""";"=""2026-04-28T19:52:00+03:00""";"=""OA_YTM""";"=""AKSU RES""";"=""10928268862""";"=""2890""";"=""AKSU ÇAMLICA RES""";0,98;157,01;7,93;1,69;;;;;;;;
"=""API""";"=""WIND""";"=""2026-04-28T19:53:00+03:00""";"=""OA_YTM""";"=""AKSU RES""";"=""10928268862""";"=""2890""";"=""AKSU ÇAMLICA RES""";0,98;156,7;7,93;1,69;;;;;;;;
"=""API""";"=""WIND""";"=""2026-04-28T19:54:00+03:00""";"=""OA_YTM""";"=""AKSU RES""";"=""10928268862""";"=""2890""";"=""AKSU ÇAMLICA RES""";0,98;156,4;6,94;1,59;;;;;;;;
"=""API""";"=""WIND""";"=""2026-04-28T19:55:00+03:00""";"=""OA_YTM""";"=""AKSU RES""";"=""10928268862""";"=""2890""";"=""AKSU ÇAMLICA RES""";0,98;156,14;6,94;1,55;;;;;;;;
"=""API""";"=""WIND""";"=""2026-04-28T19:56:00+03:00""";"=""OA_YTM""";"=""AKSU RES""";"=""10928268862""";"=""2890""";"=""AKSU ÇAMLICA RES""";0,98;155,83;6,94;1,42;;;;;;;;
"=""API""";"=""WIND""";"=""2026-04-28T19:57:00+03:00""";"=""OA_YTM""";"=""AKSU RES""";"=""10928268862""";"=""2890""";"=""AKSU ÇAMLICA RES""";0,98;157,01;5,95;1,42;;;;;;;;
"=""API""";"=""WIND""";"=""2026-04-28T19:58:00+03:00""";"=""OA_YTM""";"=""AKSU RES""";"=""10928268862""";"=""2890""";"=""AKSU ÇAMLICA RES""";0,98;157,27;5,95;1,37;;;;;;;;
"=""API""";"=""WIND""";"=""2026-04-28T19:59:00+03:00""";"=""OA_YTM""";"=""AKSU RES""";"=""10928268862""";"=""2890""";"=""AKSU ÇAMLICA RES""";0,98;157,06;5,95;1,37;;;;;;;;
"=""API""";"=""WIND""";"=""2026-04-28T20:00:00+03:00""";"=""OA_YTM""";"=""AKSU RES""";"=""10928268862""";"=""2890""";"=""AKSU ÇAMLICA RES""";0,99;157,37;5,95;1,26;;;;;;;;
"=""API""";"=""WIND""";"=""2026-04-28T20:01:00+03:00""";"=""OA_YTM""";"=""AKSU RES""";"=""10928268862""";"=""2890""";"=""AKSU ÇAMLICA RES""";0,99;157,78;4,96;1,2;;;;;;;;
"=""API""";"=""WIND""";"=""2026-04-28T20:02:00+03:00""";"=""OA_YTM""";"=""AKSU RES""";"=""10928268862""";"=""2890""";"=""AKSU ÇAMLICA RES""";0,99;157,58;4,96;1,05;;;;;;;;
"=""API""";"=""WIND""";"=""2026-04-28T20:03:00+03:00""";"=""OA_YTM""";"=""AKSU RES""";"=""10928268862""";"=""2890""";"=""AKSU ÇAMLICA RES""";0,99;157,37;4,96;1,05;;;;;;;;
"=""API""";"=""WIND""";"=""2026-04-28T20:04:00+03:00""";"=""OA_YTM""";"=""AKSU RES""";"=""10928268862""";"=""2890""";"=""AKSU ÇAMLICA RES""";0,99;157,16;4,96;0,98;;;;;;;;
"=""API""";"=""WIND""";"=""2026-04-28T20:05:00+03:00""";"=""OA_YTM""";"=""AKSU RES""";"=""10928268862""";"=""2890""";"=""AKSU ÇAMLICA RES""";0,99;157,16;4,96;0,61;;;;;;;;
"=""API""";"=""WIND""";"=""2026-04-28T20:06:00+03:00""";"=""OA_YTM""";"=""AKSU RES""";"=""10928268862""";"=""2890""";"=""AKSU ÇAMLICA RES""";0,99;157,16;3,97;0,71;;;;;;;;
"=""API""";"=""WIND""";"=""2026-04-28T20:07:00+03:00""";"=""OA_YTM""";"=""AKSU RES""";"=""10928268862""";"=""2890""";"=""AKSU ÇAMLICA RES""";0,99;157,27;3,97;0,71;;;;;;;;
"=""API""";"=""WIND""";"=""2026-04-28T20:08:00+03:00""";"=""OA_YTM""";"=""AKSU RES""";"=""10928268862""";"=""2890""";"=""AKSU ÇAMLICA RES""";0,99;157,16;3,97;0,67;;;;;;;;
"=""API""";"=""WIND""";"=""2026-04-28T20:09:00+03:00""";"=""OA_YTM""";"=""AKSU RES""";"=""10928268862""";"=""2890""";"=""AKSU ÇAMLICA RES""";0,99;157,16;3,97;0,63;;;;;;;;
"=""API""";"=""WIND""";"=""2026-04-28T20:10:00+03:00""";"=""OA_YTM""";"=""AKSU RES""";"=""10928268862""";"=""2890""";"=""AKSU ÇAMLICA RES""";0,99;156,75;3,97;0,49;;;;;;;;
"=""API""";"=""WIND""";"=""2026-04-28T20:11:00+03:00""";"=""OA_YTM""";"=""AKSU RES""";"=""10928268862""";"=""2890""";"=""AKSU ÇAMLICA RES""";0,99;156,45;3,97;0,49;;;;;;;;
"=""API""";"=""WIND""";"=""2026-04-28T20:12:00+03:00""";"=""OA_YTM""";"=""AKSU RES""";"=""10928268862""";"=""2890""";"=""AKSU ÇAMLICA RES""";0,99;156,24;3,97;0,58;;;;;;;;
"=""API""";"=""WIND""";"=""2026-04-28T20:13:00+03:00""";"=""OA_YTM""";"=""AKSU RES""";"=""10928268862""";"=""2890""";"=""AKSU ÇAMLICA RES""";0,99;156,34;2,98;0,58;;;;;;;;
"=""API""";"=""WIND""";"=""2026-04-28T20:14:00+03:00""";"=""OA_YTM""";"=""AKSU RES""";"=""10928268862""";"=""2890""";"=""AKSU ÇAMLICA RES""";0,99;156,14;3,97;0,49;;;;;;;;
"=""API""";"=""WIND""";"=""2026-04-28T20:15:00+03:00""";"=""OA_YTM""";"=""AKSU RES""";"=""10928268862""";"=""2890""";"=""AKSU ÇAMLICA RES""";0,99;156,45;3,97;0,4;;;;;;;;
"=""API""";"=""WIND""";"=""2026-04-28T20:16:00+03:00""";"=""OA_YTM""";"=""AKSU RES""";"=""10928268862""";"=""2890""";"=""AKSU ÇAMLICA RES""";0,99;156,65;3,97;0,51;;;;;;;;
"=""API""";"=""WIND""";"=""2026-04-28T20:17:00+03:00""";"=""OA_YTM""";"=""AKSU RES""";"=""10928268862""";"=""2890""";"=""AKSU ÇAMLICA RES""";0,99;156,75;2,98;0,43;;;;;;;;
"=""API""";"=""WIND""";"=""2026-04-28T20:18:00+03:00""";"=""OA_YTM""";"=""AKSU RES""";"=""10928268862""";"=""2890""";"=""AKSU ÇAMLICA RES""";0,99;156,7;2,98;0,43;;;;;;;;
"=""API""";"=""WIND""";"=""2026-04-28T20:19:00+03:00""";"=""OA_YTM""";"=""AKSU RES""";"=""10928268862""";"=""2890""";"=""AKSU ÇAMLICA RES""";0,99;156,45;2,98;0,43;;;;;;;;
"=""API""";"=""WIND""";"=""2026-04-28T20:20:00+03:00""";"=""OA_YTM""";"=""AKSU RES""";"=""10928268862""";"=""2890""";"=""AKSU ÇAMLICA RES""";0,99;156,55;1,98;0,43;;;;;;;;
"=""API""";"=""WIND""";"=""2026-04-28T20:21:00+03:00""";"=""OA_YTM""";"=""AKSU RES""";"=""10928268862""";"=""2890""";"=""AKSU ÇAMLICA RES""";0,99;156,6;1,98;0,43;;;;;;;;
"=""API""";"=""WIND""";"=""2026-04-28T20:22:00+03:00""";"=""OA_YTM""";"=""AKSU RES""";"=""10928268862""";"=""2890""";"=""AKSU ÇAMLICA RES""";0,99;156,4;1,98;0,58;;;;;;;;
"=""API""";"=""WIND""";"=""2026-04-28T20:23:00+03:00""";"=""OA_YTM""";"=""AKSU RES""";"=""10928268862""";"=""2890""";"=""AKSU ÇAMLICA RES""";0,99;156,7;1,98;0,83;;;;;;;;
"=""API""";"=""WIND""";"=""2026-04-28T20:24:00+03:00""";"=""OA_YTM""";"=""AKSU RES""";"=""10928268862""";"=""2890""";"=""AKSU ÇAMLICA RES""";0,99;156,81;1,98;1,07;;;;;;;;
"=""API""";"=""WIND""";"=""2026-04-28T20:25:00+03:00""";"=""OA_YTM""";"=""AKSU RES""";"=""10928268862""";"=""2890""";"=""AKSU ÇAMLICA RES""";0,99;157,22;1,98;1,39;;;;;;;;
"=""API""";"=""WIND""";"=""2026-04-28T20:26:00+03:00""";"=""OA_YTM""";"=""AKSU RES""";"=""10928268862""";"=""2890""";"=""AKSU ÇAMLICA RES""";0,99;156,96;1,98;1,39;;;;;;;;
"=""API""";"=""WIND""";"=""2026-04-28T20:27:00+03:00""";"=""OA_YTM""";"=""AKSU RES""";"=""10928268862""";"=""2890""";"=""AKSU ÇAMLICA RES""";0,99;157,06;1,98;1,57;;;;;;;;
"=""API""";"=""WIND""";"=""2026-04-28T20:28:00+03:00""";"=""OA_YTM""";"=""AKSU RES""";"=""10928268862""";"=""2890""";"=""AKSU ÇAMLICA RES""";0,99;157,06;1,98;1,38;;;;;;;;
"=""API""";"=""WIND""";"=""2026-04-28T20:29:00+03:00""";"=""OA_YTM""";"=""AKSU RES""";"=""10928268862""";"=""2890""";"=""AKSU ÇAMLICA RES""";0,99;157,06;1,98;1,43;;;;;;;;
"=""API""";"=""WIND""";"=""2026-04-28T20:30:00+03:00""";"=""OA_YTM""";"=""AKSU RES""";"=""10928268862""";"=""2890""";"=""AKSU ÇAMLICA RES""";0,99;157,37;1,98;1,75;;;;;;;;
"=""API""";"=""WIND""";"=""2026-04-28T20:31:00+03:00""";"=""OA_YTM""";"=""AKSU RES""";"=""10928268862""";"=""2890""";"=""AKSU ÇAMLICA RES""";0,99;157,37;1,98;1,75;;;;;;;;
"=""API""";"=""WIND""";"=""2026-04-28T20:32:00+03:00""";"=""OA_YTM""";"=""AKSU RES""";"=""10928268862""";"=""2890""";"=""AKSU ÇAMLICA RES""";0,99;157,01;0,99;1,73;;;;;;;;
"=""API""";"=""WIND""";"=""2026-04-28T20:33:00+03:00""";"=""OA_YTM""";"=""AKSU RES""";"=""10928268862""";"=""2890""";"=""AKSU ÇAMLICA RES""";0,99;156,6;0,99;1,73;;;;;;;;
"=""API""";"=""WIND""";"=""2026-04-28T20:34:00+03:00""";"=""OA_YTM""";"=""AKSU RES""";"=""10928268862""";"=""2890""";"=""AKSU ÇAMLICA RES""";0,99;156,55;0,99;1,6;;;;;;;;
"=""API""";"=""WIND""";"=""2026-04-28T20:35:00+03:00""";"=""OA_YTM""";"=""AKSU RES""";"=""10928268862""";"=""2890""";"=""AKSU ÇAMLICA RES""";0,99;156,19;0,99;1,6;;;;;;;;
"=""API""";"=""WIND""";"=""2026-04-28T20:36:00+03:00""";"=""OA_YTM""";"=""AKSU RES""";"=""10928268862""";"=""2890""";"=""AKSU ÇAMLICA RES""";0,99;156,14;0,99;1,51;;;;;;;;
"=""API""";"=""WIND""";"=""2026-04-28T20:37:00+03:00""";"=""OA_YTM""";"=""AKSU RES""";"=""10928268862""";"=""2890""";"=""AKSU ÇAMLICA RES""";0,99;155,62;0;1,51;;;;;;;;
"=""API""";"=""WIND""";"=""2026-04-28T20:38:00+03:00""";"=""OA_YTM""";"=""AKSU RES""";"=""10928268862""";"=""2890""";"=""AKSU ÇAMLICA RES""";0,99;156,45;0;1,44;;;;;;;;
"=""API""";"=""WIND""";"=""2026-04-28T20:39:00+03:00""";"=""OA_YTM""";"=""AKSU RES""";"=""10928268862""";"=""2890""";"=""AKSU ÇAMLICA RES""";0,99;156,14;0;1,44;;;;;;;;
"=""API""";"=""WIND""";"=""2026-04-28T20:40:00+03:00""";"=""OA_YTM""";"=""AKSU RES""";"=""10928268862""";"=""2890""";"=""AKSU ÇAMLICA RES""";0,99;156,6;0;1,37;;;;;;;;
"=""API""";"=""WIND""";"=""2026-04-28T20:41:00+03:00""";"=""OA_YTM""";"=""AKSU RES""";"=""10928268862""";"=""2890""";"=""AKSU ÇAMLICA RES""";0,99;157,11;0;1,64;;;;;;;;
"=""API""";"=""WIND""";"=""2026-04-28T20:42:00+03:00""";"=""OA_YTM""";"=""AKSU RES""";"=""10928268862""";"=""2890""";"=""AKSU ÇAMLICA RES""";0,99;157,42;0;1,49;;;;;;;;
"=""API""";"=""WIND""";"=""2026-04-28T20:43:00+03:00""";"=""OA_YTM""";"=""AKSU RES""";"=""10928268862""";"=""2890""";"=""AKSU ÇAMLICA RES""";0,99;157,42;0;1,78;;;;;;;;
"=""API""";"=""WIND""";"=""2026-04-28T20:44:00+03:00""";"=""OA_YTM""";"=""AKSU RES""";"=""10928268862""";"=""2890""";"=""AKSU ÇAMLICA RES""";0,99;157,52;0;2,14;;;;;;;;
"=""API""";"=""WIND""";"=""2026-04-28T20:45:00+03:00""";"=""OA_YTM""";"=""AKSU RES""";"=""10928268862""";"=""2890""";"=""AKSU ÇAMLICA RES""";0,99;157,42;0;2,17;;;;;;;;
"=""API""";"=""WIND""";"=""2026-04-28T20:46:00+03:00""";"=""OA_YTM""";"=""AKSU RES""";"=""10928268862""";"=""2890""";"=""AKSU ÇAMLICA RES""";0,99;157,58;0;2,17;;;;;;;;
"=""API""";"=""WIND""";"=""2026-04-28T20:47:00+03:00""";"=""OA_YTM""";"=""AKSU RES""";"=""10928268862""";"=""2890""";"=""AKSU ÇAMLICA RES""";0,99;157,47;0;2,11;;;;;;;;
"=""API""";"=""WIND""";"=""2026-04-28T20:48:00+03:00""";"=""OA_YTM""";"=""AKSU RES""";"=""10928268862""";"=""2890""";"=""AKSU ÇAMLICA RES""";0,99;157,47;0;2,11;;;;;;;;
"=""API""";"=""WIND""";"=""2026-04-28T20:49:00+03:00""";"=""OA_YTM""";"=""AKSU RES""";"=""10928268862""";"=""2890""";"=""AKSU ÇAMLICA RES""";0,99;157,27;0;2,11;;;;;;;;
"=""API""";"=""WIND""";"=""2026-04-28T20:50:00+03:00""";"=""OA_YTM""";"=""AKSU RES""";"=""10928268862""";"=""2890""";"=""AKSU ÇAMLICA RES""";0,99;156,65;0;2,25;;;;;;;;
"=""API""";"=""WIND""";"=""2026-04-28T20:51:00+03:00""";"=""OA_YTM""";"=""AKSU RES""";"=""10928268862""";"=""2890""";"=""AKSU ÇAMLICA RES""";0,99;157,27;0;2,16;;;;;;;;
"=""API""";"=""WIND""";"=""2026-04-28T20:52:00+03:00""";"=""OA_YTM""";"=""AKSU RES""";"=""10928268862""";"=""2890""";"=""AKSU ÇAMLICA RES""";0,99;157,89;0;2,16;;;;;;;;
"=""API""";"=""WIND""";"=""2026-04-28T20:53:00+03:00""";"=""OA_YTM""";"=""AKSU RES""";"=""10928268862""";"=""2890""";"=""AKSU ÇAMLICA RES""";0,99;157,73;0;0,88;;;;;;;;
"=""API""";"=""WIND""";"=""2026-04-28T20:54:00+03:00""";"=""OA_YTM""";"=""AKSU RES""";"=""10928268862""";"=""2890""";"=""AKSU ÇAMLICA RES""";0,99;157,52;0,99;0,25;;;;;;;;
"=""API""";"=""WIND""";"=""2026-04-28T20:55:00+03:00""";"=""OA_YTM""";"=""AKSU RES""";"=""10928268862""";"=""2890""";"=""AKSU ÇAMLICA RES""";0,99;157,42;0,99;0,13;;;;;;;;
"=""API""";"=""WIND""";"=""2026-04-28T20:56:00+03:00""";"=""OA_YTM""";"=""AKSU RES""";"=""10928268862""";"=""2890""";"=""AKSU ÇAMLICA RES""";0,99;157,47;0,99;0,19;;;;;;;;
"=""API""";"=""WIND""";"=""2026-04-28T20:57:00+03:00""";"=""OA_YTM""";"=""AKSU RES""";"=""10928268862""";"=""2890""";"=""AKSU ÇAMLICA RES""";0,99;157,42;1,98;0,31;;;;;;;;
"=""API""";"=""WIND""";"=""2026-04-28T20:58:00+03:00""";"=""OA_YTM""";"=""AKSU RES""";"=""10928268862""";"=""2890""";"=""AKSU ÇAMLICA RES""";0,99;157,52;0;0,2;;;;;;;;
"=""API""";"=""WIND""";"=""2026-04-28T20:59:00+03:00""";"=""OA_YTM""";"=""AKSU RES""";"=""10928268862""";"=""2890""";"=""AKSU ÇAMLICA RES""";0,99;157,42;0;0,14;;;;;;;;
"=""API""";"=""WIND""";"=""2026-04-28T21:00:00+03:00""";"=""OA_YTM""";"=""AKSU RES""";"=""10928268862""";"=""2890""";"=""AKSU ÇAMLICA RES""";0,99;157,83;0;0,45;;;;;;;;
"=""API""";"=""WIND""";"=""2026-04-28T21:01:00+03:00""";"=""OA_YTM""";"=""AKSU RES""";"=""10928268862""";"=""2890""";"=""AKSU ÇAMLICA RES""";0,99;157,11;0;0,36;;;;;;;;
"=""API""";"=""WIND""";"=""2026-04-28T21:02:00+03:00""";"=""OA_YTM""";"=""AKSU RES""";"=""10928268862""";"=""2890""";"=""AKSU ÇAMLICA RES""";0,99;157,11;0;0,64;;;;;;;;
"=""API""";"=""WIND""";"=""2026-04-28T21:03:00+03:00""";"=""OA_YTM""";"=""AKSU RES""";"=""10928268862""";"=""2890""";"=""AKSU ÇAMLICA RES""";0,99;156,81;0;1,09;;;;;;;;
"=""API""";"=""WIND""";"=""2026-04-28T21:04:00+03:00""";"=""OA_YTM""";"=""AKSU RES""";"=""10928268862""";"=""2890""";"=""AKSU ÇAMLICA RES""";0,99;157,11;0;1,26;;;;;;;;
"=""API""";"=""WIND""";"=""2026-04-28T21:05:00+03:00""";"=""OA_YTM""";"=""AKSU RES""";"=""10928268862""";"=""2890""";"=""AKSU ÇAMLICA RES""";0,99;157,01;0;0,7;;;;;;;;
"=""API""";"=""WIND""";"=""2026-04-28T21:06:00+03:00""";"=""OA_YTM""";"=""AKSU RES""";"=""10928268862""";"=""2890""";"=""AKSU ÇAMLICA RES""";0,99;156,81;0;0,94;;;;;;;;
"=""API""";"=""WIND""";"=""2026-04-28T21:07:00+03:00""";"=""OA_YTM""";"=""AKSU RES""";"=""10928268862""";"=""2890""";"=""AKSU ÇAMLICA RES""";0,99;157,11;0;1,48;;;;;;;;
"=""API""";"=""WIND""";"=""2026-04-28T21:08:00+03:00""";"=""OA_YTM""";"=""AKSU RES""";"=""10928268862""";"=""2890""";"=""AKSU ÇAMLICA RES""";0,99;156,81;0;1,54;;;;;;;;
"=""API""";"=""WIND""";"=""2026-04-28T21:09:00+03:00""";"=""OA_YTM""";"=""AKSU RES""";"=""10928268862""";"=""2890""";"=""AKSU ÇAMLICA RES""";0,99;157,01;0;1,64;;;;;;;;
"=""API""";"=""WIND""";"=""2026-04-28T21:10:00+03:00""";"=""OA_YTM""";"=""AKSU RES""";"=""10928268862""";"=""2890""";"=""AKSU ÇAMLICA RES""";0,99;157,11;0;1,42;;;;;;;;
"=""API""";"=""WIND""";"=""2026-04-28T21:11:00+03:00""";"=""OA_YTM""";"=""AKSU RES""";"=""10928268862""";"=""2890""";"=""AKSU ÇAMLICA RES""";0,99;157,42;0;1,24;;;;;;;;
"=""API""";"=""WIND""";"=""2026-04-28T21:12:00+03:00""";"=""OA_YTM""";"=""AKSU RES""";"=""10928268862""";"=""2890""";"=""AKSU ÇAMLICA RES""";0,99;157,73;0;1,32;;;;;;;;
"=""API""";"=""WIND""";"=""2026-04-28T21:13:00+03:00""";"=""OA_YTM""";"=""AKSU RES""";"=""10928268862""";"=""2890""";"=""AKSU ÇAMLICA RES""";0,99;157,11;0;1,16;;;;;;;;
"=""API""";"=""WIND""";"=""2026-04-28T21:14:00+03:00""";"=""OA_YTM""";"=""AKSU RES""";"=""10928268862""";"=""2890""";"=""AKSU ÇAMLICA RES""";0,99;157,42;0;1,19;;;;;;;;
"=""API""";"=""WIND""";"=""2026-04-28T21:15:00+03:00""";"=""OA_YTM""";"=""AKSU RES""";"=""10928268862""";"=""2890""";"=""AKSU ÇAMLICA RES""";0,99;157,42;0;1,1;;;;;;;;
"=""API""";"=""WIND""";"=""2026-04-28T21:16:00+03:00""";"=""OA_YTM""";"=""AKSU RES""";"=""10928268862""";"=""2890""";"=""AKSU ÇAMLICA RES""";0,99;157,73;0;1;;;;;;;;
"=""API""";"=""WIND""";"=""2026-04-28T21:17:00+03:00""";"=""OA_YTM""";"=""AKSU RES""";"=""10928268862""";"=""2890""";"=""AKSU ÇAMLICA RES""";0,99;157,73;0;0,88;;;;;;;;
"=""API""";"=""WIND""";"=""2026-04-28T21:18:00+03:00""";"=""OA_YTM""";"=""AKSU RES""";"=""10928268862""";"=""2890""";"=""AKSU ÇAMLICA RES""";0,99;157,73;0;0,97;;;;;;;;
"=""API""";"=""WIND""";"=""2026-04-28T21:19:00+03:00""";"=""OA_YTM""";"=""AKSU RES""";"=""10928268862""";"=""2890""";"=""AKSU ÇAMLICA RES""";0,99;157,63;0;1,08;;;;;;;;
"=""API""";"=""WIND""";"=""2026-04-28T21:20:00+03:00""";"=""OA_YTM""";"=""AKSU RES""";"=""10928268862""";"=""2890""";"=""AKSU ÇAMLICA RES""";0,99;157,11;0;0,91;;;;;;;;
"=""API""";"=""WIND""";"=""2026-04-28T21:21:00+03:00""";"=""OA_YTM""";"=""AKSU RES""";"=""10928268862""";"=""2890""";"=""AKSU ÇAMLICA RES""";0,99;156,91;0;1,1;;;;;;;;
"=""API""";"=""WIND""";"=""2026-04-28T21:22:00+03:00""";"=""OA_YTM""";"=""AKSU RES""";"=""10928268862""";"=""2890""";"=""AKSU ÇAMLICA RES""";0,99;157,52;0;1,02;;;;;;;;
"=""API""";"=""WIND""";"=""2026-04-28T21:23:00+03:00""";"=""OA_YTM""";"=""AKSU RES""";"=""10928268862""";"=""2890""";"=""AKSU ÇAMLICA RES""";0,99;157,73;0;0,99;;;;;;;;
"=""API""";"=""WIND""";"=""2026-04-28T21:24:00+03:00""";"=""OA_YTM""";"=""AKSU RES""";"=""10928268862""";"=""2890""";"=""AKSU ÇAMLICA RES""";0,99;157,63;0;1,09;;;;;;;;
"=""API""";"=""WIND""";"=""2026-04-28T21:25:00+03:00""";"=""OA_YTM""";"=""AKSU RES""";"=""10928268862""";"=""2890""";"=""AKSU ÇAMLICA RES""";0,99;157,52;0;0,93;;;;;;;;
"=""API""";"=""WIND""";"=""2026-04-28T21:26:00+03:00""";"=""OA_YTM""";"=""AKSU RES""";"=""10928268862""";"=""2890""";"=""AKSU ÇAMLICA RES""";0,99;157,83;0;0,98;;;;;;;;
"=""API""";"=""WIND""";"=""2026-04-28T21:27:00+03:00""";"=""OA_YTM""";"=""AKSU RES""";"=""10928268862""";"=""2890""";"=""AKSU ÇAMLICA RES""";0,99;157,73;0;1,02;;;;;;;;
"=""API""";"=""WIND""";"=""2026-04-28T21:28:00+03:00""";"=""OA_YTM""";"=""AKSU RES""";"=""10928268862""";"=""2890""";"=""AKSU ÇAMLICA RES""";0,99;157,73;0;1,02;;;;;;;;
"=""API""";"=""WIND""";"=""2026-04-28T21:29:00+03:00""";"=""OA_YTM""";"=""AKSU RES""";"=""10928268862""";"=""2890""";"=""AKSU ÇAMLICA RES""";0,99;157,83;0;1,09;;;;;;;;
"=""API""";"=""WIND""";"=""2026-04-28T21:30:00+03:00""";"=""OA_YTM""";"=""AKSU RES""";"=""10928268862""";"=""2890""";"=""AKSU ÇAMLICA RES""";0,99;158,24;0;0,95;;;;;;;;
"=""API""";"=""WIND""";"=""2026-04-28T21:31:00+03:00""";"=""OA_YTM""";"=""AKSU RES""";"=""10928268862""";"=""2890""";"=""AKSU ÇAMLICA RES""";0,99;158,35;0;1,02;;;;;;;;
"=""API""";"=""WIND""";"=""2026-04-28T21:32:00+03:00""";"=""OA_YTM""";"=""AKSU RES""";"=""10928268862""";"=""2890""";"=""AKSU ÇAMLICA RES""";0,99;158,24;0;1,02;;;;;;;;
"=""API""";"=""WIND""";"=""2026-04-28T21:33:00+03:00""";"=""OA_YTM""";"=""AKSU RES""";"=""10928268862""";"=""2890""";"=""AKSU ÇAMLICA RES""";0,99;157,94;0;1,12;;;;;;;;
"=""API""";"=""WIND""";"=""2026-04-28T21:34:00+03:00""";"=""OA_YTM""";"=""AKSU RES""";"=""10928268862""";"=""2890""";"=""AKSU ÇAMLICA RES""";0,99;158,04;0;1,51;;;;;;;;
"=""API""";"=""WIND""";"=""2026-04-28T21:35:00+03:00""";"=""OA_YTM""";"=""AKSU RES""";"=""10928268862""";"=""2890""";"=""AKSU ÇAMLICA RES""";0,99;158,04;0;1,1;;;;;;;;
"=""API""";"=""WIND""";"=""2026-04-28T21:36:00+03:00""";"=""OA_YTM""";"=""AKSU RES""";"=""10928268862""";"=""2890""";"=""AKSU ÇAMLICA RES""";0,99;157,94;0;0,93;;;;;;;;
"=""API""";"=""WIND""";"=""2026-04-28T21:37:00+03:00""";"=""OA_YTM""";"=""AKSU RES""";"=""10928268862""";"=""2890""";"=""AKSU ÇAMLICA RES""";0,99;158,24;0;1,33;;;;;;;;
"=""API""";"=""WIND""";"=""2026-04-28T21:38:00+03:00""";"=""OA_YTM""";"=""AKSU RES""";"=""10928268862""";"=""2890""";"=""AKSU ÇAMLICA RES""";0,99;158,24;0;1,37;;;;;;;;
"=""API""";"=""WIND""";"=""2026-04-28T21:39:00+03:00""";"=""OA_YTM""";"=""AKSU RES""";"=""10928268862""";"=""2890""";"=""AKSU ÇAMLICA RES""";0,99;157,78;0;0,77;;;;;;;;
"=""API""";"=""WIND""";"=""2026-04-28T21:40:00+03:00""";"=""OA_YTM""";"=""AKSU RES""";"=""10928268862""";"=""2890""";"=""AKSU ÇAMLICA RES""";0,99;157,68;0;0,83;;;;;;;;
"=""API""";"=""WIND""";"=""2026-04-28T21:41:00+03:00""";"=""OA_YTM""";"=""AKSU RES""";"=""10928268862""";"=""2890""";"=""AKSU ÇAMLICA RES""";0,99;157,78;0;0,7;;;;;;;;
"=""API""";"=""WIND""";"=""2026-04-28T21:42:00+03:00""";"=""OA_YTM""";"=""AKSU RES""";"=""10928268862""";"=""2890""";"=""AKSU ÇAMLICA RES""";0,99;157,58;0;0,91;;;;;;;;
"=""API""";"=""WIND""";"=""2026-04-28T21:43:00+03:00""";"=""OA_YTM""";"=""AKSU RES""";"=""10928268862""";"=""2890""";"=""AKSU ÇAMLICA RES""";0,99;157,68;0;0,72;;;;;;;;
"=""API""";"=""WIND""";"=""2026-04-28T21:44:00+03:00""";"=""OA_YTM""";"=""AKSU RES""";"=""10928268862""";"=""2890""";"=""AKSU ÇAMLICA RES""";0,99;157,27;0;0,75;;;;;;;;
"=""API""";"=""WIND""";"=""2026-04-28T21:45:00+03:00""";"=""OA_YTM""";"=""AKSU RES""";"=""10928268862""";"=""2890""";"=""AKSU ÇAMLICA RES""";0,99;157,27;0;0,52;;;;;;;;
"=""API""";"=""WIND""";"=""2026-04-28T21:46:00+03:00""";"=""OA_YTM""";"=""AKSU RES""";"=""10928268862""";"=""2890""";"=""AKSU ÇAMLICA RES""";0,99;157,27;0;0,27;;;;;;;;
"=""API""";"=""WIND""";"=""2026-04-28T21:47:00+03:00""";"=""OA_YTM""";"=""AKSU RES""";"=""10928268862""";"=""2890""";"=""AKSU ÇAMLICA RES""";0,99;157,58;0;0,44;;;;;;;;
"=""API""";"=""WIND""";"=""2026-04-28T21:48:00+03:00""";"=""OA_YTM""";"=""AKSU RES""";"=""10928268862""";"=""2890""";"=""AKSU ÇAMLICA RES""";0,99;157,58;0;0,44;;;;;;;;
"=""API""";"=""WIND""";"=""2026-04-28T21:49:00+03:00""";"=""OA_YTM""";"=""AKSU RES""";"=""10928268862""";"=""2890""";"=""AKSU ÇAMLICA RES""";0,99;157,99;0;0,47;;;;;;;;
"=""API""";"=""WIND""";"=""2026-04-28T21:50:00+03:00""";"=""OA_YTM""";"=""AKSU RES""";"=""10928268862""";"=""2890""";"=""AKSU ÇAMLICA RES""";0,99;157,89;0;0,76;;;;;;;;
"=""API""";"=""WIND""";"=""2026-04-28T21:51:00+03:00""";"=""OA_YTM""";"=""AKSU RES""";"=""10928268862""";"=""2890""";"=""AKSU ÇAMLICA RES""";0,99;157,89;0;0,93;;;;;;;;
"=""API""";"=""WIND""";"=""2026-04-28T21:52:00+03:00""";"=""OA_YTM""";"=""AKSU RES""";"=""10928268862""";"=""2890""";"=""AKSU ÇAMLICA RES""";0,99;157,89;0;1,19;;;;;;;;
"=""API""";"=""WIND""";"=""2026-04-28T21:53:00+03:00""";"=""OA_YTM""";"=""AKSU RES""";"=""10928268862""";"=""2890""";"=""AKSU ÇAMLICA RES""";0,99;158,19;0,99;0,87;;;;;;;;
"=""API""";"=""WIND""";"=""2026-04-28T21:54:00+03:00""";"=""OA_YTM""";"=""AKSU RES""";"=""10928268862""";"=""2890""";"=""AKSU ÇAMLICA RES""";0,99;158,19;0;0,96;;;;;;;;
"=""API""";"=""WIND""";"=""2026-04-28T21:55:00+03:00""";"=""OA_YTM""";"=""AKSU RES""";"=""10928268862""";"=""2890""";"=""AKSU ÇAMLICA RES""";0,99;158,19;0;0,97;;;;;;;;
"=""API""";"=""WIND""";"=""2026-04-28T21:56:00+03:00""";"=""OA_YTM""";"=""AKSU RES""";"=""10928268862""";"=""2890""";"=""AKSU ÇAMLICA RES""";0,99;157,58;0;0,94;;;;;;;;
"=""API""";"=""WIND""";"=""2026-04-28T21:57:00+03:00""";"=""OA_YTM""";"=""AKSU RES""";"=""10928268862""";"=""2890""";"=""AKSU ÇAMLICA RES""";0,99;157,89;0,99;0,94;;;;;;;;
"=""API""";"=""WIND""";"=""2026-04-28T21:58:00+03:00""";"=""OA_YTM""";"=""AKSU RES""";"=""10928268862""";"=""2890""";"=""AKSU ÇAMLICA RES""";0,99;157,89;0;1,02;;;;;;;;
"=""API""";"=""WIND""";"=""2026-04-28T21:59:00+03:00""";"=""OA_YTM""";"=""AKSU RES""";"=""10928268862""";"=""2890""";"=""AKSU ÇAMLICA RES""";0,99;157,89;0;1,02;;;;;;;;
"=""API""";"=""WIND""";"=""2026-04-28T22:00:00+03:00""";"=""OA_YTM""";"=""AKSU RES""";"=""10928268862""";"=""2890""";"=""AKSU ÇAMLICA RES""";0,99;157,89;0;1,23;;;;;;;;
"=""API""";"=""WIND""";"=""2026-04-28T22:01:00+03:00""";"=""OA_YTM""";"=""AKSU RES""";"=""10928268862""";"=""2890""";"=""AKSU ÇAMLICA RES""";0,99;156,86;0;1,12;;;;;;;;
"=""API""";"=""WIND""";"=""2026-04-28T22:02:00+03:00""";"=""OA_YTM""";"=""AKSU RES""";"=""10928268862""";"=""2890""";"=""AKSU ÇAMLICA RES""";0,99;156,86;0;1,39;;;;;;;;
"=""API""";"=""WIND""";"=""2026-04-28T22:03:00+03:00""";"=""OA_YTM""";"=""AKSU RES""";"=""10928268862""";"=""2890""";"=""AKSU ÇAMLICA RES""";0,99;157,42;0;1,45;;;;;;;;
"=""API""";"=""WIND""";"=""2026-04-28T22:04:00+03:00""";"=""OA_YTM""";"=""AKSU RES""";"=""10928268862""";"=""2890""";"=""AKSU ÇAMLICA RES""";0,99;158,14;0;1,34;;;;;;;;
"=""API""";"=""WIND""";"=""2026-04-28T22:05:00+03:00""";"=""OA_YTM""";"=""AKSU RES""";"=""10928268862""";"=""2890""";"=""AKSU ÇAMLICA RES""";0,99;157,94;0;1,34;;;;;;;;
"=""API""";"=""WIND""";"=""2026-04-28T22:06:00+03:00""";"=""OA_YTM""";"=""AKSU RES""";"=""10928268862""";"=""2890""";"=""AKSU ÇAMLICA RES""";0,99;158,24;0;1,81;;;;;;;;
"=""API""";"=""WIND""";"=""2026-04-28T22:07:00+03:00""";"=""OA_YTM""";"=""AKSU RES""";"=""10928268862""";"=""2890""";"=""AKSU ÇAMLICA RES""";0,99;158,35;0;1,86;;;;;;;;
"=""API""";"=""WIND""";"=""2026-04-28T22:08:00+03:00""";"=""OA_YTM""";"=""AKSU RES""";"=""10928268862""";"=""2890""";"=""AKSU ÇAMLICA RES""";0,99;158,45;0;1,9;;;;;;;;
"=""API""";"=""WIND""";"=""2026-04-28T22:09:00+03:00""";"=""OA_YTM""";"=""AKSU RES""";"=""10928268862""";"=""2890""";"=""AKSU ÇAMLICA RES""";0,99;158,45;0;2,12;;;;;;;;
"=""API""";"=""WIND""";"=""2026-04-28T22:10:00+03:00""";"=""OA_YTM""";"=""AKSU RES""";"=""10928268862""";"=""2890""";"=""AKSU ÇAMLICA RES""";0,99;158,45;0;2,09;;;;;;;;
"=""API""";"=""WIND""";"=""2026-04-28T22:11:00+03:00""";"=""OA_YTM""";"=""AKSU RES""";"=""10928268862""";"=""2890""";"=""AKSU ÇAMLICA RES""";0,99;158,6;0;2,09;;;;;;;;
"=""API""";"=""WIND""";"=""2026-04-28T22:12:00+03:00""";"=""OA_YTM""";"=""AKSU RES""";"=""10928268862""";"=""2890""";"=""AKSU ÇAMLICA RES""";0,99;158,29;0;2,03;;;;;;;;
"=""API""";"=""WIND""";"=""2026-04-28T22:13:00+03:00""";"=""OA_YTM""";"=""AKSU RES""";"=""10928268862""";"=""2890""";"=""AKSU ÇAMLICA RES""";0,99;157,78;0;2,03;;;;;;;;
"=""API""";"=""WIND""";"=""2026-04-28T22:14:00+03:00""";"=""OA_YTM""";"=""AKSU RES""";"=""10928268862""";"=""2890""";"=""AKSU ÇAMLICA RES""";0,99;157,83;0;2,07;;;;;;;;
"=""API""";"=""WIND""";"=""2026-04-28T22:15:00+03:00""";"=""OA_YTM""";"=""AKSU RES""";"=""10928268862""";"=""2890""";"=""AKSU ÇAMLICA RES""";0,99;157,42;0;2,27;;;;;;;;
"=""API""";"=""WIND""";"=""2026-04-28T22:16:00+03:00""";"=""OA_YTM""";"=""AKSU RES""";"=""10928268862""";"=""2890""";"=""AKSU ÇAMLICA RES""";0,99;157,32;0;2,14;;;;;;;;
"=""API""";"=""WIND""";"=""2026-04-28T22:17:00+03:00""";"=""OA_YTM""";"=""AKSU RES""";"=""10928268862""";"=""2890""";"=""AKSU ÇAMLICA RES""";0,99;157,52;0;2,29;;;;;;;;
"=""API""";"=""WIND""";"=""2026-04-28T22:18:00+03:00""";"=""OA_YTM""";"=""AKSU RES""";"=""10928268862""";"=""2890""";"=""AKSU ÇAMLICA RES""";0,99;157,27;0;2,46;;;;;;;;
"=""API""";"=""WIND""";"=""2026-04-28T22:19:00+03:00""";"=""OA_YTM""";"=""AKSU RES""";"=""10928268862""";"=""2890""";"=""AKSU ÇAMLICA RES""";0,99;157,58;0;2,44;;;;;;;;
"=""API""";"=""WIND""";"=""2026-04-28T22:20:00+03:00""";"=""OA_YTM""";"=""AKSU RES""";"=""10928268862""";"=""2890""";"=""AKSU ÇAMLICA RES""";0,99;157,88;0;2,44;;;;;;;;
"=""API""";"=""WIND""";"=""2026-04-28T22:21:00+03:00""";"=""OA_YTM""";"=""AKSU RES""";"=""10928268862""";"=""2890""";"=""AKSU ÇAMLICA RES""";0,99;157,78;0;2,15;;;;;;;;
"=""API""";"=""WIND""";"=""2026-04-28T22:22:00+03:00""";"=""OA_YTM""";"=""AKSU RES""";"=""10928268862""";"=""2890""";"=""AKSU ÇAMLICA RES""";0,99;157,68;0;2,15;;;;;;;;
"=""API""";"=""WIND""";"=""2026-04-28T22:23:00+03:00""";"=""OA_YTM""";"=""AKSU RES""";"=""10928268862""";"=""2890""";"=""AKSU ÇAMLICA RES""";0,99;158,09;0;2,31;;;;;;;;
"=""API""";"=""WIND""";"=""2026-04-28T22:24:00+03:00""";"=""OA_YTM""";"=""AKSU RES""";"=""10928268862""";"=""2890""";"=""AKSU ÇAMLICA RES""";0,99;157,78;0;2,31;;;;;;;;
"=""API""";"=""WIND""";"=""2026-04-28T22:25:00+03:00""";"=""OA_YTM""";"=""AKSU RES""";"=""10928268862""";"=""2890""";"=""AKSU ÇAMLICA RES""";0,99;157,99;0;2,31;;;;;;;;
"=""API""";"=""WIND""";"=""2026-04-28T22:26:00+03:00""";"=""OA_YTM""";"=""AKSU RES""";"=""10928268862""";"=""2890""";"=""AKSU ÇAMLICA RES""";0,99;158,14;0;2,38;;;;;;;;
"=""API""";"=""WIND""";"=""2026-04-28T22:27:00+03:00""";"=""OA_YTM""";"=""AKSU RES""";"=""10928268862""";"=""2890""";"=""AKSU ÇAMLICA RES""";0,99;157,94;0;2,35;;;;;;;;
"=""API""";"=""WIND""";"=""2026-04-28T22:28:00+03:00""";"=""OA_YTM""";"=""AKSU RES""";"=""10928268862""";"=""2890""";"=""AKSU ÇAMLICA RES""";0,99;157,52;0;2,35;;;;;;;;
"=""API""";"=""WIND""";"=""2026-04-28T22:29:00+03:00""";"=""OA_YTM""";"=""AKSU RES""";"=""10928268862""";"=""2890""";"=""AKSU ÇAMLICA RES""";0,99;157,42;0;2,39;;;;;;;;
"=""API""";"=""WIND""";"=""2026-04-28T22:30:00+03:00""";"=""OA_YTM""";"=""AKSU RES""";"=""10928268862""";"=""2890""";"=""AKSU ÇAMLICA RES""";0,99;157,42;0;2,39;;;;;;;;
"=""API""";"=""WIND""";"=""2026-04-28T22:31:00+03:00""";"=""OA_YTM""";"=""AKSU RES""";"=""10928268862""";"=""2890""";"=""AKSU ÇAMLICA RES""";0,99;157,47;0;2,37;;;;;;;;
"=""API""";"=""WIND""";"=""2026-04-28T22:32:00+03:00""";"=""OA_YTM""";"=""AKSU RES""";"=""10928268862""";"=""2890""";"=""AKSU ÇAMLICA RES""";0,99;157,27;0;2,37;;;;;;;;
"=""API""";"=""WIND""";"=""2026-04-28T22:33:00+03:00""";"=""OA_YTM""";"=""AKSU RES""";"=""10928268862""";"=""2890""";"=""AKSU ÇAMLICA RES""";0,99;157,47;0;2,37;;;;;;;;
"=""API""";"=""WIND""";"=""2026-04-28T22:34:00+03:00""";"=""OA_YTM""";"=""AKSU RES""";"=""10928268862""";"=""2890""";"=""AKSU ÇAMLICA RES""";0,99;157,17;0;2,37;;;;;;;;
"=""API""";"=""WIND""";"=""2026-04-28T22:35:00+03:00""";"=""OA_YTM""";"=""AKSU RES""";"=""10928268862""";"=""2890""";"=""AKSU ÇAMLICA RES""";0,99;157,47;0;2,37;;;;;;;;
"=""API""";"=""WIND""";"=""2026-04-28T22:36:00+03:00""";"=""OA_YTM""";"=""AKSU RES""";"=""10928268862""";"=""2890""";"=""AKSU ÇAMLICA RES""";0,99;157,73;0;2,37;;;;;;;;
"=""API""";"=""WIND""";"=""2026-04-28T22:37:00+03:00""";"=""OA_YTM""";"=""AKSU RES""";"=""10928268862""";"=""2890""";"=""AKSU ÇAMLICA RES""";0,99;158,04;0;2,37;;;;;;;;
"=""API""";"=""WIND""";"=""2026-04-28T22:38:00+03:00""";"=""OA_YTM""";"=""AKSU RES""";"=""10928268862""";"=""2890""";"=""AKSU ÇAMLICA RES""";0,99;157,68;0;2,37;;;;;;;;
"=""API""";"=""WIND""";"=""2026-04-28T22:39:00+03:00""";"=""OA_YTM""";"=""AKSU RES""";"=""10928268862""";"=""2890""";"=""AKSU ÇAMLICA RES""";0,99;157,17;0;2,35;;;;;;;;
"=""API""";"=""WIND""";"=""2026-04-28T22:40:00+03:00""";"=""OA_YTM""";"=""AKSU RES""";"=""10928268862""";"=""2890""";"=""AKSU ÇAMLICA RES""";0,99;157,47;0;2,35;;;;;;;;
"=""API""";"=""WIND""";"=""2026-04-28T22:41:00+03:00""";"=""OA_YTM""";"=""AKSU RES""";"=""10928268862""";"=""2890""";"=""AKSU ÇAMLICA RES""";0,99;157,37;0;2,39;;;;;;;;
"=""API""";"=""WIND""";"=""2026-04-28T22:42:00+03:00""";"=""OA_YTM""";"=""AKSU RES""";"=""10928268862""";"=""2890""";"=""AKSU ÇAMLICA RES""";0,99;157,58;0;2,39;;;;;;;;
"=""API""";"=""WIND""";"=""2026-04-28T22:43:00+03:00""";"=""OA_YTM""";"=""AKSU RES""";"=""10928268862""";"=""2890""";"=""AKSU ÇAMLICA RES""";0,99;157,37;0;2,34;;;;;;;;
"=""API""";"=""WIND""";"=""2026-04-28T22:44:00+03:00""";"=""OA_YTM""";"=""AKSU RES""";"=""10928268862""";"=""2890""";"=""AKSU ÇAMLICA RES""";0,99;157,58;0;2,34;;;;;;;;
"=""API""";"=""WIND""";"=""2026-04-28T22:45:00+03:00""";"=""OA_YTM""";"=""AKSU RES""";"=""10928268862""";"=""2890""";"=""AKSU ÇAMLICA RES""";0,99;157,58;0;2,36;;;;;;;;
"=""API""";"=""WIND""";"=""2026-04-28T22:46:00+03:00""";"=""OA_YTM""";"=""AKSU RES""";"=""10928268862""";"=""2890""";"=""AKSU ÇAMLICA RES""";0,99;158,09;0;2,5;;;;;;;;
"=""API""";"=""WIND""";"=""2026-04-28T22:47:00+03:00""";"=""OA_YTM""";"=""AKSU RES""";"=""10928268862""";"=""2890""";"=""AKSU ÇAMLICA RES""";0,99;157,52;0;2,5;;;;;;;;
"=""API""";"=""WIND""";"=""2026-04-28T22:48:00+03:00""";"=""OA_YTM""";"=""AKSU RES""";"=""10928268862""";"=""2890""";"=""AKSU ÇAMLICA RES""";0,99;158,14;0;2,5;;;;;;;;
"=""API""";"=""WIND""";"=""2026-04-28T22:49:00+03:00""";"=""OA_YTM""";"=""AKSU RES""";"=""10928268862""";"=""2890""";"=""AKSU ÇAMLICA RES""";0,99;158,14;0;2,53;;;;;;;;
"=""API""";"=""WIND""";"=""2026-04-28T22:50:00+03:00""";"=""OA_YTM""";"=""AKSU RES""";"=""10928268862""";"=""2890""";"=""AKSU ÇAMLICA RES""";0,99;158,45;0;2,37;;;;;;;;
"=""API""";"=""WIND""";"=""2026-04-28T22:51:00+03:00""";"=""OA_YTM""";"=""AKSU RES""";"=""10928268862""";"=""2890""";"=""AKSU ÇAMLICA RES""";0,99;158,35;0;2,39;;;;;;;;
"=""API""";"=""WIND""";"=""2026-04-28T22:52:00+03:00""";"=""OA_YTM""";"=""AKSU RES""";"=""10928268862""";"=""2890""";"=""AKSU ÇAMLICA RES""";0,99;158,55;0;2,39;;;;;;;;
"=""API""";"=""WIND""";"=""2026-04-28T22:53:00+03:00""";"=""OA_YTM""";"=""AKSU RES""";"=""10928268862""";"=""2890""";"=""AKSU ÇAMLICA RES""";0,99;158,55;0;2,47;;;;;;;;
"=""API""";"=""WIND""";"=""2026-04-28T22:54:00+03:00""";"=""OA_YTM""";"=""AKSU RES""";"=""10928268862""";"=""2890""";"=""AKSU ÇAMLICA RES""";0,99;158,76;0;2,47;;;;;;;;
"=""API""";"=""WIND""";"=""2026-04-28T22:55:00+03:00""";"=""OA_YTM""";"=""AKSU RES""";"=""10928268862""";"=""2890""";"=""AKSU ÇAMLICA RES""";0,99;159,07;0;2,47;;;;;;;;
"=""API""";"=""WIND""";"=""2026-04-28T22:56:00+03:00""";"=""OA_YTM""";"=""AKSU RES""";"=""10928268862""";"=""2890""";"=""AKSU ÇAMLICA RES""";0,99;158,86;0;2,56;;;;;;;;
"=""API""";"=""WIND""";"=""2026-04-28T22:57:00+03:00""";"=""OA_YTM""";"=""AKSU RES""";"=""10928268862""";"=""2890""";"=""AKSU ÇAMLICA RES""";0,99;158,86;0;2,56;;;;;;;;
"=""API""";"=""WIND""";"=""2026-04-28T22:58:00+03:00""";"=""OA_YTM""";"=""AKSU RES""";"=""10928268862""";"=""2890""";"=""AKSU ÇAMLICA RES""";0,99;158,76;0;2,56;;;;;;;;
"=""API""";"=""WIND""";"=""2026-04-28T22:59:00+03:00""";"=""OA_YTM""";"=""AKSU RES""";"=""10928268862""";"=""2890""";"=""AKSU ÇAMLICA RES""";0,99;159,01;0;2,56;;;;;;;;
"=""API""";"=""WIND""";"=""2026-04-28T23:00:00+03:00""";"=""OA_YTM""";"=""AKSU RES""";"=""10928268862""";"=""2890""";"=""AKSU ÇAMLICA RES""";0,99;158,81;0;2,56;;;;;;;;
"=""API""";"=""WIND""";"=""2026-04-28T23:01:00+03:00""";"=""OA_YTM""";"=""AKSU RES""";"=""10928268862""";"=""2890""";"=""AKSU ÇAMLICA RES""";0,99;157,22;0;2,51;;;;;;;;
"=""API""";"=""WIND""";"=""2026-04-28T23:02:00+03:00""";"=""OA_YTM""";"=""AKSU RES""";"=""10928268862""";"=""2890""";"=""AKSU ÇAMLICA RES""";0,99;157,63;0;2,52;;;;;;;;
"=""API""";"=""WIND""";"=""2026-04-28T23:03:00+03:00""";"=""OA_YTM""";"=""AKSU RES""";"=""10928268862""";"=""2890""";"=""AKSU ÇAMLICA RES""";0,99;157,63;0;2,55;;;;;;;;
"=""API""";"=""WIND""";"=""2026-04-28T23:04:00+03:00""";"=""OA_YTM""";"=""AKSU RES""";"=""10928268862""";"=""2890""";"=""AKSU ÇAMLICA RES""";0,99;157,52;0;2,55;;;;;;;;
"=""API""";"=""WIND""";"=""2026-04-28T23:05:00+03:00""";"=""OA_YTM""";"=""AKSU RES""";"=""10928268862""";"=""2890""";"=""AKSU ÇAMLICA RES""";0,99;157,83;0;2,59;;;;;;;;
"=""API""";"=""WIND""";"=""2026-04-28T23:06:00+03:00""";"=""OA_YTM""";"=""AKSU RES""";"=""10928268862""";"=""2890""";"=""AKSU ÇAMLICA RES""";0,99;157,63;0;2,59;;;;;;;;
"=""API""";"=""WIND""";"=""2026-04-28T23:07:00+03:00""";"=""OA_YTM""";"=""AKSU RES""";"=""10928268862""";"=""2890""";"=""AKSU ÇAMLICA RES""";0,99;157,63;0;2,75;;;;;;;;
"=""API""";"=""WIND""";"=""2026-04-28T23:08:00+03:00""";"=""OA_YTM""";"=""AKSU RES""";"=""10928268862""";"=""2890""";"=""AKSU ÇAMLICA RES""";0,99;157,63;0;2,7;;;;;;;;
"=""API""";"=""WIND""";"=""2026-04-28T23:09:00+03:00""";"=""OA_YTM""";"=""AKSU RES""";"=""10928268862""";"=""2890""";"=""AKSU ÇAMLICA RES""";0,99;157,01;0;2,7;;;;;;;;
"=""API""";"=""WIND""";"=""2026-04-28T23:10:00+03:00""";"=""OA_YTM""";"=""AKSU RES""";"=""10928268862""";"=""2890""";"=""AKSU ÇAMLICA RES""";0,99;157,32;0;2,92;;;;;;;;
"=""API""";"=""WIND""";"=""2026-04-28T23:11:00+03:00""";"=""OA_YTM""";"=""AKSU RES""";"=""10928268862""";"=""2890""";"=""AKSU ÇAMLICA RES""";0,99;157,27;0;2,92;;;;;;;;
"=""API""";"=""WIND""";"=""2026-04-28T23:12:00+03:00""";"=""OA_YTM""";"=""AKSU RES""";"=""10928268862""";"=""2890""";"=""AKSU ÇAMLICA RES""";0,99;158,19;0;2,92;;;;;;;;
"=""API""";"=""WIND""";"=""2026-04-28T23:13:00+03:00""";"=""OA_YTM""";"=""AKSU RES""";"=""10928268862""";"=""2890""";"=""AKSU ÇAMLICA RES""";0,99;157,89;0;2,92;;;;;;;;
"=""API""";"=""WIND""";"=""2026-04-28T23:14:00+03:00""";"=""OA_YTM""";"=""AKSU RES""";"=""10928268862""";"=""2890""";"=""AKSU ÇAMLICA RES""";0,99;157,68;0;2,92;;;;;;;;
"=""API""";"=""WIND""";"=""2026-04-28T23:15:00+03:00""";"=""OA_YTM""";"=""AKSU RES""";"=""10928268862""";"=""2890""";"=""AKSU ÇAMLICA RES""";0,99;157,58;0;2,92;;;;;;;;
"=""API""";"=""WIND""";"=""2026-04-28T23:16:00+03:00""";"=""OA_YTM""";"=""AKSU RES""";"=""10928268862""";"=""2890""";"=""AKSU ÇAMLICA RES""";0,99;157,37;0;2,86;;;;;;;;
"=""API""";"=""WIND""";"=""2026-04-28T23:17:00+03:00""";"=""OA_YTM""";"=""AKSU RES""";"=""10928268862""";"=""2890""";"=""AKSU ÇAMLICA RES""";0,99;157,27;0;2,86;;;;;;;;
"=""API""";"=""WIND""";"=""2026-04-28T23:18:00+03:00""";"=""OA_YTM""";"=""AKSU RES""";"=""10928268862""";"=""2890""";"=""AKSU ÇAMLICA RES""";0,99;157,17;0;2,94;;;;;;;;
"=""API""";"=""WIND""";"=""2026-04-28T23:19:00+03:00""";"=""OA_YTM""";"=""AKSU RES""";"=""10928268862""";"=""2890""";"=""AKSU ÇAMLICA RES""";0,99;157,58;0;2,91;;;;;;;;
"=""API""";"=""WIND""";"=""2026-04-28T23:20:00+03:00""";"=""OA_YTM""";"=""AKSU RES""";"=""10928268862""";"=""2890""";"=""AKSU ÇAMLICA RES""";0,99;157,58;0;2,73;;;;;;;;
"=""API""";"=""WIND""";"=""2026-04-28T23:21:00+03:00""";"=""OA_YTM""";"=""AKSU RES""";"=""10928268862""";"=""2890""";"=""AKSU ÇAMLICA RES""";0,99;157,89;0;2,65;;;;;;;;
"=""API""";"=""WIND""";"=""2026-04-28T23:22:00+03:00""";"=""OA_YTM""";"=""AKSU RES""";"=""10928268862""";"=""2890""";"=""AKSU ÇAMLICA RES""";0,99;157,68;0;2,69;;;;;;;;
"=""API""";"=""WIND""";"=""2026-04-28T23:23:00+03:00""";"=""OA_YTM""";"=""AKSU RES""";"=""10928268862""";"=""2890""";"=""AKSU ÇAMLICA RES""";0,99;157,68;0;2,72;;;;;;;;
"=""API""";"=""WIND""";"=""2026-04-28T23:24:00+03:00""";"=""OA_YTM""";"=""AKSU RES""";"=""10928268862""";"=""2890""";"=""AKSU ÇAMLICA RES""";0,99;157,58;0;2,72;;;;;;;;
"=""API""";"=""WIND""";"=""2026-04-28T23:25:00+03:00""";"=""OA_YTM""";"=""AKSU RES""";"=""10928268862""";"=""2890""";"=""AKSU ÇAMLICA RES""";0,99;157,99;0;2,72;;;;;;;;
"=""API""";"=""WIND""";"=""2026-04-28T23:26:00+03:00""";"=""OA_YTM""";"=""AKSU RES""";"=""10928268862""";"=""2890""";"=""AKSU ÇAMLICA RES""";0,99;157,58;0;2,91;;;;;;;;
"=""API""";"=""WIND""";"=""2026-04-28T23:27:00+03:00""";"=""OA_YTM""";"=""AKSU RES""";"=""10928268862""";"=""2890""";"=""AKSU ÇAMLICA RES""";0,99;157,68;0;2,82;;;;;;;;
"=""API""";"=""WIND""";"=""2026-04-28T23:28:00+03:00""";"=""OA_YTM""";"=""AKSU RES""";"=""10928268862""";"=""2890""";"=""AKSU ÇAMLICA RES""";0,99;157,88;0;2,86;;;;;;;;
"=""API""";"=""WIND""";"=""2026-04-28T23:29:00+03:00""";"=""OA_YTM""";"=""AKSU RES""";"=""10928268862""";"=""2890""";"=""AKSU ÇAMLICA RES""";0,99;157,68;0;2,91;;;;;;;;
"=""API""";"=""WIND""";"=""2026-04-28T23:30:00+03:00""";"=""OA_YTM""";"=""AKSU RES""";"=""10928268862""";"=""2890""";"=""AKSU ÇAMLICA RES""";0,99;157,06;0;2,91;;;;;;;;
"=""API""";"=""WIND""";"=""2026-04-28T23:31:00+03:00""";"=""OA_YTM""";"=""AKSU RES""";"=""10928268862""";"=""2890""";"=""AKSU ÇAMLICA RES""";0,99;157,42;0;2,85;;;;;;;;
"=""API""";"=""WIND""";"=""2026-04-28T23:32:00+03:00""";"=""OA_YTM""";"=""AKSU RES""";"=""10928268862""";"=""2890""";"=""AKSU ÇAMLICA RES""";0,99;157,63;0;2,89;;;;;;;;
"=""API""";"=""WIND""";"=""2026-04-28T23:33:00+03:00""";"=""OA_YTM""";"=""AKSU RES""";"=""10928268862""";"=""2890""";"=""AKSU ÇAMLICA RES""";0,99;157,94;0;2,96;;;;;;;;
"=""API""";"=""WIND""";"=""2026-04-28T23:34:00+03:00""";"=""OA_YTM""";"=""AKSU RES""";"=""10928268862""";"=""2890""";"=""AKSU ÇAMLICA RES""";0,99;158,09;0;2,96;;;;;;;;
"=""API""";"=""WIND""";"=""2026-04-28T23:35:00+03:00""";"=""OA_YTM""";"=""AKSU RES""";"=""10928268862""";"=""2890""";"=""AKSU ÇAMLICA RES""";0,99;158,09;0;2,96;;;;;;;;
"=""API""";"=""WIND""";"=""2026-04-28T23:36:00+03:00""";"=""OA_YTM""";"=""AKSU RES""";"=""10928268862""";"=""2890""";"=""AKSU ÇAMLICA RES""";0,99;158,09;0;2,96;;;;;;;;
"=""API""";"=""WIND""";"=""2026-04-28T23:37:00+03:00""";"=""OA_YTM""";"=""AKSU RES""";"=""10928268862""";"=""2890""";"=""AKSU ÇAMLICA RES""";0,99;158,29;0;2,96;;;;;;;;
"=""API""";"=""WIND""";"=""2026-04-28T23:38:00+03:00""";"=""OA_YTM""";"=""AKSU RES""";"=""10928268862""";"=""2890""";"=""AKSU ÇAMLICA RES""";0,99;158,09;0;2,96;;;;;;;;
"=""API""";"=""WIND""";"=""2026-04-28T23:39:00+03:00""";"=""OA_YTM""";"=""AKSU RES""";"=""10928268862""";"=""2890""";"=""AKSU ÇAMLICA RES""";0,99;157,78;0;2,96;;;;;;;;
"=""API""";"=""WIND""";"=""2026-04-28T23:40:00+03:00""";"=""OA_YTM""";"=""AKSU RES""";"=""10928268862""";"=""2890""";"=""AKSU ÇAMLICA RES""";0,99;158,09;0;2,96;;;;;;;;
"=""API""";"=""WIND""";"=""2026-04-28T23:41:00+03:00""";"=""OA_YTM""";"=""AKSU RES""";"=""10928268862""";"=""2890""";"=""AKSU ÇAMLICA RES""";0,99;157,88;0;2,99;;;;;;;;
"=""API""";"=""WIND""";"=""2026-04-28T23:42:00+03:00""";"=""OA_YTM""";"=""AKSU RES""";"=""10928268862""";"=""2890""";"=""AKSU ÇAMLICA RES""";0,99;157,88;0;2,96;;;;;;;;
"=""API""";"=""WIND""";"=""2026-04-28T23:43:00+03:00""";"=""OA_YTM""";"=""AKSU RES""";"=""10928268862""";"=""2890""";"=""AKSU ÇAMLICA RES""";0,99;157,94;0;3,03;;;;;;;;
"=""API""";"=""WIND""";"=""2026-04-28T23:44:00+03:00""";"=""OA_YTM""";"=""AKSU RES""";"=""10928268862""";"=""2890""";"=""AKSU ÇAMLICA RES""";0,99;158,35;0;2,88;;;;;;;;
"=""API""";"=""WIND""";"=""2026-04-28T23:45:00+03:00""";"=""OA_YTM""";"=""AKSU RES""";"=""10928268862""";"=""2890""";"=""AKSU ÇAMLICA RES""";0,99;157,78;0;2,88;;;;;;;;
"=""API""";"=""WIND""";"=""2026-04-28T23:46:00+03:00""";"=""OA_YTM""";"=""AKSU RES""";"=""10928268862""";"=""2890""";"=""AKSU ÇAMLICA RES""";0,99;157,37;0;2,86;;;;;;;;
"=""API""";"=""WIND""";"=""2026-04-28T23:47:00+03:00""";"=""OA_YTM""";"=""AKSU RES""";"=""10928268862""";"=""2890""";"=""AKSU ÇAMLICA RES""";0,99;157,52;0;2,82;;;;;;;;
"=""API""";"=""WIND""";"=""2026-04-28T23:48:00+03:00""";"=""OA_YTM""";"=""AKSU RES""";"=""10928268862""";"=""2890""";"=""AKSU ÇAMLICA RES""";0,99;157,58;0;2,82;;;;;;;;
"=""API""";"=""WIND""";"=""2026-04-28T23:49:00+03:00""";"=""OA_YTM""";"=""AKSU RES""";"=""10928268862""";"=""2890""";"=""AKSU ÇAMLICA RES""";0,99;157,68;0;2,78;;;;;;;;
"=""API""";"=""WIND""";"=""2026-04-28T23:50:00+03:00""";"=""OA_YTM""";"=""AKSU RES""";"=""10928268862""";"=""2890""";"=""AKSU ÇAMLICA RES""";0,99;158,19;0;2,95;;;;;;;;
"=""API""";"=""WIND""";"=""2026-04-28T23:51:00+03:00""";"=""OA_YTM""";"=""AKSU RES""";"=""10928268862""";"=""2890""";"=""AKSU ÇAMLICA RES""";0,99;157,27;0;2,95;;;;;;;;
"=""API""";"=""WIND""";"=""2026-04-28T23:52:00+03:00""";"=""OA_YTM""";"=""AKSU RES""";"=""10928268862""";"=""2890""";"=""AKSU ÇAMLICA RES""";0,99;157,17;0;2,95;;;;;;;;
"=""API""";"=""WIND""";"=""2026-04-28T23:53:00+03:00""";"=""OA_YTM""";"=""AKSU RES""";"=""10928268862""";"=""2890""";"=""AKSU ÇAMLICA RES""";0,99;157,47;0;2,43;;;;;;;;
"=""API""";"=""WIND""";"=""2026-04-28T23:54:00+03:00""";"=""OA_YTM""";"=""AKSU RES""";"=""10928268862""";"=""2890""";"=""AKSU ÇAMLICA RES""";0,99;157,47;0;2,68;;;;;;;;
"=""API""";"=""WIND""";"=""2026-04-28T23:55:00+03:00""";"=""OA_YTM""";"=""AKSU RES""";"=""10928268862""";"=""2890""";"=""AKSU ÇAMLICA RES""";0,99;157,88;0;2,61;;;;;;;;
"=""API""";"=""WIND""";"=""2026-04-28T23:56:00+03:00""";"=""OA_YTM""";"=""AKSU RES""";"=""10928268862""";"=""2890""";"=""AKSU ÇAMLICA RES""";0,99;158,09;0;2,51;;;;;;;;
"=""API""";"=""WIND""";"=""2026-04-28T23:57:00+03:00""";"=""OA_YTM""";"=""AKSU RES""";"=""10928268862""";"=""2890""";"=""AKSU ÇAMLICA RES""";0,99;158,4;0;2,15;;;;;;;;
"=""API""";"=""WIND""";"=""2026-04-28T23:58:00+03:00""";"=""OA_YTM""";"=""AKSU RES""";"=""10928268862""";"=""2890""";"=""AKSU ÇAMLICA RES""";0,99;158,4;0;2,25;;;;;;;;
"=""API""";"=""WIND""";"=""2026-04-28T23:59:00+03:00""";"=""OA_YTM""";"=""AKSU RES""";"=""10928268862""";"=""2890""";"=""AKSU ÇAMLICA RES""";0,99;158,4;0;1,66;;;;;;;;
"=""API""";"=""WIND""";"=""2026-04-29T00:00:00+03:00""";"=""OA_YTM""";"=""AKSU RES""";"=""10928268862""";"=""2890""";"=""AKSU ÇAMLICA RES""";0,99;158,29;0;1,53;;;;;;;;
"=""API""";"=""WIND""";"=""2026-04-29T00:01:00+03:00""";"=""OA_YTM""";"=""AKSU RES""";"=""10928268862""";"=""2890""";"=""AKSU ÇAMLICA RES""";0,99;157,78;0;1,73;;;;;;;;
"=""API""";"=""WIND""";"=""2026-04-29T00:02:00+03:00""";"=""OA_YTM""";"=""AKSU RES""";"=""10928268862""";"=""2890""";"=""AKSU ÇAMLICA RES""";0,99;157,78;0;1,5;;;;;;;;
"=""API""";"=""WIND""";"=""2026-04-29T00:03:00+03:00""";"=""OA_YTM""";"=""AKSU RES""";"=""10928268862""";"=""2890""";"=""AKSU ÇAMLICA RES""";0,99;157,78;0;1,54;;;;;;;;
"=""API""";"=""WIND""";"=""2026-04-29T00:04:00+03:00""";"=""OA_YTM""";"=""AKSU RES""";"=""10928268862""";"=""2890""";"=""AKSU ÇAMLICA RES""";0,99;157,42;0;1,51;;;;;;;;
"=""API""";"=""WIND""";"=""2026-04-29T00:05:00+03:00""";"=""OA_YTM""";"=""AKSU RES""";"=""10928268862""";"=""2890""";"=""AKSU ÇAMLICA RES""";0,99;157,37;0;1,54;;;;;;;;
"=""API""";"=""WIND""";"=""2026-04-29T00:06:00+03:00""";"=""OA_YTM""";"=""AKSU RES""";"=""10928268862""";"=""2890""";"=""AKSU ÇAMLICA RES""";0,99;157,47;0;1,4;;;;;;;;
"=""API""";"=""WIND""";"=""2026-04-29T00:07:00+03:00""";"=""OA_YTM""";"=""AKSU RES""";"=""10928268862""";"=""2890""";"=""AKSU ÇAMLICA RES""";0,99;157,37;0;1,31;;;;;;;;
"=""API""";"=""WIND""";"=""2026-04-29T00:08:00+03:00""";"=""OA_YTM""";"=""AKSU RES""";"=""10928268862""";"=""2890""";"=""AKSU ÇAMLICA RES""";0,99;157,78;0;1,43;;;;;;;;
"=""API""";"=""WIND""";"=""2026-04-29T00:09:00+03:00""";"=""OA_YTM""";"=""AKSU RES""";"=""10928268862""";"=""2890""";"=""AKSU ÇAMLICA RES""";0,99;157,37;0;1,41;;;;;;;;
"=""API""";"=""WIND""";"=""2026-04-29T00:10:00+03:00""";"=""OA_YTM""";"=""AKSU RES""";"=""10928268862""";"=""2890""";"=""AKSU ÇAMLICA RES""";0,99;157,06;0;1,63;;;;;;;;
"=""API""";"=""WIND""";"=""2026-04-29T00:11:00+03:00""";"=""OA_YTM""";"=""AKSU RES""";"=""10928268862""";"=""2890""";"=""AKSU ÇAMLICA RES""";0,99;156,75;0;1,63;;;;;;;;
"=""API""";"=""WIND""";"=""2026-04-29T00:12:00+03:00""";"=""OA_YTM""";"=""AKSU RES""";"=""10928268862""";"=""2890""";"=""AKSU ÇAMLICA RES""";0,99;157,06;0;1,87;;;;;;;;
"=""API""";"=""WIND""";"=""2026-04-29T00:13:00+03:00""";"=""OA_YTM""";"=""AKSU RES""";"=""10928268862""";"=""2890""";"=""AKSU ÇAMLICA RES""";0,99;157,37;0;2,01;;;;;;;;
"=""API""";"=""WIND""";"=""2026-04-29T00:14:00+03:00""";"=""OA_YTM""";"=""AKSU RES""";"=""10928268862""";"=""2890""";"=""AKSU ÇAMLICA RES""";0,99;156,75;0;2,01;;;;;;;;
"=""API""";"=""WIND""";"=""2026-04-29T00:15:00+03:00""";"=""OA_YTM""";"=""AKSU RES""";"=""10928268862""";"=""2890""";"=""AKSU ÇAMLICA RES""";0,99;157,06;0;2,12;;;;;;;;
"=""API""";"=""WIND""";"=""2026-04-29T00:16:00+03:00""";"=""OA_YTM""";"=""AKSU RES""";"=""10928268862""";"=""2890""";"=""AKSU ÇAMLICA RES""";0,99;157,06;0;2,12;;;;;;;;
"=""API""";"=""WIND""";"=""2026-04-29T00:17:00+03:00""";"=""OA_YTM""";"=""AKSU RES""";"=""10928268862""";"=""2890""";"=""AKSU ÇAMLICA RES""";0,99;157,22;0;2,29;;;;;;;;
"=""API""";"=""WIND""";"=""2026-04-29T00:18:00+03:00""";"=""OA_YTM""";"=""AKSU RES""";"=""10928268862""";"=""2890""";"=""AKSU ÇAMLICA RES""";0,99;157,22;0;2,29;;;;;;;;
"=""API""";"=""WIND""";"=""2026-04-29T00:19:00+03:00""";"=""OA_YTM""";"=""AKSU RES""";"=""10928268862""";"=""2890""";"=""AKSU ÇAMLICA RES""";0,99;157,52;0;2,29;;;;;;;;
"=""API""";"=""WIND""";"=""2026-04-29T00:20:00+03:00""";"=""OA_YTM""";"=""AKSU RES""";"=""10928268862""";"=""2890""";"=""AKSU ÇAMLICA RES""";0,99;157,11;0;1,59;;;;;;;;
"=""API""";"=""WIND""";"=""2026-04-29T00:21:00+03:00""";"=""OA_YTM""";"=""AKSU RES""";"=""10928268862""";"=""2890""";"=""AKSU ÇAMLICA RES""";0,99;157,32;0;1,74;;;;;;;;
"=""API""";"=""WIND""";"=""2026-04-29T00:22:00+03:00""";"=""OA_YTM""";"=""AKSU RES""";"=""10928268862""";"=""2890""";"=""AKSU ÇAMLICA RES""";0,99;157,52;0;1,68;;;;;;;;
"=""API""";"=""WIND""";"=""2026-04-29T00:23:00+03:00""";"=""OA_YTM""";"=""AKSU RES""";"=""10928268862""";"=""2890""";"=""AKSU ÇAMLICA RES""";0,99;157,63;0;1,42;;;;;;;;
"=""API""";"=""WIND""";"=""2026-04-29T00:24:00+03:00""";"=""OA_YTM""";"=""AKSU RES""";"=""10928268862""";"=""2890""";"=""AKSU ÇAMLICA RES""";0,99;157,63;0;1,46;;;;;;;;
"=""API""";"=""WIND""";"=""2026-04-29T00:25:00+03:00""";"=""OA_YTM""";"=""AKSU RES""";"=""10928268862""";"=""2890""";"=""AKSU ÇAMLICA RES""";0,99;157,78;0;1,9;;;;;;;;
"=""API""";"=""WIND""";"=""2026-04-29T00:26:00+03:00""";"=""OA_YTM""";"=""AKSU RES""";"=""10928268862""";"=""2890""";"=""AKSU ÇAMLICA RES""";0,99;158,6;0;2,03;;;;;;;;
"=""API""";"=""WIND""";"=""2026-04-29T00:27:00+03:00""";"=""OA_YTM""";"=""AKSU RES""";"=""10928268862""";"=""2890""";"=""AKSU ÇAMLICA RES""";0,99;158,4;0;2,03;;;;;;;;
"=""API""";"=""WIND""";"=""2026-04-29T00:28:00+03:00""";"=""OA_YTM""";"=""AKSU RES""";"=""10928268862""";"=""2890""";"=""AKSU ÇAMLICA RES""";0,99;157,78;0;2,15;;;;;;;;
"=""API""";"=""WIND""";"=""2026-04-29T00:29:00+03:00""";"=""OA_YTM""";"=""AKSU RES""";"=""10928268862""";"=""2890""";"=""AKSU ÇAMLICA RES""";0,99;157,78;0;2,21;;;;;;;;
"=""API""";"=""WIND""";"=""2026-04-29T00:30:00+03:00""";"=""OA_YTM""";"=""AKSU RES""";"=""10928268862""";"=""2890""";"=""AKSU ÇAMLICA RES""";0,99;157,17;0;2,11;;;;;;;;
"=""API""";"=""WIND""";"=""2026-04-29T00:31:00+03:00""";"=""OA_YTM""";"=""AKSU RES""";"=""10928268862""";"=""2890""";"=""AKSU ÇAMLICA RES""";0,99;157,11;0;2,13;;;;;;;;
"=""API""";"=""WIND""";"=""2026-04-29T00:32:00+03:00""";"=""OA_YTM""";"=""AKSU RES""";"=""10928268862""";"=""2890""";"=""AKSU ÇAMLICA RES""";0,99;157,11;0;2,13;;;;;;;;
"=""API""";"=""WIND""";"=""2026-04-29T00:33:00+03:00""";"=""OA_YTM""";"=""AKSU RES""";"=""10928268862""";"=""2890""";"=""AKSU ÇAMLICA RES""";0,99;157,11;0;1,92;;;;;;;;
"=""API""";"=""WIND""";"=""2026-04-29T00:34:00+03:00""";"=""OA_YTM""";"=""AKSU RES""";"=""10928268862""";"=""2890""";"=""AKSU ÇAMLICA RES""";0,99;157,22;0;2,17;;;;;;;;
"=""API""";"=""WIND""";"=""2026-04-29T00:35:00+03:00""";"=""OA_YTM""";"=""AKSU RES""";"=""10928268862""";"=""2890""";"=""AKSU ÇAMLICA RES""";0,99;157,27;0;2,35;;;;;;;;
"=""API""";"=""WIND""";"=""2026-04-29T00:36:00+03:00""";"=""OA_YTM""";"=""AKSU RES""";"=""10928268862""";"=""2890""";"=""AKSU ÇAMLICA RES""";0,99;157,32;0;2,38;;;;;;;;
"=""API""";"=""WIND""";"=""2026-04-29T00:37:00+03:00""";"=""OA_YTM""";"=""AKSU RES""";"=""10928268862""";"=""2890""";"=""AKSU ÇAMLICA RES""";0,99;157,63;0;2,53;;;;;;;;
"=""API""";"=""WIND""";"=""2026-04-29T00:38:00+03:00""";"=""OA_YTM""";"=""AKSU RES""";"=""10928268862""";"=""2890""";"=""AKSU ÇAMLICA RES""";0,99;157,32;0;2,53;;;;;;;;
"=""API""";"=""WIND""";"=""2026-04-29T00:39:00+03:00""";"=""OA_YTM""";"=""AKSU RES""";"=""10928268862""";"=""2890""";"=""AKSU ÇAMLICA RES""";0,99;157,27;0;2,63;;;;;;;;
"=""API""";"=""WIND""";"=""2026-04-29T00:40:00+03:00""";"=""OA_YTM""";"=""AKSU RES""";"=""10928268862""";"=""2890""";"=""AKSU ÇAMLICA RES""";0,99;157,22;0;2,63;;;;;;;;
"=""API""";"=""WIND""";"=""2026-04-29T00:41:00+03:00""";"=""OA_YTM""";"=""AKSU RES""";"=""10928268862""";"=""2890""";"=""AKSU ÇAMLICA RES""";0,99;157,47;0;2,69;;;;;;;;
"=""API""";"=""WIND""";"=""2026-04-29T00:42:00+03:00""";"=""OA_YTM""";"=""AKSU RES""";"=""10928268862""";"=""2890""";"=""AKSU ÇAMLICA RES""";0,99;157,27;0;2,69;;;;;;;;
"=""API""";"=""WIND""";"=""2026-04-29T00:43:00+03:00""";"=""OA_YTM""";"=""AKSU RES""";"=""10928268862""";"=""2890""";"=""AKSU ÇAMLICA RES""";0,99;156,91;0;2,69;;;;;;;;
"=""API""";"=""WIND""";"=""2026-04-29T00:44:00+03:00""";"=""OA_YTM""";"=""AKSU RES""";"=""10928268862""";"=""2890""";"=""AKSU ÇAMLICA RES""";0,99;157,11;0;2,74;;;;;;;;
"=""API""";"=""WIND""";"=""2026-04-29T00:45:00+03:00""";"=""OA_YTM""";"=""AKSU RES""";"=""10928268862""";"=""2890""";"=""AKSU ÇAMLICA RES""";0,99;157,17;0;2,74;;;;;;;;
"=""API""";"=""WIND""";"=""2026-04-29T00:46:00+03:00""";"=""OA_YTM""";"=""AKSU RES""";"=""10928268862""";"=""2890""";"=""AKSU ÇAMLICA RES""";0,99;157,17;0;2,66;;;;;;;;
"=""API""";"=""WIND""";"=""2026-04-29T00:47:00+03:00""";"=""OA_YTM""";"=""AKSU RES""";"=""10928268862""";"=""2890""";"=""AKSU ÇAMLICA RES""";0,99;157,17;0;2,66;;;;;;;;
"=""API""";"=""WIND""";"=""2026-04-29T00:48:00+03:00""";"=""OA_YTM""";"=""AKSU RES""";"=""10928268862""";"=""2890""";"=""AKSU ÇAMLICA RES""";0,99;157,78;0;2,72;;;;;;;;
"=""API""";"=""WIND""";"=""2026-04-29T00:49:00+03:00""";"=""OA_YTM""";"=""AKSU RES""";"=""10928268862""";"=""2890""";"=""AKSU ÇAMLICA RES""";0,99;158,4;0;2,72;;;;;;;;
"=""API""";"=""WIND""";"=""2026-04-29T00:50:00+03:00""";"=""OA_YTM""";"=""AKSU RES""";"=""10928268862""";"=""2890""";"=""AKSU ÇAMLICA RES""";0,99;158,09;0;2,72;;;;;;;;
"=""API""";"=""WIND""";"=""2026-04-29T00:51:00+03:00""";"=""OA_YTM""";"=""AKSU RES""";"=""10928268862""";"=""2890""";"=""AKSU ÇAMLICA RES""";0,99;158,14;0;2,69;;;;;;;;
"=""API""";"=""WIND""";"=""2026-04-29T00:52:00+03:00""";"=""OA_YTM""";"=""AKSU RES""";"=""10928268862""";"=""2890""";"=""AKSU ÇAMLICA RES""";0,99;157,32;0;2,69;;;;;;;;
"=""API""";"=""WIND""";"=""2026-04-29T00:53:00+03:00""";"=""OA_YTM""";"=""AKSU RES""";"=""10928268862""";"=""2890""";"=""AKSU ÇAMLICA RES""";0,99;157,01;0;2,73;;;;;;;;
"=""API""";"=""WIND""";"=""2026-04-29T00:54:00+03:00""";"=""OA_YTM""";"=""AKSU RES""";"=""10928268862""";"=""2890""";"=""AKSU ÇAMLICA RES""";0,99;157,52;0;2,73;;;;;;;;
"=""API""";"=""WIND""";"=""2026-04-29T00:55:00+03:00""";"=""OA_YTM""";"=""AKSU RES""";"=""10928268862""";"=""2890""";"=""AKSU ÇAMLICA RES""";0,99;157,32;0;2,73;;;;;;;;
"=""API""";"=""WIND""";"=""2026-04-29T00:56:00+03:00""";"=""OA_YTM""";"=""AKSU RES""";"=""10928268862""";"=""2890""";"=""AKSU ÇAMLICA RES""";0,99;157,22;0;2,91;;;;;;;;
"=""API""";"=""WIND""";"=""2026-04-29T00:57:00+03:00""";"=""OA_YTM""";"=""AKSU RES""";"=""10928268862""";"=""2890""";"=""AKSU ÇAMLICA RES""";0,99;157,52;0;2,91;;;;;;;;
"=""API""";"=""WIND""";"=""2026-04-29T00:58:00+03:00""";"=""OA_YTM""";"=""AKSU RES""";"=""10928268862""";"=""2890""";"=""AKSU ÇAMLICA RES""";0,99;157,32;0;3,04;;;;;;;;
"=""API""";"=""WIND""";"=""2026-04-29T00:59:00+03:00""";"=""OA_YTM""";"=""AKSU RES""";"=""10928268862""";"=""2890""";"=""AKSU ÇAMLICA RES""";0,99;157,37;0;3,04;;;;;;;;
"=""API""";"=""WIND""";"=""2026-04-29T01:00:00+03:00""";"=""OA_YTM""";"=""AKSU RES""";"=""10928268862""";"=""2890""";"=""AKSU ÇAMLICA RES""";-0,99;157,27;0;2,91;;;;;;;;
"=""API""";"=""WIND""";"=""2026-04-29T01:01:00+03:00""";"=""OA_YTM""";"=""AKSU RES""";"=""10928268862""";"=""2890""";"=""AKSU ÇAMLICA RES""";-0,99;156,91;0;2,91;;;;;;;;
"=""API""";"=""WIND""";"=""2026-04-29T01:02:00+03:00""";"=""OA_YTM""";"=""AKSU RES""";"=""10928268862""";"=""2890""";"=""AKSU ÇAMLICA RES""";-0,99;156,6;0;2,91;;;;;;;;
"=""API""";"=""WIND""";"=""2026-04-29T01:03:00+03:00""";"=""OA_YTM""";"=""AKSU RES""";"=""10928268862""";"=""2890""";"=""AKSU ÇAMLICA RES""";-0,99;156,6;0;2,91;;;;;;;;
"=""API""";"=""WIND""";"=""2026-04-29T01:04:00+03:00""";"=""OA_YTM""";"=""AKSU RES""";"=""10928268862""";"=""2890""";"=""AKSU ÇAMLICA RES""";-0,99;156,7;0;2,91;;;;;;;;
"=""API""";"=""WIND""";"=""2026-04-29T01:05:00+03:00""";"=""OA_YTM""";"=""AKSU RES""";"=""10928268862""";"=""2890""";"=""AKSU ÇAMLICA RES""";-0,99;157,47;0;2,91;;;;;;;;
"=""API""";"=""WIND""";"=""2026-04-29T01:06:00+03:00""";"=""OA_YTM""";"=""AKSU RES""";"=""10928268862""";"=""2890""";"=""AKSU ÇAMLICA RES""";-0,99;157,47;0;3,05;;;;;;;;
"=""API""";"=""WIND""";"=""2026-04-29T01:07:00+03:00""";"=""OA_YTM""";"=""AKSU RES""";"=""10928268862""";"=""2890""";"=""AKSU ÇAMLICA RES""";-0,99;157,88;0;3,06;;;;;;;;
"=""API""";"=""WIND""";"=""2026-04-29T01:08:00+03:00""";"=""OA_YTM""";"=""AKSU RES""";"=""10928268862""";"=""2890""";"=""AKSU ÇAMLICA RES""";-0,99;158,19;0;3,06;;;;;;;;
"=""API""";"=""WIND""";"=""2026-04-29T01:09:00+03:00""";"=""OA_YTM""";"=""AKSU RES""";"=""10928268862""";"=""2890""";"=""AKSU ÇAMLICA RES""";-0,99;157,78;0;3,06;;;;;;;;
"=""API""";"=""WIND""";"=""2026-04-29T01:10:00+03:00""";"=""OA_YTM""";"=""AKSU RES""";"=""10928268862""";"=""2890""";"=""AKSU ÇAMLICA RES""";-0,99;157,78;0;3,06;;;;;;;;
"=""API""";"=""WIND""";"=""2026-04-29T01:11:00+03:00""";"=""OA_YTM""";"=""AKSU RES""";"=""10928268862""";"=""2890""";"=""AKSU ÇAMLICA RES""";-0,99;157,47;0;3,08;;;;;;;;
"=""API""";"=""WIND""";"=""2026-04-29T01:12:00+03:00""";"=""OA_YTM""";"=""AKSU RES""";"=""10928268862""";"=""2890""";"=""AKSU ÇAMLICA RES""";-0,99;157,47;0;3,08;;;;;;;;
"=""API""";"=""WIND""";"=""2026-04-29T01:13:00+03:00""";"=""OA_YTM""";"=""AKSU RES""";"=""10928268862""";"=""2890""";"=""AKSU ÇAMLICA RES""";-0,99;157,27;0;3,08;;;;;;;;
"=""API""";"=""WIND""";"=""2026-04-29T01:14:00+03:00""";"=""OA_YTM""";"=""AKSU RES""";"=""10928268862""";"=""2890""";"=""AKSU ÇAMLICA RES""";-0,99;158,04;0;3,08;;;;;;;;
"=""API""";"=""WIND""";"=""2026-04-29T01:15:00+03:00""";"=""OA_YTM""";"=""AKSU RES""";"=""10928268862""";"=""2890""";"=""AKSU ÇAMLICA RES""";-0,99;158,04;0;3,08;;;;;;;;
"=""API""";"=""WIND""";"=""2026-04-29T01:16:00+03:00""";"=""OA_YTM""";"=""AKSU RES""";"=""10928268862""";"=""2890""";"=""AKSU ÇAMLICA RES""";-0,99;156,81;0;3,08;;;;;;;;
"=""API""";"=""WIND""";"=""2026-04-29T01:17:00+03:00""";"=""OA_YTM""";"=""AKSU RES""";"=""10928268862""";"=""2890""";"=""AKSU ÇAMLICA RES""";-0,99;156,81;0;3,08;;;;;;;;
"=""API""";"=""WIND""";"=""2026-04-29T01:18:00+03:00""";"=""OA_YTM""";"=""AKSU RES""";"=""10928268862""";"=""2890""";"=""AKSU ÇAMLICA RES""";-0,99;157,17;0;3,08;;;;;;;;
"=""API""";"=""WIND""";"=""2026-04-29T01:19:00+03:00""";"=""OA_YTM""";"=""AKSU RES""";"=""10928268862""";"=""2890""";"=""AKSU ÇAMLICA RES""";-0,99;156,75;0;3,08;;;;;;;;
"=""API""";"=""WIND""";"=""2026-04-29T01:20:00+03:00""";"=""OA_YTM""";"=""AKSU RES""";"=""10928268862""";"=""2890""";"=""AKSU ÇAMLICA RES""";-0,99;156,7;0;3,05;;;;;;;;
"=""API""";"=""WIND""";"=""2026-04-29T01:21:00+03:00""";"=""OA_YTM""";"=""AKSU RES""";"=""10928268862""";"=""2890""";"=""AKSU ÇAMLICA RES""";-0,99;156,7;0;3,05;;;;;;;;
"=""API""";"=""WIND""";"=""2026-04-29T01:22:00+03:00""";"=""OA_YTM""";"=""AKSU RES""";"=""10928268862""";"=""2890""";"=""AKSU ÇAMLICA RES""";-0,99;156,7;0;3,05;;;;;;;;
"=""API""";"=""WIND""";"=""2026-04-29T01:23:00+03:00""";"=""OA_YTM""";"=""AKSU RES""";"=""10928268862""";"=""2890""";"=""AKSU ÇAMLICA RES""";-0,99;156,65;0;3,03;;;;;;;;
"=""API""";"=""WIND""";"=""2026-04-29T01:24:00+03:00""";"=""OA_YTM""";"=""AKSU RES""";"=""10928268862""";"=""2890""";"=""AKSU ÇAMLICA RES""";-0,99;156,86;0;3,03;;;;;;;;
"=""API""";"=""WIND""";"=""2026-04-29T01:25:00+03:00""";"=""OA_YTM""";"=""AKSU RES""";"=""10928268862""";"=""2890""";"=""AKSU ÇAMLICA RES""";-0,99;156,96;0;3,03;;;;;;;;
"=""API""";"=""WIND""";"=""2026-04-29T01:26:00+03:00""";"=""OA_YTM""";"=""AKSU RES""";"=""10928268862""";"=""2890""";"=""AKSU ÇAMLICA RES""";-0,99;156,75;0;3,06;;;;;;;;
"=""API""";"=""WIND""";"=""2026-04-29T01:27:00+03:00""";"=""OA_YTM""";"=""AKSU RES""";"=""10928268862""";"=""2890""";"=""AKSU ÇAMLICA RES""";-0,99;156,96;0;3,06;;;;;;;;
"=""API""";"=""WIND""";"=""2026-04-29T01:28:00+03:00""";"=""OA_YTM""";"=""AKSU RES""";"=""10928268862""";"=""2890""";"=""AKSU ÇAMLICA RES""";-0,99;156,34;0;3,07;;;;;;;;
"=""API""";"=""WIND""";"=""2026-04-29T01:29:00+03:00""";"=""OA_YTM""";"=""AKSU RES""";"=""10928268862""";"=""2890""";"=""AKSU ÇAMLICA RES""";-0,99;156,96;0;3,07;;;;;;;;
"=""API""";"=""WIND""";"=""2026-04-29T01:30:00+03:00""";"=""OA_YTM""";"=""AKSU RES""";"=""10928268862""";"=""2890""";"=""AKSU ÇAMLICA RES""";-0,99;156,96;0;3,07;;;;;;;;
"=""API""";"=""WIND""";"=""2026-04-29T01:31:00+03:00""";"=""OA_YTM""";"=""AKSU RES""";"=""10928268862""";"=""2890""";"=""AKSU ÇAMLICA RES""";-0,99;156,24;0;3,07;;;;;;;;
"=""API""";"=""WIND""";"=""2026-04-29T01:32:00+03:00""";"=""OA_YTM""";"=""AKSU RES""";"=""10928268862""";"=""2890""";"=""AKSU ÇAMLICA RES""";-0,99;156,86;0;3,07;;;;;;;;
"=""API""";"=""WIND""";"=""2026-04-29T01:33:00+03:00""";"=""OA_YTM""";"=""AKSU RES""";"=""10928268862""";"=""2890""";"=""AKSU ÇAMLICA RES""";-0,99;157,22;0;3,07;;;;;;;;
"=""API""";"=""WIND""";"=""2026-04-29T01:34:00+03:00""";"=""OA_YTM""";"=""AKSU RES""";"=""10928268862""";"=""2890""";"=""AKSU ÇAMLICA RES""";-0,99;157,27;0;3,07;;;;;;;;
"=""API""";"=""WIND""";"=""2026-04-29T01:35:00+03:00""";"=""OA_YTM""";"=""AKSU RES""";"=""10928268862""";"=""2890""";"=""AKSU ÇAMLICA RES""";-0,99;157,32;0;3,07;;;;;;;;
"=""API""";"=""WIND""";"=""2026-04-29T01:36:00+03:00""";"=""OA_YTM""";"=""AKSU RES""";"=""10928268862""";"=""2890""";"=""AKSU ÇAMLICA RES""";-0,99;158,14;0;3,07;;;;;;;;
"=""API""";"=""WIND""";"=""2026-04-29T01:37:00+03:00""";"=""OA_YTM""";"=""AKSU RES""";"=""10928268862""";"=""2890""";"=""AKSU ÇAMLICA RES""";-0,99;157,99;0;3,07;;;;;;;;
"=""API""";"=""WIND""";"=""2026-04-29T01:38:00+03:00""";"=""OA_YTM""";"=""AKSU RES""";"=""10928268862""";"=""2890""";"=""AKSU ÇAMLICA RES""";-0,99;158,04;0;3,1;;;;;;;;
"=""API""";"=""WIND""";"=""2026-04-29T01:39:00+03:00""";"=""OA_YTM""";"=""AKSU RES""";"=""10928268862""";"=""2890""";"=""AKSU ÇAMLICA RES""";-0,99;157,68;0;3,12;;;;;;;;
"=""API""";"=""WIND""";"=""2026-04-29T01:40:00+03:00""";"=""OA_YTM""";"=""AKSU RES""";"=""10928268862""";"=""2890""";"=""AKSU ÇAMLICA RES""";-0,99;157,37;0;3,12;;;;;;;;
"=""API""";"=""WIND""";"=""2026-04-29T01:41:00+03:00""";"=""OA_YTM""";"=""AKSU RES""";"=""10928268862""";"=""2890""";"=""AKSU ÇAMLICA RES""";-0,99;157,06;0;3,09;;;;;;;;
"=""API""";"=""WIND""";"=""2026-04-29T01:42:00+03:00""";"=""OA_YTM""";"=""AKSU RES""";"=""10928268862""";"=""2890""";"=""AKSU ÇAMLICA RES""";-0,99;157,32;0;3,12;;;;;;;;
"=""API""";"=""WIND""";"=""2026-04-29T01:43:00+03:00""";"=""OA_YTM""";"=""AKSU RES""";"=""10928268862""";"=""2890""";"=""AKSU ÇAMLICA RES""";-0,99;157,58;0;3,12;;;;;;;;
"=""API""";"=""WIND""";"=""2026-04-29T01:44:00+03:00""";"=""OA_YTM""";"=""AKSU RES""";"=""10928268862""";"=""2890""";"=""AKSU ÇAMLICA RES""";-0,99;156,6;0;3,12;;;;;;;;
"=""API""";"=""WIND""";"=""2026-04-29T01:45:00+03:00""";"=""OA_YTM""";"=""AKSU RES""";"=""10928268862""";"=""2890""";"=""AKSU ÇAMLICA RES""";-0,99;156,7;0;3,12;;;;;;;;
"=""API""";"=""WIND""";"=""2026-04-29T01:46:00+03:00""";"=""OA_YTM""";"=""AKSU RES""";"=""10928268862""";"=""2890""";"=""AKSU ÇAMLICA RES""";-0,99;156,65;0;3,12;;;;;;;;
"=""API""";"=""WIND""";"=""2026-04-29T01:47:00+03:00""";"=""OA_YTM""";"=""AKSU RES""";"=""10928268862""";"=""2890""";"=""AKSU ÇAMLICA RES""";-0,99;156,34;0;3,11;;;;;;;;
"=""API""";"=""WIND""";"=""2026-04-29T01:48:00+03:00""";"=""OA_YTM""";"=""AKSU RES""";"=""10928268862""";"=""2890""";"=""AKSU ÇAMLICA RES""";-0,99;156,96;0;3,11;;;;;;;;
"=""API""";"=""WIND""";"=""2026-04-29T01:49:00+03:00""";"=""OA_YTM""";"=""AKSU RES""";"=""10928268862""";"=""2890""";"=""AKSU ÇAMLICA RES""";-0,99;156,5;0;3,11;;;;;;;;
"=""API""";"=""WIND""";"=""2026-04-29T01:50:00+03:00""";"=""OA_YTM""";"=""AKSU RES""";"=""10928268862""";"=""2890""";"=""AKSU ÇAMLICA RES""";-0,99;156,55;0;3,13;;;;;;;;
"=""API""";"=""WIND""";"=""2026-04-29T01:51:00+03:00""";"=""OA_YTM""";"=""AKSU RES""";"=""10928268862""";"=""2890""";"=""AKSU ÇAMLICA RES""";-0,99;156,55;0;3,13;;;;;;;;
"=""API""";"=""WIND""";"=""2026-04-29T01:52:00+03:00""";"=""OA_YTM""";"=""AKSU RES""";"=""10928268862""";"=""2890""";"=""AKSU ÇAMLICA RES""";-0,99;156,91;0;3,13;;;;;;;;
"=""API""";"=""WIND""";"=""2026-04-29T01:53:00+03:00""";"=""OA_YTM""";"=""AKSU RES""";"=""10928268862""";"=""2890""";"=""AKSU ÇAMLICA RES""";-0,99;156,7;0;3,13;;;;;;;;
"=""API""";"=""WIND""";"=""2026-04-29T01:54:00+03:00""";"=""OA_YTM""";"=""AKSU RES""";"=""10928268862""";"=""2890""";"=""AKSU ÇAMLICA RES""";-0,99;156,55;0;3,13;;;;;;;;
"=""API""";"=""WIND""";"=""2026-04-29T01:55:00+03:00""";"=""OA_YTM""";"=""AKSU RES""";"=""10928268862""";"=""2890""";"=""AKSU ÇAMLICA RES""";-0,99;156,55;0;3,13;;;;;;;;
"=""API""";"=""WIND""";"=""2026-04-29T01:56:00+03:00""";"=""OA_YTM""";"=""AKSU RES""";"=""10928268862""";"=""2890""";"=""AKSU ÇAMLICA RES""";-0,99;156,45;0;3,13;;;;;;;;
"=""API""";"=""WIND""";"=""2026-04-29T01:57:00+03:00""";"=""OA_YTM""";"=""AKSU RES""";"=""10928268862""";"=""2890""";"=""AKSU ÇAMLICA RES""";-0,99;156,65;0;3,13;;;;;;;;
"=""API""";"=""WIND""";"=""2026-04-29T01:58:00+03:00""";"=""OA_YTM""";"=""AKSU RES""";"=""10928268862""";"=""2890""";"=""AKSU ÇAMLICA RES""";-0,99;157,58;0;3,13;;;;;;;;
"=""API""";"=""WIND""";"=""2026-04-29T01:59:00+03:00""";"=""OA_YTM""";"=""AKSU RES""";"=""10928268862""";"=""2890""";"=""AKSU ÇAMLICA RES""";-0,99;157,88;0;3,13;;;;;;;;
"=""API""";"=""WIND""";"=""2026-04-29T02:00:00+03:00""";"=""OA_YTM""";"=""AKSU RES""";"=""10928268862""";"=""2890""";"=""AKSU ÇAMLICA RES""";-0,98;157,78;0;3,13;;;;;;;;
"=""API""";"=""WIND""";"=""2026-04-29T02:01:00+03:00""";"=""OA_YTM""";"=""AKSU RES""";"=""10928268862""";"=""2890""";"=""AKSU ÇAMLICA RES""";-0,98;156,86;0;3,13;;;;;;;;
"=""API""";"=""WIND""";"=""2026-04-29T02:02:00+03:00""";"=""OA_YTM""";"=""AKSU RES""";"=""10928268862""";"=""2890""";"=""AKSU ÇAMLICA RES""";-0,98;156,6;0;3,13;;;;;;;;
"=""API""";"=""WIND""";"=""2026-04-29T02:03:00+03:00""";"=""OA_YTM""";"=""AKSU RES""";"=""10928268862""";"=""2890""";"=""AKSU ÇAMLICA RES""";-0,98;156,96;0;3,13;;;;;;;;
"=""API""";"=""WIND""";"=""2026-04-29T02:04:00+03:00""";"=""OA_YTM""";"=""AKSU RES""";"=""10928268862""";"=""2890""";"=""AKSU ÇAMLICA RES""";-0,98;157,37;0;3,13;;;;;;;;
"=""API""";"=""WIND""";"=""2026-04-29T02:05:00+03:00""";"=""OA_YTM""";"=""AKSU RES""";"=""10928268862""";"=""2890""";"=""AKSU ÇAMLICA RES""";-0,98;157,78;0;3,13;;;;;;;;
"=""API""";"=""WIND""";"=""2026-04-29T02:06:00+03:00""";"=""OA_YTM""";"=""AKSU RES""";"=""10928268862""";"=""2890""";"=""AKSU ÇAMLICA RES""";-0,98;157,68;0;3,13;;;;;;;;
"=""API""";"=""WIND""";"=""2026-04-29T02:07:00+03:00""";"=""OA_YTM""";"=""AKSU RES""";"=""10928268862""";"=""2890""";"=""AKSU ÇAMLICA RES""";-0,98;157,68;0;3,13;;;;;;;;
"=""API""";"=""WIND""";"=""2026-04-29T02:08:00+03:00""";"=""OA_YTM""";"=""AKSU RES""";"=""10928268862""";"=""2890""";"=""AKSU ÇAMLICA RES""";-0,98;157,63;0;3,13;;;;;;;;
"=""API""";"=""WIND""";"=""2026-04-29T02:09:00+03:00""";"=""OA_YTM""";"=""AKSU RES""";"=""10928268862""";"=""2890""";"=""AKSU ÇAMLICA RES""";-0,98;158,14;0;3,13;;;;;;;;
"=""API""";"=""WIND""";"=""2026-04-29T02:10:00+03:00""";"=""OA_YTM""";"=""AKSU RES""";"=""10928268862""";"=""2890""";"=""AKSU ÇAMLICA RES""";-0,98;157,94;0;3,13;;;;;;;;
"=""API""";"=""WIND""";"=""2026-04-29T02:11:00+03:00""";"=""OA_YTM""";"=""AKSU RES""";"=""10928268862""";"=""2890""";"=""AKSU ÇAMLICA RES""";-0,98;158,24;0;3,13;;;;;;;;
"=""API""";"=""WIND""";"=""2026-04-29T02:12:00+03:00""";"=""OA_YTM""";"=""AKSU RES""";"=""10928268862""";"=""2890""";"=""AKSU ÇAMLICA RES""";-0,98;157,94;0;3,14;;;;;;;;
"=""API""";"=""WIND""";"=""2026-04-29T02:13:00+03:00""";"=""OA_YTM""";"=""AKSU RES""";"=""10928268862""";"=""2890""";"=""AKSU ÇAMLICA RES""";-0,98;158,14;0;3,14;;;;;;;;
"=""API""";"=""WIND""";"=""2026-04-29T02:14:00+03:00""";"=""OA_YTM""";"=""AKSU RES""";"=""10928268862""";"=""2890""";"=""AKSU ÇAMLICA RES""";-0,98;157,63;0;3,14;;;;;;;;
"=""API""";"=""WIND""";"=""2026-04-29T02:15:00+03:00""";"=""OA_YTM""";"=""AKSU RES""";"=""10928268862""";"=""2890""";"=""AKSU ÇAMLICA RES""";-0,98;157,94;0;3,14;;;;;;;;
"=""API""";"=""WIND""";"=""2026-04-29T02:16:00+03:00""";"=""OA_YTM""";"=""AKSU RES""";"=""10928268862""";"=""2890""";"=""AKSU ÇAMLICA RES""";-0,98;157,94;0;3,14;;;;;;;;
"=""API""";"=""WIND""";"=""2026-04-29T02:17:00+03:00""";"=""OA_YTM""";"=""AKSU RES""";"=""10928268862""";"=""2890""";"=""AKSU ÇAMLICA RES""";-0,98;157,06;0;3,14;;;;;;;;
"=""API""";"=""WIND""";"=""2026-04-29T02:18:00+03:00""";"=""OA_YTM""";"=""AKSU RES""";"=""10928268862""";"=""2890""";"=""AKSU ÇAMLICA RES""";-0,98;157,32;0;3,14;;;;;;;;
"=""API""";"=""WIND""";"=""2026-04-29T02:19:00+03:00""";"=""OA_YTM""";"=""AKSU RES""";"=""10928268862""";"=""2890""";"=""AKSU ÇAMLICA RES""";-0,98;157,17;0;3,14;;;;;;;;
"=""API""";"=""WIND""";"=""2026-04-29T02:20:00+03:00""";"=""OA_YTM""";"=""AKSU RES""";"=""10928268862""";"=""2890""";"=""AKSU ÇAMLICA RES""";-0,98;157,37;0;3,11;;;;;;;;
"=""API""";"=""WIND""";"=""2026-04-29T02:21:00+03:00""";"=""OA_YTM""";"=""AKSU RES""";"=""10928268862""";"=""2890""";"=""AKSU ÇAMLICA RES""";-0,98;157,22;0;3,11;;;;;;;;
"=""API""";"=""WIND""";"=""2026-04-29T02:22:00+03:00""";"=""OA_YTM""";"=""AKSU RES""";"=""10928268862""";"=""2890""";"=""AKSU ÇAMLICA RES""";-0,98;157,63;0;3,11;;;;;;;;
"=""API""";"=""WIND""";"=""2026-04-29T02:23:00+03:00""";"=""OA_YTM""";"=""AKSU RES""";"=""10928268862""";"=""2890""";"=""AKSU ÇAMLICA RES""";-0,98;157,47;0;3,11;;;;;;;;
"=""API""";"=""WIND""";"=""2026-04-29T02:24:00+03:00""";"=""OA_YTM""";"=""AKSU RES""";"=""10928268862""";"=""2890""";"=""AKSU ÇAMLICA RES""";-0,98;157,42;0;3,11;;;;;;;;
"=""API""";"=""WIND""";"=""2026-04-29T02:25:00+03:00""";"=""OA_YTM""";"=""AKSU RES""";"=""10928268862""";"=""2890""";"=""AKSU ÇAMLICA RES""";-0,98;157,22;0;3,1;;;;;;;;
"=""API""";"=""WIND""";"=""2026-04-29T02:26:00+03:00""";"=""OA_YTM""";"=""AKSU RES""";"=""10928268862""";"=""2890""";"=""AKSU ÇAMLICA RES""";-0,98;156,86;0;3,1;;;;;;;;
"=""API""";"=""WIND""";"=""2026-04-29T02:27:00+03:00""";"=""OA_YTM""";"=""AKSU RES""";"=""10928268862""";"=""2890""";"=""AKSU ÇAMLICA RES""";-0,98;157,01;0;3,1;;;;;;;;
"=""API""";"=""WIND""";"=""2026-04-29T02:28:00+03:00""";"=""OA_YTM""";"=""AKSU RES""";"=""10928268862""";"=""2890""";"=""AKSU ÇAMLICA RES""";-0,98;157,27;0;3,1;;;;;;;;
"=""API""";"=""WIND""";"=""2026-04-29T02:29:00+03:00""";"=""OA_YTM""";"=""AKSU RES""";"=""10928268862""";"=""2890""";"=""AKSU ÇAMLICA RES""";-0,98;156,86;0;3,1;;;;;;;;
"=""API""";"=""WIND""";"=""2026-04-29T02:30:00+03:00""";"=""OA_YTM""";"=""AKSU RES""";"=""10928268862""";"=""2890""";"=""AKSU ÇAMLICA RES""";-0,98;156,24;0;3,12;;;;;;;;
"=""API""";"=""WIND""";"=""2026-04-29T02:31:00+03:00""";"=""OA_YTM""";"=""AKSU RES""";"=""10928268862""";"=""2890""";"=""AKSU ÇAMLICA RES""";-0,98;156,24;0;3,12;;;;;;;;
"=""API""";"=""WIND""";"=""2026-04-29T02:32:00+03:00""";"=""OA_YTM""";"=""AKSU RES""";"=""10928268862""";"=""2890""";"=""AKSU ÇAMLICA RES""";-0,98;157,58;0;3,12;;;;;;;;
"=""API""";"=""WIND""";"=""2026-04-29T02:33:00+03:00""";"=""OA_YTM""";"=""AKSU RES""";"=""10928268862""";"=""2890""";"=""AKSU ÇAMLICA RES""";-0,98;157,73;0;3,12;;;;;;;;
"=""API""";"=""WIND""";"=""2026-04-29T02:34:00+03:00""";"=""OA_YTM""";"=""AKSU RES""";"=""10928268862""";"=""2890""";"=""AKSU ÇAMLICA RES""";-0,98;157,73;0;3,12;;;;;;;;
"=""API""";"=""WIND""";"=""2026-04-29T02:35:00+03:00""";"=""OA_YTM""";"=""AKSU RES""";"=""10928268862""";"=""2890""";"=""AKSU ÇAMLICA RES""";-0,98;157,27;0;3,12;;;;;;;;
"=""API""";"=""WIND""";"=""2026-04-29T02:36:00+03:00""";"=""OA_YTM""";"=""AKSU RES""";"=""10928268862""";"=""2890""";"=""AKSU ÇAMLICA RES""";-0,98;157,37;0;3,12;;;;;;;;
"=""API""";"=""WIND""";"=""2026-04-29T02:37:00+03:00""";"=""OA_YTM""";"=""AKSU RES""";"=""10928268862""";"=""2890""";"=""AKSU ÇAMLICA RES""";-0,98;156,34;0;3,12;;;;;;;;
"=""API""";"=""WIND""";"=""2026-04-29T02:38:00+03:00""";"=""OA_YTM""";"=""AKSU RES""";"=""10928268862""";"=""2890""";"=""AKSU ÇAMLICA RES""";-0,98;156,45;0;3,12;;;;;;;;
"=""API""";"=""WIND""";"=""2026-04-29T02:39:00+03:00""";"=""OA_YTM""";"=""AKSU RES""";"=""10928268862""";"=""2890""";"=""AKSU ÇAMLICA RES""";-0,98;156,5;0;3,08;;;;;;;;
"=""API""";"=""WIND""";"=""2026-04-29T02:40:00+03:00""";"=""OA_YTM""";"=""AKSU RES""";"=""10928268862""";"=""2890""";"=""AKSU ÇAMLICA RES""";-0,98;156,7;0;3,08;;;;;;;;
"=""API""";"=""WIND""";"=""2026-04-29T02:41:00+03:00""";"=""OA_YTM""";"=""AKSU RES""";"=""10928268862""";"=""2890""";"=""AKSU ÇAMLICA RES""";-0,98;156,7;0;3,11;;;;;;;;
"=""API""";"=""WIND""";"=""2026-04-29T02:42:00+03:00""";"=""OA_YTM""";"=""AKSU RES""";"=""10928268862""";"=""2890""";"=""AKSU ÇAMLICA RES""";-0,98;156,86;0;3,08;;;;;;;;
"=""API""";"=""WIND""";"=""2026-04-29T02:43:00+03:00""";"=""OA_YTM""";"=""AKSU RES""";"=""10928268862""";"=""2890""";"=""AKSU ÇAMLICA RES""";-0,98;156,7;0;3,08;;;;;;;;
"=""API""";"=""WIND""";"=""2026-04-29T02:44:00+03:00""";"=""OA_YTM""";"=""AKSU RES""";"=""10928268862""";"=""2890""";"=""AKSU ÇAMLICA RES""";-0,98;157,01;0;3,08;;;;;;;;
"=""API""";"=""WIND""";"=""2026-04-29T02:45:00+03:00""";"=""OA_YTM""";"=""AKSU RES""";"=""10928268862""";"=""2890""";"=""AKSU ÇAMLICA RES""";-0,98;156,91;0;3,11;;;;;;;;
"=""API""";"=""WIND""";"=""2026-04-29T02:46:00+03:00""";"=""OA_YTM""";"=""AKSU RES""";"=""10928268862""";"=""2890""";"=""AKSU ÇAMLICA RES""";-0,98;157,11;0;3,11;;;;;;;;
"=""API""";"=""WIND""";"=""2026-04-29T02:47:00+03:00""";"=""OA_YTM""";"=""AKSU RES""";"=""10928268862""";"=""2890""";"=""AKSU ÇAMLICA RES""";-0,98;157,17;0;3,11;;;;;;;;
"=""API""";"=""WIND""";"=""2026-04-29T02:48:00+03:00""";"=""OA_YTM""";"=""AKSU RES""";"=""10928268862""";"=""2890""";"=""AKSU ÇAMLICA RES""";-0,98;156,24;0;3,11;;;;;;;;
"=""API""";"=""WIND""";"=""2026-04-29T02:49:00+03:00""";"=""OA_YTM""";"=""AKSU RES""";"=""10928268862""";"=""2890""";"=""AKSU ÇAMLICA RES""";-0,98;156,4;0;3,11;;;;;;;;
"=""API""";"=""WIND""";"=""2026-04-29T02:50:00+03:00""";"=""OA_YTM""";"=""AKSU RES""";"=""10928268862""";"=""2890""";"=""AKSU ÇAMLICA RES""";-0,98;156,24;0;3,11;;;;;;;;
"=""API""";"=""WIND""";"=""2026-04-29T02:51:00+03:00""";"=""OA_YTM""";"=""AKSU RES""";"=""10928268862""";"=""2890""";"=""AKSU ÇAMLICA RES""";-0,98;156,96;0;3,11;;;;;;;;
"=""API""";"=""WIND""";"=""2026-04-29T02:52:00+03:00""";"=""OA_YTM""";"=""AKSU RES""";"=""10928268862""";"=""2890""";"=""AKSU ÇAMLICA RES""";-0,98;157,63;0;3,11;;;;;;;;
"=""API""";"=""WIND""";"=""2026-04-29T02:53:00+03:00""";"=""OA_YTM""";"=""AKSU RES""";"=""10928268862""";"=""2890""";"=""AKSU ÇAMLICA RES""";-0,98;157,94;0;3,11;;;;;;;;
"=""API""";"=""WIND""";"=""2026-04-29T02:54:00+03:00""";"=""OA_YTM""";"=""AKSU RES""";"=""10928268862""";"=""2890""";"=""AKSU ÇAMLICA RES""";-0,98;157,37;0;3,11;;;;;;;;
"=""API""";"=""WIND""";"=""2026-04-29T02:55:00+03:00""";"=""OA_YTM""";"=""AKSU RES""";"=""10928268862""";"=""2890""";"=""AKSU ÇAMLICA RES""";-0,98;156,75;0;3,12;;;;;;;;
"=""API""";"=""WIND""";"=""2026-04-29T02:56:00+03:00""";"=""OA_YTM""";"=""AKSU RES""";"=""10928268862""";"=""2890""";"=""AKSU ÇAMLICA RES""";-0,98;156,7;0;3,12;;;;;;;;
"=""API""";"=""WIND""";"=""2026-04-29T02:57:00+03:00""";"=""OA_YTM""";"=""AKSU RES""";"=""10928268862""";"=""2890""";"=""AKSU ÇAMLICA RES""";-0,98;157,01;0;3,12;;;;;;;;
"=""API""";"=""WIND""";"=""2026-04-29T02:58:00+03:00""";"=""OA_YTM""";"=""AKSU RES""";"=""10928268862""";"=""2890""";"=""AKSU ÇAMLICA RES""";-0,98;157,27;0;3,12;;;;;;;;
"=""API""";"=""WIND""";"=""2026-04-29T02:59:00+03:00""";"=""OA_YTM""";"=""AKSU RES""";"=""10928268862""";"=""2890""";"=""AKSU ÇAMLICA RES""";-0,98;157,42;0;3,12;;;;;;;;
"=""API""";"=""WIND""";"=""2026-04-29T03:00:00+03:00""";"=""OA_YTM""";"=""AKSU RES""";"=""10928268862""";"=""2890""";"=""AKSU ÇAMLICA RES""";-0,98;156,86;0;3,12;;;;;;;;
"=""API""";"=""WIND""";"=""2026-04-29T03:01:00+03:00""";"=""OA_YTM""";"=""AKSU RES""";"=""10928268862""";"=""2890""";"=""AKSU ÇAMLICA RES""";-0,98;158,09;0;3,12;;;;;;;;
"=""API""";"=""WIND""";"=""2026-04-29T03:02:00+03:00""";"=""OA_YTM""";"=""AKSU RES""";"=""10928268862""";"=""2890""";"=""AKSU ÇAMLICA RES""";-0,98;158,09;0;3,15;;;;;;;;
"=""API""";"=""WIND""";"=""2026-04-29T03:03:00+03:00""";"=""OA_YTM""";"=""AKSU RES""";"=""10928268862""";"=""2890""";"=""AKSU ÇAMLICA RES""";-0,98;157,22;0;3,15;;;;;;;;
"=""API""";"=""WIND""";"=""2026-04-29T03:04:00+03:00""";"=""OA_YTM""";"=""AKSU RES""";"=""10928268862""";"=""2890""";"=""AKSU ÇAMLICA RES""";-0,98;158,14;0;3,15;;;;;;;;
"=""API""";"=""WIND""";"=""2026-04-29T03:05:00+03:00""";"=""OA_YTM""";"=""AKSU RES""";"=""10928268862""";"=""2890""";"=""AKSU ÇAMLICA RES""";-0,98;158,35;0;3,15;;;;;;;;
"=""API""";"=""WIND""";"=""2026-04-29T03:06:00+03:00""";"=""OA_YTM""";"=""AKSU RES""";"=""10928268862""";"=""2890""";"=""AKSU ÇAMLICA RES""";-0,98;157,52;0;3,12;;;;;;;;
"=""API""";"=""WIND""";"=""2026-04-29T03:07:00+03:00""";"=""OA_YTM""";"=""AKSU RES""";"=""10928268862""";"=""2890""";"=""AKSU ÇAMLICA RES""";-0,98;157,11;0;3,12;;;;;;;;
"=""API""";"=""WIND""";"=""2026-04-29T03:08:00+03:00""";"=""OA_YTM""";"=""AKSU RES""";"=""10928268862""";"=""2890""";"=""AKSU ÇAMLICA RES""";-0,98;157,88;0;3,12;;;;;;;;
"=""API""";"=""WIND""";"=""2026-04-29T03:09:00+03:00""";"=""OA_YTM""";"=""AKSU RES""";"=""10928268862""";"=""2890""";"=""AKSU ÇAMLICA RES""";-0,98;157,78;0;3,12;;;;;;;;
"=""API""";"=""WIND""";"=""2026-04-29T03:10:00+03:00""";"=""OA_YTM""";"=""AKSU RES""";"=""10928268862""";"=""2890""";"=""AKSU ÇAMLICA RES""";-0,98;158,14;0;3,12;;;;;;;;
"=""API""";"=""WIND""";"=""2026-04-29T03:11:00+03:00""";"=""OA_YTM""";"=""AKSU RES""";"=""10928268862""";"=""2890""";"=""AKSU ÇAMLICA RES""";-0,98;158,66;0;3,16;;;;;;;;
"=""API""";"=""WIND""";"=""2026-04-29T03:12:00+03:00""";"=""OA_YTM""";"=""AKSU RES""";"=""10928268862""";"=""2890""";"=""AKSU ÇAMLICA RES""";-0,98;157,78;0;3,16;;;;;;;;
"=""API""";"=""WIND""";"=""2026-04-29T03:13:00+03:00""";"=""OA_YTM""";"=""AKSU RES""";"=""10928268862""";"=""2890""";"=""AKSU ÇAMLICA RES""";-0,98;157,63;0;3,16;;;;;;;;
"=""API""";"=""WIND""";"=""2026-04-29T03:14:00+03:00""";"=""OA_YTM""";"=""AKSU RES""";"=""10928268862""";"=""2890""";"=""AKSU ÇAMLICA RES""";-0,98;157,73;0;3,16;;;;;;;;
"=""API""";"=""WIND""";"=""2026-04-29T03:15:00+03:00""";"=""OA_YTM""";"=""AKSU RES""";"=""10928268862""";"=""2890""";"=""AKSU ÇAMLICA RES""";-0,98;157,99;0;3,16;;;;;;;;
"=""API""";"=""WIND""";"=""2026-04-29T03:16:00+03:00""";"=""OA_YTM""";"=""AKSU RES""";"=""10928268862""";"=""2890""";"=""AKSU ÇAMLICA RES""";-0,98;158,4;0;3,16;;;;;;;;
"=""API""";"=""WIND""";"=""2026-04-29T03:17:00+03:00""";"=""OA_YTM""";"=""AKSU RES""";"=""10928268862""";"=""2890""";"=""AKSU ÇAMLICA RES""";-0,98;157,47;0;3,13;;;;;;;;
"=""API""";"=""WIND""";"=""2026-04-29T03:18:00+03:00""";"=""OA_YTM""";"=""AKSU RES""";"=""10928268862""";"=""2890""";"=""AKSU ÇAMLICA RES""";-0,98;157,47;0;3,13;;;;;;;;
"=""API""";"=""WIND""";"=""2026-04-29T03:19:00+03:00""";"=""OA_YTM""";"=""AKSU RES""";"=""10928268862""";"=""2890""";"=""AKSU ÇAMLICA RES""";-0,98;156,86;0;3,13;;;;;;;;
"=""API""";"=""WIND""";"=""2026-04-29T03:20:00+03:00""";"=""OA_YTM""";"=""AKSU RES""";"=""10928268862""";"=""2890""";"=""AKSU ÇAMLICA RES""";-0,98;156,65;0;3,1;;;;;;;;
"=""API""";"=""WIND""";"=""2026-04-29T03:21:00+03:00""";"=""OA_YTM""";"=""AKSU RES""";"=""10928268862""";"=""2890""";"=""AKSU ÇAMLICA RES""";-0,98;156,81;0;3,1;;;;;;;;
"=""API""";"=""WIND""";"=""2026-04-29T03:22:00+03:00""";"=""OA_YTM""";"=""AKSU RES""";"=""10928268862""";"=""2890""";"=""AKSU ÇAMLICA RES""";-0,98;156,86;0;3,14;;;;;;;;
"=""API""";"=""WIND""";"=""2026-04-29T03:23:00+03:00""";"=""OA_YTM""";"=""AKSU RES""";"=""10928268862""";"=""2890""";"=""AKSU ÇAMLICA RES""";-0,98;156,86;0;3,14;;;;;;;;
"=""API""";"=""WIND""";"=""2026-04-29T03:24:00+03:00""";"=""OA_YTM""";"=""AKSU RES""";"=""10928268862""";"=""2890""";"=""AKSU ÇAMLICA RES""";-0,98;156,96;0;3,13;;;;;;;;
"=""API""";"=""WIND""";"=""2026-04-29T03:25:00+03:00""";"=""OA_YTM""";"=""AKSU RES""";"=""10928268862""";"=""2890""";"=""AKSU ÇAMLICA RES""";-0,98;157,22;0;3,13;;;;;;;;
"=""API""";"=""WIND""";"=""2026-04-29T03:26:00+03:00""";"=""OA_YTM""";"=""AKSU RES""";"=""10928268862""";"=""2890""";"=""AKSU ÇAMLICA RES""";-0,98;157,58;0;3,13;;;;;;;;
"=""API""";"=""WIND""";"=""2026-04-29T03:27:00+03:00""";"=""OA_YTM""";"=""AKSU RES""";"=""10928268862""";"=""2890""";"=""AKSU ÇAMLICA RES""";-0,98;157,88;0;3,13;;;;;;;;
"=""API""";"=""WIND""";"=""2026-04-29T03:28:00+03:00""";"=""OA_YTM""";"=""AKSU RES""";"=""10928268862""";"=""2890""";"=""AKSU ÇAMLICA RES""";-0,98;158,09;0;3,13;;;;;;;;
"=""API""";"=""WIND""";"=""2026-04-29T03:29:00+03:00""";"=""OA_YTM""";"=""AKSU RES""";"=""10928268862""";"=""2890""";"=""AKSU ÇAMLICA RES""";-0,98;157,78;0;3,14;;;;;;;;
"=""API""";"=""WIND""";"=""2026-04-29T03:30:00+03:00""";"=""OA_YTM""";"=""AKSU RES""";"=""10928268862""";"=""2890""";"=""AKSU ÇAMLICA RES""";-0,98;157,47;0;3,14;;;;;;;;
"=""API""";"=""WIND""";"=""2026-04-29T03:31:00+03:00""";"=""OA_YTM""";"=""AKSU RES""";"=""10928268862""";"=""2890""";"=""AKSU ÇAMLICA RES""";-0,98;157,78;0;3,16;;;;;;;;
"=""API""";"=""WIND""";"=""2026-04-29T03:32:00+03:00""";"=""OA_YTM""";"=""AKSU RES""";"=""10928268862""";"=""2890""";"=""AKSU ÇAMLICA RES""";-0,98;157,78;0;3,16;;;;;;;;
"=""API""";"=""WIND""";"=""2026-04-29T03:33:00+03:00""";"=""OA_YTM""";"=""AKSU RES""";"=""10928268862""";"=""2890""";"=""AKSU ÇAMLICA RES""";-0,98;157,78;0;3,16;;;;;;;;
"=""API""";"=""WIND""";"=""2026-04-29T03:34:00+03:00""";"=""OA_YTM""";"=""AKSU RES""";"=""10928268862""";"=""2890""";"=""AKSU ÇAMLICA RES""";-0,98;157,42;0;3,16;;;;;;;;
"=""API""";"=""WIND""";"=""2026-04-29T03:35:00+03:00""";"=""OA_YTM""";"=""AKSU RES""";"=""10928268862""";"=""2890""";"=""AKSU ÇAMLICA RES""";-0,98;156,86;0;3,16;;;;;;;;
"=""API""";"=""WIND""";"=""2026-04-29T03:36:00+03:00""";"=""OA_YTM""";"=""AKSU RES""";"=""10928268862""";"=""2890""";"=""AKSU ÇAMLICA RES""";-0,98;157,17;0;3,14;;;;;;;;
"=""API""";"=""WIND""";"=""2026-04-29T03:37:00+03:00""";"=""OA_YTM""";"=""AKSU RES""";"=""10928268862""";"=""2890""";"=""AKSU ÇAMLICA RES""";-0,98;157,93;0;3,14;;;;;;;;
"=""API""";"=""WIND""";"=""2026-04-29T03:38:00+03:00""";"=""OA_YTM""";"=""AKSU RES""";"=""10928268862""";"=""2890""";"=""AKSU ÇAMLICA RES""";-0,98;157,01;0;3,14;;;;;;;;
"=""API""";"=""WIND""";"=""2026-04-29T03:39:00+03:00""";"=""OA_YTM""";"=""AKSU RES""";"=""10928268862""";"=""2890""";"=""AKSU ÇAMLICA RES""";-0,98;157,06;0;3,14;;;;;;;;
"=""API""";"=""WIND""";"=""2026-04-29T03:40:00+03:00""";"=""OA_YTM""";"=""AKSU RES""";"=""10928268862""";"=""2890""";"=""AKSU ÇAMLICA RES""";-0,98;156,96;0;3,14;;;;;;;;
"=""API""";"=""WIND""";"=""2026-04-29T03:41:00+03:00""";"=""OA_YTM""";"=""AKSU RES""";"=""10928268862""";"=""2890""";"=""AKSU ÇAMLICA RES""";-0,98;156,7;0;3,14;;;;;;;;
"=""API""";"=""WIND""";"=""2026-04-29T03:42:00+03:00""";"=""OA_YTM""";"=""AKSU RES""";"=""10928268862""";"=""2890""";"=""AKSU ÇAMLICA RES""";-0,98;156,81;0;3,11;;;;;;;;
"=""API""";"=""WIND""";"=""2026-04-29T03:43:00+03:00""";"=""OA_YTM""";"=""AKSU RES""";"=""10928268862""";"=""2890""";"=""AKSU ÇAMLICA RES""";-0,98;156,81;0;3,11;;;;;;;;
"=""API""";"=""WIND""";"=""2026-04-29T03:44:00+03:00""";"=""OA_YTM""";"=""AKSU RES""";"=""10928268862""";"=""2890""";"=""AKSU ÇAMLICA RES""";-0,98;156,81;0;3,11;;;;;;;;
"=""API""";"=""WIND""";"=""2026-04-29T03:45:00+03:00""";"=""OA_YTM""";"=""AKSU RES""";"=""10928268862""";"=""2890""";"=""AKSU ÇAMLICA RES""";-0,98;157,06;0;3,11;;;;;;;;
"=""API""";"=""WIND""";"=""2026-04-29T03:46:00+03:00""";"=""OA_YTM""";"=""AKSU RES""";"=""10928268862""";"=""2890""";"=""AKSU ÇAMLICA RES""";-0,98;157,27;0;3,11;;;;;;;;
"=""API""";"=""WIND""";"=""2026-04-29T03:47:00+03:00""";"=""OA_YTM""";"=""AKSU RES""";"=""10928268862""";"=""2890""";"=""AKSU ÇAMLICA RES""";-0,98;157,42;0;3,13;;;;;;;;
"=""API""";"=""WIND""";"=""2026-04-29T03:48:00+03:00""";"=""OA_YTM""";"=""AKSU RES""";"=""10928268862""";"=""2890""";"=""AKSU ÇAMLICA RES""";-0,98;156,65;0;3,13;;;;;;;;
"=""API""";"=""WIND""";"=""2026-04-29T03:49:00+03:00""";"=""OA_YTM""";"=""AKSU RES""";"=""10928268862""";"=""2890""";"=""AKSU ÇAMLICA RES""";-0,98;156,96;0;3,13;;;;;;;;
"=""API""";"=""WIND""";"=""2026-04-29T03:50:00+03:00""";"=""OA_YTM""";"=""AKSU RES""";"=""10928268862""";"=""2890""";"=""AKSU ÇAMLICA RES""";-0,98;156,4;0;3,13;;;;;;;;
"=""API""";"=""WIND""";"=""2026-04-29T03:51:00+03:00""";"=""OA_YTM""";"=""AKSU RES""";"=""10928268862""";"=""2890""";"=""AKSU ÇAMLICA RES""";-0,98;156,96;0;3,13;;;;;;;;
"=""API""";"=""WIND""";"=""2026-04-29T03:52:00+03:00""";"=""OA_YTM""";"=""AKSU RES""";"=""10928268862""";"=""2890""";"=""AKSU ÇAMLICA RES""";-0,98;157,32;0;3,13;;;;;;;;
"=""API""";"=""WIND""";"=""2026-04-29T03:53:00+03:00""";"=""OA_YTM""";"=""AKSU RES""";"=""10928268862""";"=""2890""";"=""AKSU ÇAMLICA RES""";-0,98;157,37;0;3,13;;;;;;;;
"=""API""";"=""WIND""";"=""2026-04-29T03:54:00+03:00""";"=""OA_YTM""";"=""AKSU RES""";"=""10928268862""";"=""2890""";"=""AKSU ÇAMLICA RES""";-0,98;157,47;0;3,13;;;;;;;;
"=""API""";"=""WIND""";"=""2026-04-29T03:55:00+03:00""";"=""OA_YTM""";"=""AKSU RES""";"=""10928268862""";"=""2890""";"=""AKSU ÇAMLICA RES""";-0,98;157,78;0;3,13;;;;;;;;
"=""API""";"=""WIND""";"=""2026-04-29T03:56:00+03:00""";"=""OA_YTM""";"=""AKSU RES""";"=""10928268862""";"=""2890""";"=""AKSU ÇAMLICA RES""";-0,98;157,93;0;3,14;;;;;;;;
"=""API""";"=""WIND""";"=""2026-04-29T03:57:00+03:00""";"=""OA_YTM""";"=""AKSU RES""";"=""10928268862""";"=""2890""";"=""AKSU ÇAMLICA RES""";-0,98;158,35;0;3,14;;;;;;;;
"=""API""";"=""WIND""";"=""2026-04-29T03:58:00+03:00""";"=""OA_YTM""";"=""AKSU RES""";"=""10928268862""";"=""2890""";"=""AKSU ÇAMLICA RES""";-0,98;158,14;0;3,14;;;;;;;;
"=""API""";"=""WIND""";"=""2026-04-29T03:59:00+03:00""";"=""OA_YTM""";"=""AKSU RES""";"=""10928268862""";"=""2890""";"=""AKSU ÇAMLICA RES""";-0,98;158,35;0;3,14;;;;;;;;
"=""API""";"=""WIND""";"=""2026-04-29T04:00:00+03:00""";"=""OA_YTM""";"=""AKSU RES""";"=""10928268862""";"=""2890""";"=""AKSU ÇAMLICA RES""";-0,98;158,24;0;3,14;;;;;;;;
"=""API""";"=""WIND""";"=""2026-04-29T04:01:00+03:00""";"=""OA_YTM""";"=""AKSU RES""";"=""10928268862""";"=""2890""";"=""AKSU ÇAMLICA RES""";-0,98;158,5;0;3,14;;;;;;;;
"=""API""";"=""WIND""";"=""2026-04-29T04:02:00+03:00""";"=""OA_YTM""";"=""AKSU RES""";"=""10928268862""";"=""2890""";"=""AKSU ÇAMLICA RES""";-0,98;158,5;0;3,14;;;;;;;;
"=""API""";"=""WIND""";"=""2026-04-29T04:03:00+03:00""";"=""OA_YTM""";"=""AKSU RES""";"=""10928268862""";"=""2890""";"=""AKSU ÇAMLICA RES""";-0,98;158,3;0;3,14;;;;;;;;
"=""API""";"=""WIND""";"=""2026-04-29T04:04:00+03:00""";"=""OA_YTM""";"=""AKSU RES""";"=""10928268862""";"=""2890""";"=""AKSU ÇAMLICA RES""";-0,98;158,4;0;3,14;;;;;;;;
"=""API""";"=""WIND""";"=""2026-04-29T04:05:00+03:00""";"=""OA_YTM""";"=""AKSU RES""";"=""10928268862""";"=""2890""";"=""AKSU ÇAMLICA RES""";-0,98;158,19;0;3,14;;;;;;;;
"=""API""";"=""WIND""";"=""2026-04-29T04:06:00+03:00""";"=""OA_YTM""";"=""AKSU RES""";"=""10928268862""";"=""2890""";"=""AKSU ÇAMLICA RES""";-0,98;158,19;0;3,14;;;;;;;;
"=""API""";"=""WIND""";"=""2026-04-29T04:07:00+03:00""";"=""OA_YTM""";"=""AKSU RES""";"=""10928268862""";"=""2890""";"=""AKSU ÇAMLICA RES""";-0,98;158,19;0;3,14;;;;;;;;
"=""API""";"=""WIND""";"=""2026-04-29T04:08:00+03:00""";"=""OA_YTM""";"=""AKSU RES""";"=""10928268862""";"=""2890""";"=""AKSU ÇAMLICA RES""";-0,98;157,32;0;3,14;;;;;;;;
"=""API""";"=""WIND""";"=""2026-04-29T04:09:00+03:00""";"=""OA_YTM""";"=""AKSU RES""";"=""10928268862""";"=""2890""";"=""AKSU ÇAMLICA RES""";-0,98;157,63;0;3,14;;;;;;;;
"=""API""";"=""WIND""";"=""2026-04-29T04:10:00+03:00""";"=""OA_YTM""";"=""AKSU RES""";"=""10928268862""";"=""2890""";"=""AKSU ÇAMLICA RES""";-0,98;157,63;0;3,14;;;;;;;;
"=""API""";"=""WIND""";"=""2026-04-29T04:11:00+03:00""";"=""OA_YTM""";"=""AKSU RES""";"=""10928268862""";"=""2890""";"=""AKSU ÇAMLICA RES""";-0,98;158,04;0;3,14;;;;;;;;
"=""API""";"=""WIND""";"=""2026-04-29T04:12:00+03:00""";"=""OA_YTM""";"=""AKSU RES""";"=""10928268862""";"=""2890""";"=""AKSU ÇAMLICA RES""";-0,98;157,78;0;3,14;;;;;;;;
"=""API""";"=""WIND""";"=""2026-04-29T04:13:00+03:00""";"=""OA_YTM""";"=""AKSU RES""";"=""10928268862""";"=""2890""";"=""AKSU ÇAMLICA RES""";-0,98;158,09;0;3,14;;;;;;;;
"=""API""";"=""WIND""";"=""2026-04-29T04:14:00+03:00""";"=""OA_YTM""";"=""AKSU RES""";"=""10928268862""";"=""2890""";"=""AKSU ÇAMLICA RES""";-0,98;157,78;0;3,14;;;;;;;;
"=""API""";"=""WIND""";"=""2026-04-29T04:15:00+03:00""";"=""OA_YTM""";"=""AKSU RES""";"=""10928268862""";"=""2890""";"=""AKSU ÇAMLICA RES""";-0,98;158,14;0;3,14;;;;;;;;
"=""API""";"=""WIND""";"=""2026-04-29T04:16:00+03:00""";"=""OA_YTM""";"=""AKSU RES""";"=""10928268862""";"=""2890""";"=""AKSU ÇAMLICA RES""";-0,98;158,04;0;3,16;;;;;;;;
"=""API""";"=""WIND""";"=""2026-04-29T04:17:00+03:00""";"=""OA_YTM""";"=""AKSU RES""";"=""10928268862""";"=""2890""";"=""AKSU ÇAMLICA RES""";-0,98;158,04;0;3,16;;;;;;;;
"=""API""";"=""WIND""";"=""2026-04-29T04:18:00+03:00""";"=""OA_YTM""";"=""AKSU RES""";"=""10928268862""";"=""2890""";"=""AKSU ÇAMLICA RES""";-0,98;158,09;0;3,16;;;;;;;;
"=""API""";"=""WIND""";"=""2026-04-29T04:19:00+03:00""";"=""OA_YTM""";"=""AKSU RES""";"=""10928268862""";"=""2890""";"=""AKSU ÇAMLICA RES""";-0,98;158,19;0;3,16;;;;;;;;
"=""API""";"=""WIND""";"=""2026-04-29T04:20:00+03:00""";"=""OA_YTM""";"=""AKSU RES""";"=""10928268862""";"=""2890""";"=""AKSU ÇAMLICA RES""";-0,98;158,5;0;3,16;;;;;;;;
"=""API""";"=""WIND""";"=""2026-04-29T04:21:00+03:00""";"=""OA_YTM""";"=""AKSU RES""";"=""10928268862""";"=""2890""";"=""AKSU ÇAMLICA RES""";-0,98;157,58;0;3,16;;;;;;;;
"=""API""";"=""WIND""";"=""2026-04-29T04:22:00+03:00""";"=""OA_YTM""";"=""AKSU RES""";"=""10928268862""";"=""2890""";"=""AKSU ÇAMLICA RES""";-0,98;157,68;0;3,16;;;;;;;;
"=""API""";"=""WIND""";"=""2026-04-29T04:23:00+03:00""";"=""OA_YTM""";"=""AKSU RES""";"=""10928268862""";"=""2890""";"=""AKSU ÇAMLICA RES""";-0,98;158,29;0;3,16;;;;;;;;
"=""API""";"=""WIND""";"=""2026-04-29T04:24:00+03:00""";"=""OA_YTM""";"=""AKSU RES""";"=""10928268862""";"=""2890""";"=""AKSU ÇAMLICA RES""";-0,98;158,19;0;3,13;;;;;;;;
"=""API""";"=""WIND""";"=""2026-04-29T04:25:00+03:00""";"=""OA_YTM""";"=""AKSU RES""";"=""10928268862""";"=""2890""";"=""AKSU ÇAMLICA RES""";-0,98;158,6;0;3,13;;;;;;;;
"=""API""";"=""WIND""";"=""2026-04-29T04:26:00+03:00""";"=""OA_YTM""";"=""AKSU RES""";"=""10928268862""";"=""2890""";"=""AKSU ÇAMLICA RES""";-0,98;157,68;0;3,16;;;;;;;;
"=""API""";"=""WIND""";"=""2026-04-29T04:27:00+03:00""";"=""OA_YTM""";"=""AKSU RES""";"=""10928268862""";"=""2890""";"=""AKSU ÇAMLICA RES""";-0,98;157,78;0;3,16;;;;;;;;
"=""API""";"=""WIND""";"=""2026-04-29T04:28:00+03:00""";"=""OA_YTM""";"=""AKSU RES""";"=""10928268862""";"=""2890""";"=""AKSU ÇAMLICA RES""";-0,98;157,83;0;3,16;;;;;;;;
"=""API""";"=""WIND""";"=""2026-04-29T04:29:00+03:00""";"=""OA_YTM""";"=""AKSU RES""";"=""10928268862""";"=""2890""";"=""AKSU ÇAMLICA RES""";-0,98;157,52;0;3,13;;;;;;;;
"=""API""";"=""WIND""";"=""2026-04-29T04:30:00+03:00""";"=""OA_YTM""";"=""AKSU RES""";"=""10928268862""";"=""2890""";"=""AKSU ÇAMLICA RES""";-0,98;157,52;0;3,11;;;;;;;;
"=""API""";"=""WIND""";"=""2026-04-29T04:31:00+03:00""";"=""OA_YTM""";"=""AKSU RES""";"=""10928268862""";"=""2890""";"=""AKSU ÇAMLICA RES""";-0,98;157,52;0;3,13;;;;;;;;
"=""API""";"=""WIND""";"=""2026-04-29T04:32:00+03:00""";"=""OA_YTM""";"=""AKSU RES""";"=""10928268862""";"=""2890""";"=""AKSU ÇAMLICA RES""";-0,98;157,73;0;3,13;;;;;;;;
"=""API""";"=""WIND""";"=""2026-04-29T04:33:00+03:00""";"=""OA_YTM""";"=""AKSU RES""";"=""10928268862""";"=""2890""";"=""AKSU ÇAMLICA RES""";-0,98;156,96;0;3,13;;;;;;;;
"=""API""";"=""WIND""";"=""2026-04-29T04:34:00+03:00""";"=""OA_YTM""";"=""AKSU RES""";"=""10928268862""";"=""2890""";"=""AKSU ÇAMLICA RES""";-0,98;157,88;0;3,13;;;;;;;;
"=""API""";"=""WIND""";"=""2026-04-29T04:35:00+03:00""";"=""OA_YTM""";"=""AKSU RES""";"=""10928268862""";"=""2890""";"=""AKSU ÇAMLICA RES""";-0,98;158,5;0;3,15;;;;;;;;
"=""API""";"=""WIND""";"=""2026-04-29T04:36:00+03:00""";"=""OA_YTM""";"=""AKSU RES""";"=""10928268862""";"=""2890""";"=""AKSU ÇAMLICA RES""";-0,98;158,19;0;3,15;;;;;;;;
"=""API""";"=""WIND""";"=""2026-04-29T04:37:00+03:00""";"=""OA_YTM""";"=""AKSU RES""";"=""10928268862""";"=""2890""";"=""AKSU ÇAMLICA RES""";-0,98;158,29;0;3,15;;;;;;;;
"=""API""";"=""WIND""";"=""2026-04-29T04:38:00+03:00""";"=""OA_YTM""";"=""AKSU RES""";"=""10928268862""";"=""2890""";"=""AKSU ÇAMLICA RES""";-0,98;157,68;0;3,15;;;;;;;;
"=""API""";"=""WIND""";"=""2026-04-29T04:39:00+03:00""";"=""OA_YTM""";"=""AKSU RES""";"=""10928268862""";"=""2890""";"=""AKSU ÇAMLICA RES""";-0,98;157,68;0;3,15;;;;;;;;
"=""API""";"=""WIND""";"=""2026-04-29T04:40:00+03:00""";"=""OA_YTM""";"=""AKSU RES""";"=""10928268862""";"=""2890""";"=""AKSU ÇAMLICA RES""";-0,98;157,73;0;3,15;;;;;;;;
"=""API""";"=""WIND""";"=""2026-04-29T04:41:00+03:00""";"=""OA_YTM""";"=""AKSU RES""";"=""10928268862""";"=""2890""";"=""AKSU ÇAMLICA RES""";-0,98;157,17;0;3,08;;;;;;;;
"=""API""";"=""WIND""";"=""2026-04-29T04:42:00+03:00""";"=""OA_YTM""";"=""AKSU RES""";"=""10928268862""";"=""2890""";"=""AKSU ÇAMLICA RES""";-0,98;157,17;0;3,07;;;;;;;;
"=""API""";"=""WIND""";"=""2026-04-29T04:43:00+03:00""";"=""OA_YTM""";"=""AKSU RES""";"=""10928268862""";"=""2890""";"=""AKSU ÇAMLICA RES""";-0,98;157,68;0;3,07;;;;;;;;
"=""API""";"=""WIND""";"=""2026-04-29T04:44:00+03:00""";"=""OA_YTM""";"=""AKSU RES""";"=""10928268862""";"=""2890""";"=""AKSU ÇAMLICA RES""";-0,98;158,14;0;3,07;;;;;;;;
"=""API""";"=""WIND""";"=""2026-04-29T04:45:00+03:00""";"=""OA_YTM""";"=""AKSU RES""";"=""10928268862""";"=""2890""";"=""AKSU ÇAMLICA RES""";-0,98;157,63;0;3,07;;;;;;;;
"=""API""";"=""WIND""";"=""2026-04-29T04:46:00+03:00""";"=""OA_YTM""";"=""AKSU RES""";"=""10928268862""";"=""2890""";"=""AKSU ÇAMLICA RES""";-0,98;157,68;0;3,07;;;;;;;;
"=""API""";"=""WIND""";"=""2026-04-29T04:47:00+03:00""";"=""OA_YTM""";"=""AKSU RES""";"=""10928268862""";"=""2890""";"=""AKSU ÇAMLICA RES""";-0,98;157,58;0;3,07;;;;;;;;
"=""API""";"=""WIND""";"=""2026-04-29T04:48:00+03:00""";"=""OA_YTM""";"=""AKSU RES""";"=""10928268862""";"=""2890""";"=""AKSU ÇAMLICA RES""";-0,98;157,52;0;3,1;;;;;;;;
"=""API""";"=""WIND""";"=""2026-04-29T04:49:00+03:00""";"=""OA_YTM""";"=""AKSU RES""";"=""10928268862""";"=""2890""";"=""AKSU ÇAMLICA RES""";-0,98;157,42;0;3,1;;;;;;;;
"=""API""";"=""WIND""";"=""2026-04-29T04:50:00+03:00""";"=""OA_YTM""";"=""AKSU RES""";"=""10928268862""";"=""2890""";"=""AKSU ÇAMLICA RES""";-0,98;157,63;0;3;;;;;;;;
"=""API""";"=""WIND""";"=""2026-04-29T04:51:00+03:00""";"=""OA_YTM""";"=""AKSU RES""";"=""10928268862""";"=""2890""";"=""AKSU ÇAMLICA RES""";-0,98;157,32;0;2,99;;;;;;;;
"=""API""";"=""WIND""";"=""2026-04-29T04:52:00+03:00""";"=""OA_YTM""";"=""AKSU RES""";"=""10928268862""";"=""2890""";"=""AKSU ÇAMLICA RES""";-0,98;157,11;0;3,03;;;;;;;;
"=""API""";"=""WIND""";"=""2026-04-29T04:53:00+03:00""";"=""OA_YTM""";"=""AKSU RES""";"=""10928268862""";"=""2890""";"=""AKSU ÇAMLICA RES""";-0,98;157,17;0;2,99;;;;;;;;
"=""API""";"=""WIND""";"=""2026-04-29T04:54:00+03:00""";"=""OA_YTM""";"=""AKSU RES""";"=""10928268862""";"=""2890""";"=""AKSU ÇAMLICA RES""";-0,98;157,17;0;2,99;;;;;;;;
"=""API""";"=""WIND""";"=""2026-04-29T04:55:00+03:00""";"=""OA_YTM""";"=""AKSU RES""";"=""10928268862""";"=""2890""";"=""AKSU ÇAMLICA RES""";-0,98;157,78;0;2,99;;;;;;;;
"=""API""";"=""WIND""";"=""2026-04-29T04:56:00+03:00""";"=""OA_YTM""";"=""AKSU RES""";"=""10928268862""";"=""2890""";"=""AKSU ÇAMLICA RES""";-0,98;158,09;0;3,02;;;;;;;;
"=""API""";"=""WIND""";"=""2026-04-29T04:57:00+03:00""";"=""OA_YTM""";"=""AKSU RES""";"=""10928268862""";"=""2890""";"=""AKSU ÇAMLICA RES""";-0,98;157,78;0;3,02;;;;;;;;
"=""API""";"=""WIND""";"=""2026-04-29T04:58:00+03:00""";"=""OA_YTM""";"=""AKSU RES""";"=""10928268862""";"=""2890""";"=""AKSU ÇAMLICA RES""";-0,98;157,47;0;3,04;;;;;;;;
"=""API""";"=""WIND""";"=""2026-04-29T04:59:00+03:00""";"=""OA_YTM""";"=""AKSU RES""";"=""10928268862""";"=""2890""";"=""AKSU ÇAMLICA RES""";-0,98;157,42;0;3,04;;;;;;;;
"=""API""";"=""WIND""";"=""2026-04-29T05:00:00+03:00""";"=""OA_YTM""";"=""AKSU RES""";"=""10928268862""";"=""2890""";"=""AKSU ÇAMLICA RES""";-0,98;157,01;0;3,08;;;;;;;;
"=""API""";"=""WIND""";"=""2026-04-29T05:01:00+03:00""";"=""OA_YTM""";"=""AKSU RES""";"=""10928268862""";"=""2890""";"=""AKSU ÇAMLICA RES""";-0,98;157,73;0;3,08;;;;;;;;
"=""API""";"=""WIND""";"=""2026-04-29T05:02:00+03:00""";"=""OA_YTM""";"=""AKSU RES""";"=""10928268862""";"=""2890""";"=""AKSU ÇAMLICA RES""";-0,98;157,42;0;3,08;;;;;;;;
"=""API""";"=""WIND""";"=""2026-04-29T05:03:00+03:00""";"=""OA_YTM""";"=""AKSU RES""";"=""10928268862""";"=""2890""";"=""AKSU ÇAMLICA RES""";-0,98;157,52;0;3,07;;;;;;;;
"=""API""";"=""WIND""";"=""2026-04-29T05:04:00+03:00""";"=""OA_YTM""";"=""AKSU RES""";"=""10928268862""";"=""2890""";"=""AKSU ÇAMLICA RES""";-0,98;157,88;0;3,07;;;;;;;;
"=""API""";"=""WIND""";"=""2026-04-29T05:05:00+03:00""";"=""OA_YTM""";"=""AKSU RES""";"=""10928268862""";"=""2890""";"=""AKSU ÇAMLICA RES""";-0,98;157,47;0;3,07;;;;;;;;
"=""API""";"=""WIND""";"=""2026-04-29T05:06:00+03:00""";"=""OA_YTM""";"=""AKSU RES""";"=""10928268862""";"=""2890""";"=""AKSU ÇAMLICA RES""";-0,98;157,47;0;3,07;;;;;;;;
"=""API""";"=""WIND""";"=""2026-04-29T05:07:00+03:00""";"=""OA_YTM""";"=""AKSU RES""";"=""10928268862""";"=""2890""";"=""AKSU ÇAMLICA RES""";-0,98;156,91;0;3,07;;;;;;;;
"=""API""";"=""WIND""";"=""2026-04-29T05:08:00+03:00""";"=""OA_YTM""";"=""AKSU RES""";"=""10928268862""";"=""2890""";"=""AKSU ÇAMLICA RES""";-0,98;157,42;0;3,07;;;;;;;;
"=""API""";"=""WIND""";"=""2026-04-29T05:09:00+03:00""";"=""OA_YTM""";"=""AKSU RES""";"=""10928268862""";"=""2890""";"=""AKSU ÇAMLICA RES""";-0,98;157,42;0;3,05;;;;;;;;
"=""API""";"=""WIND""";"=""2026-04-29T05:10:00+03:00""";"=""OA_YTM""";"=""AKSU RES""";"=""10928268862""";"=""2890""";"=""AKSU ÇAMLICA RES""";-0,98;156,75;0;3,05;;;;;;;;
"=""API""";"=""WIND""";"=""2026-04-29T05:11:00+03:00""";"=""OA_YTM""";"=""AKSU RES""";"=""10928268862""";"=""2890""";"=""AKSU ÇAMLICA RES""";-0,98;156,55;0;2,93;;;;;;;;
"=""API""";"=""WIND""";"=""2026-04-29T05:12:00+03:00""";"=""OA_YTM""";"=""AKSU RES""";"=""10928268862""";"=""2890""";"=""AKSU ÇAMLICA RES""";-0,98;156,55;0;2,93;;;;;;;;
"=""API""";"=""WIND""";"=""2026-04-29T05:13:00+03:00""";"=""OA_YTM""";"=""AKSU RES""";"=""10928268862""";"=""2890""";"=""AKSU ÇAMLICA RES""";-0,98;156,96;0;3,06;;;;;;;;
"=""API""";"=""WIND""";"=""2026-04-29T05:14:00+03:00""";"=""OA_YTM""";"=""AKSU RES""";"=""10928268862""";"=""2890""";"=""AKSU ÇAMLICA RES""";-0,98;157,01;0;3,06;;;;;;;;
"=""API""";"=""WIND""";"=""2026-04-29T05:15:00+03:00""";"=""OA_YTM""";"=""AKSU RES""";"=""10928268862""";"=""2890""";"=""AKSU ÇAMLICA RES""";-0,98;157,37;0;3,06;;;;;;;;
"=""API""";"=""WIND""";"=""2026-04-29T05:16:00+03:00""";"=""OA_YTM""";"=""AKSU RES""";"=""10928268862""";"=""2890""";"=""AKSU ÇAMLICA RES""";-0,98;156,75;0;3,06;;;;;;;;
"=""API""";"=""WIND""";"=""2026-04-29T05:17:00+03:00""";"=""OA_YTM""";"=""AKSU RES""";"=""10928268862""";"=""2890""";"=""AKSU ÇAMLICA RES""";-0,98;156,7;0;3,02;;;;;;;;
"=""API""";"=""WIND""";"=""2026-04-29T05:18:00+03:00""";"=""OA_YTM""";"=""AKSU RES""";"=""10928268862""";"=""2890""";"=""AKSU ÇAMLICA RES""";-0,98;156,91;0;3,02;;;;;;;;
"=""API""";"=""WIND""";"=""2026-04-29T05:19:00+03:00""";"=""OA_YTM""";"=""AKSU RES""";"=""10928268862""";"=""2890""";"=""AKSU ÇAMLICA RES""";-0,98;156,81;0;3,05;;;;;;;;
"=""API""";"=""WIND""";"=""2026-04-29T05:20:00+03:00""";"=""OA_YTM""";"=""AKSU RES""";"=""10928268862""";"=""2890""";"=""AKSU ÇAMLICA RES""";-0,98;157,58;0;3,05;;;;;;;;
"=""API""";"=""WIND""";"=""2026-04-29T05:21:00+03:00""";"=""OA_YTM""";"=""AKSU RES""";"=""10928268862""";"=""2890""";"=""AKSU ÇAMLICA RES""";-0,98;157,58;0;3,08;;;;;;;;
"=""API""";"=""WIND""";"=""2026-04-29T05:22:00+03:00""";"=""OA_YTM""";"=""AKSU RES""";"=""10928268862""";"=""2890""";"=""AKSU ÇAMLICA RES""";-0,98;157,22;0;3,08;;;;;;;;
"=""API""";"=""WIND""";"=""2026-04-29T05:23:00+03:00""";"=""OA_YTM""";"=""AKSU RES""";"=""10928268862""";"=""2890""";"=""AKSU ÇAMLICA RES""";-0,98;157,17;0;2,91;;;;;;;;
"=""API""";"=""WIND""";"=""2026-04-29T05:24:00+03:00""";"=""OA_YTM""";"=""AKSU RES""";"=""10928268862""";"=""2890""";"=""AKSU ÇAMLICA RES""";-0,98;156,7;0;2,91;;;;;;;;
"=""API""";"=""WIND""";"=""2026-04-29T05:25:00+03:00""";"=""OA_YTM""";"=""AKSU RES""";"=""10928268862""";"=""2890""";"=""AKSU ÇAMLICA RES""";-0,98;157,01;0;2,89;;;;;;;;
"=""API""";"=""WIND""";"=""2026-04-29T05:26:00+03:00""";"=""OA_YTM""";"=""AKSU RES""";"=""10928268862""";"=""2890""";"=""AKSU ÇAMLICA RES""";-0,98;157,42;0;2,89;;;;;;;;
"=""API""";"=""WIND""";"=""2026-04-29T05:27:00+03:00""";"=""OA_YTM""";"=""AKSU RES""";"=""10928268862""";"=""2890""";"=""AKSU ÇAMLICA RES""";-0,98;156,91;0;2,88;;;;;;;;
"=""API""";"=""WIND""";"=""2026-04-29T05:28:00+03:00""";"=""OA_YTM""";"=""AKSU RES""";"=""10928268862""";"=""2890""";"=""AKSU ÇAMLICA RES""";-0,98;157,32;0;2,88;;;;;;;;
"=""API""";"=""WIND""";"=""2026-04-29T05:29:00+03:00""";"=""OA_YTM""";"=""AKSU RES""";"=""10928268862""";"=""2890""";"=""AKSU ÇAMLICA RES""";-0,98;157,11;0;2,83;;;;;;;;
"=""API""";"=""WIND""";"=""2026-04-29T05:30:00+03:00""";"=""OA_YTM""";"=""AKSU RES""";"=""10928268862""";"=""2890""";"=""AKSU ÇAMLICA RES""";-0,98;158,91;0;2,43;;;;;;;;
"=""API""";"=""WIND""";"=""2026-04-29T05:31:00+03:00""";"=""OA_YTM""";"=""AKSU RES""";"=""10928268862""";"=""2890""";"=""AKSU ÇAMLICA RES""";-0,98;158,6;0;2,43;;;;;;;;
"=""API""";"=""WIND""";"=""2026-04-29T05:32:00+03:00""";"=""OA_YTM""";"=""AKSU RES""";"=""10928268862""";"=""2890""";"=""AKSU ÇAMLICA RES""";-0,98;158,29;0;1,86;;;;;;;;
"=""API""";"=""WIND""";"=""2026-04-29T05:33:00+03:00""";"=""OA_YTM""";"=""AKSU RES""";"=""10928268862""";"=""2890""";"=""AKSU ÇAMLICA RES""";-0,98;157,42;0;2,18;;;;;;;;
"=""API""";"=""WIND""";"=""2026-04-29T05:34:00+03:00""";"=""OA_YTM""";"=""AKSU RES""";"=""10928268862""";"=""2890""";"=""AKSU ÇAMLICA RES""";-0,98;157,47;0;2,28;;;;;;;;
"=""API""";"=""WIND""";"=""2026-04-29T05:35:00+03:00""";"=""OA_YTM""";"=""AKSU RES""";"=""10928268862""";"=""2890""";"=""AKSU ÇAMLICA RES""";-0,98;157,42;0;2,28;;;;;;;;
"=""API""";"=""WIND""";"=""2026-04-29T05:36:00+03:00""";"=""OA_YTM""";"=""AKSU RES""";"=""10928268862""";"=""2890""";"=""AKSU ÇAMLICA RES""";-0,98;156,91;0;1,6;;;;;;;;
"=""API""";"=""WIND""";"=""2026-04-29T05:37:00+03:00""";"=""OA_YTM""";"=""AKSU RES""";"=""10928268862""";"=""2890""";"=""AKSU ÇAMLICA RES""";-0,98;156,91;0;1,6;;;;;;;;
"=""API""";"=""WIND""";"=""2026-04-29T05:38:00+03:00""";"=""OA_YTM""";"=""AKSU RES""";"=""10928268862""";"=""2890""";"=""AKSU ÇAMLICA RES""";-0,98;156,75;0;1,5;;;;;;;;
"=""API""";"=""WIND""";"=""2026-04-29T05:39:00+03:00""";"=""OA_YTM""";"=""AKSU RES""";"=""10928268862""";"=""2890""";"=""AKSU ÇAMLICA RES""";-0,98;156,75;0,99;1,5;;;;;;;;
"=""API""";"=""WIND""";"=""2026-04-29T05:40:00+03:00""";"=""OA_YTM""";"=""AKSU RES""";"=""10928268862""";"=""2890""";"=""AKSU ÇAMLICA RES""";-0,98;156,91;0;1,44;;;;;;;;
"=""API""";"=""WIND""";"=""2026-04-29T05:41:00+03:00""";"=""OA_YTM""";"=""AKSU RES""";"=""10928268862""";"=""2890""";"=""AKSU ÇAMLICA RES""";-0,98;157,11;0;1,5;;;;;;;;
"=""API""";"=""WIND""";"=""2026-04-29T05:42:00+03:00""";"=""OA_YTM""";"=""AKSU RES""";"=""10928268862""";"=""2890""";"=""AKSU ÇAMLICA RES""";-0,98;157,42;0;1,48;;;;;;;;
"=""API""";"=""WIND""";"=""2026-04-29T05:43:00+03:00""";"=""OA_YTM""";"=""AKSU RES""";"=""10928268862""";"=""2890""";"=""AKSU ÇAMLICA RES""";-0,98;157,47;0;1,53;;;;;;;;
"=""API""";"=""WIND""";"=""2026-04-29T05:44:00+03:00""";"=""OA_YTM""";"=""AKSU RES""";"=""10928268862""";"=""2890""";"=""AKSU ÇAMLICA RES""";-0,98;157,37;0;1,12;;;;;;;;
"=""API""";"=""WIND""";"=""2026-04-29T05:45:00+03:00""";"=""OA_YTM""";"=""AKSU RES""";"=""10928268862""";"=""2890""";"=""AKSU ÇAMLICA RES""";-0,98;157,78;0;1,26;;;;;;;;
"=""API""";"=""WIND""";"=""2026-04-29T05:46:00+03:00""";"=""OA_YTM""";"=""AKSU RES""";"=""10928268862""";"=""2890""";"=""AKSU ÇAMLICA RES""";-0,98;157,99;0;1,31;;;;;;;;
"=""API""";"=""WIND""";"=""2026-04-29T05:47:00+03:00""";"=""OA_YTM""";"=""AKSU RES""";"=""10928268862""";"=""2890""";"=""AKSU ÇAMLICA RES""";-0,98;157,99;0;1,19;;;;;;;;
"=""API""";"=""WIND""";"=""2026-04-29T05:48:00+03:00""";"=""OA_YTM""";"=""AKSU RES""";"=""10928268862""";"=""2890""";"=""AKSU ÇAMLICA RES""";-0,98;157,99;0,99;1,04;;;;;;;;
"=""API""";"=""WIND""";"=""2026-04-29T05:49:00+03:00""";"=""OA_YTM""";"=""AKSU RES""";"=""10928268862""";"=""2890""";"=""AKSU ÇAMLICA RES""";-0,98;158,19;0,99;1,1;;;;;;;;
"=""API""";"=""WIND""";"=""2026-04-29T05:50:00+03:00""";"=""OA_YTM""";"=""AKSU RES""";"=""10928268862""";"=""2890""";"=""AKSU ÇAMLICA RES""";-0,98;158,29;0,99;1,1;;;;;;;;
"=""API""";"=""WIND""";"=""2026-04-29T05:51:00+03:00""";"=""OA_YTM""";"=""AKSU RES""";"=""10928268862""";"=""2890""";"=""AKSU ÇAMLICA RES""";-0,98;157,73;0,99;1,13;;;;;;;;
"=""API""";"=""WIND""";"=""2026-04-29T05:52:00+03:00""";"=""OA_YTM""";"=""AKSU RES""";"=""10928268862""";"=""2890""";"=""AKSU ÇAMLICA RES""";-0,98;158,04;0,99;1,13;;;;;;;;
"=""API""";"=""WIND""";"=""2026-04-29T05:53:00+03:00""";"=""OA_YTM""";"=""AKSU RES""";"=""10928268862""";"=""2890""";"=""AKSU ÇAMLICA RES""";-0,98;157,42;0,99;1,17;;;;;;;;
"=""API""";"=""WIND""";"=""2026-04-29T05:54:00+03:00""";"=""OA_YTM""";"=""AKSU RES""";"=""10928268862""";"=""2890""";"=""AKSU ÇAMLICA RES""";-0,98;157,22;0,99;1,17;;;;;;;;
"=""API""";"=""WIND""";"=""2026-04-29T05:55:00+03:00""";"=""OA_YTM""";"=""AKSU RES""";"=""10928268862""";"=""2890""";"=""AKSU ÇAMLICA RES""";-0,98;157,27;0,99;1,17;;;;;;;;
"=""API""";"=""WIND""";"=""2026-04-29T05:56:00+03:00""";"=""OA_YTM""";"=""AKSU RES""";"=""10928268862""";"=""2890""";"=""AKSU ÇAMLICA RES""";-0,98;158,09;0,99;1,17;;;;;;;;
"=""API""";"=""WIND""";"=""2026-04-29T05:57:00+03:00""";"=""OA_YTM""";"=""AKSU RES""";"=""10928268862""";"=""2890""";"=""AKSU ÇAMLICA RES""";-0,98;157,63;0,99;1,17;;;;;;;;
"=""API""";"=""WIND""";"=""2026-04-29T05:58:00+03:00""";"=""OA_YTM""";"=""AKSU RES""";"=""10928268862""";"=""2890""";"=""AKSU ÇAMLICA RES""";-0,98;157,73;0,99;1,17;;;;;;;;
"=""API""";"=""WIND""";"=""2026-04-29T05:59:00+03:00""";"=""OA_YTM""";"=""AKSU RES""";"=""10928268862""";"=""2890""";"=""AKSU ÇAMLICA RES""";-0,98;158,24;0,99;1,17;;;;;;;;
"=""API""";"=""WIND""";"=""2026-04-29T06:00:00+03:00""";"=""OA_YTM""";"=""AKSU RES""";"=""10928268862""";"=""2890""";"=""AKSU ÇAMLICA RES""";-0,98;158,04;0,99;1,1;;;;;;;;
"=""API""";"=""WIND""";"=""2026-04-29T06:01:00+03:00""";"=""OA_YTM""";"=""AKSU RES""";"=""10928268862""";"=""2890""";"=""AKSU ÇAMLICA RES""";-0,98;157,78;0,99;0,69;;;;;;;;
"=""API""";"=""WIND""";"=""2026-04-29T06:02:00+03:00""";"=""OA_YTM""";"=""AKSU RES""";"=""10928268862""";"=""2890""";"=""AKSU ÇAMLICA RES""";-0,98;158,24;0,99;0,81;;;;;;;;
"=""API""";"=""WIND""";"=""2026-04-29T06:03:00+03:00""";"=""OA_YTM""";"=""AKSU RES""";"=""10928268862""";"=""2890""";"=""AKSU ÇAMLICA RES""";-0,98;158,09;0,99;0,56;;;;;;;;
"=""API""";"=""WIND""";"=""2026-04-29T06:04:00+03:00""";"=""OA_YTM""";"=""AKSU RES""";"=""10928268862""";"=""2890""";"=""AKSU ÇAMLICA RES""";-0,98;157,88;1,98;0,56;;;;;;;;
"=""API""";"=""WIND""";"=""2026-04-29T06:05:00+03:00""";"=""OA_YTM""";"=""AKSU RES""";"=""10928268862""";"=""2890""";"=""AKSU ÇAMLICA RES""";-0,98;157,68;1,98;0,57;;;;;;;;
"=""API""";"=""WIND""";"=""2026-04-29T06:06:00+03:00""";"=""OA_YTM""";"=""AKSU RES""";"=""10928268862""";"=""2890""";"=""AKSU ÇAMLICA RES""";-0,98;158,3;1,98;0,57;;;;;;;;
"=""API""";"=""WIND""";"=""2026-04-29T06:07:00+03:00""";"=""OA_YTM""";"=""AKSU RES""";"=""10928268862""";"=""2890""";"=""AKSU ÇAMLICA RES""";-0,98;157,58;2,98;0,06;;;;;;;;
"=""API""";"=""WIND""";"=""2026-04-29T06:08:00+03:00""";"=""OA_YTM""";"=""AKSU RES""";"=""10928268862""";"=""2890""";"=""AKSU ÇAMLICA RES""";-0,98;158,19;2,98;-0,34;;;;;;;;
"=""API""";"=""WIND""";"=""2026-04-29T06:09:00+03:00""";"=""OA_YTM""";"=""AKSU RES""";"=""10928268862""";"=""2890""";"=""AKSU ÇAMLICA RES""";-0,98;158,09;2,98;-0,56;;;;;;;;
"=""API""";"=""WIND""";"=""2026-04-29T06:10:00+03:00""";"=""OA_YTM""";"=""AKSU RES""";"=""10928268862""";"=""2890""";"=""AKSU ÇAMLICA RES""";-0,98;157,83;2,98;-0,71;;;;;;;;
"=""API""";"=""WIND""";"=""2026-04-29T06:11:00+03:00""";"=""OA_YTM""";"=""AKSU RES""";"=""10928268862""";"=""2890""";"=""AKSU ÇAMLICA RES""";-0,98;157,73;2,98;-0,71;;;;;;;;
"=""API""";"=""WIND""";"=""2026-04-29T06:12:00+03:00""";"=""OA_YTM""";"=""AKSU RES""";"=""10928268862""";"=""2890""";"=""AKSU ÇAMLICA RES""";-0,98;158,35;2,98;-0,72;;;;;;;;
"=""API""";"=""WIND""";"=""2026-04-29T06:13:00+03:00""";"=""OA_YTM""";"=""AKSU RES""";"=""10928268862""";"=""2890""";"=""AKSU ÇAMLICA RES""";-0,98;158,76;2,98;-0,72;;;;;;;;
"=""API""";"=""WIND""";"=""2026-04-29T06:14:00+03:00""";"=""OA_YTM""";"=""AKSU RES""";"=""10928268862""";"=""2890""";"=""AKSU ÇAMLICA RES""";-0,98;158,55;3,97;-0,8;;;;;;;;
"=""API""";"=""WIND""";"=""2026-04-29T06:15:00+03:00""";"=""OA_YTM""";"=""AKSU RES""";"=""10928268862""";"=""2890""";"=""AKSU ÇAMLICA RES""";-0,98;158,71;4,96;-0,86;;;;;;;;
"=""API""";"=""WIND""";"=""2026-04-29T06:16:00+03:00""";"=""OA_YTM""";"=""AKSU RES""";"=""10928268862""";"=""2890""";"=""AKSU ÇAMLICA RES""";-0,98;157,37;4,96;-0,96;;;;;;;;
"=""API""";"=""WIND""";"=""2026-04-29T06:17:00+03:00""";"=""OA_YTM""";"=""AKSU RES""";"=""10928268862""";"=""2890""";"=""AKSU ÇAMLICA RES""";-0,98;157,47;4,96;-0,96;;;;;;;;
"=""API""";"=""WIND""";"=""2026-04-29T06:18:00+03:00""";"=""OA_YTM""";"=""AKSU RES""";"=""10928268862""";"=""2890""";"=""AKSU ÇAMLICA RES""";-0,98;157,37;4,96;-1,09;;;;;;;;
"=""API""";"=""WIND""";"=""2026-04-29T06:19:00+03:00""";"=""OA_YTM""";"=""AKSU RES""";"=""10928268862""";"=""2890""";"=""AKSU ÇAMLICA RES""";-0,98;157,78;4,96;-1,09;;;;;;;;
"=""API""";"=""WIND""";"=""2026-04-29T06:20:00+03:00""";"=""OA_YTM""";"=""AKSU RES""";"=""10928268862""";"=""2890""";"=""AKSU ÇAMLICA RES""";-0,98;157,88;5,95;-1,09;;;;;;;;
"=""API""";"=""WIND""";"=""2026-04-29T06:21:00+03:00""";"=""OA_YTM""";"=""AKSU RES""";"=""10928268862""";"=""2890""";"=""AKSU ÇAMLICA RES""";-0,98;157,68;5,95;-1,24;;;;;;;;
"=""API""";"=""WIND""";"=""2026-04-29T06:22:00+03:00""";"=""OA_YTM""";"=""AKSU RES""";"=""10928268862""";"=""2890""";"=""AKSU ÇAMLICA RES""";-0,98;157,68;5,95;-1,24;;;;;;;;
"=""API""";"=""WIND""";"=""2026-04-29T06:23:00+03:00""";"=""OA_YTM""";"=""AKSU RES""";"=""10928268862""";"=""2890""";"=""AKSU ÇAMLICA RES""";-0,98;157,52;6,94;-1,28;;;;;;;;
"=""API""";"=""WIND""";"=""2026-04-29T06:24:00+03:00""";"=""OA_YTM""";"=""AKSU RES""";"=""10928268862""";"=""2890""";"=""AKSU ÇAMLICA RES""";-0,98;157,27;6,94;-1,47;;;;;;;;
"=""API""";"=""WIND""";"=""2026-04-29T06:25:00+03:00""";"=""OA_YTM""";"=""AKSU RES""";"=""10928268862""";"=""2890""";"=""AKSU ÇAMLICA RES""";-0,98;157,52;6,94;-1,47;;;;;;;;
"=""API""";"=""WIND""";"=""2026-04-29T06:26:00+03:00""";"=""OA_YTM""";"=""AKSU RES""";"=""10928268862""";"=""2890""";"=""AKSU ÇAMLICA RES""";-0,98;157,52;7,94;-1,44;;;;;;;;
"=""API""";"=""WIND""";"=""2026-04-29T06:27:00+03:00""";"=""OA_YTM""";"=""AKSU RES""";"=""10928268862""";"=""2890""";"=""AKSU ÇAMLICA RES""";-0,98;157,52;6,94;-1,44;;;;;;;;
"=""API""";"=""WIND""";"=""2026-04-29T06:28:00+03:00""";"=""OA_YTM""";"=""AKSU RES""";"=""10928268862""";"=""2890""";"=""AKSU ÇAMLICA RES""";-0,98;157,52;6,94;-1,44;;;;;;;;
"=""API""";"=""WIND""";"=""2026-04-29T06:29:00+03:00""";"=""OA_YTM""";"=""AKSU RES""";"=""10928268862""";"=""2890""";"=""AKSU ÇAMLICA RES""";-0,98;157,52;6,94;-1,48;;;;;;;;
"=""API""";"=""WIND""";"=""2026-04-29T06:30:00+03:00""";"=""OA_YTM""";"=""AKSU RES""";"=""10928268862""";"=""2890""";"=""AKSU ÇAMLICA RES""";-0,98;157,63;6,94;-1,48;;;;;;;;
"=""API""";"=""WIND""";"=""2026-04-29T06:31:00+03:00""";"=""OA_YTM""";"=""AKSU RES""";"=""10928268862""";"=""2890""";"=""AKSU ÇAMLICA RES""";-0,98;157,83;6,94;-1,48;;;;;;;;
"=""API""";"=""WIND""";"=""2026-04-29T06:32:00+03:00""";"=""OA_YTM""";"=""AKSU RES""";"=""10928268862""";"=""2890""";"=""AKSU ÇAMLICA RES""";-0,98;157,83;6,94;-1,44;;;;;;;;
"=""API""";"=""WIND""";"=""2026-04-29T06:33:00+03:00""";"=""OA_YTM""";"=""AKSU RES""";"=""10928268862""";"=""2890""";"=""AKSU ÇAMLICA RES""";-0,98;157,52;6,94;-1,5;;;;;;;;
"=""API""";"=""WIND""";"=""2026-04-29T06:34:00+03:00""";"=""OA_YTM""";"=""AKSU RES""";"=""10928268862""";"=""2890""";"=""AKSU ÇAMLICA RES""";-0,98;157,52;6,94;-1,5;;;;;;;;
"=""API""";"=""WIND""";"=""2026-04-29T06:35:00+03:00""";"=""OA_YTM""";"=""AKSU RES""";"=""10928268862""";"=""2890""";"=""AKSU ÇAMLICA RES""";-0,98;157,27;6,94;-1,43;;;;;;;;
"=""API""";"=""WIND""";"=""2026-04-29T06:36:00+03:00""";"=""OA_YTM""";"=""AKSU RES""";"=""10928268862""";"=""2890""";"=""AKSU ÇAMLICA RES""";-0,98;156,86;6,94;-1,43;;;;;;;;
"=""API""";"=""WIND""";"=""2026-04-29T06:37:00+03:00""";"=""OA_YTM""";"=""AKSU RES""";"=""10928268862""";"=""2890""";"=""AKSU ÇAMLICA RES""";-0,98;156,91;6,94;-1,44;;;;;;;;
"=""API""";"=""WIND""";"=""2026-04-29T06:38:00+03:00""";"=""OA_YTM""";"=""AKSU RES""";"=""10928268862""";"=""2890""";"=""AKSU ÇAMLICA RES""";-0,98;156,55;6,94;-1,42;;;;;;;;
"=""API""";"=""WIND""";"=""2026-04-29T06:39:00+03:00""";"=""OA_YTM""";"=""AKSU RES""";"=""10928268862""";"=""2890""";"=""AKSU ÇAMLICA RES""";-0,98;156,75;6,94;-1,42;;;;;;;;
"=""API""";"=""WIND""";"=""2026-04-29T06:40:00+03:00""";"=""OA_YTM""";"=""AKSU RES""";"=""10928268862""";"=""2890""";"=""AKSU ÇAMLICA RES""";-0,98;156,75;6,94;-1,42;;;;;;;;
"=""API""";"=""WIND""";"=""2026-04-29T06:41:00+03:00""";"=""OA_YTM""";"=""AKSU RES""";"=""10928268862""";"=""2890""";"=""AKSU ÇAMLICA RES""";-0,98;156,75;6,94;-1,41;;;;;;;;
"=""API""";"=""WIND""";"=""2026-04-29T06:42:00+03:00""";"=""OA_YTM""";"=""AKSU RES""";"=""10928268862""";"=""2890""";"=""AKSU ÇAMLICA RES""";-0,98;157,17;6,94;-1,41;;;;;;;;
"=""API""";"=""WIND""";"=""2026-04-29T06:43:00+03:00""";"=""OA_YTM""";"=""AKSU RES""";"=""10928268862""";"=""2890""";"=""AKSU ÇAMLICA RES""";-0,98;156,65;6,94;-1,43;;;;;;;;
"=""API""";"=""WIND""";"=""2026-04-29T06:44:00+03:00""";"=""OA_YTM""";"=""AKSU RES""";"=""10928268862""";"=""2890""";"=""AKSU ÇAMLICA RES""";-0,98;156,96;5,95;-1,43;;;;;;;;
"=""API""";"=""WIND""";"=""2026-04-29T06:45:00+03:00""";"=""OA_YTM""";"=""AKSU RES""";"=""10928268862""";"=""2890""";"=""AKSU ÇAMLICA RES""";-0,98;157,27;6,94;-1,43;;;;;;;;
"=""API""";"=""WIND""";"=""2026-04-29T06:46:00+03:00""";"=""OA_YTM""";"=""AKSU RES""";"=""10928268862""";"=""2890""";"=""AKSU ÇAMLICA RES""";-0,98;157,68;5,95;-1,43;;;;;;;;
"=""API""";"=""WIND""";"=""2026-04-29T06:47:00+03:00""";"=""OA_YTM""";"=""AKSU RES""";"=""10928268862""";"=""2890""";"=""AKSU ÇAMLICA RES""";-0,98;157,01;5,95;-1,4;;;;;;;;
"=""API""";"=""WIND""";"=""2026-04-29T06:48:00+03:00""";"=""OA_YTM""";"=""AKSU RES""";"=""10928268862""";"=""2890""";"=""AKSU ÇAMLICA RES""";-0,98;157,32;5,95;-1,32;;;;;;;;
"=""API""";"=""WIND""";"=""2026-04-29T06:49:00+03:00""";"=""OA_YTM""";"=""AKSU RES""";"=""10928268862""";"=""2890""";"=""AKSU ÇAMLICA RES""";-0,98;157,47;5,95;-1,39;;;;;;;;
"=""API""";"=""WIND""";"=""2026-04-29T06:50:00+03:00""";"=""OA_YTM""";"=""AKSU RES""";"=""10928268862""";"=""2890""";"=""AKSU ÇAMLICA RES""";-0,98;157,37;5,95;-1,39;;;;;;;;
"=""API""";"=""WIND""";"=""2026-04-29T06:51:00+03:00""";"=""OA_YTM""";"=""AKSU RES""";"=""10928268862""";"=""2890""";"=""AKSU ÇAMLICA RES""";-0,98;156,96;6,94;-1,35;;;;;;;;
"=""API""";"=""WIND""";"=""2026-04-29T06:52:00+03:00""";"=""OA_YTM""";"=""AKSU RES""";"=""10928268862""";"=""2890""";"=""AKSU ÇAMLICA RES""";-0,98;157,42;5,95;-1,39;;;;;;;;
"=""API""";"=""WIND""";"=""2026-04-29T06:53:00+03:00""";"=""OA_YTM""";"=""AKSU RES""";"=""10928268862""";"=""2890""";"=""AKSU ÇAMLICA RES""";-0,98;157,42;6,94;-1,36;;;;;;;;
"=""API""";"=""WIND""";"=""2026-04-29T06:54:00+03:00""";"=""OA_YTM""";"=""AKSU RES""";"=""10928268862""";"=""2890""";"=""AKSU ÇAMLICA RES""";-0,98;157,47;5,95;-1,35;;;;;;;;
"=""API""";"=""WIND""";"=""2026-04-29T06:55:00+03:00""";"=""OA_YTM""";"=""AKSU RES""";"=""10928268862""";"=""2890""";"=""AKSU ÇAMLICA RES""";-0,98;157,27;6,94;-1,35;;;;;;;;
"=""API""";"=""WIND""";"=""2026-04-29T06:56:00+03:00""";"=""OA_YTM""";"=""AKSU RES""";"=""10928268862""";"=""2890""";"=""AKSU ÇAMLICA RES""";-0,98;157,58;5,95;-1,3;;;;;;;;
"=""API""";"=""WIND""";"=""2026-04-29T06:57:00+03:00""";"=""OA_YTM""";"=""AKSU RES""";"=""10928268862""";"=""2890""";"=""AKSU ÇAMLICA RES""";-0,98;157,47;6,94;-1,29;;;;;;;;
"=""API""";"=""WIND""";"=""2026-04-29T06:58:00+03:00""";"=""OA_YTM""";"=""AKSU RES""";"=""10928268862""";"=""2890""";"=""AKSU ÇAMLICA RES""";-0,98;157,47;6,94;-1,29;;;;;;;;
"=""API""";"=""WIND""";"=""2026-04-29T06:59:00+03:00""";"=""OA_YTM""";"=""AKSU RES""";"=""10928268862""";"=""2890""";"=""AKSU ÇAMLICA RES""";-0,98;157,78;4,96;-1,32;;;;;;;;
"=""API""";"=""WIND""";"=""2026-04-29T07:00:00+03:00""";"=""OA_YTM""";"=""AKSU RES""";"=""10928268862""";"=""2890""";"=""AKSU ÇAMLICA RES""";-0,99;159,12;0;1,73;;;;;;;;
"=""API""";"=""WIND""";"=""2026-04-29T07:01:00+03:00""";"=""OA_YTM""";"=""AKSU RES""";"=""10928268862""";"=""2890""";"=""AKSU ÇAMLICA RES""";-0,99;159,84;0;2,12;;;;;;;;
"=""API""";"=""WIND""";"=""2026-04-29T07:02:00+03:00""";"=""OA_YTM""";"=""AKSU RES""";"=""10928268862""";"=""2890""";"=""AKSU ÇAMLICA RES""";-0,99;160,04;0;2,12;;;;;;;;
"=""API""";"=""WIND""";"=""2026-04-29T07:03:00+03:00""";"=""OA_YTM""";"=""AKSU RES""";"=""10928268862""";"=""2890""";"=""AKSU ÇAMLICA RES""";-0,99;159,99;0;3,13;;;;;;;;
"=""API""";"=""WIND""";"=""2026-04-29T07:04:00+03:00""";"=""OA_YTM""";"=""AKSU RES""";"=""10928268862""";"=""2890""";"=""AKSU ÇAMLICA RES""";-0,99;159,43;0;3,09;;;;;;;;
"=""API""";"=""WIND""";"=""2026-04-29T07:05:00+03:00""";"=""OA_YTM""";"=""AKSU RES""";"=""10928268862""";"=""2890""";"=""AKSU ÇAMLICA RES""";-0,99;159,58;0;3,09;;;;;;;;
"=""API""";"=""WIND""";"=""2026-04-29T07:06:00+03:00""";"=""OA_YTM""";"=""AKSU RES""";"=""10928268862""";"=""2890""";"=""AKSU ÇAMLICA RES""";-0,99;159,07;0;3,12;;;;;;;;
"=""API""";"=""WIND""";"=""2026-04-29T07:07:00+03:00""";"=""OA_YTM""";"=""AKSU RES""";"=""10928268862""";"=""2890""";"=""AKSU ÇAMLICA RES""";-0,99;158,76;0;3,1;;;;;;;;
"=""API""";"=""WIND""";"=""2026-04-29T07:08:00+03:00""";"=""OA_YTM""";"=""AKSU RES""";"=""10928268862""";"=""2890""";"=""AKSU ÇAMLICA RES""";-0,99;158,14;0;3,1;;;;;;;;
"=""API""";"=""WIND""";"=""2026-04-29T07:09:00+03:00""";"=""OA_YTM""";"=""AKSU RES""";"=""10928268862""";"=""2890""";"=""AKSU ÇAMLICA RES""";-0,99;159,22;0;3,14;;;;;;;;
"=""API""";"=""WIND""";"=""2026-04-29T07:10:00+03:00""";"=""OA_YTM""";"=""AKSU RES""";"=""10928268862""";"=""2890""";"=""AKSU ÇAMLICA RES""";-0,99;159,07;0;3,14;;;;;;;;
"=""API""";"=""WIND""";"=""2026-04-29T07:11:00+03:00""";"=""OA_YTM""";"=""AKSU RES""";"=""10928268862""";"=""2890""";"=""AKSU ÇAMLICA RES""";-0,99;158,6;0;3,14;;;;;;;;
"=""API""";"=""WIND""";"=""2026-04-29T07:12:00+03:00""";"=""OA_YTM""";"=""AKSU RES""";"=""10928268862""";"=""2890""";"=""AKSU ÇAMLICA RES""";-0,99;159,43;0;3,14;;;;;;;;
"=""API""";"=""WIND""";"=""2026-04-29T07:13:00+03:00""";"=""OA_YTM""";"=""AKSU RES""";"=""10928268862""";"=""2890""";"=""AKSU ÇAMLICA RES""";-0,99;159,22;0;3,14;;;;;;;;
"=""API""";"=""WIND""";"=""2026-04-29T07:14:00+03:00""";"=""OA_YTM""";"=""AKSU RES""";"=""10928268862""";"=""2890""";"=""AKSU ÇAMLICA RES""";-0,99;159,58;0;3,14;;;;;;;;
"=""API""";"=""WIND""";"=""2026-04-29T07:15:00+03:00""";"=""OA_YTM""";"=""AKSU RES""";"=""10928268862""";"=""2890""";"=""AKSU ÇAMLICA RES""";-0,99;159,79;0;3,14;;;;;;;;
"=""API""";"=""WIND""";"=""2026-04-29T07:16:00+03:00""";"=""OA_YTM""";"=""AKSU RES""";"=""10928268862""";"=""2890""";"=""AKSU ÇAMLICA RES""";-0,99;159,84;0;3,16;;;;;;;;
"=""API""";"=""WIND""";"=""2026-04-29T07:17:00+03:00""";"=""OA_YTM""";"=""AKSU RES""";"=""10928268862""";"=""2890""";"=""AKSU ÇAMLICA RES""";-0,99;159,58;0;3,16;;;;;;;;
"=""API""";"=""WIND""";"=""2026-04-29T07:18:00+03:00""";"=""OA_YTM""";"=""AKSU RES""";"=""10928268862""";"=""2890""";"=""AKSU ÇAMLICA RES""";-0,99;159,53;0;3,16;;;;;;;;
"=""API""";"=""WIND""";"=""2026-04-29T07:19:00+03:00""";"=""OA_YTM""";"=""AKSU RES""";"=""10928268862""";"=""2890""";"=""AKSU ÇAMLICA RES""";-0,99;160,09;0;3,16;;;;;;;;
"=""API""";"=""WIND""";"=""2026-04-29T07:20:00+03:00""";"=""OA_YTM""";"=""AKSU RES""";"=""10928268862""";"=""2890""";"=""AKSU ÇAMLICA RES""";-0,99;159,89;0;3,16;;;;;;;;
"=""API""";"=""WIND""";"=""2026-04-29T07:21:00+03:00""";"=""OA_YTM""";"=""AKSU RES""";"=""10928268862""";"=""2890""";"=""AKSU ÇAMLICA RES""";-0,99;159,89;0;3,16;;;;;;;;
"=""API""";"=""WIND""";"=""2026-04-29T07:22:00+03:00""";"=""OA_YTM""";"=""AKSU RES""";"=""10928268862""";"=""2890""";"=""AKSU ÇAMLICA RES""";-0,99;159,58;0;3,16;;;;;;;;
"=""API""";"=""WIND""";"=""2026-04-29T07:23:00+03:00""";"=""OA_YTM""";"=""AKSU RES""";"=""10928268862""";"=""2890""";"=""AKSU ÇAMLICA RES""";-0,99;159,73;0;3,16;;;;;;;;
"=""API""";"=""WIND""";"=""2026-04-29T07:24:00+03:00""";"=""OA_YTM""";"=""AKSU RES""";"=""10928268862""";"=""2890""";"=""AKSU ÇAMLICA RES""";-0,99;159,89;0;3,16;;;;;;;;
"=""API""";"=""WIND""";"=""2026-04-29T07:25:00+03:00""";"=""OA_YTM""";"=""AKSU RES""";"=""10928268862""";"=""2890""";"=""AKSU ÇAMLICA RES""";-0,99;159,48;0;3,16;;;;;;;;
"=""API""";"=""WIND""";"=""2026-04-29T07:26:00+03:00""";"=""OA_YTM""";"=""AKSU RES""";"=""10928268862""";"=""2890""";"=""AKSU ÇAMLICA RES""";-0,99;159,58;0;3,16;;;;;;;;
"=""API""";"=""WIND""";"=""2026-04-29T07:27:00+03:00""";"=""OA_YTM""";"=""AKSU RES""";"=""10928268862""";"=""2890""";"=""AKSU ÇAMLICA RES""";-0,99;160,09;0;3,16;;;;;;;;
"=""API""";"=""WIND""";"=""2026-04-29T07:28:00+03:00""";"=""OA_YTM""";"=""AKSU RES""";"=""10928268862""";"=""2890""";"=""AKSU ÇAMLICA RES""";-0,99;159,84;0;3,16;;;;;;;;
"=""API""";"=""WIND""";"=""2026-04-29T07:29:00+03:00""";"=""OA_YTM""";"=""AKSU RES""";"=""10928268862""";"=""2890""";"=""AKSU ÇAMLICA RES""";-0,99;159,94;0;3,16;;;;;;;;
"=""API""";"=""WIND""";"=""2026-04-29T07:30:00+03:00""";"=""OA_YTM""";"=""AKSU RES""";"=""10928268862""";"=""2890""";"=""AKSU ÇAMLICA RES""";-0,99;160,04;0;3,16;;;;;;;;
"=""API""";"=""WIND""";"=""2026-04-29T07:31:00+03:00""";"=""OA_YTM""";"=""AKSU RES""";"=""10928268862""";"=""2890""";"=""AKSU ÇAMLICA RES""";-0,99;160,56;0;3,16;;;;;;;;
"=""API""";"=""WIND""";"=""2026-04-29T07:32:00+03:00""";"=""OA_YTM""";"=""AKSU RES""";"=""10928268862""";"=""2890""";"=""AKSU ÇAMLICA RES""";-0,99;160,97;0;3,13;;;;;;;;
"=""API""";"=""WIND""";"=""2026-04-29T07:33:00+03:00""";"=""OA_YTM""";"=""AKSU RES""";"=""10928268862""";"=""2890""";"=""AKSU ÇAMLICA RES""";-0,99;160,66;0;3,13;;;;;;;;
"=""API""";"=""WIND""";"=""2026-04-29T07:34:00+03:00""";"=""OA_YTM""";"=""AKSU RES""";"=""10928268862""";"=""2890""";"=""AKSU ÇAMLICA RES""";-0,99;160,56;0;3,13;;;;;;;;
"=""API""";"=""WIND""";"=""2026-04-29T07:35:00+03:00""";"=""OA_YTM""";"=""AKSU RES""";"=""10928268862""";"=""2890""";"=""AKSU ÇAMLICA RES""";-0,99;160,45;0;3,17;;;;;;;;
"=""API""";"=""WIND""";"=""2026-04-29T07:36:00+03:00""";"=""OA_YTM""";"=""AKSU RES""";"=""10928268862""";"=""2890""";"=""AKSU ÇAMLICA RES""";-0,99;160,4;0;3,17;;;;;;;;
"=""API""";"=""WIND""";"=""2026-04-29T07:37:00+03:00""";"=""OA_YTM""";"=""AKSU RES""";"=""10928268862""";"=""2890""";"=""AKSU ÇAMLICA RES""";-0,99;160,3;0;3,17;;;;;;;;
"=""API""";"=""WIND""";"=""2026-04-29T07:38:00+03:00""";"=""OA_YTM""";"=""AKSU RES""";"=""10928268862""";"=""2890""";"=""AKSU ÇAMLICA RES""";-0,99;160,71;0;3,17;;;;;;;;
"=""API""";"=""WIND""";"=""2026-04-29T07:39:00+03:00""";"=""OA_YTM""";"=""AKSU RES""";"=""10928268862""";"=""2890""";"=""AKSU ÇAMLICA RES""";-0,99;160,25;0;3,15;;;;;;;;
"=""API""";"=""WIND""";"=""2026-04-29T07:40:00+03:00""";"=""OA_YTM""";"=""AKSU RES""";"=""10928268862""";"=""2890""";"=""AKSU ÇAMLICA RES""";-0,99;160,66;0;3,15;;;;;;;;
"=""API""";"=""WIND""";"=""2026-04-29T07:41:00+03:00""";"=""OA_YTM""";"=""AKSU RES""";"=""10928268862""";"=""2890""";"=""AKSU ÇAMLICA RES""";-0,99;160,14;0;3,15;;;;;;;;
"=""API""";"=""WIND""";"=""2026-04-29T07:42:00+03:00""";"=""OA_YTM""";"=""AKSU RES""";"=""10928268862""";"=""2890""";"=""AKSU ÇAMLICA RES""";-0,99;160,5;0;3,15;;;;;;;;
"=""API""";"=""WIND""";"=""2026-04-29T07:43:00+03:00""";"=""OA_YTM""";"=""AKSU RES""";"=""10928268862""";"=""2890""";"=""AKSU ÇAMLICA RES""";-0,99;160,09;0;3,15;;;;;;;;
"=""API""";"=""WIND""";"=""2026-04-29T07:44:00+03:00""";"=""OA_YTM""";"=""AKSU RES""";"=""10928268862""";"=""2890""";"=""AKSU ÇAMLICA RES""";-0,99;160,5;0;3,15;;;;;;;;
"=""API""";"=""WIND""";"=""2026-04-29T07:45:00+03:00""";"=""OA_YTM""";"=""AKSU RES""";"=""10928268862""";"=""2890""";"=""AKSU ÇAMLICA RES""";-0,99;160,71;0;3,15;;;;;;;;
"=""API""";"=""WIND""";"=""2026-04-29T07:46:00+03:00""";"=""OA_YTM""";"=""AKSU RES""";"=""10928268862""";"=""2890""";"=""AKSU ÇAMLICA RES""";-0,99;160,5;0;3,15;;;;;;;;
"=""API""";"=""WIND""";"=""2026-04-29T07:47:00+03:00""";"=""OA_YTM""";"=""AKSU RES""";"=""10928268862""";"=""2890""";"=""AKSU ÇAMLICA RES""";-0,99;160,61;0;3,15;;;;;;;;
"=""API""";"=""WIND""";"=""2026-04-29T07:48:00+03:00""";"=""OA_YTM""";"=""AKSU RES""";"=""10928268862""";"=""2890""";"=""AKSU ÇAMLICA RES""";-0,99;160,35;0;3,15;;;;;;;;
"=""API""";"=""WIND""";"=""2026-04-29T07:49:00+03:00""";"=""OA_YTM""";"=""AKSU RES""";"=""10928268862""";"=""2890""";"=""AKSU ÇAMLICA RES""";-0,99;160,66;0;3,17;;;;;;;;
"=""API""";"=""WIND""";"=""2026-04-29T07:50:00+03:00""";"=""OA_YTM""";"=""AKSU RES""";"=""10928268862""";"=""2890""";"=""AKSU ÇAMLICA RES""";-0,99;160,66;0;3,17;;;;;;;;
"=""API""";"=""WIND""";"=""2026-04-29T07:51:00+03:00""";"=""OA_YTM""";"=""AKSU RES""";"=""10928268862""";"=""2890""";"=""AKSU ÇAMLICA RES""";-0,99;160,66;0;3,17;;;;;;;;
"=""API""";"=""WIND""";"=""2026-04-29T07:52:00+03:00""";"=""OA_YTM""";"=""AKSU RES""";"=""10928268862""";"=""2890""";"=""AKSU ÇAMLICA RES""";-0,99;160,97;0;3,17;;;;;;;;
"=""API""";"=""WIND""";"=""2026-04-29T07:53:00+03:00""";"=""OA_YTM""";"=""AKSU RES""";"=""10928268862""";"=""2890""";"=""AKSU ÇAMLICA RES""";-0,99;159,79;0;3,13;;;;;;;;
"=""API""";"=""WIND""";"=""2026-04-29T07:54:00+03:00""";"=""OA_YTM""";"=""AKSU RES""";"=""10928268862""";"=""2890""";"=""AKSU ÇAMLICA RES""";-0,99;160,66;0;3,13;;;;;;;;
"=""API""";"=""WIND""";"=""2026-04-29T07:55:00+03:00""";"=""OA_YTM""";"=""AKSU RES""";"=""10928268862""";"=""2890""";"=""AKSU ÇAMLICA RES""";-0,99;160,86;0;3,17;;;;;;;;
"=""API""";"=""WIND""";"=""2026-04-29T07:56:00+03:00""";"=""OA_YTM""";"=""AKSU RES""";"=""10928268862""";"=""2890""";"=""AKSU ÇAMLICA RES""";-0,99;160,25;0;3,17;;;;;;;;
"=""API""";"=""WIND""";"=""2026-04-29T07:57:00+03:00""";"=""OA_YTM""";"=""AKSU RES""";"=""10928268862""";"=""2890""";"=""AKSU ÇAMLICA RES""";-0,99;160,61;0;3,17;;;;;;;;
"=""API""";"=""WIND""";"=""2026-04-29T07:58:00+03:00""";"=""OA_YTM""";"=""AKSU RES""";"=""10928268862""";"=""2890""";"=""AKSU ÇAMLICA RES""";-0,99;160,3;0;3,13;;;;;;;;
"=""API""";"=""WIND""";"=""2026-04-29T07:59:00+03:00""";"=""OA_YTM""";"=""AKSU RES""";"=""10928268862""";"=""2890""";"=""AKSU ÇAMLICA RES""";-0,99;160,61;0;3,13;;;;;;;;
"=""API""";"=""WIND""";"=""2026-04-29T08:00:00+03:00""";"=""OA_YTM""";"=""AKSU RES""";"=""10928268862""";"=""2890""";"=""AKSU ÇAMLICA RES""";0,98;160,5;0;3,18;;;;;;;;
"=""API""";"=""WIND""";"=""2026-04-29T08:01:00+03:00""";"=""OA_YTM""";"=""AKSU RES""";"=""10928268862""";"=""2890""";"=""AKSU ÇAMLICA RES""";0,98;159,79;0;3,18;;;;;;;;
"=""API""";"=""WIND""";"=""2026-04-29T08:02:00+03:00""";"=""OA_YTM""";"=""AKSU RES""";"=""10928268862""";"=""2890""";"=""AKSU ÇAMLICA RES""";0,98;160,09;0;3,18;;;;;;;;
"=""API""";"=""WIND""";"=""2026-04-29T08:03:00+03:00""";"=""OA_YTM""";"=""AKSU RES""";"=""10928268862""";"=""2890""";"=""AKSU ÇAMLICA RES""";0,98;160,09;0;3,16;;;;;;;;
"=""API""";"=""WIND""";"=""2026-04-29T08:04:00+03:00""";"=""OA_YTM""";"=""AKSU RES""";"=""10928268862""";"=""2890""";"=""AKSU ÇAMLICA RES""";0,98;159,84;0;3,14;;;;;;;;
"=""API""";"=""WIND""";"=""2026-04-29T08:05:00+03:00""";"=""OA_YTM""";"=""AKSU RES""";"=""10928268862""";"=""2890""";"=""AKSU ÇAMLICA RES""";0,98;159,73;0;3,14;;;;;;;;
"=""API""";"=""WIND""";"=""2026-04-29T08:06:00+03:00""";"=""OA_YTM""";"=""AKSU RES""";"=""10928268862""";"=""2890""";"=""AKSU ÇAMLICA RES""";0,98;160,09;0;3,14;;;;;;;;
"=""API""";"=""WIND""";"=""2026-04-29T08:07:00+03:00""";"=""OA_YTM""";"=""AKSU RES""";"=""10928268862""";"=""2890""";"=""AKSU ÇAMLICA RES""";0,98;159,94;0;3,14;;;;;;;;
"=""API""";"=""WIND""";"=""2026-04-29T08:08:00+03:00""";"=""OA_YTM""";"=""AKSU RES""";"=""10928268862""";"=""2890""";"=""AKSU ÇAMLICA RES""";0,98;159,32;0;3,14;;;;;;;;
"=""API""";"=""WIND""";"=""2026-04-29T08:09:00+03:00""";"=""OA_YTM""";"=""AKSU RES""";"=""10928268862""";"=""2890""";"=""AKSU ÇAMLICA RES""";0,98;159,22;0;3,14;;;;;;;;
"=""API""";"=""WIND""";"=""2026-04-29T08:10:00+03:00""";"=""OA_YTM""";"=""AKSU RES""";"=""10928268862""";"=""2890""";"=""AKSU ÇAMLICA RES""";0,98;159,63;0;3,14;;;;;;;;
"=""API""";"=""WIND""";"=""2026-04-29T08:11:00+03:00""";"=""OA_YTM""";"=""AKSU RES""";"=""10928268862""";"=""2890""";"=""AKSU ÇAMLICA RES""";0,98;159,63;0;3,14;;;;;;;;
"=""API""";"=""WIND""";"=""2026-04-29T08:12:00+03:00""";"=""OA_YTM""";"=""AKSU RES""";"=""10928268862""";"=""2890""";"=""AKSU ÇAMLICA RES""";0,98;159,63;0;3,11;;;;;;;;
"=""API""";"=""WIND""";"=""2026-04-29T08:13:00+03:00""";"=""OA_YTM""";"=""AKSU RES""";"=""10928268862""";"=""2890""";"=""AKSU ÇAMLICA RES""";0,98;159,63;0;3,11;;;;;;;;
"=""API""";"=""WIND""";"=""2026-04-29T08:14:00+03:00""";"=""OA_YTM""";"=""AKSU RES""";"=""10928268862""";"=""2890""";"=""AKSU ÇAMLICA RES""";0,98;159,63;0;3,15;;;;;;;;
"=""API""";"=""WIND""";"=""2026-04-29T08:15:00+03:00""";"=""OA_YTM""";"=""AKSU RES""";"=""10928268862""";"=""2890""";"=""AKSU ÇAMLICA RES""";0,98;159,63;0;3,15;;;;;;;;
"=""API""";"=""WIND""";"=""2026-04-29T08:16:00+03:00""";"=""OA_YTM""";"=""AKSU RES""";"=""10928268862""";"=""2890""";"=""AKSU ÇAMLICA RES""";0,98;159,53;0;3,15;;;;;;;;
"=""API""";"=""WIND""";"=""2026-04-29T08:17:00+03:00""";"=""OA_YTM""";"=""AKSU RES""";"=""10928268862""";"=""2890""";"=""AKSU ÇAMLICA RES""";0,98;159,73;0;3,15;;;;;;;;
"=""API""";"=""WIND""";"=""2026-04-29T08:18:00+03:00""";"=""OA_YTM""";"=""AKSU RES""";"=""10928268862""";"=""2890""";"=""AKSU ÇAMLICA RES""";0,98;159,73;0;3,15;;;;;;;;
"=""API""";"=""WIND""";"=""2026-04-29T08:19:00+03:00""";"=""OA_YTM""";"=""AKSU RES""";"=""10928268862""";"=""2890""";"=""AKSU ÇAMLICA RES""";0,98;159,63;0;3,15;;;;;;;;
"=""API""";"=""WIND""";"=""2026-04-29T08:20:00+03:00""";"=""OA_YTM""";"=""AKSU RES""";"=""10928268862""";"=""2890""";"=""AKSU ÇAMLICA RES""";0,98;159,99;0;3,18;;;;;;;;
"=""API""";"=""WIND""";"=""2026-04-29T08:21:00+03:00""";"=""OA_YTM""";"=""AKSU RES""";"=""10928268862""";"=""2890""";"=""AKSU ÇAMLICA RES""";0,98;160,3;0;3,18;;;;;;;;
"=""API""";"=""WIND""";"=""2026-04-29T08:22:00+03:00""";"=""OA_YTM""";"=""AKSU RES""";"=""10928268862""";"=""2890""";"=""AKSU ÇAMLICA RES""";0,98;160,4;0;3,18;;;;;;;;
"=""API""";"=""WIND""";"=""2026-04-29T08:23:00+03:00""";"=""OA_YTM""";"=""AKSU RES""";"=""10928268862""";"=""2890""";"=""AKSU ÇAMLICA RES""";0,98;160,09;0;3,14;;;;;;;;
"=""API""";"=""WIND""";"=""2026-04-29T08:24:00+03:00""";"=""OA_YTM""";"=""AKSU RES""";"=""10928268862""";"=""2890""";"=""AKSU ÇAMLICA RES""";0,98;159,99;0;3,14;;;;;;;;
"=""API""";"=""WIND""";"=""2026-04-29T08:25:00+03:00""";"=""OA_YTM""";"=""AKSU RES""";"=""10928268862""";"=""2890""";"=""AKSU ÇAMLICA RES""";0,98;159,68;0;3,14;;;;;;;;
"=""API""";"=""WIND""";"=""2026-04-29T08:26:00+03:00""";"=""OA_YTM""";"=""AKSU RES""";"=""10928268862""";"=""2890""";"=""AKSU ÇAMLICA RES""";0,98;160,3;0;3,17;;;;;;;;
"=""API""";"=""WIND""";"=""2026-04-29T08:27:00+03:00""";"=""OA_YTM""";"=""AKSU RES""";"=""10928268862""";"=""2890""";"=""AKSU ÇAMLICA RES""";0,98;160,09;0;3,17;;;;;;;;
"=""API""";"=""WIND""";"=""2026-04-29T08:28:00+03:00""";"=""OA_YTM""";"=""AKSU RES""";"=""10928268862""";"=""2890""";"=""AKSU ÇAMLICA RES""";0,98;160,2;0;3,17;;;;;;;;
"=""API""";"=""WIND""";"=""2026-04-29T08:29:00+03:00""";"=""OA_YTM""";"=""AKSU RES""";"=""10928268862""";"=""2890""";"=""AKSU ÇAMLICA RES""";0,98;159,99;0;3,16;;;;;;;;
"=""API""";"=""WIND""";"=""2026-04-29T08:30:00+03:00""";"=""OA_YTM""";"=""AKSU RES""";"=""10928268862""";"=""2890""";"=""AKSU ÇAMLICA RES""";0,98;159,99;0;3,16;;;;;;;;
"=""API""";"=""WIND""";"=""2026-04-29T08:31:00+03:00""";"=""OA_YTM""";"=""AKSU RES""";"=""10928268862""";"=""2890""";"=""AKSU ÇAMLICA RES""";0,98;160,4;0;3,16;;;;;;;;
"=""API""";"=""WIND""";"=""2026-04-29T08:32:00+03:00""";"=""OA_YTM""";"=""AKSU RES""";"=""10928268862""";"=""2890""";"=""AKSU ÇAMLICA RES""";0,98;159,99;0;3,16;;;;;;;;
"=""API""";"=""WIND""";"=""2026-04-29T08:33:00+03:00""";"=""OA_YTM""";"=""AKSU RES""";"=""10928268862""";"=""2890""";"=""AKSU ÇAMLICA RES""";0,98;159,68;0;3,16;;;;;;;;
"=""API""";"=""WIND""";"=""2026-04-29T08:34:00+03:00""";"=""OA_YTM""";"=""AKSU RES""";"=""10928268862""";"=""2890""";"=""AKSU ÇAMLICA RES""";0,98;159,68;0;3,16;;;;;;;;
"=""API""";"=""WIND""";"=""2026-04-29T08:35:00+03:00""";"=""OA_YTM""";"=""AKSU RES""";"=""10928268862""";"=""2890""";"=""AKSU ÇAMLICA RES""";0,98;159,79;0;3,16;;;;;;;;
"=""API""";"=""WIND""";"=""2026-04-29T08:36:00+03:00""";"=""OA_YTM""";"=""AKSU RES""";"=""10928268862""";"=""2890""";"=""AKSU ÇAMLICA RES""";0,98;159,68;0;3,16;;;;;;;;
"=""API""";"=""WIND""";"=""2026-04-29T08:37:00+03:00""";"=""OA_YTM""";"=""AKSU RES""";"=""10928268862""";"=""2890""";"=""AKSU ÇAMLICA RES""";0,98;159,79;0;3,16;;;;;;;;
"=""API""";"=""WIND""";"=""2026-04-29T08:38:00+03:00""";"=""OA_YTM""";"=""AKSU RES""";"=""10928268862""";"=""2890""";"=""AKSU ÇAMLICA RES""";0,98;159,58;0;3,12;;;;;;;;
"=""API""";"=""WIND""";"=""2026-04-29T08:39:00+03:00""";"=""OA_YTM""";"=""AKSU RES""";"=""10928268862""";"=""2890""";"=""AKSU ÇAMLICA RES""";0,98;159,99;0;3,12;;;;;;;;
"=""API""";"=""WIND""";"=""2026-04-29T08:40:00+03:00""";"=""OA_YTM""";"=""AKSU RES""";"=""10928268862""";"=""2890""";"=""AKSU ÇAMLICA RES""";0,98;159,79;0;3,12;;;;;;;;
"=""API""";"=""WIND""";"=""2026-04-29T08:41:00+03:00""";"=""OA_YTM""";"=""AKSU RES""";"=""10928268862""";"=""2890""";"=""AKSU ÇAMLICA RES""";0,98;160,09;0;3,17;;;;;;;;
"=""API""";"=""WIND""";"=""2026-04-29T08:42:00+03:00""";"=""OA_YTM""";"=""AKSU RES""";"=""10928268862""";"=""2890""";"=""AKSU ÇAMLICA RES""";0,98;159,68;0;3,15;;;;;;;;
"=""API""";"=""WIND""";"=""2026-04-29T08:43:00+03:00""";"=""OA_YTM""";"=""AKSU RES""";"=""10928268862""";"=""2890""";"=""AKSU ÇAMLICA RES""";0,98;159,99;0;3,15;;;;;;;;
"=""API""";"=""WIND""";"=""2026-04-29T08:44:00+03:00""";"=""OA_YTM""";"=""AKSU RES""";"=""10928268862""";"=""2890""";"=""AKSU ÇAMLICA RES""";0,98;159,58;0;3,15;;;;;;;;
"=""API""";"=""WIND""";"=""2026-04-29T08:45:00+03:00""";"=""OA_YTM""";"=""AKSU RES""";"=""10928268862""";"=""2890""";"=""AKSU ÇAMLICA RES""";0,98;159,58;0;3,13;;;;;;;;
"=""API""";"=""WIND""";"=""2026-04-29T08:46:00+03:00""";"=""OA_YTM""";"=""AKSU RES""";"=""10928268862""";"=""2890""";"=""AKSU ÇAMLICA RES""";0,98;159,63;0;3,13;;;;;;;;
"=""API""";"=""WIND""";"=""2026-04-29T08:47:00+03:00""";"=""OA_YTM""";"=""AKSU RES""";"=""10928268862""";"=""2890""";"=""AKSU ÇAMLICA RES""";0,98;159,94;0;3,13;;;;;;;;
"=""API""";"=""WIND""";"=""2026-04-29T08:48:00+03:00""";"=""OA_YTM""";"=""AKSU RES""";"=""10928268862""";"=""2890""";"=""AKSU ÇAMLICA RES""";0,98;158,91;0;3,13;;;;;;;;
"=""API""";"=""WIND""";"=""2026-04-29T08:49:00+03:00""";"=""OA_YTM""";"=""AKSU RES""";"=""10928268862""";"=""2890""";"=""AKSU ÇAMLICA RES""";0,98;159,48;0;3,13;;;;;;;;
"=""API""";"=""WIND""";"=""2026-04-29T08:50:00+03:00""";"=""OA_YTM""";"=""AKSU RES""";"=""10928268862""";"=""2890""";"=""AKSU ÇAMLICA RES""";0,98;159,27;0;3,13;;;;;;;;
"=""API""";"=""WIND""";"=""2026-04-29T08:51:00+03:00""";"=""OA_YTM""";"=""AKSU RES""";"=""10928268862""";"=""2890""";"=""AKSU ÇAMLICA RES""";0,98;159,58;0;3,13;;;;;;;;
"=""API""";"=""WIND""";"=""2026-04-29T08:52:00+03:00""";"=""OA_YTM""";"=""AKSU RES""";"=""10928268862""";"=""2890""";"=""AKSU ÇAMLICA RES""";0,98;159,58;0;3,11;;;;;;;;
"=""API""";"=""WIND""";"=""2026-04-29T08:53:00+03:00""";"=""OA_YTM""";"=""AKSU RES""";"=""10928268862""";"=""2890""";"=""AKSU ÇAMLICA RES""";0,98;159,68;0;3,11;;;;;;;;
"=""API""";"=""WIND""";"=""2026-04-29T08:54:00+03:00""";"=""OA_YTM""";"=""AKSU RES""";"=""10928268862""";"=""2890""";"=""AKSU ÇAMLICA RES""";0,98;159,99;0;3,11;;;;;;;;
"=""API""";"=""WIND""";"=""2026-04-29T08:55:00+03:00""";"=""OA_YTM""";"=""AKSU RES""";"=""10928268862""";"=""2890""";"=""AKSU ÇAMLICA RES""";0,98;159,89;0;3,11;;;;;;;;
"=""API""";"=""WIND""";"=""2026-04-29T08:56:00+03:00""";"=""OA_YTM""";"=""AKSU RES""";"=""10928268862""";"=""2890""";"=""AKSU ÇAMLICA RES""";0,98;159,58;0;3,11;;;;;;;;
"=""API""";"=""WIND""";"=""2026-04-29T08:57:00+03:00""";"=""OA_YTM""";"=""AKSU RES""";"=""10928268862""";"=""2890""";"=""AKSU ÇAMLICA RES""";0,98;159,68;0;3,14;;;;;;;;
"=""API""";"=""WIND""";"=""2026-04-29T08:58:00+03:00""";"=""OA_YTM""";"=""AKSU RES""";"=""10928268862""";"=""2890""";"=""AKSU ÇAMLICA RES""";0,98;159,89;0;3,16;;;;;;;;
"=""API""";"=""WIND""";"=""2026-04-29T08:59:00+03:00""";"=""OA_YTM""";"=""AKSU RES""";"=""10928268862""";"=""2890""";"=""AKSU ÇAMLICA RES""";0,98;159,89;0;3,16;;;;;;;;
"=""API""";"=""WIND""";"=""2026-04-29T09:00:00+03:00""";"=""OA_YTM""";"=""AKSU RES""";"=""10928268862""";"=""2890""";"=""AKSU ÇAMLICA RES""";0,98;159,73;0;3,1;;;;;;;;
"=""API""";"=""WIND""";"=""2026-04-29T09:01:00+03:00""";"=""OA_YTM""";"=""AKSU RES""";"=""10928268862""";"=""2890""";"=""AKSU ÇAMLICA RES""";0,98;159,63;0;3,1;;;;;;;;
"=""API""";"=""WIND""";"=""2026-04-29T09:02:00+03:00""";"=""OA_YTM""";"=""AKSU RES""";"=""10928268862""";"=""2890""";"=""AKSU ÇAMLICA RES""";0,98;159,27;0;3,1;;;;;;;;
"=""API""";"=""WIND""";"=""2026-04-29T09:03:00+03:00""";"=""OA_YTM""";"=""AKSU RES""";"=""10928268862""";"=""2890""";"=""AKSU ÇAMLICA RES""";0,98;159,22;0;3,13;;;;;;;;
"=""API""";"=""WIND""";"=""2026-04-29T09:04:00+03:00""";"=""OA_YTM""";"=""AKSU RES""";"=""10928268862""";"=""2890""";"=""AKSU ÇAMLICA RES""";0,98;159,27;0;3,13;;;;;;;;
"=""API""";"=""WIND""";"=""2026-04-29T09:05:00+03:00""";"=""OA_YTM""";"=""AKSU RES""";"=""10928268862""";"=""2890""";"=""AKSU ÇAMLICA RES""";0,98;159,53;0;3,15;;;;;;;;
"=""API""";"=""WIND""";"=""2026-04-29T09:06:00+03:00""";"=""OA_YTM""";"=""AKSU RES""";"=""10928268862""";"=""2890""";"=""AKSU ÇAMLICA RES""";0,98;159,63;0;3,15;;;;;;;;
"=""API""";"=""WIND""";"=""2026-04-29T09:07:00+03:00""";"=""OA_YTM""";"=""AKSU RES""";"=""10928268862""";"=""2890""";"=""AKSU ÇAMLICA RES""";0,98;159,53;0;3,15;;;;;;;;
"=""API""";"=""WIND""";"=""2026-04-29T09:08:00+03:00""";"=""OA_YTM""";"=""AKSU RES""";"=""10928268862""";"=""2890""";"=""AKSU ÇAMLICA RES""";0,98;159,53;0;3,11;;;;;;;;
"=""API""";"=""WIND""";"=""2026-04-29T09:09:00+03:00""";"=""OA_YTM""";"=""AKSU RES""";"=""10928268862""";"=""2890""";"=""AKSU ÇAMLICA RES""";0,98;159,43;0;3,14;;;;;;;;
"=""API""";"=""WIND""";"=""2026-04-29T09:10:00+03:00""";"=""OA_YTM""";"=""AKSU RES""";"=""10928268862""";"=""2890""";"=""AKSU ÇAMLICA RES""";0,98;159,78;0;3,14;;;;;;;;
"=""API""";"=""WIND""";"=""2026-04-29T09:11:00+03:00""";"=""OA_YTM""";"=""AKSU RES""";"=""10928268862""";"=""2890""";"=""AKSU ÇAMLICA RES""";0,98;159,27;0;3,14;;;;;;;;
"=""API""";"=""WIND""";"=""2026-04-29T09:12:00+03:00""";"=""OA_YTM""";"=""AKSU RES""";"=""10928268862""";"=""2890""";"=""AKSU ÇAMLICA RES""";0,98;159,78;0;3,14;;;;;;;;
"=""API""";"=""WIND""";"=""2026-04-29T09:13:00+03:00""";"=""OA_YTM""";"=""AKSU RES""";"=""10928268862""";"=""2890""";"=""AKSU ÇAMLICA RES""";0,98;160,25;0;3,14;;;;;;;;
"=""API""";"=""WIND""";"=""2026-04-29T09:14:00+03:00""";"=""OA_YTM""";"=""AKSU RES""";"=""10928268862""";"=""2890""";"=""AKSU ÇAMLICA RES""";0,98;160,25;0;3,14;;;;;;;;
"=""API""";"=""WIND""";"=""2026-04-29T09:15:00+03:00""";"=""OA_YTM""";"=""AKSU RES""";"=""10928268862""";"=""2890""";"=""AKSU ÇAMLICA RES""";0,98;160,25;0;3,14;;;;;;;;
"=""API""";"=""WIND""";"=""2026-04-29T09:16:00+03:00""";"=""OA_YTM""";"=""AKSU RES""";"=""10928268862""";"=""2890""";"=""AKSU ÇAMLICA RES""";0,98;159,63;0;3,14;;;;;;;;
"=""API""";"=""WIND""";"=""2026-04-29T09:17:00+03:00""";"=""OA_YTM""";"=""AKSU RES""";"=""10928268862""";"=""2890""";"=""AKSU ÇAMLICA RES""";0,98;159,63;0;3,14;;;;;;;;
"=""API""";"=""WIND""";"=""2026-04-29T09:18:00+03:00""";"=""OA_YTM""";"=""AKSU RES""";"=""10928268862""";"=""2890""";"=""AKSU ÇAMLICA RES""";0,98;159,63;0;3,14;;;;;;;;
"=""API""";"=""WIND""";"=""2026-04-29T09:19:00+03:00""";"=""OA_YTM""";"=""AKSU RES""";"=""10928268862""";"=""2890""";"=""AKSU ÇAMLICA RES""";0,98;159,32;0;3,14;;;;;;;;
"=""API""";"=""WIND""";"=""2026-04-29T09:20:00+03:00""";"=""OA_YTM""";"=""AKSU RES""";"=""10928268862""";"=""2890""";"=""AKSU ÇAMLICA RES""";0,98;159,94;0;3,14;;;;;;;;
"=""API""";"=""WIND""";"=""2026-04-29T09:21:00+03:00""";"=""OA_YTM""";"=""AKSU RES""";"=""10928268862""";"=""2890""";"=""AKSU ÇAMLICA RES""";0,98;159,27;0;3,14;;;;;;;;
"=""API""";"=""WIND""";"=""2026-04-29T09:22:00+03:00""";"=""OA_YTM""";"=""AKSU RES""";"=""10928268862""";"=""2890""";"=""AKSU ÇAMLICA RES""";0,98;159,22;0;3,14;;;;;;;;
"=""API""";"=""WIND""";"=""2026-04-29T09:23:00+03:00""";"=""OA_YTM""";"=""AKSU RES""";"=""10928268862""";"=""2890""";"=""AKSU ÇAMLICA RES""";0,98;159,17;0;3,05;;;;;;;;
"=""API""";"=""WIND""";"=""2026-04-29T09:24:00+03:00""";"=""OA_YTM""";"=""AKSU RES""";"=""10928268862""";"=""2890""";"=""AKSU ÇAMLICA RES""";0,98;159,17;0;3,14;;;;;;;;
"=""API""";"=""WIND""";"=""2026-04-29T09:25:00+03:00""";"=""OA_YTM""";"=""AKSU RES""";"=""10928268862""";"=""2890""";"=""AKSU ÇAMLICA RES""";0,98;159,53;0;3,14;;;;;;;;
"=""API""";"=""WIND""";"=""2026-04-29T09:26:00+03:00""";"=""OA_YTM""";"=""AKSU RES""";"=""10928268862""";"=""2890""";"=""AKSU ÇAMLICA RES""";0,98;159,63;0;3,14;;;;;;;;
"=""API""";"=""WIND""";"=""2026-04-29T09:27:00+03:00""";"=""OA_YTM""";"=""AKSU RES""";"=""10928268862""";"=""2890""";"=""AKSU ÇAMLICA RES""";0,98;160,14;0;3,14;;;;;;;;
"=""API""";"=""WIND""";"=""2026-04-29T09:28:00+03:00""";"=""OA_YTM""";"=""AKSU RES""";"=""10928268862""";"=""2890""";"=""AKSU ÇAMLICA RES""";0,98;159,53;0;3,14;;;;;;;;
"=""API""";"=""WIND""";"=""2026-04-29T09:29:00+03:00""";"=""OA_YTM""";"=""AKSU RES""";"=""10928268862""";"=""2890""";"=""AKSU ÇAMLICA RES""";0,98;159,43;0;3,14;;;;;;;;
"=""API""";"=""WIND""";"=""2026-04-29T09:30:00+03:00""";"=""OA_YTM""";"=""AKSU RES""";"=""10928268862""";"=""2890""";"=""AKSU ÇAMLICA RES""";0,98;159,73;0;3,16;;;;;;;;
"=""API""";"=""WIND""";"=""2026-04-29T09:31:00+03:00""";"=""OA_YTM""";"=""AKSU RES""";"=""10928268862""";"=""2890""";"=""AKSU ÇAMLICA RES""";0,98;159,17;0;3,16;;;;;;;;
"=""API""";"=""WIND""";"=""2026-04-29T09:32:00+03:00""";"=""OA_YTM""";"=""AKSU RES""";"=""10928268862""";"=""2890""";"=""AKSU ÇAMLICA RES""";0,98;158,76;0;3,1;;;;;;;;
"=""API""";"=""WIND""";"=""2026-04-29T09:33:00+03:00""";"=""OA_YTM""";"=""AKSU RES""";"=""10928268862""";"=""2890""";"=""AKSU ÇAMLICA RES""";0,98;159,68;0;3,1;;;;;;;;
"=""API""";"=""WIND""";"=""2026-04-29T09:34:00+03:00""";"=""OA_YTM""";"=""AKSU RES""";"=""10928268862""";"=""2890""";"=""AKSU ÇAMLICA RES""";0,98;159,58;0;3,14;;;;;;;;
"=""API""";"=""WIND""";"=""2026-04-29T09:35:00+03:00""";"=""OA_YTM""";"=""AKSU RES""";"=""10928268862""";"=""2890""";"=""AKSU ÇAMLICA RES""";0,98;159,79;0;3,14;;;;;;;;
"=""API""";"=""WIND""";"=""2026-04-29T09:36:00+03:00""";"=""OA_YTM""";"=""AKSU RES""";"=""10928268862""";"=""2890""";"=""AKSU ÇAMLICA RES""";0,98;159,48;0;3,14;;;;;;;;
"=""API""";"=""WIND""";"=""2026-04-29T09:37:00+03:00""";"=""OA_YTM""";"=""AKSU RES""";"=""10928268862""";"=""2890""";"=""AKSU ÇAMLICA RES""";0,98;159,17;0;3,14;;;;;;;;
"=""API""";"=""WIND""";"=""2026-04-29T09:38:00+03:00""";"=""OA_YTM""";"=""AKSU RES""";"=""10928268862""";"=""2890""";"=""AKSU ÇAMLICA RES""";0,98;159,63;0;3,14;;;;;;;;
"=""API""";"=""WIND""";"=""2026-04-29T09:39:00+03:00""";"=""OA_YTM""";"=""AKSU RES""";"=""10928268862""";"=""2890""";"=""AKSU ÇAMLICA RES""";0,98;159,32;0;3,14;;;;;;;;
"=""API""";"=""WIND""";"=""2026-04-29T09:40:00+03:00""";"=""OA_YTM""";"=""AKSU RES""";"=""10928268862""";"=""2890""";"=""AKSU ÇAMLICA RES""";0,98;159,43;0;3,14;;;;;;;;
"=""API""";"=""WIND""";"=""2026-04-29T09:41:00+03:00""";"=""OA_YTM""";"=""AKSU RES""";"=""10928268862""";"=""2890""";"=""AKSU ÇAMLICA RES""";0,98;159,73;0;3,14;;;;;;;;
"=""API""";"=""WIND""";"=""2026-04-29T09:42:00+03:00""";"=""OA_YTM""";"=""AKSU RES""";"=""10928268862""";"=""2890""";"=""AKSU ÇAMLICA RES""";0,98;159,99;0;3,15;;;;;;;;
"=""API""";"=""WIND""";"=""2026-04-29T09:43:00+03:00""";"=""OA_YTM""";"=""AKSU RES""";"=""10928268862""";"=""2890""";"=""AKSU ÇAMLICA RES""";0,98;159,79;0;3,09;;;;;;;;
"=""API""";"=""WIND""";"=""2026-04-29T09:44:00+03:00""";"=""OA_YTM""";"=""AKSU RES""";"=""10928268862""";"=""2890""";"=""AKSU ÇAMLICA RES""";0,98;160,55;0;3,16;;;;;;;;
"=""API""";"=""WIND""";"=""2026-04-29T09:45:00+03:00""";"=""OA_YTM""";"=""AKSU RES""";"=""10928268862""";"=""2890""";"=""AKSU ÇAMLICA RES""";0,98;160,55;0;3,16;;;;;;;;
"=""API""";"=""WIND""";"=""2026-04-29T09:46:00+03:00""";"=""OA_YTM""";"=""AKSU RES""";"=""10928268862""";"=""2890""";"=""AKSU ÇAMLICA RES""";0,98;160,25;0;3,16;;;;;;;;
"=""API""";"=""WIND""";"=""2026-04-29T09:47:00+03:00""";"=""OA_YTM""";"=""AKSU RES""";"=""10928268862""";"=""2890""";"=""AKSU ÇAMLICA RES""";0,98;159,94;0;3,13;;;;;;;;
"=""API""";"=""WIND""";"=""2026-04-29T09:48:00+03:00""";"=""OA_YTM""";"=""AKSU RES""";"=""10928268862""";"=""2890""";"=""AKSU ÇAMLICA RES""";0,98;159,94;0;3,13;;;;;;;;
"=""API""";"=""WIND""";"=""2026-04-29T09:49:00+03:00""";"=""OA_YTM""";"=""AKSU RES""";"=""10928268862""";"=""2890""";"=""AKSU ÇAMLICA RES""";0,98;160,09;0;3,13;;;;;;;;
"=""API""";"=""WIND""";"=""2026-04-29T09:50:00+03:00""";"=""OA_YTM""";"=""AKSU RES""";"=""10928268862""";"=""2890""";"=""AKSU ÇAMLICA RES""";0,98;159,89;0;3,13;;;;;;;;
"=""API""";"=""WIND""";"=""2026-04-29T09:51:00+03:00""";"=""OA_YTM""";"=""AKSU RES""";"=""10928268862""";"=""2890""";"=""AKSU ÇAMLICA RES""";0,98;160,09;0;3,13;;;;;;;;
"=""API""";"=""WIND""";"=""2026-04-29T09:52:00+03:00""";"=""OA_YTM""";"=""AKSU RES""";"=""10928268862""";"=""2890""";"=""AKSU ÇAMLICA RES""";0,98;159,89;0;3,13;;;;;;;;
"=""API""";"=""WIND""";"=""2026-04-29T09:53:00+03:00""";"=""OA_YTM""";"=""AKSU RES""";"=""10928268862""";"=""2890""";"=""AKSU ÇAMLICA RES""";0,98;160,4;0;3,13;;;;;;;;
"=""API""";"=""WIND""";"=""2026-04-29T09:54:00+03:00""";"=""OA_YTM""";"=""AKSU RES""";"=""10928268862""";"=""2890""";"=""AKSU ÇAMLICA RES""";0,98;160,4;0;3,17;;;;;;;;
"=""API""";"=""WIND""";"=""2026-04-29T09:55:00+03:00""";"=""OA_YTM""";"=""AKSU RES""";"=""10928268862""";"=""2890""";"=""AKSU ÇAMLICA RES""";0,98;160,3;0;3,17;;;;;;;;
"=""API""";"=""WIND""";"=""2026-04-29T09:56:00+03:00""";"=""OA_YTM""";"=""AKSU RES""";"=""10928268862""";"=""2890""";"=""AKSU ÇAMLICA RES""";0,98;160,4;0;3,1;;;;;;;;
"=""API""";"=""WIND""";"=""2026-04-29T09:57:00+03:00""";"=""OA_YTM""";"=""AKSU RES""";"=""10928268862""";"=""2890""";"=""AKSU ÇAMLICA RES""";0,98;160,3;0;3,16;;;;;;;;
"=""API""";"=""WIND""";"=""2026-04-29T09:58:00+03:00""";"=""OA_YTM""";"=""AKSU RES""";"=""10928268862""";"=""2890""";"=""AKSU ÇAMLICA RES""";0,98;160,4;0;3,16;;;;;;;;
"=""API""";"=""WIND""";"=""2026-04-29T09:59:00+03:00""";"=""OA_YTM""";"=""AKSU RES""";"=""10928268862""";"=""2890""";"=""AKSU ÇAMLICA RES""";0,98;160,71;0;3,16;;;;;;;;
"=""API""";"=""WIND""";"=""2026-04-29T10:00:00+03:00""";"=""OA_YTM""";"=""AKSU RES""";"=""10928268862""";"=""2890""";"=""AKSU ÇAMLICA RES""";0,98;161,12;0;3,16;;;;;;;;
"=""API""";"=""WIND""";"=""2026-04-29T10:01:00+03:00""";"=""OA_YTM""";"=""AKSU RES""";"=""10928268862""";"=""2890""";"=""AKSU ÇAMLICA RES""";0,98;160,09;0;3,16;;;;;;;;
"=""API""";"=""WIND""";"=""2026-04-29T10:02:00+03:00""";"=""OA_YTM""";"=""AKSU RES""";"=""10928268862""";"=""2890""";"=""AKSU ÇAMLICA RES""";0,98;160,2;0;3,13;;;;;;;;
"=""API""";"=""WIND""";"=""2026-04-29T10:03:00+03:00""";"=""OA_YTM""";"=""AKSU RES""";"=""10928268862""";"=""2890""";"=""AKSU ÇAMLICA RES""";0,98;160,14;0;3,13;;;;;;;;
"=""API""";"=""WIND""";"=""2026-04-29T10:04:00+03:00""";"=""OA_YTM""";"=""AKSU RES""";"=""10928268862""";"=""2890""";"=""AKSU ÇAMLICA RES""";0,98;160,35;0;3,1;;;;;;;;
"=""API""";"=""WIND""";"=""2026-04-29T10:05:00+03:00""";"=""OA_YTM""";"=""AKSU RES""";"=""10928268862""";"=""2890""";"=""AKSU ÇAMLICA RES""";0,98;160,55;0;3,04;;;;;;;;
"=""API""";"=""WIND""";"=""2026-04-29T10:06:00+03:00""";"=""OA_YTM""";"=""AKSU RES""";"=""10928268862""";"=""2890""";"=""AKSU ÇAMLICA RES""";0,98;160,76;0;3,14;;;;;;;;
"=""API""";"=""WIND""";"=""2026-04-29T10:07:00+03:00""";"=""OA_YTM""";"=""AKSU RES""";"=""10928268862""";"=""2890""";"=""AKSU ÇAMLICA RES""";0,98;160,45;0;3,14;;;;;;;;
"=""API""";"=""WIND""";"=""2026-04-29T10:08:00+03:00""";"=""OA_YTM""";"=""AKSU RES""";"=""10928268862""";"=""2890""";"=""AKSU ÇAMLICA RES""";0,98;160,45;0;3,14;;;;;;;;
"=""API""";"=""WIND""";"=""2026-04-29T10:09:00+03:00""";"=""OA_YTM""";"=""AKSU RES""";"=""10928268862""";"=""2890""";"=""AKSU ÇAMLICA RES""";0,98;160,66;0;3,12;;;;;;;;
"=""API""";"=""WIND""";"=""2026-04-29T10:10:00+03:00""";"=""OA_YTM""";"=""AKSU RES""";"=""10928268862""";"=""2890""";"=""AKSU ÇAMLICA RES""";0,98;160,45;0;3,12;;;;;;;;
"=""API""";"=""WIND""";"=""2026-04-29T10:11:00+03:00""";"=""OA_YTM""";"=""AKSU RES""";"=""10928268862""";"=""2890""";"=""AKSU ÇAMLICA RES""";0,98;159,89;0;3,12;;;;;;;;
"=""API""";"=""WIND""";"=""2026-04-29T10:12:00+03:00""";"=""OA_YTM""";"=""AKSU RES""";"=""10928268862""";"=""2890""";"=""AKSU ÇAMLICA RES""";0,98;159,48;0;3,11;;;;;;;;
"=""API""";"=""WIND""";"=""2026-04-29T10:13:00+03:00""";"=""OA_YTM""";"=""AKSU RES""";"=""10928268862""";"=""2890""";"=""AKSU ÇAMLICA RES""";0,98;159,58;0;3,11;;;;;;;;
"=""API""";"=""WIND""";"=""2026-04-29T10:14:00+03:00""";"=""OA_YTM""";"=""AKSU RES""";"=""10928268862""";"=""2890""";"=""AKSU ÇAMLICA RES""";0,98;159,48;0;3,02;;;;;;;;
"=""API""";"=""WIND""";"=""2026-04-29T10:15:00+03:00""";"=""OA_YTM""";"=""AKSU RES""";"=""10928268862""";"=""2890""";"=""AKSU ÇAMLICA RES""";0,98;159,38;0;3,11;;;;;;;;
"=""API""";"=""WIND""";"=""2026-04-29T10:16:00+03:00""";"=""OA_YTM""";"=""AKSU RES""";"=""10928268862""";"=""2890""";"=""AKSU ÇAMLICA RES""";0,98;158,35;0;3,11;;;;;;;;
"=""API""";"=""WIND""";"=""2026-04-29T10:17:00+03:00""";"=""OA_YTM""";"=""AKSU RES""";"=""10928268862""";"=""2890""";"=""AKSU ÇAMLICA RES""";0,98;158,04;0;3,11;;;;;;;;
"=""API""";"=""WIND""";"=""2026-04-29T10:18:00+03:00""";"=""OA_YTM""";"=""AKSU RES""";"=""10928268862""";"=""2890""";"=""AKSU ÇAMLICA RES""";0,98;158,3;0;3,11;;;;;;;;
"=""API""";"=""WIND""";"=""2026-04-29T10:19:00+03:00""";"=""OA_YTM""";"=""AKSU RES""";"=""10928268862""";"=""2890""";"=""AKSU ÇAMLICA RES""";0,98;158,35;0;3,11;;;;;;;;
"=""API""";"=""WIND""";"=""2026-04-29T10:20:00+03:00""";"=""OA_YTM""";"=""AKSU RES""";"=""10928268862""";"=""2890""";"=""AKSU ÇAMLICA RES""";0,98;158,19;0;3,09;;;;;;;;
"=""API""";"=""WIND""";"=""2026-04-29T10:21:00+03:00""";"=""OA_YTM""";"=""AKSU RES""";"=""10928268862""";"=""2890""";"=""AKSU ÇAMLICA RES""";0,98;158,55;0;3,07;;;;;;;;
"=""API""";"=""WIND""";"=""2026-04-29T10:22:00+03:00""";"=""OA_YTM""";"=""AKSU RES""";"=""10928268862""";"=""2890""";"=""AKSU ÇAMLICA RES""";0,98;158,76;0;3,07;;;;;;;;
"=""API""";"=""WIND""";"=""2026-04-29T10:23:00+03:00""";"=""OA_YTM""";"=""AKSU RES""";"=""10928268862""";"=""2890""";"=""AKSU ÇAMLICA RES""";0,98;158,6;0;3,11;;;;;;;;
"=""API""";"=""WIND""";"=""2026-04-29T10:24:00+03:00""";"=""OA_YTM""";"=""AKSU RES""";"=""10928268862""";"=""2890""";"=""AKSU ÇAMLICA RES""";0,98;159,12;0;3,05;;;;;;;;
"=""API""";"=""WIND""";"=""2026-04-29T10:25:00+03:00""";"=""OA_YTM""";"=""AKSU RES""";"=""10928268862""";"=""2890""";"=""AKSU ÇAMLICA RES""";0,98;159,27;0;3,16;;;;;;;;
"=""API""";"=""WIND""";"=""2026-04-29T10:26:00+03:00""";"=""OA_YTM""";"=""AKSU RES""";"=""10928268862""";"=""2890""";"=""AKSU ÇAMLICA RES""";0,98;158,96;0;3,16;;;;;;;;
"=""API""";"=""WIND""";"=""2026-04-29T10:27:00+03:00""";"=""OA_YTM""";"=""AKSU RES""";"=""10928268862""";"=""2890""";"=""AKSU ÇAMLICA RES""";0,98;158,71;0;3,12;;;;;;;;
"=""API""";"=""WIND""";"=""2026-04-29T10:28:00+03:00""";"=""OA_YTM""";"=""AKSU RES""";"=""10928268862""";"=""2890""";"=""AKSU ÇAMLICA RES""";0,98;158,6;0;3,08;;;;;;;;
"=""API""";"=""WIND""";"=""2026-04-29T10:29:00+03:00""";"=""OA_YTM""";"=""AKSU RES""";"=""10928268862""";"=""2890""";"=""AKSU ÇAMLICA RES""";0,98;158,25;0;3,1;;;;;;;;
"=""API""";"=""WIND""";"=""2026-04-29T10:30:00+03:00""";"=""OA_YTM""";"=""AKSU RES""";"=""10928268862""";"=""2890""";"=""AKSU ÇAMLICA RES""";0,98;158,76;0;3,1;;;;;;;;
"=""API""";"=""WIND""";"=""2026-04-29T10:31:00+03:00""";"=""OA_YTM""";"=""AKSU RES""";"=""10928268862""";"=""2890""";"=""AKSU ÇAMLICA RES""";0,98;158,3;0;3,1;;;;;;;;
"=""API""";"=""WIND""";"=""2026-04-29T10:32:00+03:00""";"=""OA_YTM""";"=""AKSU RES""";"=""10928268862""";"=""2890""";"=""AKSU ÇAMLICA RES""";0,98;158,5;0;3,09;;;;;;;;
"=""API""";"=""WIND""";"=""2026-04-29T10:33:00+03:00""";"=""OA_YTM""";"=""AKSU RES""";"=""10928268862""";"=""2890""";"=""AKSU ÇAMLICA RES""";0,98;157,88;0;3,09;;;;;;;;
"=""API""";"=""WIND""";"=""2026-04-29T10:34:00+03:00""";"=""OA_YTM""";"=""AKSU RES""";"=""10928268862""";"=""2890""";"=""AKSU ÇAMLICA RES""";0,98;158,6;0;3,09;;;;;;;;
"=""API""";"=""WIND""";"=""2026-04-29T10:35:00+03:00""";"=""OA_YTM""";"=""AKSU RES""";"=""10928268862""";"=""2890""";"=""AKSU ÇAMLICA RES""";0,98;158,65;0;3,09;;;;;;;;
"=""API""";"=""WIND""";"=""2026-04-29T10:36:00+03:00""";"=""OA_YTM""";"=""AKSU RES""";"=""10928268862""";"=""2890""";"=""AKSU ÇAMLICA RES""";0,98;159,27;0;3,05;;;;;;;;
"=""API""";"=""WIND""";"=""2026-04-29T10:37:00+03:00""";"=""OA_YTM""";"=""AKSU RES""";"=""10928268862""";"=""2890""";"=""AKSU ÇAMLICA RES""";0,98;158,35;0;3,05;;;;;;;;
"=""API""";"=""WIND""";"=""2026-04-29T10:38:00+03:00""";"=""OA_YTM""";"=""AKSU RES""";"=""10928268862""";"=""2890""";"=""AKSU ÇAMLICA RES""";0,98;158,6;0;3,07;;;;;;;;
"=""API""";"=""WIND""";"=""2026-04-29T10:39:00+03:00""";"=""OA_YTM""";"=""AKSU RES""";"=""10928268862""";"=""2890""";"=""AKSU ÇAMLICA RES""";0,98;158,86;0;3,05;;;;;;;;
"=""API""";"=""WIND""";"=""2026-04-29T10:40:00+03:00""";"=""OA_YTM""";"=""AKSU RES""";"=""10928268862""";"=""2890""";"=""AKSU ÇAMLICA RES""";0,98;158,86;0;3,05;;;;;;;;
"=""API""";"=""WIND""";"=""2026-04-29T10:41:00+03:00""";"=""OA_YTM""";"=""AKSU RES""";"=""10928268862""";"=""2890""";"=""AKSU ÇAMLICA RES""";0,98;158,5;0;3,08;;;;;;;;
"=""API""";"=""WIND""";"=""2026-04-29T10:42:00+03:00""";"=""OA_YTM""";"=""AKSU RES""";"=""10928268862""";"=""2890""";"=""AKSU ÇAMLICA RES""";0,98;158,76;0;3,08;;;;;;;;
"=""API""";"=""WIND""";"=""2026-04-29T10:43:00+03:00""";"=""OA_YTM""";"=""AKSU RES""";"=""10928268862""";"=""2890""";"=""AKSU ÇAMLICA RES""";0,98;158,5;0;3,08;;;;;;;;
"=""API""";"=""WIND""";"=""2026-04-29T10:44:00+03:00""";"=""OA_YTM""";"=""AKSU RES""";"=""10928268862""";"=""2890""";"=""AKSU ÇAMLICA RES""";0,98;158,5;0;3,08;;;;;;;;
"=""API""";"=""WIND""";"=""2026-04-29T10:45:00+03:00""";"=""OA_YTM""";"=""AKSU RES""";"=""10928268862""";"=""2890""";"=""AKSU ÇAMLICA RES""";0,98;158,91;0;3,15;;;;;;;;
"=""API""";"=""WIND""";"=""2026-04-29T10:46:00+03:00""";"=""OA_YTM""";"=""AKSU RES""";"=""10928268862""";"=""2890""";"=""AKSU ÇAMLICA RES""";0,98;158,09;0;3,15;;;;;;;;
"=""API""";"=""WIND""";"=""2026-04-29T10:47:00+03:00""";"=""OA_YTM""";"=""AKSU RES""";"=""10928268862""";"=""2890""";"=""AKSU ÇAMLICA RES""";0,98;158,4;0;3,09;;;;;;;;
"=""API""";"=""WIND""";"=""2026-04-29T10:48:00+03:00""";"=""OA_YTM""";"=""AKSU RES""";"=""10928268862""";"=""2890""";"=""AKSU ÇAMLICA RES""";0,98;158,91;0;3,03;;;;;;;;
"=""API""";"=""WIND""";"=""2026-04-29T10:49:00+03:00""";"=""OA_YTM""";"=""AKSU RES""";"=""10928268862""";"=""2890""";"=""AKSU ÇAMLICA RES""";0,98;158,4;0;3,13;;;;;;;;
"=""API""";"=""WIND""";"=""2026-04-29T10:50:00+03:00""";"=""OA_YTM""";"=""AKSU RES""";"=""10928268862""";"=""2890""";"=""AKSU ÇAMLICA RES""";0,98;158,55;0;3,13;;;;;;;;
"=""API""";"=""WIND""";"=""2026-04-29T10:51:00+03:00""";"=""OA_YTM""";"=""AKSU RES""";"=""10928268862""";"=""2890""";"=""AKSU ÇAMLICA RES""";0,98;158,55;0;3,13;;;;;;;;
"=""API""";"=""WIND""";"=""2026-04-29T10:52:00+03:00""";"=""OA_YTM""";"=""AKSU RES""";"=""10928268862""";"=""2890""";"=""AKSU ÇAMLICA RES""";0,98;158,81;0;3,01;;;;;;;;
"=""API""";"=""WIND""";"=""2026-04-29T10:53:00+03:00""";"=""OA_YTM""";"=""AKSU RES""";"=""10928268862""";"=""2890""";"=""AKSU ÇAMLICA RES""";0,98;158,5;0;3,03;;;;;;;;
"=""API""";"=""WIND""";"=""2026-04-29T10:54:00+03:00""";"=""OA_YTM""";"=""AKSU RES""";"=""10928268862""";"=""2890""";"=""AKSU ÇAMLICA RES""";0,98;158,91;0;3,08;;;;;;;;
"=""API""";"=""WIND""";"=""2026-04-29T10:55:00+03:00""";"=""OA_YTM""";"=""AKSU RES""";"=""10928268862""";"=""2890""";"=""AKSU ÇAMLICA RES""";0,98;159,22;0;3,12;;;;;;;;
"=""API""";"=""WIND""";"=""2026-04-29T10:56:00+03:00""";"=""OA_YTM""";"=""AKSU RES""";"=""10928268862""";"=""2890""";"=""AKSU ÇAMLICA RES""";0,98;158,81;0;3,12;;;;;;;;
"=""API""";"=""WIND""";"=""2026-04-29T10:57:00+03:00""";"=""OA_YTM""";"=""AKSU RES""";"=""10928268862""";"=""2890""";"=""AKSU ÇAMLICA RES""";0,98;158,4;0;3,08;;;;;;;;
"=""API""";"=""WIND""";"=""2026-04-29T10:58:00+03:00""";"=""OA_YTM""";"=""AKSU RES""";"=""10928268862""";"=""2890""";"=""AKSU ÇAMLICA RES""";0,98;158,3;0;3,08;;;;;;;;
"=""API""";"=""WIND""";"=""2026-04-29T10:59:00+03:00""";"=""OA_YTM""";"=""AKSU RES""";"=""10928268862""";"=""2890""";"=""AKSU ÇAMLICA RES""";0,98;158,86;0;3,08;;;;;;;;
"=""API""";"=""WIND""";"=""2026-04-29T11:00:00+03:00""";"=""OA_YTM""";"=""AKSU RES""";"=""10928268862""";"=""2890""";"=""AKSU ÇAMLICA RES""";0,98;158,96;0;3,08;;;;;;;;
"=""API""";"=""WIND""";"=""2026-04-29T11:01:00+03:00""";"=""OA_YTM""";"=""AKSU RES""";"=""10928268862""";"=""2890""";"=""AKSU ÇAMLICA RES""";0,98;158,24;0;3,13;;;;;;;;
"=""API""";"=""WIND""";"=""2026-04-29T11:02:00+03:00""";"=""OA_YTM""";"=""AKSU RES""";"=""10928268862""";"=""2890""";"=""AKSU ÇAMLICA RES""";0,98;158,86;0;3,13;;;;;;;;
"=""API""";"=""WIND""";"=""2026-04-29T11:03:00+03:00""";"=""OA_YTM""";"=""AKSU RES""";"=""10928268862""";"=""2890""";"=""AKSU ÇAMLICA RES""";0,98;158,66;0;3,07;;;;;;;;
"=""API""";"=""WIND""";"=""2026-04-29T11:04:00+03:00""";"=""OA_YTM""";"=""AKSU RES""";"=""10928268862""";"=""2890""";"=""AKSU ÇAMLICA RES""";0,98;158,96;0;3,08;;;;;;;;
"=""API""";"=""WIND""";"=""2026-04-29T11:05:00+03:00""";"=""OA_YTM""";"=""AKSU RES""";"=""10928268862""";"=""2890""";"=""AKSU ÇAMLICA RES""";0,98;159,27;0;3,08;;;;;;;;
"=""API""";"=""WIND""";"=""2026-04-29T11:06:00+03:00""";"=""OA_YTM""";"=""AKSU RES""";"=""10928268862""";"=""2890""";"=""AKSU ÇAMLICA RES""";0,98;159,27;0;3,14;;;;;;;;
"=""API""";"=""WIND""";"=""2026-04-29T11:07:00+03:00""";"=""OA_YTM""";"=""AKSU RES""";"=""10928268862""";"=""2890""";"=""AKSU ÇAMLICA RES""";0,98;159,58;0;3,14;;;;;;;;
"=""API""";"=""WIND""";"=""2026-04-29T11:08:00+03:00""";"=""OA_YTM""";"=""AKSU RES""";"=""10928268862""";"=""2890""";"=""AKSU ÇAMLICA RES""";0,98;159,58;0;3,07;;;;;;;;
"=""API""";"=""WIND""";"=""2026-04-29T11:09:00+03:00""";"=""OA_YTM""";"=""AKSU RES""";"=""10928268862""";"=""2890""";"=""AKSU ÇAMLICA RES""";0,98;159,58;0;3,07;;;;;;;;
"=""API""";"=""WIND""";"=""2026-04-29T11:10:00+03:00""";"=""OA_YTM""";"=""AKSU RES""";"=""10928268862""";"=""2890""";"=""AKSU ÇAMLICA RES""";0,98;159,53;0;3,11;;;;;;;;
"=""API""";"=""WIND""";"=""2026-04-29T11:11:00+03:00""";"=""OA_YTM""";"=""AKSU RES""";"=""10928268862""";"=""2890""";"=""AKSU ÇAMLICA RES""";0,98;159,89;0;3,11;;;;;;;;
"=""API""";"=""WIND""";"=""2026-04-29T11:12:00+03:00""";"=""OA_YTM""";"=""AKSU RES""";"=""10928268862""";"=""2890""";"=""AKSU ÇAMLICA RES""";0,98;159,89;0;3,08;;;;;;;;
"=""API""";"=""WIND""";"=""2026-04-29T11:13:00+03:00""";"=""OA_YTM""";"=""AKSU RES""";"=""10928268862""";"=""2890""";"=""AKSU ÇAMLICA RES""";0,98;159,79;0;3,12;;;;;;;;
"=""API""";"=""WIND""";"=""2026-04-29T11:14:00+03:00""";"=""OA_YTM""";"=""AKSU RES""";"=""10928268862""";"=""2890""";"=""AKSU ÇAMLICA RES""";0,98;159,58;0;3,12;;;;;;;;
"=""API""";"=""WIND""";"=""2026-04-29T11:15:00+03:00""";"=""OA_YTM""";"=""AKSU RES""";"=""10928268862""";"=""2890""";"=""AKSU ÇAMLICA RES""";0,98;159,58;0;3,1;;;;;;;;
"=""API""";"=""WIND""";"=""2026-04-29T11:16:00+03:00""";"=""OA_YTM""";"=""AKSU RES""";"=""10928268862""";"=""2890""";"=""AKSU ÇAMLICA RES""";0,98;159,48;0;3,02;;;;;;;;
"=""API""";"=""WIND""";"=""2026-04-29T11:17:00+03:00""";"=""OA_YTM""";"=""AKSU RES""";"=""10928268862""";"=""2890""";"=""AKSU ÇAMLICA RES""";0,98;159,58;0;3,02;;;;;;;;
"=""API""";"=""WIND""";"=""2026-04-29T11:18:00+03:00""";"=""OA_YTM""";"=""AKSU RES""";"=""10928268862""";"=""2890""";"=""AKSU ÇAMLICA RES""";0,98;159,22;0;3,11;;;;;;;;
"=""API""";"=""WIND""";"=""2026-04-29T11:19:00+03:00""";"=""OA_YTM""";"=""AKSU RES""";"=""10928268862""";"=""2890""";"=""AKSU ÇAMLICA RES""";0,98;159,22;0;3,11;;;;;;;;
"=""API""";"=""WIND""";"=""2026-04-29T11:20:00+03:00""";"=""OA_YTM""";"=""AKSU RES""";"=""10928268862""";"=""2890""";"=""AKSU ÇAMLICA RES""";0,98;159,58;0;3,09;;;;;;;;
"=""API""";"=""WIND""";"=""2026-04-29T11:21:00+03:00""";"=""OA_YTM""";"=""AKSU RES""";"=""10928268862""";"=""2890""";"=""AKSU ÇAMLICA RES""";0,98;159,38;0;3,09;;;;;;;;
"=""API""";"=""WIND""";"=""2026-04-29T11:22:00+03:00""";"=""OA_YTM""";"=""AKSU RES""";"=""10928268862""";"=""2890""";"=""AKSU ÇAMLICA RES""";0,98;159,12;0;3,06;;;;;;;;
"=""API""";"=""WIND""";"=""2026-04-29T11:23:00+03:00""";"=""OA_YTM""";"=""AKSU RES""";"=""10928268862""";"=""2890""";"=""AKSU ÇAMLICA RES""";0,98;159,32;0;3,1;;;;;;;;
"=""API""";"=""WIND""";"=""2026-04-29T11:24:00+03:00""";"=""OA_YTM""";"=""AKSU RES""";"=""10928268862""";"=""2890""";"=""AKSU ÇAMLICA RES""";0,98;159,27;0;3,17;;;;;;;;
"=""API""";"=""WIND""";"=""2026-04-29T11:25:00+03:00""";"=""OA_YTM""";"=""AKSU RES""";"=""10928268862""";"=""2890""";"=""AKSU ÇAMLICA RES""";0,98;159,68;0;3,09;;;;;;;;
"=""API""";"=""WIND""";"=""2026-04-29T11:26:00+03:00""";"=""OA_YTM""";"=""AKSU RES""";"=""10928268862""";"=""2890""";"=""AKSU ÇAMLICA RES""";0,98;159,48;0;3,09;;;;;;;;
"=""API""";"=""WIND""";"=""2026-04-29T11:27:00+03:00""";"=""OA_YTM""";"=""AKSU RES""";"=""10928268862""";"=""2890""";"=""AKSU ÇAMLICA RES""";0,98;159,58;0;3,07;;;;;;;;
"=""API""";"=""WIND""";"=""2026-04-29T11:28:00+03:00""";"=""OA_YTM""";"=""AKSU RES""";"=""10928268862""";"=""2890""";"=""AKSU ÇAMLICA RES""";0,98;159,48;0;3,14;;;;;;;;
"=""API""";"=""WIND""";"=""2026-04-29T11:29:00+03:00""";"=""OA_YTM""";"=""AKSU RES""";"=""10928268862""";"=""2890""";"=""AKSU ÇAMLICA RES""";0,98;159,48;0;3,08;;;;;;;;
"=""API""";"=""WIND""";"=""2026-04-29T11:30:00+03:00""";"=""OA_YTM""";"=""AKSU RES""";"=""10928268862""";"=""2890""";"=""AKSU ÇAMLICA RES""";0,98;159,17;0;3,08;;;;;;;;
"=""API""";"=""WIND""";"=""2026-04-29T11:31:00+03:00""";"=""OA_YTM""";"=""AKSU RES""";"=""10928268862""";"=""2890""";"=""AKSU ÇAMLICA RES""";0,98;159,17;0;3,08;;;;;;;;
"=""API""";"=""WIND""";"=""2026-04-29T11:32:00+03:00""";"=""OA_YTM""";"=""AKSU RES""";"=""10928268862""";"=""2890""";"=""AKSU ÇAMLICA RES""";0,98;159,53;0;3,01;;;;;;;;
"=""API""";"=""WIND""";"=""2026-04-29T11:33:00+03:00""";"=""OA_YTM""";"=""AKSU RES""";"=""10928268862""";"=""2890""";"=""AKSU ÇAMLICA RES""";0,98;159,22;0;3,05;;;;;;;;
"=""API""";"=""WIND""";"=""2026-04-29T11:34:00+03:00""";"=""OA_YTM""";"=""AKSU RES""";"=""10928268862""";"=""2890""";"=""AKSU ÇAMLICA RES""";0,98;158,86;0;3,12;;;;;;;;
"=""API""";"=""WIND""";"=""2026-04-29T11:35:00+03:00""";"=""OA_YTM""";"=""AKSU RES""";"=""10928268862""";"=""2890""";"=""AKSU ÇAMLICA RES""";0,98;159,48;0;3;;;;;;;;
"=""API""";"=""WIND""";"=""2026-04-29T11:36:00+03:00""";"=""OA_YTM""";"=""AKSU RES""";"=""10928268862""";"=""2890""";"=""AKSU ÇAMLICA RES""";0,98;159,58;0;3,01;;;;;;;;
"=""API""";"=""WIND""";"=""2026-04-29T11:37:00+03:00""";"=""OA_YTM""";"=""AKSU RES""";"=""10928268862""";"=""2890""";"=""AKSU ÇAMLICA RES""";0,98;159,58;0;3,1;;;;;;;;
"=""API""";"=""WIND""";"=""2026-04-29T11:38:00+03:00""";"=""OA_YTM""";"=""AKSU RES""";"=""10928268862""";"=""2890""";"=""AKSU ÇAMLICA RES""";0,98;159,48;0;3,14;;;;;;;;
"=""API""";"=""WIND""";"=""2026-04-29T11:39:00+03:00""";"=""OA_YTM""";"=""AKSU RES""";"=""10928268862""";"=""2890""";"=""AKSU ÇAMLICA RES""";0,98;159,58;0;3,14;;;;;;;;
"=""API""";"=""WIND""";"=""2026-04-29T11:40:00+03:00""";"=""OA_YTM""";"=""AKSU RES""";"=""10928268862""";"=""2890""";"=""AKSU ÇAMLICA RES""";0,98;159,48;0;3,1;;;;;;;;
"=""API""";"=""WIND""";"=""2026-04-29T11:41:00+03:00""";"=""OA_YTM""";"=""AKSU RES""";"=""10928268862""";"=""2890""";"=""AKSU ÇAMLICA RES""";0,98;159,79;0;3,1;;;;;;;;
"=""API""";"=""WIND""";"=""2026-04-29T11:42:00+03:00""";"=""OA_YTM""";"=""AKSU RES""";"=""10928268862""";"=""2890""";"=""AKSU ÇAMLICA RES""";0,98;159,89;0;3,1;;;;;;;;
"=""API""";"=""WIND""";"=""2026-04-29T11:43:00+03:00""";"=""OA_YTM""";"=""AKSU RES""";"=""10928268862""";"=""2890""";"=""AKSU ÇAMLICA RES""";0,98;159,79;0;3,1;;;;;;;;
"=""API""";"=""WIND""";"=""2026-04-29T11:44:00+03:00""";"=""OA_YTM""";"=""AKSU RES""";"=""10928268862""";"=""2890""";"=""AKSU ÇAMLICA RES""";0,98;159,27;0;3,08;;;;;;;;
"=""API""";"=""WIND""";"=""2026-04-29T11:45:00+03:00""";"=""OA_YTM""";"=""AKSU RES""";"=""10928268862""";"=""2890""";"=""AKSU ÇAMLICA RES""";0,98;159,22;0;3,12;;;;;;;;
"=""API""";"=""WIND""";"=""2026-04-29T11:46:00+03:00""";"=""OA_YTM""";"=""AKSU RES""";"=""10928268862""";"=""2890""";"=""AKSU ÇAMLICA RES""";0,98;158,86;0;3,09;;;;;;;;
"=""API""";"=""WIND""";"=""2026-04-29T11:47:00+03:00""";"=""OA_YTM""";"=""AKSU RES""";"=""10928268862""";"=""2890""";"=""AKSU ÇAMLICA RES""";0,98;158,71;0;3,09;;;;;;;;
"=""API""";"=""WIND""";"=""2026-04-29T11:48:00+03:00""";"=""OA_YTM""";"=""AKSU RES""";"=""10928268862""";"=""2890""";"=""AKSU ÇAMLICA RES""";0,98;158,71;0;3,04;;;;;;;;
"=""API""";"=""WIND""";"=""2026-04-29T11:49:00+03:00""";"=""OA_YTM""";"=""AKSU RES""";"=""10928268862""";"=""2890""";"=""AKSU ÇAMLICA RES""";0,98;158,55;0;3,1;;;;;;;;
"=""API""";"=""WIND""";"=""2026-04-29T11:50:00+03:00""";"=""OA_YTM""";"=""AKSU RES""";"=""10928268862""";"=""2890""";"=""AKSU ÇAMLICA RES""";0,98;158,35;0;3,02;;;;;;;;
"=""API""";"=""WIND""";"=""2026-04-29T11:51:00+03:00""";"=""OA_YTM""";"=""AKSU RES""";"=""10928268862""";"=""2890""";"=""AKSU ÇAMLICA RES""";0,98;158,96;0;3,02;;;;;;;;
"=""API""";"=""WIND""";"=""2026-04-29T11:52:00+03:00""";"=""OA_YTM""";"=""AKSU RES""";"=""10928268862""";"=""2890""";"=""AKSU ÇAMLICA RES""";0,98;159,17;0;3,09;;;;;;;;
"=""API""";"=""WIND""";"=""2026-04-29T11:53:00+03:00""";"=""OA_YTM""";"=""AKSU RES""";"=""10928268862""";"=""2890""";"=""AKSU ÇAMLICA RES""";0,98;159,17;0;3,11;;;;;;;;
"=""API""";"=""WIND""";"=""2026-04-29T11:54:00+03:00""";"=""OA_YTM""";"=""AKSU RES""";"=""10928268862""";"=""2890""";"=""AKSU ÇAMLICA RES""";0,98;159,58;0;3,11;;;;;;;;
"=""API""";"=""WIND""";"=""2026-04-29T11:55:00+03:00""";"=""OA_YTM""";"=""AKSU RES""";"=""10928268862""";"=""2890""";"=""AKSU ÇAMLICA RES""";0,98;159,53;0;3,16;;;;;;;;
"=""API""";"=""WIND""";"=""2026-04-29T11:56:00+03:00""";"=""OA_YTM""";"=""AKSU RES""";"=""10928268862""";"=""2890""";"=""AKSU ÇAMLICA RES""";0,98;159,53;0;3,16;;;;;;;;
"=""API""";"=""WIND""";"=""2026-04-29T11:57:00+03:00""";"=""OA_YTM""";"=""AKSU RES""";"=""10928268862""";"=""2890""";"=""AKSU ÇAMLICA RES""";0,98;159,63;0;3,12;;;;;;;;
"=""API""";"=""WIND""";"=""2026-04-29T11:58:00+03:00""";"=""OA_YTM""";"=""AKSU RES""";"=""10928268862""";"=""2890""";"=""AKSU ÇAMLICA RES""";0,98;159,53;0;3,06;;;;;;;;
"=""API""";"=""WIND""";"=""2026-04-29T11:59:00+03:00""";"=""OA_YTM""";"=""AKSU RES""";"=""10928268862""";"=""2890""";"=""AKSU ÇAMLICA RES""";0,98;159,84;0;3,06;;;;;;;;
"=""API""";"=""WIND""";"=""2026-04-29T12:00:00+03:00""";"=""OA_YTM""";"=""AKSU RES""";"=""10928268862""";"=""2890""";"=""AKSU ÇAMLICA RES""";0,98;159,43;0;3,14;;;;;;;;
"=""API""";"=""WIND""";"=""2026-04-29T12:01:00+03:00""";"=""OA_YTM""";"=""AKSU RES""";"=""10928268862""";"=""2890""";"=""AKSU ÇAMLICA RES""";0,98;159,84;0;3,14;;;;;;;;
"=""API""";"=""WIND""";"=""2026-04-29T12:02:00+03:00""";"=""OA_YTM""";"=""AKSU RES""";"=""10928268862""";"=""2890""";"=""AKSU ÇAMLICA RES""";0,98;159,84;0;3,08;;;;;;;;
"=""API""";"=""WIND""";"=""2026-04-29T12:03:00+03:00""";"=""OA_YTM""";"=""AKSU RES""";"=""10928268862""";"=""2890""";"=""AKSU ÇAMLICA RES""";0,98;159,53;0;3,08;;;;;;;;
"=""API""";"=""WIND""";"=""2026-04-29T12:04:00+03:00""";"=""OA_YTM""";"=""AKSU RES""";"=""10928268862""";"=""2890""";"=""AKSU ÇAMLICA RES""";0,98;159,48;0;3,08;;;;;;;;
"=""API""";"=""WIND""";"=""2026-04-29T12:05:00+03:00""";"=""OA_YTM""";"=""AKSU RES""";"=""10928268862""";"=""2890""";"=""AKSU ÇAMLICA RES""";0,98;159,07;0;3,12;;;;;;;;
"=""API""";"=""WIND""";"=""2026-04-29T12:06:00+03:00""";"=""OA_YTM""";"=""AKSU RES""";"=""10928268862""";"=""2890""";"=""AKSU ÇAMLICA RES""";0,98;159,48;0;3,12;;;;;;;;
"=""API""";"=""WIND""";"=""2026-04-29T12:07:00+03:00""";"=""OA_YTM""";"=""AKSU RES""";"=""10928268862""";"=""2890""";"=""AKSU ÇAMLICA RES""";0,98;159,53;0;3,12;;;;;;;;
"=""API""";"=""WIND""";"=""2026-04-29T12:08:00+03:00""";"=""OA_YTM""";"=""AKSU RES""";"=""10928268862""";"=""2890""";"=""AKSU ÇAMLICA RES""";0,98;159,63;0;3,12;;;;;;;;
"=""API""";"=""WIND""";"=""2026-04-29T12:09:00+03:00""";"=""OA_YTM""";"=""AKSU RES""";"=""10928268862""";"=""2890""";"=""AKSU ÇAMLICA RES""";0,98;159,53;0;3,06;;;;;;;;
"=""API""";"=""WIND""";"=""2026-04-29T12:10:00+03:00""";"=""OA_YTM""";"=""AKSU RES""";"=""10928268862""";"=""2890""";"=""AKSU ÇAMLICA RES""";0,98;159,53;0;3,15;;;;;;;;
"=""API""";"=""WIND""";"=""2026-04-29T12:11:00+03:00""";"=""OA_YTM""";"=""AKSU RES""";"=""10928268862""";"=""2890""";"=""AKSU ÇAMLICA RES""";0,98;159,53;0;3,03;;;;;;;;
"=""API""";"=""WIND""";"=""2026-04-29T12:12:00+03:00""";"=""OA_YTM""";"=""AKSU RES""";"=""10928268862""";"=""2890""";"=""AKSU ÇAMLICA RES""";0,98;159,53;0;3,03;;;;;;;;
"=""API""";"=""WIND""";"=""2026-04-29T12:13:00+03:00""";"=""OA_YTM""";"=""AKSU RES""";"=""10928268862""";"=""2890""";"=""AKSU ÇAMLICA RES""";0,98;159,58;0;3,08;;;;;;;;
"=""API""";"=""WIND""";"=""2026-04-29T12:14:00+03:00""";"=""OA_YTM""";"=""AKSU RES""";"=""10928268862""";"=""2890""";"=""AKSU ÇAMLICA RES""";0,98;159,48;0;3,13;;;;;;;;
"=""API""";"=""WIND""";"=""2026-04-29T12:15:00+03:00""";"=""OA_YTM""";"=""AKSU RES""";"=""10928268862""";"=""2890""";"=""AKSU ÇAMLICA RES""";0,98;159,27;0;3,13;;;;;;;;
"=""API""";"=""WIND""";"=""2026-04-29T12:16:00+03:00""";"=""OA_YTM""";"=""AKSU RES""";"=""10928268862""";"=""2890""";"=""AKSU ÇAMLICA RES""";0,98;158,45;0;3,13;;;;;;;;
"=""API""";"=""WIND""";"=""2026-04-29T12:17:00+03:00""";"=""OA_YTM""";"=""AKSU RES""";"=""10928268862""";"=""2890""";"=""AKSU ÇAMLICA RES""";0,98;158,4;0;3,07;;;;;;;;
"=""API""";"=""WIND""";"=""2026-04-29T12:18:00+03:00""";"=""OA_YTM""";"=""AKSU RES""";"=""10928268862""";"=""2890""";"=""AKSU ÇAMLICA RES""";0,98;158,91;0;3,05;;;;;;;;
"=""API""";"=""WIND""";"=""2026-04-29T12:19:00+03:00""";"=""OA_YTM""";"=""AKSU RES""";"=""10928268862""";"=""2890""";"=""AKSU ÇAMLICA RES""";0,98;159,17;0;3,09;;;;;;;;
"=""API""";"=""WIND""";"=""2026-04-29T12:20:00+03:00""";"=""OA_YTM""";"=""AKSU RES""";"=""10928268862""";"=""2890""";"=""AKSU ÇAMLICA RES""";0,98;159,27;0;3,09;;;;;;;;
"=""API""";"=""WIND""";"=""2026-04-29T12:21:00+03:00""";"=""OA_YTM""";"=""AKSU RES""";"=""10928268862""";"=""2890""";"=""AKSU ÇAMLICA RES""";0,98;159,63;0;3,09;;;;;;;;
"=""API""";"=""WIND""";"=""2026-04-29T12:22:00+03:00""";"=""OA_YTM""";"=""AKSU RES""";"=""10928268862""";"=""2890""";"=""AKSU ÇAMLICA RES""";0,98;159,27;0;3,13;;;;;;;;
"=""API""";"=""WIND""";"=""2026-04-29T12:23:00+03:00""";"=""OA_YTM""";"=""AKSU RES""";"=""10928268862""";"=""2890""";"=""AKSU ÇAMLICA RES""";0,98;160,09;0;3,13;;;;;;;;
"=""API""";"=""WIND""";"=""2026-04-29T12:24:00+03:00""";"=""OA_YTM""";"=""AKSU RES""";"=""10928268862""";"=""2890""";"=""AKSU ÇAMLICA RES""";0,98;159,79;0;3,13;;;;;;;;
"=""API""";"=""WIND""";"=""2026-04-29T12:25:00+03:00""";"=""OA_YTM""";"=""AKSU RES""";"=""10928268862""";"=""2890""";"=""AKSU ÇAMLICA RES""";0,98;160,14;0;3,08;;;;;;;;
"=""API""";"=""WIND""";"=""2026-04-29T12:26:00+03:00""";"=""OA_YTM""";"=""AKSU RES""";"=""10928268862""";"=""2890""";"=""AKSU ÇAMLICA RES""";0,98;160,55;0;3,08;;;;;;;;
"=""API""";"=""WIND""";"=""2026-04-29T12:27:00+03:00""";"=""OA_YTM""";"=""AKSU RES""";"=""10928268862""";"=""2890""";"=""AKSU ÇAMLICA RES""";0,98;159,89;0;3,11;;;;;;;;
"=""API""";"=""WIND""";"=""2026-04-29T12:28:00+03:00""";"=""OA_YTM""";"=""AKSU RES""";"=""10928268862""";"=""2890""";"=""AKSU ÇAMLICA RES""";0,98;160,2;0;3,15;;;;;;;;
"=""API""";"=""WIND""";"=""2026-04-29T12:29:00+03:00""";"=""OA_YTM""";"=""AKSU RES""";"=""10928268862""";"=""2890""";"=""AKSU ÇAMLICA RES""";0,98;159,89;0;3,15;;;;;;;;
"=""API""";"=""WIND""";"=""2026-04-29T12:30:00+03:00""";"=""OA_YTM""";"=""AKSU RES""";"=""10928268862""";"=""2890""";"=""AKSU ÇAMLICA RES""";0,98;160,5;0;3,15;;;;;;;;
"=""API""";"=""WIND""";"=""2026-04-29T12:31:00+03:00""";"=""OA_YTM""";"=""AKSU RES""";"=""10928268862""";"=""2890""";"=""AKSU ÇAMLICA RES""";0,98;160,61;0;3,15;;;;;;;;
"=""API""";"=""WIND""";"=""2026-04-29T12:32:00+03:00""";"=""OA_YTM""";"=""AKSU RES""";"=""10928268862""";"=""2890""";"=""AKSU ÇAMLICA RES""";0,98;160,61;0;3,05;;;;;;;;
"=""API""";"=""WIND""";"=""2026-04-29T12:33:00+03:00""";"=""OA_YTM""";"=""AKSU RES""";"=""10928268862""";"=""2890""";"=""AKSU ÇAMLICA RES""";0,98;160,5;0;3,05;;;;;;;;
"=""API""";"=""WIND""";"=""2026-04-29T12:34:00+03:00""";"=""OA_YTM""";"=""AKSU RES""";"=""10928268862""";"=""2890""";"=""AKSU ÇAMLICA RES""";0,98;160,5;0;3,1;;;;;;;;
"=""API""";"=""WIND""";"=""2026-04-29T12:35:00+03:00""";"=""OA_YTM""";"=""AKSU RES""";"=""10928268862""";"=""2890""";"=""AKSU ÇAMLICA RES""";0,98;160,4;0;3,1;;;;;;;;
"=""API""";"=""WIND""";"=""2026-04-29T12:36:00+03:00""";"=""OA_YTM""";"=""AKSU RES""";"=""10928268862""";"=""2890""";"=""AKSU ÇAMLICA RES""";0,98;160,81;0;3,1;;;;;;;;
"=""API""";"=""WIND""";"=""2026-04-29T12:37:00+03:00""";"=""OA_YTM""";"=""AKSU RES""";"=""10928268862""";"=""2890""";"=""AKSU ÇAMLICA RES""";0,98;160,81;0;3,1;;;;;;;;
"=""API""";"=""WIND""";"=""2026-04-29T12:38:00+03:00""";"=""OA_YTM""";"=""AKSU RES""";"=""10928268862""";"=""2890""";"=""AKSU ÇAMLICA RES""";0,98;160,5;0;3,14;;;;;;;;
"=""API""";"=""WIND""";"=""2026-04-29T12:39:00+03:00""";"=""OA_YTM""";"=""AKSU RES""";"=""10928268862""";"=""2890""";"=""AKSU ÇAMLICA RES""";0,98;160,4;0;3,13;;;;;;;;
"=""API""";"=""WIND""";"=""2026-04-29T12:40:00+03:00""";"=""OA_YTM""";"=""AKSU RES""";"=""10928268862""";"=""2890""";"=""AKSU ÇAMLICA RES""";0,98;160,4;0;3,13;;;;;;;;
"=""API""";"=""WIND""";"=""2026-04-29T12:41:00+03:00""";"=""OA_YTM""";"=""AKSU RES""";"=""10928268862""";"=""2890""";"=""AKSU ÇAMLICA RES""";0,98;160,09;0;3,17;;;;;;;;
"=""API""";"=""WIND""";"=""2026-04-29T12:42:00+03:00""";"=""OA_YTM""";"=""AKSU RES""";"=""10928268862""";"=""2890""";"=""AKSU ÇAMLICA RES""";0,98;160,04;0;3,13;;;;;;;;
"=""API""";"=""WIND""";"=""2026-04-29T12:43:00+03:00""";"=""OA_YTM""";"=""AKSU RES""";"=""10928268862""";"=""2890""";"=""AKSU ÇAMLICA RES""";0,98;160,04;0;3,13;;;;;;;;
"=""API""";"=""WIND""";"=""2026-04-29T12:44:00+03:00""";"=""OA_YTM""";"=""AKSU RES""";"=""10928268862""";"=""2890""";"=""AKSU ÇAMLICA RES""";0,98;160,25;0;3,11;;;;;;;;
"=""API""";"=""WIND""";"=""2026-04-29T12:45:00+03:00""";"=""OA_YTM""";"=""AKSU RES""";"=""10928268862""";"=""2890""";"=""AKSU ÇAMLICA RES""";0,98;159,78;0;3,11;;;;;;;;
"=""API""";"=""WIND""";"=""2026-04-29T12:46:00+03:00""";"=""OA_YTM""";"=""AKSU RES""";"=""10928268862""";"=""2890""";"=""AKSU ÇAMLICA RES""";0,98;159,89;0;3,11;;;;;;;;
"=""API""";"=""WIND""";"=""2026-04-29T12:47:00+03:00""";"=""OA_YTM""";"=""AKSU RES""";"=""10928268862""";"=""2890""";"=""AKSU ÇAMLICA RES""";0,98;159,99;0;3,09;;;;;;;;
"=""API""";"=""WIND""";"=""2026-04-29T12:48:00+03:00""";"=""OA_YTM""";"=""AKSU RES""";"=""10928268862""";"=""2890""";"=""AKSU ÇAMLICA RES""";0,98;159,99;0;3,09;;;;;;;;
"=""API""";"=""WIND""";"=""2026-04-29T12:49:00+03:00""";"=""OA_YTM""";"=""AKSU RES""";"=""10928268862""";"=""2890""";"=""AKSU ÇAMLICA RES""";0,98;159,89;0;3,09;;;;;;;;
"=""API""";"=""WIND""";"=""2026-04-29T12:50:00+03:00""";"=""OA_YTM""";"=""AKSU RES""";"=""10928268862""";"=""2890""";"=""AKSU ÇAMLICA RES""";0,98;160,25;0;3,11;;;;;;;;
"=""API""";"=""WIND""";"=""2026-04-29T12:51:00+03:00""";"=""OA_YTM""";"=""AKSU RES""";"=""10928268862""";"=""2890""";"=""AKSU ÇAMLICA RES""";0,98;160,35;0;3,15;;;;;;;;
"=""API""";"=""WIND""";"=""2026-04-29T12:52:00+03:00""";"=""OA_YTM""";"=""AKSU RES""";"=""10928268862""";"=""2890""";"=""AKSU ÇAMLICA RES""";0,98;160,25;0;3,15;;;;;;;;
"=""API""";"=""WIND""";"=""2026-04-29T12:53:00+03:00""";"=""OA_YTM""";"=""AKSU RES""";"=""10928268862""";"=""2890""";"=""AKSU ÇAMLICA RES""";0,98;160,61;0;3,13;;;;;;;;
"=""API""";"=""WIND""";"=""2026-04-29T12:54:00+03:00""";"=""OA_YTM""";"=""AKSU RES""";"=""10928268862""";"=""2890""";"=""AKSU ÇAMLICA RES""";0,98;160,2;0;3,13;;;;;;;;
"=""API""";"=""WIND""";"=""2026-04-29T12:55:00+03:00""";"=""OA_YTM""";"=""AKSU RES""";"=""10928268862""";"=""2890""";"=""AKSU ÇAMLICA RES""";0,98;160,81;0;3,11;;;;;;;;
"=""API""";"=""WIND""";"=""2026-04-29T12:56:00+03:00""";"=""OA_YTM""";"=""AKSU RES""";"=""10928268862""";"=""2890""";"=""AKSU ÇAMLICA RES""";0,98;160,4;0;3,11;;;;;;;;
"=""API""";"=""WIND""";"=""2026-04-29T12:57:00+03:00""";"=""OA_YTM""";"=""AKSU RES""";"=""10928268862""";"=""2890""";"=""AKSU ÇAMLICA RES""";0,98;160,5;0;3,11;;;;;;;;
"=""API""";"=""WIND""";"=""2026-04-29T12:58:00+03:00""";"=""OA_YTM""";"=""AKSU RES""";"=""10928268862""";"=""2890""";"=""AKSU ÇAMLICA RES""";0,98;160,5;0;3,07;;;;;;;;
"=""API""";"=""WIND""";"=""2026-04-29T12:59:00+03:00""";"=""OA_YTM""";"=""AKSU RES""";"=""10928268862""";"=""2890""";"=""AKSU ÇAMLICA RES""";0,98;160,4;0;3,07;;;;;;;;
"=""API""";"=""WIND""";"=""2026-04-29T13:00:00+03:00""";"=""OA_YTM""";"=""AKSU RES""";"=""10928268862""";"=""2890""";"=""AKSU ÇAMLICA RES""";0,98;159,99;0;3,08;;;;;;;;
"=""API""";"=""WIND""";"=""2026-04-29T13:01:00+03:00""";"=""OA_YTM""";"=""AKSU RES""";"=""10928268862""";"=""2890""";"=""AKSU ÇAMLICA RES""";0,98;159,99;0;3,08;;;;;;;;
"=""API""";"=""WIND""";"=""2026-04-29T13:02:00+03:00""";"=""OA_YTM""";"=""AKSU RES""";"=""10928268862""";"=""2890""";"=""AKSU ÇAMLICA RES""";0,98;159,99;0;3,08;;;;;;;;
"=""API""";"=""WIND""";"=""2026-04-29T13:03:00+03:00""";"=""OA_YTM""";"=""AKSU RES""";"=""10928268862""";"=""2890""";"=""AKSU ÇAMLICA RES""";0,98;159,68;0;3,12;;;;;;;;
"=""API""";"=""WIND""";"=""2026-04-29T13:04:00+03:00""";"=""OA_YTM""";"=""AKSU RES""";"=""10928268862""";"=""2890""";"=""AKSU ÇAMLICA RES""";0,98;159,68;0;3,08;;;;;;;;
"=""API""";"=""WIND""";"=""2026-04-29T13:05:00+03:00""";"=""OA_YTM""";"=""AKSU RES""";"=""10928268862""";"=""2890""";"=""AKSU ÇAMLICA RES""";0,98;159,68;0;3,03;;;;;;;;
"=""API""";"=""WIND""";"=""2026-04-29T13:06:00+03:00""";"=""OA_YTM""";"=""AKSU RES""";"=""10928268862""";"=""2890""";"=""AKSU ÇAMLICA RES""";0,98;159,89;0;3,04;;;;;;;;
"=""API""";"=""WIND""";"=""2026-04-29T13:07:00+03:00""";"=""OA_YTM""";"=""AKSU RES""";"=""10928268862""";"=""2890""";"=""AKSU ÇAMLICA RES""";0,98;159,99;0;3,12;;;;;;;;
"=""API""";"=""WIND""";"=""2026-04-29T13:08:00+03:00""";"=""OA_YTM""";"=""AKSU RES""";"=""10928268862""";"=""2890""";"=""AKSU ÇAMLICA RES""";0,98;160,2;0;3,08;;;;;;;;
"=""API""";"=""WIND""";"=""2026-04-29T13:09:00+03:00""";"=""OA_YTM""";"=""AKSU RES""";"=""10928268862""";"=""2890""";"=""AKSU ÇAMLICA RES""";0,98;159,99;0;3,03;;;;;;;;
"=""API""";"=""WIND""";"=""2026-04-29T13:10:00+03:00""";"=""OA_YTM""";"=""AKSU RES""";"=""10928268862""";"=""2890""";"=""AKSU ÇAMLICA RES""";0,98;159,68;0;3,03;;;;;;;;
"=""API""";"=""WIND""";"=""2026-04-29T13:11:00+03:00""";"=""OA_YTM""";"=""AKSU RES""";"=""10928268862""";"=""2890""";"=""AKSU ÇAMLICA RES""";0,98;159,89;0;3,03;;;;;;;;
"=""API""";"=""WIND""";"=""2026-04-29T13:12:00+03:00""";"=""OA_YTM""";"=""AKSU RES""";"=""10928268862""";"=""2890""";"=""AKSU ÇAMLICA RES""";0,98;160,3;0;3,03;;;;;;;;
"=""API""";"=""WIND""";"=""2026-04-29T13:13:00+03:00""";"=""OA_YTM""";"=""AKSU RES""";"=""10928268862""";"=""2890""";"=""AKSU ÇAMLICA RES""";0,98;159,99;0;3,11;;;;;;;;
"=""API""";"=""WIND""";"=""2026-04-29T13:14:00+03:00""";"=""OA_YTM""";"=""AKSU RES""";"=""10928268862""";"=""2890""";"=""AKSU ÇAMLICA RES""";0,98;159,99;0;3,11;;;;;;;;
"=""API""";"=""WIND""";"=""2026-04-29T13:15:00+03:00""";"=""OA_YTM""";"=""AKSU RES""";"=""10928268862""";"=""2890""";"=""AKSU ÇAMLICA RES""";0,98;159,79;0;3,11;;;;;;;;
"=""API""";"=""WIND""";"=""2026-04-29T13:16:00+03:00""";"=""OA_YTM""";"=""AKSU RES""";"=""10928268862""";"=""2890""";"=""AKSU ÇAMLICA RES""";0,98;159,68;0;3,11;;;;;;;;
"=""API""";"=""WIND""";"=""2026-04-29T13:17:00+03:00""";"=""OA_YTM""";"=""AKSU RES""";"=""10928268862""";"=""2890""";"=""AKSU ÇAMLICA RES""";0,98;159,63;0;3,06;;;;;;;;
"=""API""";"=""WIND""";"=""2026-04-29T13:18:00+03:00""";"=""OA_YTM""";"=""AKSU RES""";"=""10928268862""";"=""2890""";"=""AKSU ÇAMLICA RES""";0,98;159,53;0;3,06;;;;;;;;
"=""API""";"=""WIND""";"=""2026-04-29T13:19:00+03:00""";"=""OA_YTM""";"=""AKSU RES""";"=""10928268862""";"=""2890""";"=""AKSU ÇAMLICA RES""";0,98;159,53;0;3,06;;;;;;;;
"=""API""";"=""WIND""";"=""2026-04-29T13:20:00+03:00""";"=""OA_YTM""";"=""AKSU RES""";"=""10928268862""";"=""2890""";"=""AKSU ÇAMLICA RES""";0,98;159,63;0;3,13;;;;;;;;
"=""API""";"=""WIND""";"=""2026-04-29T13:21:00+03:00""";"=""OA_YTM""";"=""AKSU RES""";"=""10928268862""";"=""2890""";"=""AKSU ÇAMLICA RES""";0,98;159,63;0;3,05;;;;;;;;
"=""API""";"=""WIND""";"=""2026-04-29T13:22:00+03:00""";"=""OA_YTM""";"=""AKSU RES""";"=""10928268862""";"=""2890""";"=""AKSU ÇAMLICA RES""";0,98;159,94;0;3,05;;;;;;;;
"=""API""";"=""WIND""";"=""2026-04-29T13:23:00+03:00""";"=""OA_YTM""";"=""AKSU RES""";"=""10928268862""";"=""2890""";"=""AKSU ÇAMLICA RES""";0,98;160,25;0;3,01;;;;;;;;
"=""API""";"=""WIND""";"=""2026-04-29T13:24:00+03:00""";"=""OA_YTM""";"=""AKSU RES""";"=""10928268862""";"=""2890""";"=""AKSU ÇAMLICA RES""";0,98;159,94;0;3,07;;;;;;;;
"=""API""";"=""WIND""";"=""2026-04-29T13:25:00+03:00""";"=""OA_YTM""";"=""AKSU RES""";"=""10928268862""";"=""2890""";"=""AKSU ÇAMLICA RES""";0,98;159,94;0;3,07;;;;;;;;
"=""API""";"=""WIND""";"=""2026-04-29T13:26:00+03:00""";"=""OA_YTM""";"=""AKSU RES""";"=""10928268862""";"=""2890""";"=""AKSU ÇAMLICA RES""";0,98;159,94;0;3,07;;;;;;;;
"=""API""";"=""WIND""";"=""2026-04-29T13:27:00+03:00""";"=""OA_YTM""";"=""AKSU RES""";"=""10928268862""";"=""2890""";"=""AKSU ÇAMLICA RES""";0,98;159,94;0;3,07;;;;;;;;
"=""API""";"=""WIND""";"=""2026-04-29T13:28:00+03:00""";"=""OA_YTM""";"=""AKSU RES""";"=""10928268862""";"=""2890""";"=""AKSU ÇAMLICA RES""";0,98;159,94;0;3,05;;;;;;;;
"=""API""";"=""WIND""";"=""2026-04-29T13:29:00+03:00""";"=""OA_YTM""";"=""AKSU RES""";"=""10928268862""";"=""2890""";"=""AKSU ÇAMLICA RES""";0,98;159,84;0;3,07;;;;;;;;
"=""API""";"=""WIND""";"=""2026-04-29T13:30:00+03:00""";"=""OA_YTM""";"=""AKSU RES""";"=""10928268862""";"=""2890""";"=""AKSU ÇAMLICA RES""";0,98;159,63;0;3,07;;;;;;;;
"=""API""";"=""WIND""";"=""2026-04-29T13:31:00+03:00""";"=""OA_YTM""";"=""AKSU RES""";"=""10928268862""";"=""2890""";"=""AKSU ÇAMLICA RES""";0,98;159,17;0;3,04;;;;;;;;
"=""API""";"=""WIND""";"=""2026-04-29T13:32:00+03:00""";"=""OA_YTM""";"=""AKSU RES""";"=""10928268862""";"=""2890""";"=""AKSU ÇAMLICA RES""";0,98;159,38;0;3,04;;;;;;;;
"=""API""";"=""WIND""";"=""2026-04-29T13:33:00+03:00""";"=""OA_YTM""";"=""AKSU RES""";"=""10928268862""";"=""2890""";"=""AKSU ÇAMLICA RES""";0,98;159,27;0;3,04;;;;;;;;
"=""API""";"=""WIND""";"=""2026-04-29T13:34:00+03:00""";"=""OA_YTM""";"=""AKSU RES""";"=""10928268862""";"=""2890""";"=""AKSU ÇAMLICA RES""";0,98;159,38;0;3,02;;;;;;;;
"=""API""";"=""WIND""";"=""2026-04-29T13:35:00+03:00""";"=""OA_YTM""";"=""AKSU RES""";"=""10928268862""";"=""2890""";"=""AKSU ÇAMLICA RES""";0,98;159,38;0;3,02;;;;;;;;
"=""API""";"=""WIND""";"=""2026-04-29T13:36:00+03:00""";"=""OA_YTM""";"=""AKSU RES""";"=""10928268862""";"=""2890""";"=""AKSU ÇAMLICA RES""";0,98;159,79;0;3,04;;;;;;;;
"=""API""";"=""WIND""";"=""2026-04-29T13:37:00+03:00""";"=""OA_YTM""";"=""AKSU RES""";"=""10928268862""";"=""2890""";"=""AKSU ÇAMLICA RES""";0,98;159,38;0;3,01;;;;;;;;
"=""API""";"=""WIND""";"=""2026-04-29T13:38:00+03:00""";"=""OA_YTM""";"=""AKSU RES""";"=""10928268862""";"=""2890""";"=""AKSU ÇAMLICA RES""";0,98;159,27;0;3,07;;;;;;;;
"=""API""";"=""WIND""";"=""2026-04-29T13:39:00+03:00""";"=""OA_YTM""";"=""AKSU RES""";"=""10928268862""";"=""2890""";"=""AKSU ÇAMLICA RES""";0,98;159,48;0;3,07;;;;;;;;
"=""API""";"=""WIND""";"=""2026-04-29T13:40:00+03:00""";"=""OA_YTM""";"=""AKSU RES""";"=""10928268862""";"=""2890""";"=""AKSU ÇAMLICA RES""";0,98;159,68;0;3,03;;;;;;;;
"=""API""";"=""WIND""";"=""2026-04-29T13:41:00+03:00""";"=""OA_YTM""";"=""AKSU RES""";"=""10928268862""";"=""2890""";"=""AKSU ÇAMLICA RES""";0,98;159,68;0;3,03;;;;;;;;
"=""API""";"=""WIND""";"=""2026-04-29T13:42:00+03:00""";"=""OA_YTM""";"=""AKSU RES""";"=""10928268862""";"=""2890""";"=""AKSU ÇAMLICA RES""";0,98;159,79;0;3,11;;;;;;;;
"=""API""";"=""WIND""";"=""2026-04-29T13:43:00+03:00""";"=""OA_YTM""";"=""AKSU RES""";"=""10928268862""";"=""2890""";"=""AKSU ÇAMLICA RES""";0,98;159,38;0;3,16;;;;;;;;
"=""API""";"=""WIND""";"=""2026-04-29T13:44:00+03:00""";"=""OA_YTM""";"=""AKSU RES""";"=""10928268862""";"=""2890""";"=""AKSU ÇAMLICA RES""";0,98;159,68;0;3,08;;;;;;;;
"=""API""";"=""WIND""";"=""2026-04-29T13:45:00+03:00""";"=""OA_YTM""";"=""AKSU RES""";"=""10928268862""";"=""2890""";"=""AKSU ÇAMLICA RES""";0,98;159,27;0;3,03;;;;;;;;
"=""API""";"=""WIND""";"=""2026-04-29T13:46:00+03:00""";"=""OA_YTM""";"=""AKSU RES""";"=""10928268862""";"=""2890""";"=""AKSU ÇAMLICA RES""";0,98;159,27;0;3,1;;;;;;;;
"=""API""";"=""WIND""";"=""2026-04-29T13:47:00+03:00""";"=""OA_YTM""";"=""AKSU RES""";"=""10928268862""";"=""2890""";"=""AKSU ÇAMLICA RES""";0,98;159,01;0;2,97;;;;;;;;
"=""API""";"=""WIND""";"=""2026-04-29T13:48:00+03:00""";"=""OA_YTM""";"=""AKSU RES""";"=""10928268862""";"=""2890""";"=""AKSU ÇAMLICA RES""";0,98;159,12;0;2,97;;;;;;;;
"=""API""";"=""WIND""";"=""2026-04-29T13:49:00+03:00""";"=""OA_YTM""";"=""AKSU RES""";"=""10928268862""";"=""2890""";"=""AKSU ÇAMLICA RES""";0,98;158,81;0;3,03;;;;;;;;
"=""API""";"=""WIND""";"=""2026-04-29T13:50:00+03:00""";"=""OA_YTM""";"=""AKSU RES""";"=""10928268862""";"=""2890""";"=""AKSU ÇAMLICA RES""";0,98;159,12;0;3,11;;;;;;;;
"=""API""";"=""WIND""";"=""2026-04-29T13:51:00+03:00""";"=""OA_YTM""";"=""AKSU RES""";"=""10928268862""";"=""2890""";"=""AKSU ÇAMLICA RES""";0,98;158,61;0;3,11;;;;;;;;
"=""API""";"=""WIND""";"=""2026-04-29T13:52:00+03:00""";"=""OA_YTM""";"=""AKSU RES""";"=""10928268862""";"=""2890""";"=""AKSU ÇAMLICA RES""";0,98;158,96;0;3,11;;;;;;;;
"=""API""";"=""WIND""";"=""2026-04-29T13:53:00+03:00""";"=""OA_YTM""";"=""AKSU RES""";"=""10928268862""";"=""2890""";"=""AKSU ÇAMLICA RES""";0,98;158,81;0;3,11;;;;;;;;
"=""API""";"=""WIND""";"=""2026-04-29T13:54:00+03:00""";"=""OA_YTM""";"=""AKSU RES""";"=""10928268862""";"=""2890""";"=""AKSU ÇAMLICA RES""";0,98;159,12;0;3,11;;;;;;;;
"=""API""";"=""WIND""";"=""2026-04-29T13:55:00+03:00""";"=""OA_YTM""";"=""AKSU RES""";"=""10928268862""";"=""2890""";"=""AKSU ÇAMLICA RES""";0,98;158,91;0;3,17;;;;;;;;
"=""API""";"=""WIND""";"=""2026-04-29T13:56:00+03:00""";"=""OA_YTM""";"=""AKSU RES""";"=""10928268862""";"=""2890""";"=""AKSU ÇAMLICA RES""";0,98;158,91;0;3,17;;;;;;;;
"=""API""";"=""WIND""";"=""2026-04-29T13:57:00+03:00""";"=""OA_YTM""";"=""AKSU RES""";"=""10928268862""";"=""2890""";"=""AKSU ÇAMLICA RES""";0,98;159,02;0;3,17;;;;;;;;
"=""API""";"=""WIND""";"=""2026-04-29T13:58:00+03:00""";"=""OA_YTM""";"=""AKSU RES""";"=""10928268862""";"=""2890""";"=""AKSU ÇAMLICA RES""";0,98;159,07;0;3,17;;;;;;;;
"=""API""";"=""WIND""";"=""2026-04-29T13:59:00+03:00""";"=""OA_YTM""";"=""AKSU RES""";"=""10928268862""";"=""2890""";"=""AKSU ÇAMLICA RES""";0,98;159,07;0;3,17;;;;;;;;
"=""API""";"=""WIND""";"=""2026-04-29T14:00:00+03:00""";"=""OA_YTM""";"=""AKSU RES""";"=""10928268862""";"=""2890""";"=""AKSU ÇAMLICA RES""";0,98;158,76;0;3,17;;;;;;;;
"=""API""";"=""WIND""";"=""2026-04-29T14:01:00+03:00""";"=""OA_YTM""";"=""AKSU RES""";"=""10928268862""";"=""2890""";"=""AKSU ÇAMLICA RES""";0,98;158,6;0;3,17;;;;;;;;
"=""API""";"=""WIND""";"=""2026-04-29T14:02:00+03:00""";"=""OA_YTM""";"=""AKSU RES""";"=""10928268862""";"=""2890""";"=""AKSU ÇAMLICA RES""";0,98;158,4;0;3,14;;;;;;;;
"=""API""";"=""WIND""";"=""2026-04-29T14:03:00+03:00""";"=""OA_YTM""";"=""AKSU RES""";"=""10928268862""";"=""2890""";"=""AKSU ÇAMLICA RES""";0,98;158,09;0;3,11;;;;;;;;
"=""API""";"=""WIND""";"=""2026-04-29T14:04:00+03:00""";"=""OA_YTM""";"=""AKSU RES""";"=""10928268862""";"=""2890""";"=""AKSU ÇAMLICA RES""";0,98;158,19;0;3,11;;;;;;;;
"=""API""";"=""WIND""";"=""2026-04-29T14:05:00+03:00""";"=""OA_YTM""";"=""AKSU RES""";"=""10928268862""";"=""2890""";"=""AKSU ÇAMLICA RES""";0,98;159,01;0;3,11;;;;;;;;
"=""API""";"=""WIND""";"=""2026-04-29T14:06:00+03:00""";"=""OA_YTM""";"=""AKSU RES""";"=""10928268862""";"=""2890""";"=""AKSU ÇAMLICA RES""";0,98;158,71;0;3,13;;;;;;;;
"=""API""";"=""WIND""";"=""2026-04-29T14:07:00+03:00""";"=""OA_YTM""";"=""AKSU RES""";"=""10928268862""";"=""2890""";"=""AKSU ÇAMLICA RES""";0,98;158,71;0;3,13;;;;;;;;
"=""API""";"=""WIND""";"=""2026-04-29T14:08:00+03:00""";"=""OA_YTM""";"=""AKSU RES""";"=""10928268862""";"=""2890""";"=""AKSU ÇAMLICA RES""";0,98;158,5;0;3,11;;;;;;;;
"=""API""";"=""WIND""";"=""2026-04-29T14:09:00+03:00""";"=""OA_YTM""";"=""AKSU RES""";"=""10928268862""";"=""2890""";"=""AKSU ÇAMLICA RES""";0,98;158,6;0;3,11;;;;;;;;
"=""API""";"=""WIND""";"=""2026-04-29T14:10:00+03:00""";"=""OA_YTM""";"=""AKSU RES""";"=""10928268862""";"=""2890""";"=""AKSU ÇAMLICA RES""";0,98;158,91;0;3,11;;;;;;;;
"=""API""";"=""WIND""";"=""2026-04-29T14:11:00+03:00""";"=""OA_YTM""";"=""AKSU RES""";"=""10928268862""";"=""2890""";"=""AKSU ÇAMLICA RES""";0,98;158,91;0;3,15;;;;;;;;
"=""API""";"=""WIND""";"=""2026-04-29T14:12:00+03:00""";"=""OA_YTM""";"=""AKSU RES""";"=""10928268862""";"=""2890""";"=""AKSU ÇAMLICA RES""";0,98;158,91;0;3,15;;;;;;;;
"=""API""";"=""WIND""";"=""2026-04-29T14:13:00+03:00""";"=""OA_YTM""";"=""AKSU RES""";"=""10928268862""";"=""2890""";"=""AKSU ÇAMLICA RES""";0,98;159,22;0;3,15;;;;;;;;
"=""API""";"=""WIND""";"=""2026-04-29T14:14:00+03:00""";"=""OA_YTM""";"=""AKSU RES""";"=""10928268862""";"=""2890""";"=""AKSU ÇAMLICA RES""";0,98;158,6;0;3,15;;;;;;;;
"=""API""";"=""WIND""";"=""2026-04-29T14:15:00+03:00""";"=""OA_YTM""";"=""AKSU RES""";"=""10928268862""";"=""2890""";"=""AKSU ÇAMLICA RES""";0,98;158,91;0;3,13;;;;;;;;
"=""API""";"=""WIND""";"=""2026-04-29T14:16:00+03:00""";"=""OA_YTM""";"=""AKSU RES""";"=""10928268862""";"=""2890""";"=""AKSU ÇAMLICA RES""";0,98;158,91;0;3,13;;;;;;;;
"=""API""";"=""WIND""";"=""2026-04-29T14:17:00+03:00""";"=""OA_YTM""";"=""AKSU RES""";"=""10928268862""";"=""2890""";"=""AKSU ÇAMLICA RES""";0,98;159,53;0;3,13;;;;;;;;
"=""API""";"=""WIND""";"=""2026-04-29T14:18:00+03:00""";"=""OA_YTM""";"=""AKSU RES""";"=""10928268862""";"=""2890""";"=""AKSU ÇAMLICA RES""";0,98;159,43;0;3,15;;;;;;;;
"=""API""";"=""WIND""";"=""2026-04-29T14:19:00+03:00""";"=""OA_YTM""";"=""AKSU RES""";"=""10928268862""";"=""2890""";"=""AKSU ÇAMLICA RES""";0,98;159,22;0;3,15;;;;;;;;
"=""API""";"=""WIND""";"=""2026-04-29T14:20:00+03:00""";"=""OA_YTM""";"=""AKSU RES""";"=""10928268862""";"=""2890""";"=""AKSU ÇAMLICA RES""";0,98;159,22;0;3,15;;;;;;;;
"=""API""";"=""WIND""";"=""2026-04-29T14:21:00+03:00""";"=""OA_YTM""";"=""AKSU RES""";"=""10928268862""";"=""2890""";"=""AKSU ÇAMLICA RES""";0,98;159,43;0;3,15;;;;;;;;
"=""API""";"=""WIND""";"=""2026-04-29T14:22:00+03:00""";"=""OA_YTM""";"=""AKSU RES""";"=""10928268862""";"=""2890""";"=""AKSU ÇAMLICA RES""";0,98;159,22;0;3,15;;;;;;;;
"=""API""";"=""WIND""";"=""2026-04-29T14:23:00+03:00""";"=""OA_YTM""";"=""AKSU RES""";"=""10928268862""";"=""2890""";"=""AKSU ÇAMLICA RES""";0,98;159,22;0;3,17;;;;;;;;
"=""API""";"=""WIND""";"=""2026-04-29T14:24:00+03:00""";"=""OA_YTM""";"=""AKSU RES""";"=""10928268862""";"=""2890""";"=""AKSU ÇAMLICA RES""";0,98;159,12;0;3,14;;;;;;;;
"=""API""";"=""WIND""";"=""2026-04-29T14:25:00+03:00""";"=""OA_YTM""";"=""AKSU RES""";"=""10928268862""";"=""2890""";"=""AKSU ÇAMLICA RES""";0,98;158,96;0;3,14;;;;;;;;
"=""API""";"=""WIND""";"=""2026-04-29T14:26:00+03:00""";"=""OA_YTM""";"=""AKSU RES""";"=""10928268862""";"=""2890""";"=""AKSU ÇAMLICA RES""";0,98;158,96;0;3,09;;;;;;;;
"=""API""";"=""WIND""";"=""2026-04-29T14:27:00+03:00""";"=""OA_YTM""";"=""AKSU RES""";"=""10928268862""";"=""2890""";"=""AKSU ÇAMLICA RES""";0,98;159,27;0;3,16;;;;;;;;
"=""API""";"=""WIND""";"=""2026-04-29T14:28:00+03:00""";"=""OA_YTM""";"=""AKSU RES""";"=""10928268862""";"=""2890""";"=""AKSU ÇAMLICA RES""";0,98;159,12;0;3,16;;;;;;;;
"=""API""";"=""WIND""";"=""2026-04-29T14:29:00+03:00""";"=""OA_YTM""";"=""AKSU RES""";"=""10928268862""";"=""2890""";"=""AKSU ÇAMLICA RES""";0,98;159,12;0;3,12;;;;;;;;
"=""API""";"=""WIND""";"=""2026-04-29T14:30:00+03:00""";"=""OA_YTM""";"=""AKSU RES""";"=""10928268862""";"=""2890""";"=""AKSU ÇAMLICA RES""";0,98;159,12;0;3,1;;;;;;;;
"=""API""";"=""WIND""";"=""2026-04-29T14:31:00+03:00""";"=""OA_YTM""";"=""AKSU RES""";"=""10928268862""";"=""2890""";"=""AKSU ÇAMLICA RES""";0,98;159,12;0;3,14;;;;;;;;
"=""API""";"=""WIND""";"=""2026-04-29T14:32:00+03:00""";"=""OA_YTM""";"=""AKSU RES""";"=""10928268862""";"=""2890""";"=""AKSU ÇAMLICA RES""";0,98;159,12;0;3,17;;;;;;;;
"=""API""";"=""WIND""";"=""2026-04-29T14:33:00+03:00""";"=""OA_YTM""";"=""AKSU RES""";"=""10928268862""";"=""2890""";"=""AKSU ÇAMLICA RES""";0,98;158,81;0;3,17;;;;;;;;
"=""API""";"=""WIND""";"=""2026-04-29T14:34:00+03:00""";"=""OA_YTM""";"=""AKSU RES""";"=""10928268862""";"=""2890""";"=""AKSU ÇAMLICA RES""";0,98;158,81;0;3,17;;;;;;;;
"=""API""";"=""WIND""";"=""2026-04-29T14:35:00+03:00""";"=""OA_YTM""";"=""AKSU RES""";"=""10928268862""";"=""2890""";"=""AKSU ÇAMLICA RES""";0,98;158,7;0;3,17;;;;;;;;
"=""API""";"=""WIND""";"=""2026-04-29T14:36:00+03:00""";"=""OA_YTM""";"=""AKSU RES""";"=""10928268862""";"=""2890""";"=""AKSU ÇAMLICA RES""";0,98;159,01;0;3,15;;;;;;;;
"=""API""";"=""WIND""";"=""2026-04-29T14:37:00+03:00""";"=""OA_YTM""";"=""AKSU RES""";"=""10928268862""";"=""2890""";"=""AKSU ÇAMLICA RES""";0,98;159,07;0;3,15;;;;;;;;
"=""API""";"=""WIND""";"=""2026-04-29T14:38:00+03:00""";"=""OA_YTM""";"=""AKSU RES""";"=""10928268862""";"=""2890""";"=""AKSU ÇAMLICA RES""";0,98;159,38;0;3,15;;;;;;;;
"=""API""";"=""WIND""";"=""2026-04-29T14:39:00+03:00""";"=""OA_YTM""";"=""AKSU RES""";"=""10928268862""";"=""2890""";"=""AKSU ÇAMLICA RES""";0,98;159,38;0;3,11;;;;;;;;
"=""API""";"=""WIND""";"=""2026-04-29T14:40:00+03:00""";"=""OA_YTM""";"=""AKSU RES""";"=""10928268862""";"=""2890""";"=""AKSU ÇAMLICA RES""";0,98;159,63;0;3,11;;;;;;;;
"=""API""";"=""WIND""";"=""2026-04-29T14:41:00+03:00""";"=""OA_YTM""";"=""AKSU RES""";"=""10928268862""";"=""2890""";"=""AKSU ÇAMLICA RES""";0,98;159,07;0;3,09;;;;;;;;
"=""API""";"=""WIND""";"=""2026-04-29T14:42:00+03:00""";"=""OA_YTM""";"=""AKSU RES""";"=""10928268862""";"=""2890""";"=""AKSU ÇAMLICA RES""";0,98;159,38;0;3,09;;;;;;;;
"=""API""";"=""WIND""";"=""2026-04-29T14:43:00+03:00""";"=""OA_YTM""";"=""AKSU RES""";"=""10928268862""";"=""2890""";"=""AKSU ÇAMLICA RES""";0,98;159,17;0;3,09;;;;;;;;
"=""API""";"=""WIND""";"=""2026-04-29T14:44:00+03:00""";"=""OA_YTM""";"=""AKSU RES""";"=""10928268862""";"=""2890""";"=""AKSU ÇAMLICA RES""";0,98;159,38;0;3,11;;;;;;;;
"=""API""";"=""WIND""";"=""2026-04-29T14:45:00+03:00""";"=""OA_YTM""";"=""AKSU RES""";"=""10928268862""";"=""2890""";"=""AKSU ÇAMLICA RES""";0,98;158,96;0;3,11;;;;;;;;
"=""API""";"=""WIND""";"=""2026-04-29T14:46:00+03:00""";"=""OA_YTM""";"=""AKSU RES""";"=""10928268862""";"=""2890""";"=""AKSU ÇAMLICA RES""";0,98;158,86;0;3,04;;;;;;;;
"=""API""";"=""WIND""";"=""2026-04-29T14:47:00+03:00""";"=""OA_YTM""";"=""AKSU RES""";"=""10928268862""";"=""2890""";"=""AKSU ÇAMLICA RES""";0,98;158,86;0;3,05;;;;;;;;
"=""API""";"=""WIND""";"=""2026-04-29T14:48:00+03:00""";"=""OA_YTM""";"=""AKSU RES""";"=""10928268862""";"=""2890""";"=""AKSU ÇAMLICA RES""";0,98;158,86;0;3,09;;;;;;;;
"=""API""";"=""WIND""";"=""2026-04-29T14:49:00+03:00""";"=""OA_YTM""";"=""AKSU RES""";"=""10928268862""";"=""2890""";"=""AKSU ÇAMLICA RES""";0,98;158,96;0;3,13;;;;;;;;
"=""API""";"=""WIND""";"=""2026-04-29T14:50:00+03:00""";"=""OA_YTM""";"=""AKSU RES""";"=""10928268862""";"=""2890""";"=""AKSU ÇAMLICA RES""";0,98;159,07;0;3,13;;;;;;;;
"=""API""";"=""WIND""";"=""2026-04-29T14:51:00+03:00""";"=""OA_YTM""";"=""AKSU RES""";"=""10928268862""";"=""2890""";"=""AKSU ÇAMLICA RES""";0,98;159,48;0;3,13;;;;;;;;
"=""API""";"=""WIND""";"=""2026-04-29T14:52:00+03:00""";"=""OA_YTM""";"=""AKSU RES""";"=""10928268862""";"=""2890""";"=""AKSU ÇAMLICA RES""";0,98;159,07;0;3,07;;;;;;;;
"=""API""";"=""WIND""";"=""2026-04-29T14:53:00+03:00""";"=""OA_YTM""";"=""AKSU RES""";"=""10928268862""";"=""2890""";"=""AKSU ÇAMLICA RES""";0,98;158,81;0;3,07;;;;;;;;
"=""API""";"=""WIND""";"=""2026-04-29T14:54:00+03:00""";"=""OA_YTM""";"=""AKSU RES""";"=""10928268862""";"=""2890""";"=""AKSU ÇAMLICA RES""";0,98;158,91;0;3,12;;;;;;;;
"=""API""";"=""WIND""";"=""2026-04-29T14:55:00+03:00""";"=""OA_YTM""";"=""AKSU RES""";"=""10928268862""";"=""2890""";"=""AKSU ÇAMLICA RES""";0,98;159,12;0;3,12;;;;;;;;
"=""API""";"=""WIND""";"=""2026-04-29T14:56:00+03:00""";"=""OA_YTM""";"=""AKSU RES""";"=""10928268862""";"=""2890""";"=""AKSU ÇAMLICA RES""";0,98;159,01;0;3,16;;;;;;;;
"=""API""";"=""WIND""";"=""2026-04-29T14:57:00+03:00""";"=""OA_YTM""";"=""AKSU RES""";"=""10928268862""";"=""2890""";"=""AKSU ÇAMLICA RES""";0,98;159,12;0;3,16;;;;;;;;
"=""API""";"=""WIND""";"=""2026-04-29T14:58:00+03:00""";"=""OA_YTM""";"=""AKSU RES""";"=""10928268862""";"=""2890""";"=""AKSU ÇAMLICA RES""";0,98;159,38;0;3,16;;;;;;;;
"=""API""";"=""WIND""";"=""2026-04-29T14:59:00+03:00""";"=""OA_YTM""";"=""AKSU RES""";"=""10928268862""";"=""2890""";"=""AKSU ÇAMLICA RES""";0,98;159,38;0;3,1;;;;;;;;
"=""API""";"=""WIND""";"=""2026-04-29T15:00:00+03:00""";"=""OA_YTM""";"=""AKSU RES""";"=""10928268862""";"=""2890""";"=""AKSU ÇAMLICA RES""";0,98;159,78;0;3,1;;;;;;;;
"=""API""";"=""WIND""";"=""2026-04-29T15:01:00+03:00""";"=""OA_YTM""";"=""AKSU RES""";"=""10928268862""";"=""2890""";"=""AKSU ÇAMLICA RES""";0,98;159,68;0;3,15;;;;;;;;
"=""API""";"=""WIND""";"=""2026-04-29T15:02:00+03:00""";"=""OA_YTM""";"=""AKSU RES""";"=""10928268862""";"=""2890""";"=""AKSU ÇAMLICA RES""";0,98;159,78;0;3,1;;;;;;;;
"=""API""";"=""WIND""";"=""2026-04-29T15:03:00+03:00""";"=""OA_YTM""";"=""AKSU RES""";"=""10928268862""";"=""2890""";"=""AKSU ÇAMLICA RES""";0,98;159,48;0;3,12;;;;;;;;
"=""API""";"=""WIND""";"=""2026-04-29T15:04:00+03:00""";"=""OA_YTM""";"=""AKSU RES""";"=""10928268862""";"=""2890""";"=""AKSU ÇAMLICA RES""";0,98;159,48;0;3,1;;;;;;;;
"=""API""";"=""WIND""";"=""2026-04-29T15:05:00+03:00""";"=""OA_YTM""";"=""AKSU RES""";"=""10928268862""";"=""2890""";"=""AKSU ÇAMLICA RES""";0,98;159,48;0;3,1;;;;;;;;
"=""API""";"=""WIND""";"=""2026-04-29T15:06:00+03:00""";"=""OA_YTM""";"=""AKSU RES""";"=""10928268862""";"=""2890""";"=""AKSU ÇAMLICA RES""";0,98;159,48;0;3,14;;;;;;;;
"=""API""";"=""WIND""";"=""2026-04-29T15:07:00+03:00""";"=""OA_YTM""";"=""AKSU RES""";"=""10928268862""";"=""2890""";"=""AKSU ÇAMLICA RES""";0,98;159,17;0;3,14;;;;;;;;
"=""API""";"=""WIND""";"=""2026-04-29T15:08:00+03:00""";"=""OA_YTM""";"=""AKSU RES""";"=""10928268862""";"=""2890""";"=""AKSU ÇAMLICA RES""";0,98;159,48;0;3,07;;;;;;;;
"=""API""";"=""WIND""";"=""2026-04-29T15:09:00+03:00""";"=""OA_YTM""";"=""AKSU RES""";"=""10928268862""";"=""2890""";"=""AKSU ÇAMLICA RES""";0,98;159,78;0;3,07;;;;;;;;
"=""API""";"=""WIND""";"=""2026-04-29T15:10:00+03:00""";"=""OA_YTM""";"=""AKSU RES""";"=""10928268862""";"=""2890""";"=""AKSU ÇAMLICA RES""";0,98;160,09;0;3,1;;;;;;;;
"=""API""";"=""WIND""";"=""2026-04-29T15:11:00+03:00""";"=""OA_YTM""";"=""AKSU RES""";"=""10928268862""";"=""2890""";"=""AKSU ÇAMLICA RES""";0,98;159,58;0;3,1;;;;;;;;
"=""API""";"=""WIND""";"=""2026-04-29T15:12:00+03:00""";"=""OA_YTM""";"=""AKSU RES""";"=""10928268862""";"=""2890""";"=""AKSU ÇAMLICA RES""";0,98;159,17;0;3,03;;;;;;;;
"=""API""";"=""WIND""";"=""2026-04-29T15:13:00+03:00""";"=""OA_YTM""";"=""AKSU RES""";"=""10928268862""";"=""2890""";"=""AKSU ÇAMLICA RES""";0,98;159,38;0;3;;;;;;;;
"=""API""";"=""WIND""";"=""2026-04-29T15:14:00+03:00""";"=""OA_YTM""";"=""AKSU RES""";"=""10928268862""";"=""2890""";"=""AKSU ÇAMLICA RES""";0,98;159,48;0;3,11;;;;;;;;
"=""API""";"=""WIND""";"=""2026-04-29T15:15:00+03:00""";"=""OA_YTM""";"=""AKSU RES""";"=""10928268862""";"=""2890""";"=""AKSU ÇAMLICA RES""";0,98;159,38;0;2,99;;;;;;;;
"=""API""";"=""WIND""";"=""2026-04-29T15:16:00+03:00""";"=""OA_YTM""";"=""AKSU RES""";"=""10928268862""";"=""2890""";"=""AKSU ÇAMLICA RES""";0,98;159,17;0;3,03;;;;;;;;
"=""API""";"=""WIND""";"=""2026-04-29T15:17:00+03:00""";"=""OA_YTM""";"=""AKSU RES""";"=""10928268862""";"=""2890""";"=""AKSU ÇAMLICA RES""";0,98;158,96;0;3,12;;;;;;;;
"=""API""";"=""WIND""";"=""2026-04-29T15:18:00+03:00""";"=""OA_YTM""";"=""AKSU RES""";"=""10928268862""";"=""2890""";"=""AKSU ÇAMLICA RES""";0,98;158,86;0;3,09;;;;;;;;
"=""API""";"=""WIND""";"=""2026-04-29T15:19:00+03:00""";"=""OA_YTM""";"=""AKSU RES""";"=""10928268862""";"=""2890""";"=""AKSU ÇAMLICA RES""";0,98;158,86;0;3,09;;;;;;;;
"=""API""";"=""WIND""";"=""2026-04-29T15:20:00+03:00""";"=""OA_YTM""";"=""AKSU RES""";"=""10928268862""";"=""2890""";"=""AKSU ÇAMLICA RES""";0,98;159,17;0;3,09;;;;;;;;
"=""API""";"=""WIND""";"=""2026-04-29T15:21:00+03:00""";"=""OA_YTM""";"=""AKSU RES""";"=""10928268862""";"=""2890""";"=""AKSU ÇAMLICA RES""";0,98;159,53;0;3,13;;;;;;;;
"=""API""";"=""WIND""";"=""2026-04-29T15:22:00+03:00""";"=""OA_YTM""";"=""AKSU RES""";"=""10928268862""";"=""2890""";"=""AKSU ÇAMLICA RES""";0,98;159,22;0;3,13;;;;;;;;
"=""API""";"=""WIND""";"=""2026-04-29T15:23:00+03:00""";"=""OA_YTM""";"=""AKSU RES""";"=""10928268862""";"=""2890""";"=""AKSU ÇAMLICA RES""";0,98;159,43;0;3,13;;;;;;;;
"=""API""";"=""WIND""";"=""2026-04-29T15:24:00+03:00""";"=""OA_YTM""";"=""AKSU RES""";"=""10928268862""";"=""2890""";"=""AKSU ÇAMLICA RES""";0,98;159,53;0;3,1;;;;;;;;
"=""API""";"=""WIND""";"=""2026-04-29T15:25:00+03:00""";"=""OA_YTM""";"=""AKSU RES""";"=""10928268862""";"=""2890""";"=""AKSU ÇAMLICA RES""";0,98;159,17;0;3,1;;;;;;;;
"=""API""";"=""WIND""";"=""2026-04-29T15:26:00+03:00""";"=""OA_YTM""";"=""AKSU RES""";"=""10928268862""";"=""2890""";"=""AKSU ÇAMLICA RES""";0,98;158,86;0;3,09;;;;;;;;
"=""API""";"=""WIND""";"=""2026-04-29T15:27:00+03:00""";"=""OA_YTM""";"=""AKSU RES""";"=""10928268862""";"=""2890""";"=""AKSU ÇAMLICA RES""";0,98;159,12;0;3,09;;;;;;;;
"=""API""";"=""WIND""";"=""2026-04-29T15:28:00+03:00""";"=""OA_YTM""";"=""AKSU RES""";"=""10928268862""";"=""2890""";"=""AKSU ÇAMLICA RES""";0,98;159,01;0;3,09;;;;;;;;
"=""API""";"=""WIND""";"=""2026-04-29T15:29:00+03:00""";"=""OA_YTM""";"=""AKSU RES""";"=""10928268862""";"=""2890""";"=""AKSU ÇAMLICA RES""";0,98;159,01;0;3,09;;;;;;;;
"=""API""";"=""WIND""";"=""2026-04-29T15:30:00+03:00""";"=""OA_YTM""";"=""AKSU RES""";"=""10928268862""";"=""2890""";"=""AKSU ÇAMLICA RES""";0,98;158,7;0;3,09;;;;;;;;
"=""API""";"=""WIND""";"=""2026-04-29T15:31:00+03:00""";"=""OA_YTM""";"=""AKSU RES""";"=""10928268862""";"=""2890""";"=""AKSU ÇAMLICA RES""";0,98;158,86;0;3,09;;;;;;;;
"=""API""";"=""WIND""";"=""2026-04-29T15:32:00+03:00""";"=""OA_YTM""";"=""AKSU RES""";"=""10928268862""";"=""2890""";"=""AKSU ÇAMLICA RES""";0,98;158,65;0;3,11;;;;;;;;
"=""API""";"=""WIND""";"=""2026-04-29T15:33:00+03:00""";"=""OA_YTM""";"=""AKSU RES""";"=""10928268862""";"=""2890""";"=""AKSU ÇAMLICA RES""";0,98;158,96;0;3,08;;;;;;;;
"=""API""";"=""WIND""";"=""2026-04-29T15:34:00+03:00""";"=""OA_YTM""";"=""AKSU RES""";"=""10928268862""";"=""2890""";"=""AKSU ÇAMLICA RES""";0,98;158,65;0;3,08;;;;;;;;
"=""API""";"=""WIND""";"=""2026-04-29T15:35:00+03:00""";"=""OA_YTM""";"=""AKSU RES""";"=""10928268862""";"=""2890""";"=""AKSU ÇAMLICA RES""";0,98;159,27;0;3,08;;;;;;;;
"=""API""";"=""WIND""";"=""2026-04-29T15:36:00+03:00""";"=""OA_YTM""";"=""AKSU RES""";"=""10928268862""";"=""2890""";"=""AKSU ÇAMLICA RES""";0,98;159,07;0;3,03;;;;;;;;
"=""API""";"=""WIND""";"=""2026-04-29T15:37:00+03:00""";"=""OA_YTM""";"=""AKSU RES""";"=""10928268862""";"=""2890""";"=""AKSU ÇAMLICA RES""";0,98;158,86;0;3,11;;;;;;;;
"=""API""";"=""WIND""";"=""2026-04-29T15:38:00+03:00""";"=""OA_YTM""";"=""AKSU RES""";"=""10928268862""";"=""2890""";"=""AKSU ÇAMLICA RES""";0,98;158,29;0;3,11;;;;;;;;
"=""API""";"=""WIND""";"=""2026-04-29T15:39:00+03:00""";"=""OA_YTM""";"=""AKSU RES""";"=""10928268862""";"=""2890""";"=""AKSU ÇAMLICA RES""";0,98;158,76;0;3,11;;;;;;;;
"=""API""";"=""WIND""";"=""2026-04-29T15:40:00+03:00""";"=""OA_YTM""";"=""AKSU RES""";"=""10928268862""";"=""2890""";"=""AKSU ÇAMLICA RES""";0,98;158,65;0;3,07;;;;;;;;
"=""API""";"=""WIND""";"=""2026-04-29T15:41:00+03:00""";"=""OA_YTM""";"=""AKSU RES""";"=""10928268862""";"=""2890""";"=""AKSU ÇAMLICA RES""";0,98;159,17;0;3,07;;;;;;;;
"=""API""";"=""WIND""";"=""2026-04-29T15:42:00+03:00""";"=""OA_YTM""";"=""AKSU RES""";"=""10928268862""";"=""2890""";"=""AKSU ÇAMLICA RES""";0,98;159,58;0;3,07;;;;;;;;
"=""API""";"=""WIND""";"=""2026-04-29T15:43:00+03:00""";"=""OA_YTM""";"=""AKSU RES""";"=""10928268862""";"=""2890""";"=""AKSU ÇAMLICA RES""";0,98;159,07;0;3,07;;;;;;;;
"=""API""";"=""WIND""";"=""2026-04-29T15:44:00+03:00""";"=""OA_YTM""";"=""AKSU RES""";"=""10928268862""";"=""2890""";"=""AKSU ÇAMLICA RES""";0,98;159,12;0;3,07;;;;;;;;
"=""API""";"=""WIND""";"=""2026-04-29T15:45:00+03:00""";"=""OA_YTM""";"=""AKSU RES""";"=""10928268862""";"=""2890""";"=""AKSU ÇAMLICA RES""";0,98;159,12;0;3,07;;;;;;;;
"=""API""";"=""WIND""";"=""2026-04-29T15:46:00+03:00""";"=""OA_YTM""";"=""AKSU RES""";"=""10928268862""";"=""2890""";"=""AKSU ÇAMLICA RES""";0,98;159,02;0;3,07;;;;;;;;
"=""API""";"=""WIND""";"=""2026-04-29T15:47:00+03:00""";"=""OA_YTM""";"=""AKSU RES""";"=""10928268862""";"=""2890""";"=""AKSU ÇAMLICA RES""";0,98;159,22;0;3,12;;;;;;;;
"=""API""";"=""WIND""";"=""2026-04-29T15:48:00+03:00""";"=""OA_YTM""";"=""AKSU RES""";"=""10928268862""";"=""2890""";"=""AKSU ÇAMLICA RES""";0,98;159,53;0;3,12;;;;;;;;
"=""API""";"=""WIND""";"=""2026-04-29T15:49:00+03:00""";"=""OA_YTM""";"=""AKSU RES""";"=""10928268862""";"=""2890""";"=""AKSU ÇAMLICA RES""";0,98;159,43;0;3,12;;;;;;;;
"=""API""";"=""WIND""";"=""2026-04-29T15:50:00+03:00""";"=""OA_YTM""";"=""AKSU RES""";"=""10928268862""";"=""2890""";"=""AKSU ÇAMLICA RES""";0,98;159,73;0;3,12;;;;;;;;
"=""API""";"=""WIND""";"=""2026-04-29T15:51:00+03:00""";"=""OA_YTM""";"=""AKSU RES""";"=""10928268862""";"=""2890""";"=""AKSU ÇAMLICA RES""";0,98;159,73;0;3,05;;;;;;;;
"=""API""";"=""WIND""";"=""2026-04-29T15:52:00+03:00""";"=""OA_YTM""";"=""AKSU RES""";"=""10928268862""";"=""2890""";"=""AKSU ÇAMLICA RES""";0,98;159,73;0;3,12;;;;;;;;
"=""API""";"=""WIND""";"=""2026-04-29T15:53:00+03:00""";"=""OA_YTM""";"=""AKSU RES""";"=""10928268862""";"=""2890""";"=""AKSU ÇAMLICA RES""";0,98;159,43;0;3,12;;;;;;;;
"=""API""";"=""WIND""";"=""2026-04-29T15:54:00+03:00""";"=""OA_YTM""";"=""AKSU RES""";"=""10928268862""";"=""2890""";"=""AKSU ÇAMLICA RES""";0,98;159,63;0;3,12;;;;;;;;
"=""API""";"=""WIND""";"=""2026-04-29T15:55:00+03:00""";"=""OA_YTM""";"=""AKSU RES""";"=""10928268862""";"=""2890""";"=""AKSU ÇAMLICA RES""";0,98;159,53;0;3,05;;;;;;;;
"=""API""";"=""WIND""";"=""2026-04-29T15:56:00+03:00""";"=""OA_YTM""";"=""AKSU RES""";"=""10928268862""";"=""2890""";"=""AKSU ÇAMLICA RES""";0,98;159,01;0;3,05;;;;;;;;
"=""API""";"=""WIND""";"=""2026-04-29T15:57:00+03:00""";"=""OA_YTM""";"=""AKSU RES""";"=""10928268862""";"=""2890""";"=""AKSU ÇAMLICA RES""";0,98;158,81;0;3,11;;;;;;;;
"=""API""";"=""WIND""";"=""2026-04-29T15:58:00+03:00""";"=""OA_YTM""";"=""AKSU RES""";"=""10928268862""";"=""2890""";"=""AKSU ÇAMLICA RES""";0,98;159,12;0;3,09;;;;;;;;
"=""API""";"=""WIND""";"=""2026-04-29T15:59:00+03:00""";"=""OA_YTM""";"=""AKSU RES""";"=""10928268862""";"=""2890""";"=""AKSU ÇAMLICA RES""";0,98;159,73;0;3,04;;;;;;;;
"=""API""";"=""WIND""";"=""2026-04-29T16:00:00+03:00""";"=""OA_YTM""";"=""AKSU RES""";"=""10928268862""";"=""2890""";"=""AKSU ÇAMLICA RES""";0,98;159,73;0;2,98;;;;;;;;
"=""API""";"=""WIND""";"=""2026-04-29T16:01:00+03:00""";"=""OA_YTM""";"=""AKSU RES""";"=""10928268862""";"=""2890""";"=""AKSU ÇAMLICA RES""";0,98;159,89;0;3,06;;;;;;;;
"=""API""";"=""WIND""";"=""2026-04-29T16:02:00+03:00""";"=""OA_YTM""";"=""AKSU RES""";"=""10928268862""";"=""2890""";"=""AKSU ÇAMLICA RES""";0,98;159,58;0;3,12;;;;;;;;
"=""API""";"=""WIND""";"=""2026-04-29T16:03:00+03:00""";"=""OA_YTM""";"=""AKSU RES""";"=""10928268862""";"=""2890""";"=""AKSU ÇAMLICA RES""";0,98;160,2;0;3,03;;;;;;;;
"=""API""";"=""WIND""";"=""2026-04-29T16:04:00+03:00""";"=""OA_YTM""";"=""AKSU RES""";"=""10928268862""";"=""2890""";"=""AKSU ÇAMLICA RES""";0,98;160,2;0;3,03;;;;;;;;
"=""API""";"=""WIND""";"=""2026-04-29T16:05:00+03:00""";"=""OA_YTM""";"=""AKSU RES""";"=""10928268862""";"=""2890""";"=""AKSU ÇAMLICA RES""";0,98;160,2;0;3,17;;;;;;;;
"=""API""";"=""WIND""";"=""2026-04-29T16:06:00+03:00""";"=""OA_YTM""";"=""AKSU RES""";"=""10928268862""";"=""2890""";"=""AKSU ÇAMLICA RES""";0,98;159,89;0;3,17;;;;;;;;
"=""API""";"=""WIND""";"=""2026-04-29T16:07:00+03:00""";"=""OA_YTM""";"=""AKSU RES""";"=""10928268862""";"=""2890""";"=""AKSU ÇAMLICA RES""";0,98;159,89;0;3,17;;;;;;;;
"=""API""";"=""WIND""";"=""2026-04-29T16:08:00+03:00""";"=""OA_YTM""";"=""AKSU RES""";"=""10928268862""";"=""2890""";"=""AKSU ÇAMLICA RES""";0,98;160,2;0;3,12;;;;;;;;
"=""API""";"=""WIND""";"=""2026-04-29T16:09:00+03:00""";"=""OA_YTM""";"=""AKSU RES""";"=""10928268862""";"=""2890""";"=""AKSU ÇAMLICA RES""";0,98;160,2;0;3,12;;;;;;;;
"=""API""";"=""WIND""";"=""2026-04-29T16:10:00+03:00""";"=""OA_YTM""";"=""AKSU RES""";"=""10928268862""";"=""2890""";"=""AKSU ÇAMLICA RES""";0,98;160,2;0;3,13;;;;;;;;
"=""API""";"=""WIND""";"=""2026-04-29T16:11:00+03:00""";"=""OA_YTM""";"=""AKSU RES""";"=""10928268862""";"=""2890""";"=""AKSU ÇAMLICA RES""";0,98;160,09;0;3,13;;;;;;;;
"=""API""";"=""WIND""";"=""2026-04-29T16:12:00+03:00""";"=""OA_YTM""";"=""AKSU RES""";"=""10928268862""";"=""2890""";"=""AKSU ÇAMLICA RES""";0,98;159,89;0;3,08;;;;;;;;
"=""API""";"=""WIND""";"=""2026-04-29T16:13:00+03:00""";"=""OA_YTM""";"=""AKSU RES""";"=""10928268862""";"=""2890""";"=""AKSU ÇAMLICA RES""";0,98;159,58;0;3,08;;;;;;;;
"=""API""";"=""WIND""";"=""2026-04-29T16:14:00+03:00""";"=""OA_YTM""";"=""AKSU RES""";"=""10928268862""";"=""2890""";"=""AKSU ÇAMLICA RES""";0,98;159,68;0;3,11;;;;;;;;
"=""API""";"=""WIND""";"=""2026-04-29T16:15:00+03:00""";"=""OA_YTM""";"=""AKSU RES""";"=""10928268862""";"=""2890""";"=""AKSU ÇAMLICA RES""";0,98;159,89;0;3,18;;;;;;;;
"=""API""";"=""WIND""";"=""2026-04-29T16:16:00+03:00""";"=""OA_YTM""";"=""AKSU RES""";"=""10928268862""";"=""2890""";"=""AKSU ÇAMLICA RES""";0,98;159,58;0;3,18;;;;;;;;
"=""API""";"=""WIND""";"=""2026-04-29T16:17:00+03:00""";"=""OA_YTM""";"=""AKSU RES""";"=""10928268862""";"=""2890""";"=""AKSU ÇAMLICA RES""";0,98;159,58;0;3,18;;;;;;;;
"=""API""";"=""WIND""";"=""2026-04-29T16:18:00+03:00""";"=""OA_YTM""";"=""AKSU RES""";"=""10928268862""";"=""2890""";"=""AKSU ÇAMLICA RES""";0,98;159,38;0;3,18;;;;;;;;
"=""API""";"=""WIND""";"=""2026-04-29T16:19:00+03:00""";"=""OA_YTM""";"=""AKSU RES""";"=""10928268862""";"=""2890""";"=""AKSU ÇAMLICA RES""";0,98;159,27;0;3,1;;;;;;;;
"=""API""";"=""WIND""";"=""2026-04-29T16:20:00+03:00""";"=""OA_YTM""";"=""AKSU RES""";"=""10928268862""";"=""2890""";"=""AKSU ÇAMLICA RES""";0,98;159,07;0;3,1;;;;;;;;
"=""API""";"=""WIND""";"=""2026-04-29T16:21:00+03:00""";"=""OA_YTM""";"=""AKSU RES""";"=""10928268862""";"=""2890""";"=""AKSU ÇAMLICA RES""";0,98;159,27;0;3,13;;;;;;;;
"=""API""";"=""WIND""";"=""2026-04-29T16:22:00+03:00""";"=""OA_YTM""";"=""AKSU RES""";"=""10928268862""";"=""2890""";"=""AKSU ÇAMLICA RES""";0,98;159,27;0;3,13;;;;;;;;
"=""API""";"=""WIND""";"=""2026-04-29T16:23:00+03:00""";"=""OA_YTM""";"=""AKSU RES""";"=""10928268862""";"=""2890""";"=""AKSU ÇAMLICA RES""";0,98;158,65;0;3,13;;;;;;;;
"=""API""";"=""WIND""";"=""2026-04-29T16:24:00+03:00""";"=""OA_YTM""";"=""AKSU RES""";"=""10928268862""";"=""2890""";"=""AKSU ÇAMLICA RES""";0,98;159,27;0;3,13;;;;;;;;
"=""API""";"=""WIND""";"=""2026-04-29T16:25:00+03:00""";"=""OA_YTM""";"=""AKSU RES""";"=""10928268862""";"=""2890""";"=""AKSU ÇAMLICA RES""";0,98;159,17;0;3,13;;;;;;;;
"=""API""";"=""WIND""";"=""2026-04-29T16:26:00+03:00""";"=""OA_YTM""";"=""AKSU RES""";"=""10928268862""";"=""2890""";"=""AKSU ÇAMLICA RES""";0,98;158,96;0;3,11;;;;;;;;
"=""API""";"=""WIND""";"=""2026-04-29T16:27:00+03:00""";"=""OA_YTM""";"=""AKSU RES""";"=""10928268862""";"=""2890""";"=""AKSU ÇAMLICA RES""";0,98;158,96;0;3,11;;;;;;;;
"=""API""";"=""WIND""";"=""2026-04-29T16:28:00+03:00""";"=""OA_YTM""";"=""AKSU RES""";"=""10928268862""";"=""2890""";"=""AKSU ÇAMLICA RES""";0,98;159,17;0;3,1;;;;;;;;
"=""API""";"=""WIND""";"=""2026-04-29T16:29:00+03:00""";"=""OA_YTM""";"=""AKSU RES""";"=""10928268862""";"=""2890""";"=""AKSU ÇAMLICA RES""";0,98;159,17;0;3,1;;;;;;;;
"=""API""";"=""WIND""";"=""2026-04-29T16:30:00+03:00""";"=""OA_YTM""";"=""AKSU RES""";"=""10928268862""";"=""2890""";"=""AKSU ÇAMLICA RES""";0,98;158,6;0;3,07;;;;;;;;
"=""API""";"=""WIND""";"=""2026-04-29T16:31:00+03:00""";"=""OA_YTM""";"=""AKSU RES""";"=""10928268862""";"=""2890""";"=""AKSU ÇAMLICA RES""";0,98;158,91;0;3,07;;;;;;;;
"=""API""";"=""WIND""";"=""2026-04-29T16:32:00+03:00""";"=""OA_YTM""";"=""AKSU RES""";"=""10928268862""";"=""2890""";"=""AKSU ÇAMLICA RES""";0,98;158,6;0;3,07;;;;;;;;
"=""API""";"=""WIND""";"=""2026-04-29T16:33:00+03:00""";"=""OA_YTM""";"=""AKSU RES""";"=""10928268862""";"=""2890""";"=""AKSU ÇAMLICA RES""";0,98;159,53;0;3,03;;;;;;;;
"=""API""";"=""WIND""";"=""2026-04-29T16:34:00+03:00""";"=""OA_YTM""";"=""AKSU RES""";"=""10928268862""";"=""2890""";"=""AKSU ÇAMLICA RES""";0,98;158,71;0;3,03;;;;;;;;
"=""API""";"=""WIND""";"=""2026-04-29T16:35:00+03:00""";"=""OA_YTM""";"=""AKSU RES""";"=""10928268862""";"=""2890""";"=""AKSU ÇAMLICA RES""";0,98;158,29;0;3,03;;;;;;;;
"=""API""";"=""WIND""";"=""2026-04-29T16:36:00+03:00""";"=""OA_YTM""";"=""AKSU RES""";"=""10928268862""";"=""2890""";"=""AKSU ÇAMLICA RES""";0,98;158,19;0;3,03;;;;;;;;
"=""API""";"=""WIND""";"=""2026-04-29T16:37:00+03:00""";"=""OA_YTM""";"=""AKSU RES""";"=""10928268862""";"=""2890""";"=""AKSU ÇAMLICA RES""";0,98;158,4;0;3,08;;;;;;;;
"=""API""";"=""WIND""";"=""2026-04-29T16:38:00+03:00""";"=""OA_YTM""";"=""AKSU RES""";"=""10928268862""";"=""2890""";"=""AKSU ÇAMLICA RES""";0,98;158,19;0;3;;;;;;;;
"=""API""";"=""WIND""";"=""2026-04-29T16:39:00+03:00""";"=""OA_YTM""";"=""AKSU RES""";"=""10928268862""";"=""2890""";"=""AKSU ÇAMLICA RES""";0,98;158,19;0;3;;;;;;;;
"=""API""";"=""WIND""";"=""2026-04-29T16:40:00+03:00""";"=""OA_YTM""";"=""AKSU RES""";"=""10928268862""";"=""2890""";"=""AKSU ÇAMLICA RES""";0,98;158,5;0;3,04;;;;;;;;
"=""API""";"=""WIND""";"=""2026-04-29T16:41:00+03:00""";"=""OA_YTM""";"=""AKSU RES""";"=""10928268862""";"=""2890""";"=""AKSU ÇAMLICA RES""";0,98;158,35;0;3,04;;;;;;;;
"=""API""";"=""WIND""";"=""2026-04-29T16:42:00+03:00""";"=""OA_YTM""";"=""AKSU RES""";"=""10928268862""";"=""2890""";"=""AKSU ÇAMLICA RES""";0,98;157,93;0;3,09;;;;;;;;
"=""API""";"=""WIND""";"=""2026-04-29T16:43:00+03:00""";"=""OA_YTM""";"=""AKSU RES""";"=""10928268862""";"=""2890""";"=""AKSU ÇAMLICA RES""";0,98;158,5;0;3,09;;;;;;;;
"=""API""";"=""WIND""";"=""2026-04-29T16:44:00+03:00""";"=""OA_YTM""";"=""AKSU RES""";"=""10928268862""";"=""2890""";"=""AKSU ÇAMLICA RES""";0,98;158,4;0;3,09;;;;;;;;
"=""API""";"=""WIND""";"=""2026-04-29T16:45:00+03:00""";"=""OA_YTM""";"=""AKSU RES""";"=""10928268862""";"=""2890""";"=""AKSU ÇAMLICA RES""";0,98;158,4;0;3,09;;;;;;;;
"=""API""";"=""WIND""";"=""2026-04-29T16:46:00+03:00""";"=""OA_YTM""";"=""AKSU RES""";"=""10928268862""";"=""2890""";"=""AKSU ÇAMLICA RES""";0,98;158,55;0;3,12;;;;;;;;
"=""API""";"=""WIND""";"=""2026-04-29T16:47:00+03:00""";"=""OA_YTM""";"=""AKSU RES""";"=""10928268862""";"=""2890""";"=""AKSU ÇAMLICA RES""";0,98;158,55;0;3,12;;;;;;;;
"=""API""";"=""WIND""";"=""2026-04-29T16:48:00+03:00""";"=""OA_YTM""";"=""AKSU RES""";"=""10928268862""";"=""2890""";"=""AKSU ÇAMLICA RES""";0,98;158,6;0;3,15;;;;;;;;
"=""API""";"=""WIND""";"=""2026-04-29T16:49:00+03:00""";"=""OA_YTM""";"=""AKSU RES""";"=""10928268862""";"=""2890""";"=""AKSU ÇAMLICA RES""";0,98;158,6;0;3,15;;;;;;;;
"=""API""";"=""WIND""";"=""2026-04-29T16:50:00+03:00""";"=""OA_YTM""";"=""AKSU RES""";"=""10928268862""";"=""2890""";"=""AKSU ÇAMLICA RES""";0,98;158,6;0;3,15;;;;;;;;
"=""API""";"=""WIND""";"=""2026-04-29T16:51:00+03:00""";"=""OA_YTM""";"=""AKSU RES""";"=""10928268862""";"=""2890""";"=""AKSU ÇAMLICA RES""";0,98;158,6;0;3,15;;;;;;;;
"=""API""";"=""WIND""";"=""2026-04-29T16:52:00+03:00""";"=""OA_YTM""";"=""AKSU RES""";"=""10928268862""";"=""2890""";"=""AKSU ÇAMLICA RES""";0,98;158,91;0;3,1;;;;;;;;
"=""API""";"=""WIND""";"=""2026-04-29T16:53:00+03:00""";"=""OA_YTM""";"=""AKSU RES""";"=""10928268862""";"=""2890""";"=""AKSU ÇAMLICA RES""";0,98;158,91;0;3,12;;;;;;;;
"=""API""";"=""WIND""";"=""2026-04-29T16:54:00+03:00""";"=""OA_YTM""";"=""AKSU RES""";"=""10928268862""";"=""2890""";"=""AKSU ÇAMLICA RES""";0,98;158,91;0;3,15;;;;;;;;
"=""API""";"=""WIND""";"=""2026-04-29T16:55:00+03:00""";"=""OA_YTM""";"=""AKSU RES""";"=""10928268862""";"=""2890""";"=""AKSU ÇAMLICA RES""";0,98;158,76;0;3,14;;;;;;;;
"=""API""";"=""WIND""";"=""2026-04-29T16:56:00+03:00""";"=""OA_YTM""";"=""AKSU RES""";"=""10928268862""";"=""2890""";"=""AKSU ÇAMLICA RES""";0,98;158,65;0;3,14;;;;;;;;
"=""API""";"=""WIND""";"=""2026-04-29T16:57:00+03:00""";"=""OA_YTM""";"=""AKSU RES""";"=""10928268862""";"=""2890""";"=""AKSU ÇAMLICA RES""";0,98;158,76;0;3,06;;;;;;;;
"=""API""";"=""WIND""";"=""2026-04-29T16:58:00+03:00""";"=""OA_YTM""";"=""AKSU RES""";"=""10928268862""";"=""2890""";"=""AKSU ÇAMLICA RES""";0,98;159,07;0;3,06;;;;;;;;
"=""API""";"=""WIND""";"=""2026-04-29T16:59:00+03:00""";"=""OA_YTM""";"=""AKSU RES""";"=""10928268862""";"=""2890""";"=""AKSU ÇAMLICA RES""";0,98;158,76;0;3,1;;;;;;;;
"=""API""";"=""WIND""";"=""2026-04-29T17:00:00+03:00""";"=""OA_YTM""";"=""AKSU RES""";"=""10928268862""";"=""2890""";"=""AKSU ÇAMLICA RES""";0,98;158,86;0;3,1;;;;;;;;
"=""API""";"=""WIND""";"=""2026-04-29T17:01:00+03:00""";"=""OA_YTM""";"=""AKSU RES""";"=""10928268862""";"=""2890""";"=""AKSU ÇAMLICA RES""";0,98;158,45;0;2,96;;;;;;;;
"=""API""";"=""WIND""";"=""2026-04-29T17:02:00+03:00""";"=""OA_YTM""";"=""AKSU RES""";"=""10928268862""";"=""2890""";"=""AKSU ÇAMLICA RES""";0,98;158,76;7,94;-0,42;;;;;;;;
"=""API""";"=""WIND""";"=""2026-04-29T17:03:00+03:00""";"=""OA_YTM""";"=""AKSU RES""";"=""10928268862""";"=""2890""";"=""AKSU ÇAMLICA RES""";0,98;160,14;32,74;7,06;;;;;0;5,98;"=""1""";
"=""API""";"=""WIND""";"=""2026-04-29T17:04:00+03:00""";"=""OA_YTM""";"=""AKSU RES""";"=""10928268862""";"=""2890""";"=""AKSU ÇAMLICA RES""";0,98;159,84;38,69;7,7;;;;;0;7,07;"=""1""";
"=""API""";"=""WIND""";"=""2026-04-29T17:05:00+03:00""";"=""OA_YTM""";"=""AKSU RES""";"=""10928268862""";"=""2890""";"=""AKSU ÇAMLICA RES""";0,98;160,35;35,71;7,57;;;;;0;6,52;"=""1""";
"=""API""";"=""WIND""";"=""2026-04-29T17:06:00+03:00""";"=""OA_YTM""";"=""AKSU RES""";"=""10928268862""";"=""2890""";"=""AKSU ÇAMLICA RES""";0,98;160,35;31,75;7,23;;;;;0;5,8;"=""1""";
"=""API""";"=""WIND""";"=""2026-04-29T17:07:00+03:00""";"=""OA_YTM""";"=""AKSU RES""";"=""10928268862""";"=""2890""";"=""AKSU ÇAMLICA RES""";0,98;160,04;26,79;6,31;;;;;0;4,89;"=""1""";
"=""API""";"=""WIND""";"=""2026-04-29T17:08:00+03:00""";"=""OA_YTM""";"=""AKSU RES""";"=""10928268862""";"=""2890""";"=""AKSU ÇAMLICA RES""";0,98;159,84;25,79;6;;;;;0;4,71;"=""1""";
"=""API""";"=""WIND""";"=""2026-04-29T17:09:00+03:00""";"=""OA_YTM""";"=""AKSU RES""";"=""10928268862""";"=""2890""";"=""AKSU ÇAMLICA RES""";0,98;159,58;21,83;4,75;;;;;0;3,98;"=""1""";
"=""API""";"=""WIND""";"=""2026-04-29T17:10:00+03:00""";"=""OA_YTM""";"=""AKSU RES""";"=""10928268862""";"=""2890""";"=""AKSU ÇAMLICA RES""";0,98;159,79;20,83;4,36;;;;;0;3,8;"=""1""";
"=""API""";"=""WIND""";"=""2026-04-29T17:11:00+03:00""";"=""OA_YTM""";"=""AKSU RES""";"=""10928268862""";"=""2890""";"=""AKSU ÇAMLICA RES""";0,98;159,58;19,84;4,32;;;;;0;3,62;"=""1""";
"=""API""";"=""WIND""";"=""2026-04-29T17:12:00+03:00""";"=""OA_YTM""";"=""AKSU RES""";"=""10928268862""";"=""2890""";"=""AKSU ÇAMLICA RES""";0,98;159,89;20,83;4,54;;;;;0;3,8;"=""1""";
"=""API""";"=""WIND""";"=""2026-04-29T17:13:00+03:00""";"=""OA_YTM""";"=""AKSU RES""";"=""10928268862""";"=""2890""";"=""AKSU ÇAMLICA RES""";0,98;159,89;19,84;4,17;;;;;0;3,62;"=""1""";
"=""API""";"=""WIND""";"=""2026-04-29T17:14:00+03:00""";"=""OA_YTM""";"=""AKSU RES""";"=""10928268862""";"=""2890""";"=""AKSU ÇAMLICA RES""";0,98;159,89;15,87;3,52;;;;;0;2,9;"=""1""";
"=""API""";"=""WIND""";"=""2026-04-29T17:15:00+03:00""";"=""OA_YTM""";"=""AKSU RES""";"=""10928268862""";"=""2890""";"=""AKSU ÇAMLICA RES""";0,98;159,48;12,9;2,93;;;;;0;2,35;"=""1""";
"=""API""";"=""WIND""";"=""2026-04-29T17:16:00+03:00""";"=""OA_YTM""";"=""AKSU RES""";"=""10928268862""";"=""2890""";"=""AKSU ÇAMLICA RES""";0,98;159,58;10,91;2,72;;;;;0;1,99;"=""1""";
"=""API""";"=""WIND""";"=""2026-04-29T17:17:00+03:00""";"=""OA_YTM""";"=""AKSU RES""";"=""10928268862""";"=""2890""";"=""AKSU ÇAMLICA RES""";0,98;159,79;9,92;2,23;;;;;0;1,81;"=""1""";
"=""API""";"=""WIND""";"=""2026-04-29T17:18:00+03:00""";"=""OA_YTM""";"=""AKSU RES""";"=""10928268862""";"=""2890""";"=""AKSU ÇAMLICA RES""";0,98;159,89;7,94;1,76;;;;;;;;
"=""API""";"=""WIND""";"=""2026-04-29T17:19:00+03:00""";"=""OA_YTM""";"=""AKSU RES""";"=""10928268862""";"=""2890""";"=""AKSU ÇAMLICA RES""";0,98;159,48;8,93;1,76;;;;;0;1,63;"=""1""";
"=""API""";"=""WIND""";"=""2026-04-29T17:20:00+03:00""";"=""OA_YTM""";"=""AKSU RES""";"=""10928268862""";"=""2890""";"=""AKSU ÇAMLICA RES""";0,98;159,58;7,94;1,83;;;;;;;;
"=""API""";"=""WIND""";"=""2026-04-29T17:21:00+03:00""";"=""OA_YTM""";"=""AKSU RES""";"=""10928268862""";"=""2890""";"=""AKSU ÇAMLICA RES""";0,98;159,79;7,94;1,48;;;;;;;;
"=""API""";"=""WIND""";"=""2026-04-29T17:22:00+03:00""";"=""OA_YTM""";"=""AKSU RES""";"=""10928268862""";"=""2890""";"=""AKSU ÇAMLICA RES""";0,98;159,68;7,94;1,68;;;;;;;;
"=""API""";"=""WIND""";"=""2026-04-29T17:23:00+03:00""";"=""OA_YTM""";"=""AKSU RES""";"=""10928268862""";"=""2890""";"=""AKSU ÇAMLICA RES""";0,98;159,17;6,94;1,59;;;;;;;;
"=""API""";"=""WIND""";"=""2026-04-29T17:24:00+03:00""";"=""OA_YTM""";"=""AKSU RES""";"=""10928268862""";"=""2890""";"=""AKSU ÇAMLICA RES""";0,98;159,48;5,95;1,21;;;;;;;;
"=""API""";"=""WIND""";"=""2026-04-29T17:25:00+03:00""";"=""OA_YTM""";"=""AKSU RES""";"=""10928268862""";"=""2890""";"=""AKSU ÇAMLICA RES""";0,98;159,37;4,96;1,21;;;;;;;;
"=""API""";"=""WIND""";"=""2026-04-29T17:26:00+03:00""";"=""OA_YTM""";"=""AKSU RES""";"=""10928268862""";"=""2890""";"=""AKSU ÇAMLICA RES""";0,98;159,37;5,95;1,01;;;;;;;;
"=""API""";"=""WIND""";"=""2026-04-29T17:27:00+03:00""";"=""OA_YTM""";"=""AKSU RES""";"=""10928268862""";"=""2890""";"=""AKSU ÇAMLICA RES""";0,98;159,27;4,96;1,18;;;;;;;;
"=""API""";"=""WIND""";"=""2026-04-29T17:28:00+03:00""";"=""OA_YTM""";"=""AKSU RES""";"=""10928268862""";"=""2890""";"=""AKSU ÇAMLICA RES""";0,98;159,48;4,96;1,18;;;;;;;;
"=""API""";"=""WIND""";"=""2026-04-29T17:29:00+03:00""";"=""OA_YTM""";"=""AKSU RES""";"=""10928268862""";"=""2890""";"=""AKSU ÇAMLICA RES""";0,98;159,68;5,95;0,89;;;;;;;;
"=""API""";"=""WIND""";"=""2026-04-29T17:30:00+03:00""";"=""OA_YTM""";"=""AKSU RES""";"=""10928268862""";"=""2890""";"=""AKSU ÇAMLICA RES""";0,98;159,79;6,94;1,37;;;;;;;;
"=""API""";"=""WIND""";"=""2026-04-29T17:31:00+03:00""";"=""OA_YTM""";"=""AKSU RES""";"=""10928268862""";"=""2890""";"=""AKSU ÇAMLICA RES""";0,98;159,79;6,94;1,6;;;;;;;;
"=""API""";"=""WIND""";"=""2026-04-29T17:32:00+03:00""";"=""OA_YTM""";"=""AKSU RES""";"=""10928268862""";"=""2890""";"=""AKSU ÇAMLICA RES""";0,98;159,79;8,93;1,76;;;;;0;1,63;"=""1""";
"=""API""";"=""WIND""";"=""2026-04-29T17:33:00+03:00""";"=""OA_YTM""";"=""AKSU RES""";"=""10928268862""";"=""2890""";"=""AKSU ÇAMLICA RES""";0,98;159,68;8,93;1,86;;;;;0;1,63;"=""1""";
"=""API""";"=""WIND""";"=""2026-04-29T17:34:00+03:00""";"=""OA_YTM""";"=""AKSU RES""";"=""10928268862""";"=""2890""";"=""AKSU ÇAMLICA RES""";0,98;159,79;9,92;2,02;;;;;0;1,81;"=""1""";
"=""API""";"=""WIND""";"=""2026-04-29T17:35:00+03:00""";"=""OA_YTM""";"=""AKSU RES""";"=""10928268862""";"=""2890""";"=""AKSU ÇAMLICA RES""";0,98;159,99;9,92;1,94;;;;;0;1,81;"=""1""";
"=""API""";"=""WIND""";"=""2026-04-29T17:36:00+03:00""";"=""OA_YTM""";"=""AKSU RES""";"=""10928268862""";"=""2890""";"=""AKSU ÇAMLICA RES""";0,98;159,27;10,91;2,25;;;;;0;1,99;"=""1""";
"=""API""";"=""WIND""";"=""2026-04-29T17:37:00+03:00""";"=""OA_YTM""";"=""AKSU RES""";"=""10928268862""";"=""2890""";"=""AKSU ÇAMLICA RES""";0,98;159,06;9,92;1,88;;;;;0;1,81;"=""1""";
"=""API""";"=""WIND""";"=""2026-04-29T17:38:00+03:00""";"=""OA_YTM""";"=""AKSU RES""";"=""10928268862""";"=""2890""";"=""AKSU ÇAMLICA RES""";0,98;159,06;10,91;2,15;;;;;0;1,99;"=""1""";
"=""API""";"=""WIND""";"=""2026-04-29T17:39:00+03:00""";"=""OA_YTM""";"=""AKSU RES""";"=""10928268862""";"=""2890""";"=""AKSU ÇAMLICA RES""";0,98;158,96;11,91;2,37;;;;;0;2,17;"=""1""";
"=""API""";"=""WIND""";"=""2026-04-29T17:40:00+03:00""";"=""OA_YTM""";"=""AKSU RES""";"=""10928268862""";"=""2890""";"=""AKSU ÇAMLICA RES""";0,98;159,06;10,91;2,66;;;;;0;1,99;"=""1""";
"=""API""";"=""WIND""";"=""2026-04-29T17:41:00+03:00""";"=""OA_YTM""";"=""AKSU RES""";"=""10928268862""";"=""2890""";"=""AKSU ÇAMLICA RES""";0,98;159,68;12,9;2,5;;;;;0;2,35;"=""1""";
"=""API""";"=""WIND""";"=""2026-04-29T17:42:00+03:00""";"=""OA_YTM""";"=""AKSU RES""";"=""10928268862""";"=""2890""";"=""AKSU ÇAMLICA RES""";0,98;159,37;13,89;2,59;;;;;0;2,53;"=""1""";
"=""API""";"=""WIND""";"=""2026-04-29T17:43:00+03:00""";"=""OA_YTM""";"=""AKSU RES""";"=""10928268862""";"=""2890""";"=""AKSU ÇAMLICA RES""";0,98;159,68;12,9;2,63;;;;;0;2,35;"=""1""";
"=""API""";"=""WIND""";"=""2026-04-29T17:44:00+03:00""";"=""OA_YTM""";"=""AKSU RES""";"=""10928268862""";"=""2890""";"=""AKSU ÇAMLICA RES""";0,98;159,68;13,89;2,82;;;;;0;2,53;"=""1""";
"=""API""";"=""WIND""";"=""2026-04-29T17:45:00+03:00""";"=""OA_YTM""";"=""AKSU RES""";"=""10928268862""";"=""2890""";"=""AKSU ÇAMLICA RES""";0,98;159,99;13,89;3;;;;;0;2,53;"=""1""";
"=""API""";"=""WIND""";"=""2026-04-29T17:46:00+03:00""";"=""OA_YTM""";"=""AKSU RES""";"=""10928268862""";"=""2890""";"=""AKSU ÇAMLICA RES""";0,98;159,99;12,9;2,77;;;;;0;2,35;"=""1""";
"=""API""";"=""WIND""";"=""2026-04-29T17:47:00+03:00""";"=""OA_YTM""";"=""AKSU RES""";"=""10928268862""";"=""2890""";"=""AKSU ÇAMLICA RES""";0,98;160,3;12,9;2,74;;;;;0;2,35;"=""1""";
"=""API""";"=""WIND""";"=""2026-04-29T17:48:00+03:00""";"=""OA_YTM""";"=""AKSU RES""";"=""10928268862""";"=""2890""";"=""AKSU ÇAMLICA RES""";0,98;160,3;11,91;2,49;;;;;0;2,17;"=""1""";
"=""API""";"=""WIND""";"=""2026-04-29T17:49:00+03:00""";"=""OA_YTM""";"=""AKSU RES""";"=""10928268862""";"=""2890""";"=""AKSU ÇAMLICA RES""";0,98;160,2;10,91;2,41;;;;;0;1,99;"=""1""";
"=""API""";"=""WIND""";"=""2026-04-29T17:50:00+03:00""";"=""OA_YTM""";"=""AKSU RES""";"=""10928268862""";"=""2890""";"=""AKSU ÇAMLICA RES""";0,98;159,99;10,91;2,32;;;;;0;1,99;"=""1""";
"=""API""";"=""WIND""";"=""2026-04-29T17:51:00+03:00""";"=""OA_YTM""";"=""AKSU RES""";"=""10928268862""";"=""2890""";"=""AKSU ÇAMLICA RES""";0,98;159,99;9,92;2,04;;;;;0;1,81;"=""1""";
"=""API""";"=""WIND""";"=""2026-04-29T17:52:00+03:00""";"=""OA_YTM""";"=""AKSU RES""";"=""10928268862""";"=""2890""";"=""AKSU ÇAMLICA RES""";0,98;159,99;8,93;1,82;;;;;0;1,63;"=""1""";
"=""API""";"=""WIND""";"=""2026-04-29T17:53:00+03:00""";"=""OA_YTM""";"=""AKSU RES""";"=""10928268862""";"=""2890""";"=""AKSU ÇAMLICA RES""";0,98;159,79;6,94;1,55;;;;;;;;
"=""API""";"=""WIND""";"=""2026-04-29T17:54:00+03:00""";"=""OA_YTM""";"=""AKSU RES""";"=""10928268862""";"=""2890""";"=""AKSU ÇAMLICA RES""";0,98;159,68;6,94;1,36;;;;;;;;
"=""API""";"=""WIND""";"=""2026-04-29T17:55:00+03:00""";"=""OA_YTM""";"=""AKSU RES""";"=""10928268862""";"=""2890""";"=""AKSU ÇAMLICA RES""";0,98;159,68;5,95;1,24;;;;;;;;
"=""API""";"=""WIND""";"=""2026-04-29T17:56:00+03:00""";"=""OA_YTM""";"=""AKSU RES""";"=""10928268862""";"=""2890""";"=""AKSU ÇAMLICA RES""";0,98;159,89;5,95;1,32;;;;;;;;
"=""API""";"=""WIND""";"=""2026-04-29T17:57:00+03:00""";"=""OA_YTM""";"=""AKSU RES""";"=""10928268862""";"=""2890""";"=""AKSU ÇAMLICA RES""";0,98;160,09;4,96;1,17;;;;;;;;
"=""API""";"=""WIND""";"=""2026-04-29T17:58:00+03:00""";"=""OA_YTM""";"=""AKSU RES""";"=""10928268862""";"=""2890""";"=""AKSU ÇAMLICA RES""";0,98;159,99;3,97;1,01;;;;;;;;
"=""API""";"=""WIND""";"=""2026-04-29T17:59:00+03:00""";"=""OA_YTM""";"=""AKSU RES""";"=""10928268862""";"=""2890""";"=""AKSU ÇAMLICA RES""";0,98;159,99;3,97;0,91;;;;;;;;
"=""API""";"=""WIND""";"=""2026-04-29T18:00:00+03:00""";"=""OA_YTM""";"=""AKSU RES""";"=""10928268862""";"=""2890""";"=""AKSU ÇAMLICA RES""";0,98;159,99;3,97;0,74;;;;;;;;
"=""API""";"=""WIND""";"=""2026-04-29T18:01:00+03:00""";"=""OA_YTM""";"=""AKSU RES""";"=""10928268862""";"=""2890""";"=""AKSU ÇAMLICA RES""";0,98;159,89;2,98;0,68;;;;;;;;
"=""API""";"=""WIND""";"=""2026-04-29T18:02:00+03:00""";"=""OA_YTM""";"=""AKSU RES""";"=""10928268862""";"=""2890""";"=""AKSU ÇAMLICA RES""";0,98;160,3;1,98;0,62;;;;;;;;
"=""API""";"=""WIND""";"=""2026-04-29T18:03:00+03:00""";"=""OA_YTM""";"=""AKSU RES""";"=""10928268862""";"=""2890""";"=""AKSU ÇAMLICA RES""";0,98;160,61;2,98;0,62;;;;;;;;
"=""API""";"=""WIND""";"=""2026-04-29T18:04:00+03:00""";"=""OA_YTM""";"=""AKSU RES""";"=""10928268862""";"=""2890""";"=""AKSU ÇAMLICA RES""";0,98;160,91;1,98;0,56;;;;;;;;
"=""API""";"=""WIND""";"=""2026-04-29T18:05:00+03:00""";"=""OA_YTM""";"=""AKSU RES""";"=""10928268862""";"=""2890""";"=""AKSU ÇAMLICA RES""";0,98;160,71;1,98;0,45;;;;;;;;
"=""API""";"=""WIND""";"=""2026-04-29T18:06:00+03:00""";"=""OA_YTM""";"=""AKSU RES""";"=""10928268862""";"=""2890""";"=""AKSU ÇAMLICA RES""";0,98;160,61;1,98;0,31;;;;;;;;
"=""API""";"=""WIND""";"=""2026-04-29T18:07:00+03:00""";"=""OA_YTM""";"=""AKSU RES""";"=""10928268862""";"=""2890""";"=""AKSU ÇAMLICA RES""";0,98;160,61;0,99;0,46;;;;;;;;
"=""API""";"=""WIND""";"=""2026-04-29T18:08:00+03:00""";"=""OA_YTM""";"=""AKSU RES""";"=""10928268862""";"=""2890""";"=""AKSU ÇAMLICA RES""";0,98;160,3;0;0,35;;;;;;;;
"=""API""";"=""WIND""";"=""2026-04-29T18:09:00+03:00""";"=""OA_YTM""";"=""AKSU RES""";"=""10928268862""";"=""2890""";"=""AKSU ÇAMLICA RES""";0,98;159,68;0;0,49;;;;;;;;
"=""API""";"=""WIND""";"=""2026-04-29T18:10:00+03:00""";"=""OA_YTM""";"=""AKSU RES""";"=""10928268862""";"=""2890""";"=""AKSU ÇAMLICA RES""";0,98;159,99;0;1,09;;;;;;;;
"=""API""";"=""WIND""";"=""2026-04-29T18:11:00+03:00""";"=""OA_YTM""";"=""AKSU RES""";"=""10928268862""";"=""2890""";"=""AKSU ÇAMLICA RES""";0,98;159,89;0;1,2;;;;;;;;
"=""API""";"=""WIND""";"=""2026-04-29T18:12:00+03:00""";"=""OA_YTM""";"=""AKSU RES""";"=""10928268862""";"=""2890""";"=""AKSU ÇAMLICA RES""";0,98;159,79;0;1,58;;;;;;;;
"=""API""";"=""WIND""";"=""2026-04-29T18:13:00+03:00""";"=""OA_YTM""";"=""AKSU RES""";"=""10928268862""";"=""2890""";"=""AKSU ÇAMLICA RES""";0,98;159,79;0;1,55;;;;;;;;
"=""API""";"=""WIND""";"=""2026-04-29T18:14:00+03:00""";"=""OA_YTM""";"=""AKSU RES""";"=""10928268862""";"=""2890""";"=""AKSU ÇAMLICA RES""";0,98;159,58;0;1,36;;;;;;;;
"=""API""";"=""WIND""";"=""2026-04-29T18:15:00+03:00""";"=""OA_YTM""";"=""AKSU RES""";"=""10928268862""";"=""2890""";"=""AKSU ÇAMLICA RES""";0,98;159,48;0;1,88;;;;;;;;
"=""API""";"=""WIND""";"=""2026-04-29T18:16:00+03:00""";"=""OA_YTM""";"=""AKSU RES""";"=""10928268862""";"=""2890""";"=""AKSU ÇAMLICA RES""";0,98;159,37;0;2,2;;;;;;;;
"=""API""";"=""WIND""";"=""2026-04-29T18:17:00+03:00""";"=""OA_YTM""";"=""AKSU RES""";"=""10928268862""";"=""2890""";"=""AKSU ÇAMLICA RES""";0,98;159,27;0;1,84;;;;;;;;
"=""API""";"=""WIND""";"=""2026-04-29T18:18:00+03:00""";"=""OA_YTM""";"=""AKSU RES""";"=""10928268862""";"=""2890""";"=""AKSU ÇAMLICA RES""";0,98;159,48;0;2,09;;;;;;;;
"=""API""";"=""WIND""";"=""2026-04-29T18:19:00+03:00""";"=""OA_YTM""";"=""AKSU RES""";"=""10928268862""";"=""2890""";"=""AKSU ÇAMLICA RES""";0,98;159,37;0;1,74;;;;;;;;
"=""API""";"=""WIND""";"=""2026-04-29T18:20:00+03:00""";"=""OA_YTM""";"=""AKSU RES""";"=""10928268862""";"=""2890""";"=""AKSU ÇAMLICA RES""";0,98;159,17;0;2,29;;;;;;;;
"=""API""";"=""WIND""";"=""2026-04-29T18:21:00+03:00""";"=""OA_YTM""";"=""AKSU RES""";"=""10928268862""";"=""2890""";"=""AKSU ÇAMLICA RES""";0,98;158,76;0;2,29;;;;;;;;
"=""API""";"=""WIND""";"=""2026-04-29T18:22:00+03:00""";"=""OA_YTM""";"=""AKSU RES""";"=""10928268862""";"=""2890""";"=""AKSU ÇAMLICA RES""";0,98;158,76;0;2,14;;;;;;;;
"=""API""";"=""WIND""";"=""2026-04-29T18:23:00+03:00""";"=""OA_YTM""";"=""AKSU RES""";"=""10928268862""";"=""2890""";"=""AKSU ÇAMLICA RES""";0,98;158,76;0;2,16;;;;;;;;
"=""API""";"=""WIND""";"=""2026-04-29T18:24:00+03:00""";"=""OA_YTM""";"=""AKSU RES""";"=""10928268862""";"=""2890""";"=""AKSU ÇAMLICA RES""";0,98;158,86;0;1,87;;;;;;;;
"=""API""";"=""WIND""";"=""2026-04-29T18:25:00+03:00""";"=""OA_YTM""";"=""AKSU RES""";"=""10928268862""";"=""2890""";"=""AKSU ÇAMLICA RES""";0,98;158,76;0;2,32;;;;;;;;
"=""API""";"=""WIND""";"=""2026-04-29T18:26:00+03:00""";"=""OA_YTM""";"=""AKSU RES""";"=""10928268862""";"=""2890""";"=""AKSU ÇAMLICA RES""";0,98;158,76;0;2,32;;;;;;;;
"=""API""";"=""WIND""";"=""2026-04-29T18:27:00+03:00""";"=""OA_YTM""";"=""AKSU RES""";"=""10928268862""";"=""2890""";"=""AKSU ÇAMLICA RES""";0,98;158,86;0;2,22;;;;;;;;
"=""API""";"=""WIND""";"=""2026-04-29T18:28:00+03:00""";"=""OA_YTM""";"=""AKSU RES""";"=""10928268862""";"=""2890""";"=""AKSU ÇAMLICA RES""";0,98;158,86;0;2,08;;;;;;;;
"=""API""";"=""WIND""";"=""2026-04-29T18:29:00+03:00""";"=""OA_YTM""";"=""AKSU RES""";"=""10928268862""";"=""2890""";"=""AKSU ÇAMLICA RES""";0,98;158,55;0;2,38;;;;;;;;
"=""API""";"=""WIND""";"=""2026-04-29T18:30:00+03:00""";"=""OA_YTM""";"=""AKSU RES""";"=""10928268862""";"=""2890""";"=""AKSU ÇAMLICA RES""";0,98;158,65;0;2,44;;;;;;;;
"=""API""";"=""WIND""";"=""2026-04-29T18:31:00+03:00""";"=""OA_YTM""";"=""AKSU RES""";"=""10928268862""";"=""2890""";"=""AKSU ÇAMLICA RES""";0,98;158,96;0;2,25;;;;;;;;
"=""API""";"=""WIND""";"=""2026-04-29T18:32:00+03:00""";"=""OA_YTM""";"=""AKSU RES""";"=""10928268862""";"=""2890""";"=""AKSU ÇAMLICA RES""";0,98;158,86;0;2,3;;;;;;;;
"=""API""";"=""WIND""";"=""2026-04-29T18:33:00+03:00""";"=""OA_YTM""";"=""AKSU RES""";"=""10928268862""";"=""2890""";"=""AKSU ÇAMLICA RES""";0,98;159,27;0;2,3;;;;;;;;
"=""API""";"=""WIND""";"=""2026-04-29T18:34:00+03:00""";"=""OA_YTM""";"=""AKSU RES""";"=""10928268862""";"=""2890""";"=""AKSU ÇAMLICA RES""";0,98;158,96;0;2,35;;;;;;;;
"=""API""";"=""WIND""";"=""2026-04-29T18:35:00+03:00""";"=""OA_YTM""";"=""AKSU RES""";"=""10928268862""";"=""2890""";"=""AKSU ÇAMLICA RES""";0,98;158,71;0;2,55;;;;;;;;
"=""API""";"=""WIND""";"=""2026-04-29T18:36:00+03:00""";"=""OA_YTM""";"=""AKSU RES""";"=""10928268862""";"=""2890""";"=""AKSU ÇAMLICA RES""";0,98;159,02;0;2,7;;;;;;;;
"=""API""";"=""WIND""";"=""2026-04-29T18:37:00+03:00""";"=""OA_YTM""";"=""AKSU RES""";"=""10928268862""";"=""2890""";"=""AKSU ÇAMLICA RES""";0,98;158,81;0;2,68;;;;;;;;
"=""API""";"=""WIND""";"=""2026-04-29T18:38:00+03:00""";"=""OA_YTM""";"=""AKSU RES""";"=""10928268862""";"=""2890""";"=""AKSU ÇAMLICA RES""";0,98;158,81;0;2,68;;;;;;;;
"=""API""";"=""WIND""";"=""2026-04-29T18:39:00+03:00""";"=""OA_YTM""";"=""AKSU RES""";"=""10928268862""";"=""2890""";"=""AKSU ÇAMLICA RES""";0,98;158,5;0;2,82;;;;;;;;
"=""API""";"=""WIND""";"=""2026-04-29T18:40:00+03:00""";"=""OA_YTM""";"=""AKSU RES""";"=""10928268862""";"=""2890""";"=""AKSU ÇAMLICA RES""";0,98;158,4;0;2,82;;;;;;;;
"=""API""";"=""WIND""";"=""2026-04-29T18:41:00+03:00""";"=""OA_YTM""";"=""AKSU RES""";"=""10928268862""";"=""2890""";"=""AKSU ÇAMLICA RES""";0,98;157,88;0;2,59;;;;;;;;
"=""API""";"=""WIND""";"=""2026-04-29T18:42:00+03:00""";"=""OA_YTM""";"=""AKSU RES""";"=""10928268862""";"=""2890""";"=""AKSU ÇAMLICA RES""";0,98;157,88;0;2,59;;;;;;;;
"=""API""";"=""WIND""";"=""2026-04-29T18:43:00+03:00""";"=""OA_YTM""";"=""AKSU RES""";"=""10928268862""";"=""2890""";"=""AKSU ÇAMLICA RES""";0,98;157,58;0;2,59;;;;;;;;
"=""API""";"=""WIND""";"=""2026-04-29T18:44:00+03:00""";"=""OA_YTM""";"=""AKSU RES""";"=""10928268862""";"=""2890""";"=""AKSU ÇAMLICA RES""";0,98;157,83;0;2,79;;;;;;;;
"=""API""";"=""WIND""";"=""2026-04-29T18:45:00+03:00""";"=""OA_YTM""";"=""AKSU RES""";"=""10928268862""";"=""2890""";"=""AKSU ÇAMLICA RES""";0,98;157,52;0;2,79;;;;;;;;
"=""API""";"=""WIND""";"=""2026-04-29T18:46:00+03:00""";"=""OA_YTM""";"=""AKSU RES""";"=""10928268862""";"=""2890""";"=""AKSU ÇAMLICA RES""";0,98;157,78;0;2,79;;;;;;;;
"=""API""";"=""WIND""";"=""2026-04-29T18:47:00+03:00""";"=""OA_YTM""";"=""AKSU RES""";"=""10928268862""";"=""2890""";"=""AKSU ÇAMLICA RES""";0,98;158,09;0;2,83;;;;;;;;
"=""API""";"=""WIND""";"=""2026-04-29T18:48:00+03:00""";"=""OA_YTM""";"=""AKSU RES""";"=""10928268862""";"=""2890""";"=""AKSU ÇAMLICA RES""";0,98;158,4;0;2,83;;;;;;;;
"=""API""";"=""WIND""";"=""2026-04-29T18:49:00+03:00""";"=""OA_YTM""";"=""AKSU RES""";"=""10928268862""";"=""2890""";"=""AKSU ÇAMLICA RES""";0,98;158,09;0;2,8;;;;;;;;
"=""API""";"=""WIND""";"=""2026-04-29T18:50:00+03:00""";"=""OA_YTM""";"=""AKSU RES""";"=""10928268862""";"=""2890""";"=""AKSU ÇAMLICA RES""";0,98;157,42;0;2,74;;;;;;;;
"=""API""";"=""WIND""";"=""2026-04-29T18:51:00+03:00""";"=""OA_YTM""";"=""AKSU RES""";"=""10928268862""";"=""2890""";"=""AKSU ÇAMLICA RES""";0,98;157,27;0;2,81;;;;;;;;
"=""API""";"=""WIND""";"=""2026-04-29T18:52:00+03:00""";"=""OA_YTM""";"=""AKSU RES""";"=""10928268862""";"=""2890""";"=""AKSU ÇAMLICA RES""";0,98;156,55;0;2,78;;;;;;;;
"=""API""";"=""WIND""";"=""2026-04-29T18:53:00+03:00""";"=""OA_YTM""";"=""AKSU RES""";"=""10928268862""";"=""2890""";"=""AKSU ÇAMLICA RES""";0,98;156,86;0;2,78;;;;;;;;
"=""API""";"=""WIND""";"=""2026-04-29T18:54:00+03:00""";"=""OA_YTM""";"=""AKSU RES""";"=""10928268862""";"=""2890""";"=""AKSU ÇAMLICA RES""";0,98;157,22;0;2,78;;;;;;;;
"=""API""";"=""WIND""";"=""2026-04-29T18:55:00+03:00""";"=""OA_YTM""";"=""AKSU RES""";"=""10928268862""";"=""2890""";"=""AKSU ÇAMLICA RES""";0,98;157,73;0;2,78;;;;;;;;
"=""API""";"=""WIND""";"=""2026-04-29T18:56:00+03:00""";"=""OA_YTM""";"=""AKSU RES""";"=""10928268862""";"=""2890""";"=""AKSU ÇAMLICA RES""";0,98;157,94;0;2,77;;;;;;;;
"=""API""";"=""WIND""";"=""2026-04-29T18:57:00+03:00""";"=""OA_YTM""";"=""AKSU RES""";"=""10928268862""";"=""2890""";"=""AKSU ÇAMLICA RES""";0,98;157,89;0;2,74;;;;;;;;
"=""API""";"=""WIND""";"=""2026-04-29T18:58:00+03:00""";"=""OA_YTM""";"=""AKSU RES""";"=""10928268862""";"=""2890""";"=""AKSU ÇAMLICA RES""";0,98;157,89;0;2,51;;;;;;;;
"=""API""";"=""WIND""";"=""2026-04-29T18:59:00+03:00""";"=""OA_YTM""";"=""AKSU RES""";"=""10928268862""";"=""2890""";"=""AKSU ÇAMLICA RES""";0,98;158,24;0;2,58;;;;;;;;
"=""API""";"=""WIND""";"=""2026-04-29T19:00:00+03:00""";"=""OA_YTM""";"=""AKSU RES""";"=""10928268862""";"=""2890""";"=""AKSU ÇAMLICA RES""";0,98;158,24;0;2,62;;;;;;;;
"=""API""";"=""WIND""";"=""2026-04-29T19:01:00+03:00""";"=""OA_YTM""";"=""AKSU RES""";"=""10928268862""";"=""2890""";"=""AKSU ÇAMLICA RES""";0,98;157,22;0;2,62;;;;;;;;
"=""API""";"=""WIND""";"=""2026-04-29T19:02:00+03:00""";"=""OA_YTM""";"=""AKSU RES""";"=""10928268862""";"=""2890""";"=""AKSU ÇAMLICA RES""";0,98;157,63;0;2,56;;;;;;;;
"=""API""";"=""WIND""";"=""2026-04-29T19:03:00+03:00""";"=""OA_YTM""";"=""AKSU RES""";"=""10928268862""";"=""2890""";"=""AKSU ÇAMLICA RES""";0,98;157,68;0;2,86;;;;;;;;
"=""API""";"=""WIND""";"=""2026-04-29T19:04:00+03:00""";"=""OA_YTM""";"=""AKSU RES""";"=""10928268862""";"=""2890""";"=""AKSU ÇAMLICA RES""";0,98;158,19;0;2,99;;;;;;;;
"=""API""";"=""WIND""";"=""2026-04-29T19:05:00+03:00""";"=""OA_YTM""";"=""AKSU RES""";"=""10928268862""";"=""2890""";"=""AKSU ÇAMLICA RES""";0,98;158,09;0;2,83;;;;;;;;
"=""API""";"=""WIND""";"=""2026-04-29T19:06:00+03:00""";"=""OA_YTM""";"=""AKSU RES""";"=""10928268862""";"=""2890""";"=""AKSU ÇAMLICA RES""";0,98;157,68;0;2,83;;;;;;;;
"=""API""";"=""WIND""";"=""2026-04-29T19:07:00+03:00""";"=""OA_YTM""";"=""AKSU RES""";"=""10928268862""";"=""2890""";"=""AKSU ÇAMLICA RES""";0,98;157,58;0;2,83;;;;;;;;
"=""API""";"=""WIND""";"=""2026-04-29T19:08:00+03:00""";"=""OA_YTM""";"=""AKSU RES""";"=""10928268862""";"=""2890""";"=""AKSU ÇAMLICA RES""";0,98;157,89;0;2,83;;;;;;;;
"=""API""";"=""WIND""";"=""2026-04-29T19:09:00+03:00""";"=""OA_YTM""";"=""AKSU RES""";"=""10928268862""";"=""2890""";"=""AKSU ÇAMLICA RES""";0,98;157,99;0;2,83;;;;;;;;
"=""API""";"=""WIND""";"=""2026-04-29T19:10:00+03:00""";"=""OA_YTM""";"=""AKSU RES""";"=""10928268862""";"=""2890""";"=""AKSU ÇAMLICA RES""";0,98;157,32;0;2,77;;;;;;;;
"=""API""";"=""WIND""";"=""2026-04-29T19:11:00+03:00""";"=""OA_YTM""";"=""AKSU RES""";"=""10928268862""";"=""2890""";"=""AKSU ÇAMLICA RES""";0,98;157,52;0;2,96;;;;;;;;
"=""API""";"=""WIND""";"=""2026-04-29T19:12:00+03:00""";"=""OA_YTM""";"=""AKSU RES""";"=""10928268862""";"=""2890""";"=""AKSU ÇAMLICA RES""";0,98;157,83;0;2,99;;;;;;;;
"=""API""";"=""WIND""";"=""2026-04-29T19:13:00+03:00""";"=""OA_YTM""";"=""AKSU RES""";"=""10928268862""";"=""2890""";"=""AKSU ÇAMLICA RES""";0,98;157,68;0;2,99;;;;;;;;
"=""API""";"=""WIND""";"=""2026-04-29T19:14:00+03:00""";"=""OA_YTM""";"=""AKSU RES""";"=""10928268862""";"=""2890""";"=""AKSU ÇAMLICA RES""";0,98;157,68;0;2,97;;;;;;;;
"=""API""";"=""WIND""";"=""2026-04-29T19:15:00+03:00""";"=""OA_YTM""";"=""AKSU RES""";"=""10928268862""";"=""2890""";"=""AKSU ÇAMLICA RES""";0,98;157,47;0;2,97;;;;;;;;
"=""API""";"=""WIND""";"=""2026-04-29T19:16:00+03:00""";"=""OA_YTM""";"=""AKSU RES""";"=""10928268862""";"=""2890""";"=""AKSU ÇAMLICA RES""";0,98;158,09;0;2,97;;;;;;;;
"=""API""";"=""WIND""";"=""2026-04-29T19:17:00+03:00""";"=""OA_YTM""";"=""AKSU RES""";"=""10928268862""";"=""2890""";"=""AKSU ÇAMLICA RES""";0,98;158,19;0;2,97;;;;;;;;
"=""API""";"=""WIND""";"=""2026-04-29T19:18:00+03:00""";"=""OA_YTM""";"=""AKSU RES""";"=""10928268862""";"=""2890""";"=""AKSU ÇAMLICA RES""";0,98;158,29;0;3,01;;;;;;;;
"=""API""";"=""WIND""";"=""2026-04-29T19:19:00+03:00""";"=""OA_YTM""";"=""AKSU RES""";"=""10928268862""";"=""2890""";"=""AKSU ÇAMLICA RES""";0,98;157,99;0;3,01;;;;;;;;
"=""API""";"=""WIND""";"=""2026-04-29T19:20:00+03:00""";"=""OA_YTM""";"=""AKSU RES""";"=""10928268862""";"=""2890""";"=""AKSU ÇAMLICA RES""";0,98;157,78;0;3,01;;;;;;;;
"=""API""";"=""WIND""";"=""2026-04-29T19:21:00+03:00""";"=""OA_YTM""";"=""AKSU RES""";"=""10928268862""";"=""2890""";"=""AKSU ÇAMLICA RES""";0,98;157,99;0;2,99;;;;;;;;
"=""API""";"=""WIND""";"=""2026-04-29T19:22:00+03:00""";"=""OA_YTM""";"=""AKSU RES""";"=""10928268862""";"=""2890""";"=""AKSU ÇAMLICA RES""";0,98;157,78;0;2,84;;;;;;;;
"=""API""";"=""WIND""";"=""2026-04-29T19:23:00+03:00""";"=""OA_YTM""";"=""AKSU RES""";"=""10928268862""";"=""2890""";"=""AKSU ÇAMLICA RES""";0,98;157,47;0;2,84;;;;;;;;
"=""API""";"=""WIND""";"=""2026-04-29T19:24:00+03:00""";"=""OA_YTM""";"=""AKSU RES""";"=""10928268862""";"=""2890""";"=""AKSU ÇAMLICA RES""";0,98;157,47;0;2,84;;;;;;;;
"=""API""";"=""WIND""";"=""2026-04-29T19:25:00+03:00""";"=""OA_YTM""";"=""AKSU RES""";"=""10928268862""";"=""2890""";"=""AKSU ÇAMLICA RES""";0,98;157,68;0;2,87;;;;;;;;
"=""API""";"=""WIND""";"=""2026-04-29T19:26:00+03:00""";"=""OA_YTM""";"=""AKSU RES""";"=""10928268862""";"=""2890""";"=""AKSU ÇAMLICA RES""";0,98;157,42;0;2,87;;;;;;;;
"=""API""";"=""WIND""";"=""2026-04-29T19:27:00+03:00""";"=""OA_YTM""";"=""AKSU RES""";"=""10928268862""";"=""2890""";"=""AKSU ÇAMLICA RES""";0,98;157,11;0;2,83;;;;;;;;
"=""API""";"=""WIND""";"=""2026-04-29T19:28:00+03:00""";"=""OA_YTM""";"=""AKSU RES""";"=""10928268862""";"=""2890""";"=""AKSU ÇAMLICA RES""";0,98;157,11;0;2,99;;;;;;;;
"=""API""";"=""WIND""";"=""2026-04-29T19:29:00+03:00""";"=""OA_YTM""";"=""AKSU RES""";"=""10928268862""";"=""2890""";"=""AKSU ÇAMLICA RES""";0,98;157,01;0;2,99;;;;;;;;
"=""API""";"=""WIND""";"=""2026-04-29T19:30:00+03:00""";"=""OA_YTM""";"=""AKSU RES""";"=""10928268862""";"=""2890""";"=""AKSU ÇAMLICA RES""";0,98;156,91;0;2,95;;;;;;;;
"=""API""";"=""WIND""";"=""2026-04-29T19:31:00+03:00""";"=""OA_YTM""";"=""AKSU RES""";"=""10928268862""";"=""2890""";"=""AKSU ÇAMLICA RES""";0,98;157,83;0;2,95;;;;;;;;
"=""API""";"=""WIND""";"=""2026-04-29T19:32:00+03:00""";"=""OA_YTM""";"=""AKSU RES""";"=""10928268862""";"=""2890""";"=""AKSU ÇAMLICA RES""";0,98;158,04;0;2,98;;;;;;;;
"=""API""";"=""WIND""";"=""2026-04-29T19:33:00+03:00""";"=""OA_YTM""";"=""AKSU RES""";"=""10928268862""";"=""2890""";"=""AKSU ÇAMLICA RES""";0,98;157,11;0;2,98;;;;;;;;
"=""API""";"=""WIND""";"=""2026-04-29T19:34:00+03:00""";"=""OA_YTM""";"=""AKSU RES""";"=""10928268862""";"=""2890""";"=""AKSU ÇAMLICA RES""";0,98;157,68;0;3,02;;;;;;;;
"=""API""";"=""WIND""";"=""2026-04-29T19:35:00+03:00""";"=""OA_YTM""";"=""AKSU RES""";"=""10928268862""";"=""2890""";"=""AKSU ÇAMLICA RES""";0,98;157,78;0;3,02;;;;;;;;
"=""API""";"=""WIND""";"=""2026-04-29T19:36:00+03:00""";"=""OA_YTM""";"=""AKSU RES""";"=""10928268862""";"=""2890""";"=""AKSU ÇAMLICA RES""";0,98;157,17;0;2,98;;;;;;;;
"=""API""";"=""WIND""";"=""2026-04-29T19:37:00+03:00""";"=""OA_YTM""";"=""AKSU RES""";"=""10928268862""";"=""2890""";"=""AKSU ÇAMLICA RES""";0,98;157,06;0;2,98;;;;;;;;
"=""API""";"=""WIND""";"=""2026-04-29T19:38:00+03:00""";"=""OA_YTM""";"=""AKSU RES""";"=""10928268862""";"=""2890""";"=""AKSU ÇAMLICA RES""";0,98;156,75;0;2,98;;;;;;;;
"=""API""";"=""WIND""";"=""2026-04-29T19:39:00+03:00""";"=""OA_YTM""";"=""AKSU RES""";"=""10928268862""";"=""2890""";"=""AKSU ÇAMLICA RES""";0,98;156,14;0;3,02;;;;;;;;
"=""API""";"=""WIND""";"=""2026-04-29T19:40:00+03:00""";"=""OA_YTM""";"=""AKSU RES""";"=""10928268862""";"=""2890""";"=""AKSU ÇAMLICA RES""";0,98;155,83;0;3,02;;;;;;;;
"=""API""";"=""WIND""";"=""2026-04-29T19:41:00+03:00""";"=""OA_YTM""";"=""AKSU RES""";"=""10928268862""";"=""2890""";"=""AKSU ÇAMLICA RES""";0,98;155,11;0;2,95;;;;;;;;
"=""API""";"=""WIND""";"=""2026-04-29T19:42:00+03:00""";"=""OA_YTM""";"=""AKSU RES""";"=""10928268862""";"=""2890""";"=""AKSU ÇAMLICA RES""";0,98;156,34;0;2,95;;;;;;;;
"=""API""";"=""WIND""";"=""2026-04-29T19:43:00+03:00""";"=""OA_YTM""";"=""AKSU RES""";"=""10928268862""";"=""2890""";"=""AKSU ÇAMLICA RES""";0,98;156,24;0;2,95;;;;;;;;
"=""API""";"=""WIND""";"=""2026-04-29T19:44:00+03:00""";"=""OA_YTM""";"=""AKSU RES""";"=""10928268862""";"=""2890""";"=""AKSU ÇAMLICA RES""";0,98;156,24;0;2,99;;;;;;;;
"=""API""";"=""WIND""";"=""2026-04-29T19:45:00+03:00""";"=""OA_YTM""";"=""AKSU RES""";"=""10928268862""";"=""2890""";"=""AKSU ÇAMLICA RES""";0,98;156,03;0;2,99;;;;;;;;
"=""API""";"=""WIND""";"=""2026-04-29T19:46:00+03:00""";"=""OA_YTM""";"=""AKSU RES""";"=""10928268862""";"=""2890""";"=""AKSU ÇAMLICA RES""";0,98;156,34;0;2,99;;;;;;;;
"=""API""";"=""WIND""";"=""2026-04-29T19:47:00+03:00""";"=""OA_YTM""";"=""AKSU RES""";"=""10928268862""";"=""2890""";"=""AKSU ÇAMLICA RES""";0,98;156,34;0;2,99;;;;;;;;
"=""API""";"=""WIND""";"=""2026-04-29T19:48:00+03:00""";"=""OA_YTM""";"=""AKSU RES""";"=""10928268862""";"=""2890""";"=""AKSU ÇAMLICA RES""";0,98;156,86;0;2,99;;;;;;;;
"=""API""";"=""WIND""";"=""2026-04-29T19:49:00+03:00""";"=""OA_YTM""";"=""AKSU RES""";"=""10928268862""";"=""2890""";"=""AKSU ÇAMLICA RES""";0,98;156,96;0;2,99;;;;;;;;
"=""API""";"=""WIND""";"=""2026-04-29T19:50:00+03:00""";"=""OA_YTM""";"=""AKSU RES""";"=""10928268862""";"=""2890""";"=""AKSU ÇAMLICA RES""";0,98;156,65;0;2,99;;;;;;;;
"=""API""";"=""WIND""";"=""2026-04-29T19:51:00+03:00""";"=""OA_YTM""";"=""AKSU RES""";"=""10928268862""";"=""2890""";"=""AKSU ÇAMLICA RES""";0,98;156,03;0;3,04;;;;;;;;
"=""API""";"=""WIND""";"=""2026-04-29T19:52:00+03:00""";"=""OA_YTM""";"=""AKSU RES""";"=""10928268862""";"=""2890""";"=""AKSU ÇAMLICA RES""";0,98;156,03;0;3,04;;;;;;;;
"=""API""";"=""WIND""";"=""2026-04-29T19:53:00+03:00""";"=""OA_YTM""";"=""AKSU RES""";"=""10928268862""";"=""2890""";"=""AKSU ÇAMLICA RES""";0,98;155,58;0;3,04;;;;;;;;
"=""API""";"=""WIND""";"=""2026-04-29T19:54:00+03:00""";"=""OA_YTM""";"=""AKSU RES""";"=""10928268862""";"=""2890""";"=""AKSU ÇAMLICA RES""";0,98;155,52;0;3,04;;;;;;;;
"=""API""";"=""WIND""";"=""2026-04-29T19:55:00+03:00""";"=""OA_YTM""";"=""AKSU RES""";"=""10928268862""";"=""2890""";"=""AKSU ÇAMLICA RES""";0,98;154,8;0;3,04;;;;;;;;
"=""API""";"=""WIND""";"=""2026-04-29T19:56:00+03:00""";"=""OA_YTM""";"=""AKSU RES""";"=""10928268862""";"=""2890""";"=""AKSU ÇAMLICA RES""";0,98;155,98;0;3,01;;;;;;;;
"=""API""";"=""WIND""";"=""2026-04-29T19:57:00+03:00""";"=""OA_YTM""";"=""AKSU RES""";"=""10928268862""";"=""2890""";"=""AKSU ÇAMLICA RES""";0,98;156,45;0;3,04;;;;;;;;
"=""API""";"=""WIND""";"=""2026-04-29T19:58:00+03:00""";"=""OA_YTM""";"=""AKSU RES""";"=""10928268862""";"=""2890""";"=""AKSU ÇAMLICA RES""";0,98;156,75;0;3,04;;;;;;;;
"=""API""";"=""WIND""";"=""2026-04-29T19:59:00+03:00""";"=""OA_YTM""";"=""AKSU RES""";"=""10928268862""";"=""2890""";"=""AKSU ÇAMLICA RES""";0,98;156,86;0;3,04;;;;;;;;
"=""API""";"=""WIND""";"=""2026-04-29T20:00:00+03:00""";"=""OA_YTM""";"=""AKSU RES""";"=""10928268862""";"=""2890""";"=""AKSU ÇAMLICA RES""";0,99;157,06;0;3,04;;;;;;;;
"=""API""";"=""WIND""";"=""2026-04-29T20:01:00+03:00""";"=""OA_YTM""";"=""AKSU RES""";"=""10928268862""";"=""2890""";"=""AKSU ÇAMLICA RES""";0,99;156,55;0;3,04;;;;;;;;
"=""API""";"=""WIND""";"=""2026-04-29T20:02:00+03:00""";"=""OA_YTM""";"=""AKSU RES""";"=""10928268862""";"=""2890""";"=""AKSU ÇAMLICA RES""";0,99;156,86;0;2,98;;;;;;;;
"=""API""";"=""WIND""";"=""2026-04-29T20:03:00+03:00""";"=""OA_YTM""";"=""AKSU RES""";"=""10928268862""";"=""2890""";"=""AKSU ÇAMLICA RES""";0,99;156,75;0;2,98;;;;;;;;
"=""API""";"=""WIND""";"=""2026-04-29T20:04:00+03:00""";"=""OA_YTM""";"=""AKSU RES""";"=""10928268862""";"=""2890""";"=""AKSU ÇAMLICA RES""";0,99;156,45;0;2,92;;;;;;;;
"=""API""";"=""WIND""";"=""2026-04-29T20:05:00+03:00""";"=""OA_YTM""";"=""AKSU RES""";"=""10928268862""";"=""2890""";"=""AKSU ÇAMLICA RES""";0,99;156,14;0;2,92;;;;;;;;
"=""API""";"=""WIND""";"=""2026-04-29T20:06:00+03:00""";"=""OA_YTM""";"=""AKSU RES""";"=""10928268862""";"=""2890""";"=""AKSU ÇAMLICA RES""";0,99;156,14;0;2,82;;;;;;;;
"=""API""";"=""WIND""";"=""2026-04-29T20:07:00+03:00""";"=""OA_YTM""";"=""AKSU RES""";"=""10928268862""";"=""2890""";"=""AKSU ÇAMLICA RES""";0,99;154,6;0;2,16;;;;;;;;
"=""API""";"=""WIND""";"=""2026-04-29T20:08:00+03:00""";"=""OA_YTM""";"=""AKSU RES""";"=""10928268862""";"=""2890""";"=""AKSU ÇAMLICA RES""";0,99;155,32;0;1,18;;;;;;;;
"=""API""";"=""WIND""";"=""2026-04-29T20:09:00+03:00""";"=""OA_YTM""";"=""AKSU RES""";"=""10928268862""";"=""2890""";"=""AKSU ÇAMLICA RES""";0,99;154,96;0;1,18;;;;;;;;
"=""API""";"=""WIND""";"=""2026-04-29T20:10:00+03:00""";"=""OA_YTM""";"=""AKSU RES""";"=""10928268862""";"=""2890""";"=""AKSU ÇAMLICA RES""";0,99;154,7;1,98;0,16;;;;;;;;
"=""API""";"=""WIND""";"=""2026-04-29T20:11:00+03:00""";"=""OA_YTM""";"=""AKSU RES""";"=""10928268862""";"=""2890""";"=""AKSU ÇAMLICA RES""";0,99;155,21;2,98;0,41;;;;;;;;
"=""API""";"=""WIND""";"=""2026-04-29T20:12:00+03:00""";"=""OA_YTM""";"=""AKSU RES""";"=""10928268862""";"=""2890""";"=""AKSU ÇAMLICA RES""";0,99;155,93;3,97;0,45;;;;;;;;
"=""API""";"=""WIND""";"=""2026-04-29T20:13:00+03:00""";"=""OA_YTM""";"=""AKSU RES""";"=""10928268862""";"=""2890""";"=""AKSU ÇAMLICA RES""";0,99;155,93;4,96;0,59;;;;;;;;
"=""API""";"=""WIND""";"=""2026-04-29T20:14:00+03:00""";"=""OA_YTM""";"=""AKSU RES""";"=""10928268862""";"=""2890""";"=""AKSU ÇAMLICA RES""";0,99;155,88;5,95;0,63;;;;;;;;
"=""API""";"=""WIND""";"=""2026-04-29T20:15:00+03:00""";"=""OA_YTM""";"=""AKSU RES""";"=""10928268862""";"=""2890""";"=""AKSU ÇAMLICA RES""";0,99;156,14;6,94;0,85;;;;;;;;
"=""API""";"=""WIND""";"=""2026-04-29T20:16:00+03:00""";"=""OA_YTM""";"=""AKSU RES""";"=""10928268862""";"=""2890""";"=""AKSU ÇAMLICA RES""";0,99;156,55;7,93;0,99;;;;;;;;
"=""API""";"=""WIND""";"=""2026-04-29T20:17:00+03:00""";"=""OA_YTM""";"=""AKSU RES""";"=""10928268862""";"=""2890""";"=""AKSU ÇAMLICA RES""";0,99;156,39;7,93;1,28;;;;;;;;
"=""API""";"=""WIND""";"=""2026-04-29T20:18:00+03:00""";"=""OA_YTM""";"=""AKSU RES""";"=""10928268862""";"=""2890""";"=""AKSU ÇAMLICA RES""";0,99;156,75;8,93;1,19;;;;;0;1,14;"=""1""";
"=""API""";"=""WIND""";"=""2026-04-29T20:19:00+03:00""";"=""OA_YTM""";"=""AKSU RES""";"=""10928268862""";"=""2890""";"=""AKSU ÇAMLICA RES""";0,99;156,86;9,92;1,49;;;;;0;1,27;"=""1""";
"=""API""";"=""WIND""";"=""2026-04-29T20:20:00+03:00""";"=""OA_YTM""";"=""AKSU RES""";"=""10928268862""";"=""2890""";"=""AKSU ÇAMLICA RES""";0,99;156,55;9,92;1,49;;;;;0;1,27;"=""1""";
"=""API""";"=""WIND""";"=""2026-04-29T20:21:00+03:00""";"=""OA_YTM""";"=""AKSU RES""";"=""10928268862""";"=""2890""";"=""AKSU ÇAMLICA RES""";0,99;156,14;9,92;1,41;;;;;0;1,27;"=""1""";
"=""API""";"=""WIND""";"=""2026-04-29T20:22:00+03:00""";"=""OA_YTM""";"=""AKSU RES""";"=""10928268862""";"=""2890""";"=""AKSU ÇAMLICA RES""";0,99;155,93;10,91;1,61;;;;;0;1,39;"=""1""";
"=""API""";"=""WIND""";"=""2026-04-29T20:23:00+03:00""";"=""OA_YTM""";"=""AKSU RES""";"=""10928268862""";"=""2890""";"=""AKSU ÇAMLICA RES""";0,99;155,37;10,91;1,54;;;;;0;1,39;"=""1""";
"=""API""";"=""WIND""";"=""2026-04-29T20:24:00+03:00""";"=""OA_YTM""";"=""AKSU RES""";"=""10928268862""";"=""2890""";"=""AKSU ÇAMLICA RES""";0,99;156,5;9,92;1,42;;;;;0;1,27;"=""1""";
"=""API""";"=""WIND""";"=""2026-04-29T20:25:00+03:00""";"=""OA_YTM""";"=""AKSU RES""";"=""10928268862""";"=""2890""";"=""AKSU ÇAMLICA RES""";0,99;156,5;9,92;1,46;;;;;0;1,27;"=""1""";
"=""API""";"=""WIND""";"=""2026-04-29T20:26:00+03:00""";"=""OA_YTM""";"=""AKSU RES""";"=""10928268862""";"=""2890""";"=""AKSU ÇAMLICA RES""";0,99;156,96;8,93;1,36;;;;;0;1,14;"=""1""";
"=""API""";"=""WIND""";"=""2026-04-29T20:27:00+03:00""";"=""OA_YTM""";"=""AKSU RES""";"=""10928268862""";"=""2890""";"=""AKSU ÇAMLICA RES""";0,99;156,7;8,93;1,36;;;;;0;1,14;"=""1""";
"=""API""";"=""WIND""";"=""2026-04-29T20:28:00+03:00""";"=""OA_YTM""";"=""AKSU RES""";"=""10928268862""";"=""2890""";"=""AKSU ÇAMLICA RES""";0,99;156,6;9,92;1,4;;;;;0;1,27;"=""1""";
"=""API""";"=""WIND""";"=""2026-04-29T20:29:00+03:00""";"=""OA_YTM""";"=""AKSU RES""";"=""10928268862""";"=""2890""";"=""AKSU ÇAMLICA RES""";0,99;156,81;10,91;1,49;;;;;0;1,39;"=""1""";
"=""API""";"=""WIND""";"=""2026-04-29T20:30:00+03:00""";"=""OA_YTM""";"=""AKSU RES""";"=""10928268862""";"=""2890""";"=""AKSU ÇAMLICA RES""";0,99;157,16;11,91;1,67;;;;;0;1,52;"=""1""";
"=""API""";"=""WIND""";"=""2026-04-29T20:31:00+03:00""";"=""OA_YTM""";"=""AKSU RES""";"=""10928268862""";"=""2890""";"=""AKSU ÇAMLICA RES""";0,99;156,75;12,9;1,67;;;;;0;1,65;"=""1""";
"=""API""";"=""WIND""";"=""2026-04-29T20:32:00+03:00""";"=""OA_YTM""";"=""AKSU RES""";"=""10928268862""";"=""2890""";"=""AKSU ÇAMLICA RES""";0,99;156,55;13,89;1,83;;;;;0;1,78;"=""1""";
"=""API""";"=""WIND""";"=""2026-04-29T20:33:00+03:00""";"=""OA_YTM""";"=""AKSU RES""";"=""10928268862""";"=""2890""";"=""AKSU ÇAMLICA RES""";0,99;156,7;13,89;2,02;;;;;0;1,78;"=""1""";
"=""API""";"=""WIND""";"=""2026-04-29T20:34:00+03:00""";"=""OA_YTM""";"=""AKSU RES""";"=""10928268862""";"=""2890""";"=""AKSU ÇAMLICA RES""";0,99;157,11;13,89;2,02;;;;;0;1,78;"=""1""";
"=""API""";"=""WIND""";"=""2026-04-29T20:35:00+03:00""";"=""OA_YTM""";"=""AKSU RES""";"=""10928268862""";"=""2890""";"=""AKSU ÇAMLICA RES""";0,99;156,7;14,88;2,22;;;;;0;1,9;"=""1""";
"=""API""";"=""WIND""";"=""2026-04-29T20:36:00+03:00""";"=""OA_YTM""";"=""AKSU RES""";"=""10928268862""";"=""2890""";"=""AKSU ÇAMLICA RES""";0,99;156,4;14,88;2,22;;;;;0;1,9;"=""1""";
"=""API""";"=""WIND""";"=""2026-04-29T20:37:00+03:00""";"=""OA_YTM""";"=""AKSU RES""";"=""10928268862""";"=""2890""";"=""AKSU ÇAMLICA RES""";0,99;156,45;14,88;2,22;;;;;0;1,9;"=""1""";
"=""API""";"=""WIND""";"=""2026-04-29T20:38:00+03:00""";"=""OA_YTM""";"=""AKSU RES""";"=""10928268862""";"=""2890""";"=""AKSU ÇAMLICA RES""";0,99;156,75;15,87;2,22;;;;;0;2,03;"=""1""";
"=""API""";"=""WIND""";"=""2026-04-29T20:39:00+03:00""";"=""OA_YTM""";"=""AKSU RES""";"=""10928268862""";"=""2890""";"=""AKSU ÇAMLICA RES""";0,99;156,45;15,87;2,29;;;;;0;2,03;"=""1""";
"=""API""";"=""WIND""";"=""2026-04-29T20:40:00+03:00""";"=""OA_YTM""";"=""AKSU RES""";"=""10928268862""";"=""2890""";"=""AKSU ÇAMLICA RES""";0,99;156,45;15,87;2,36;;;;;0;2,03;"=""1""";
"=""API""";"=""WIND""";"=""2026-04-29T20:41:00+03:00""";"=""OA_YTM""";"=""AKSU RES""";"=""10928268862""";"=""2890""";"=""AKSU ÇAMLICA RES""";0,99;156,03;16,87;2,36;;;;;0;2,16;"=""1""";
"=""API""";"=""WIND""";"=""2026-04-29T20:42:00+03:00""";"=""OA_YTM""";"=""AKSU RES""";"=""10928268862""";"=""2890""";"=""AKSU ÇAMLICA RES""";0,99;156,45;16,87;2,45;;;;;0;2,16;"=""1""";
"=""API""";"=""WIND""";"=""2026-04-29T20:43:00+03:00""";"=""OA_YTM""";"=""AKSU RES""";"=""10928268862""";"=""2890""";"=""AKSU ÇAMLICA RES""";0,99;157,17;17,86;2,56;;;;;0;2,29;"=""1""";
"=""API""";"=""WIND""";"=""2026-04-29T20:44:00+03:00""";"=""OA_YTM""";"=""AKSU RES""";"=""10928268862""";"=""2890""";"=""AKSU ÇAMLICA RES""";0,99;157,27;17,86;2,46;;;;;0;2,29;"=""1""";
"=""API""";"=""WIND""";"=""2026-04-29T20:45:00+03:00""";"=""OA_YTM""";"=""AKSU RES""";"=""10928268862""";"=""2890""";"=""AKSU ÇAMLICA RES""";0,99;156,34;17,86;2,42;;;;;0;2,29;"=""1""";
"=""API""";"=""WIND""";"=""2026-04-29T20:46:00+03:00""";"=""OA_YTM""";"=""AKSU RES""";"=""10928268862""";"=""2890""";"=""AKSU ÇAMLICA RES""";0,99;156,55;16,87;2,24;;;;;0;2,16;"=""1""";
"=""API""";"=""WIND""";"=""2026-04-29T20:47:00+03:00""";"=""OA_YTM""";"=""AKSU RES""";"=""10928268862""";"=""2890""";"=""AKSU ÇAMLICA RES""";0,99;156,55;16,87;2,49;;;;;0;2,16;"=""1""";
"=""API""";"=""WIND""";"=""2026-04-29T20:48:00+03:00""";"=""OA_YTM""";"=""AKSU RES""";"=""10928268862""";"=""2890""";"=""AKSU ÇAMLICA RES""";0,99;157,06;16,87;2,57;;;;;0;2,16;"=""1""";
"=""API""";"=""WIND""";"=""2026-04-29T20:49:00+03:00""";"=""OA_YTM""";"=""AKSU RES""";"=""10928268862""";"=""2890""";"=""AKSU ÇAMLICA RES""";0,99;157,06;15,87;2,47;;;;;0;2,03;"=""1""";
"=""API""";"=""WIND""";"=""2026-04-29T20:50:00+03:00""";"=""OA_YTM""";"=""AKSU RES""";"=""10928268862""";"=""2890""";"=""AKSU ÇAMLICA RES""";0,99;157,01;14,88;2,34;;;;;0;1,9;"=""1""";
"=""API""";"=""WIND""";"=""2026-04-29T20:51:00+03:00""";"=""OA_YTM""";"=""AKSU RES""";"=""10928268862""";"=""2890""";"=""AKSU ÇAMLICA RES""";0,99;156,91;12,9;2,03;;;;;0;1,65;"=""1""";
"=""API""";"=""WIND""";"=""2026-04-29T20:52:00+03:00""";"=""OA_YTM""";"=""AKSU RES""";"=""10928268862""";"=""2890""";"=""AKSU ÇAMLICA RES""";0,99;157,17;12,9;1,87;;;;;0;1,65;"=""1""";
"=""API""";"=""WIND""";"=""2026-04-29T20:53:00+03:00""";"=""OA_YTM""";"=""AKSU RES""";"=""10928268862""";"=""2890""";"=""AKSU ÇAMLICA RES""";0,99;157,58;12,9;1,96;;;;;0;1,65;"=""1""";
"=""API""";"=""WIND""";"=""2026-04-29T20:54:00+03:00""";"=""OA_YTM""";"=""AKSU RES""";"=""10928268862""";"=""2890""";"=""AKSU ÇAMLICA RES""";0,99;157,52;12,9;1,96;;;;;0;1,65;"=""1""";
"=""API""";"=""WIND""";"=""2026-04-29T20:55:00+03:00""";"=""OA_YTM""";"=""AKSU RES""";"=""10928268862""";"=""2890""";"=""AKSU ÇAMLICA RES""";0,99;156,91;12,9;1,92;;;;;0;1,65;"=""1""";
"=""API""";"=""WIND""";"=""2026-04-29T20:56:00+03:00""";"=""OA_YTM""";"=""AKSU RES""";"=""10928268862""";"=""2890""";"=""AKSU ÇAMLICA RES""";0,99;156,6;13,89;1,92;;;;;0;1,78;"=""1""";
"=""API""";"=""WIND""";"=""2026-04-29T20:57:00+03:00""";"=""OA_YTM""";"=""AKSU RES""";"=""10928268862""";"=""2890""";"=""AKSU ÇAMLICA RES""";0,99;156,7;13,89;1,92;;;;;0;1,78;"=""1""";
"=""API""";"=""WIND""";"=""2026-04-29T20:58:00+03:00""";"=""OA_YTM""";"=""AKSU RES""";"=""10928268862""";"=""2890""";"=""AKSU ÇAMLICA RES""";0,99;157,16;12,9;1,92;;;;;0;1,65;"=""1""";
"=""API""";"=""WIND""";"=""2026-04-29T20:59:00+03:00""";"=""OA_YTM""";"=""AKSU RES""";"=""10928268862""";"=""2890""";"=""AKSU ÇAMLICA RES""";0,99;157,37;11,91;1,86;;;;;0;1,52;"=""1""";
"=""API""";"=""WIND""";"=""2026-04-29T21:00:00+03:00""";"=""OA_YTM""";"=""AKSU RES""";"=""10928268862""";"=""2890""";"=""AKSU ÇAMLICA RES""";0,99;157,68;11,91;1,79;;;;;0;1,52;"=""1""";
"=""API""";"=""WIND""";"=""2026-04-29T21:01:00+03:00""";"=""OA_YTM""";"=""AKSU RES""";"=""10928268862""";"=""2890""";"=""AKSU ÇAMLICA RES""";0,99;157,68;11,91;1,79;;;;;0;1,52;"=""1""";
"=""API""";"=""WIND""";"=""2026-04-29T21:02:00+03:00""";"=""OA_YTM""";"=""AKSU RES""";"=""10928268862""";"=""2890""";"=""AKSU ÇAMLICA RES""";0,99;157,78;12,9;1,79;;;;;0;1,65;"=""1""";
"=""API""";"=""WIND""";"=""2026-04-29T21:03:00+03:00""";"=""OA_YTM""";"=""AKSU RES""";"=""10928268862""";"=""2890""";"=""AKSU ÇAMLICA RES""";0,99;158,4;12,9;1,94;;;;;0;1,65;"=""1""";
"=""API""";"=""WIND""";"=""2026-04-29T21:04:00+03:00""";"=""OA_YTM""";"=""AKSU RES""";"=""10928268862""";"=""2890""";"=""AKSU ÇAMLICA RES""";0,99;158,5;14,88;1,94;;;;;0;1,9;"=""1""";
"=""API""";"=""WIND""";"=""2026-04-29T21:05:00+03:00""";"=""OA_YTM""";"=""AKSU RES""";"=""10928268862""";"=""2890""";"=""AKSU ÇAMLICA RES""";0,99;158,19;13,89;2,05;;;;;0;1,78;"=""1""";
"=""API""";"=""WIND""";"=""2026-04-29T21:06:00+03:00""";"=""OA_YTM""";"=""AKSU RES""";"=""10928268862""";"=""2890""";"=""AKSU ÇAMLICA RES""";0,99;158,5;12,9;2,06;;;;;0;1,65;"=""1""";
"=""API""";"=""WIND""";"=""2026-04-29T21:07:00+03:00""";"=""OA_YTM""";"=""AKSU RES""";"=""10928268862""";"=""2890""";"=""AKSU ÇAMLICA RES""";0,99;158,19;13,89;1,84;;;;;0;1,78;"=""1""";
"=""API""";"=""WIND""";"=""2026-04-29T21:08:00+03:00""";"=""OA_YTM""";"=""AKSU RES""";"=""10928268862""";"=""2890""";"=""AKSU ÇAMLICA RES""";0,99;158,5;12,9;1,99;;;;;0;1,65;"=""1""";
"=""API""";"=""WIND""";"=""2026-04-29T21:09:00+03:00""";"=""OA_YTM""";"=""AKSU RES""";"=""10928268862""";"=""2890""";"=""AKSU ÇAMLICA RES""";0,99;158,5;11,91;1,89;;;;;0;1,52;"=""1""";
"=""API""";"=""WIND""";"=""2026-04-29T21:10:00+03:00""";"=""OA_YTM""";"=""AKSU RES""";"=""10928268862""";"=""2890""";"=""AKSU ÇAMLICA RES""";0,99;158,19;12,9;1,79;;;;;0;1,65;"=""1""";
"=""API""";"=""WIND""";"=""2026-04-29T21:11:00+03:00""";"=""OA_YTM""";"=""AKSU RES""";"=""10928268862""";"=""2890""";"=""AKSU ÇAMLICA RES""";0,99;158,09;12,9;1,92;;;;;0;1,65;"=""1""";
"=""API""";"=""WIND""";"=""2026-04-29T21:12:00+03:00""";"=""OA_YTM""";"=""AKSU RES""";"=""10928268862""";"=""2890""";"=""AKSU ÇAMLICA RES""";0,99;158,5;13,89;1,81;;;;;0;1,78;"=""1""";
"=""API""";"=""WIND""";"=""2026-04-29T21:13:00+03:00""";"=""OA_YTM""";"=""AKSU RES""";"=""10928268862""";"=""2890""";"=""AKSU ÇAMLICA RES""";0,99;158,19;13,89;1,96;;;;;0;1,78;"=""1""";
"=""API""";"=""WIND""";"=""2026-04-29T21:14:00+03:00""";"=""OA_YTM""";"=""AKSU RES""";"=""10928268862""";"=""2890""";"=""AKSU ÇAMLICA RES""";0,99;157,99;13,89;1,82;;;;;0;1,78;"=""1""";
"=""API""";"=""WIND""";"=""2026-04-29T21:15:00+03:00""";"=""OA_YTM""";"=""AKSU RES""";"=""10928268862""";"=""2890""";"=""AKSU ÇAMLICA RES""";0,99;157,99;13,89;1,91;;;;;0;1,78;"=""1""";
"=""API""";"=""WIND""";"=""2026-04-29T21:16:00+03:00""";"=""OA_YTM""";"=""AKSU RES""";"=""10928268862""";"=""2890""";"=""AKSU ÇAMLICA RES""";0,99;157,88;13,89;1,94;;;;;0;1,78;"=""1""";
"=""API""";"=""WIND""";"=""2026-04-29T21:17:00+03:00""";"=""OA_YTM""";"=""AKSU RES""";"=""10928268862""";"=""2890""";"=""AKSU ÇAMLICA RES""";0,99;158,09;13,89;2;;;;;0;1,78;"=""1""";
"=""API""";"=""WIND""";"=""2026-04-29T21:18:00+03:00""";"=""OA_YTM""";"=""AKSU RES""";"=""10928268862""";"=""2890""";"=""AKSU ÇAMLICA RES""";0,99;157,99;13,89;2;;;;;0;1,78;"=""1""";
"=""API""";"=""WIND""";"=""2026-04-29T21:19:00+03:00""";"=""OA_YTM""";"=""AKSU RES""";"=""10928268862""";"=""2890""";"=""AKSU ÇAMLICA RES""";0,99;157,94;14,88;2,1;;;;;0;1,9;"=""1""";
"=""API""";"=""WIND""";"=""2026-04-29T21:20:00+03:00""";"=""OA_YTM""";"=""AKSU RES""";"=""10928268862""";"=""2890""";"=""AKSU ÇAMLICA RES""";0,99;157,63;14,88;2,1;;;;;0;1,9;"=""1""";
"=""API""";"=""WIND""";"=""2026-04-29T21:21:00+03:00""";"=""OA_YTM""";"=""AKSU RES""";"=""10928268862""";"=""2890""";"=""AKSU ÇAMLICA RES""";0,99;157,94;14,88;2,1;;;;;0;1,9;"=""1""";
"=""API""";"=""WIND""";"=""2026-04-29T21:22:00+03:00""";"=""OA_YTM""";"=""AKSU RES""";"=""10928268862""";"=""2890""";"=""AKSU ÇAMLICA RES""";0,99;158,04;14,88;2,25;;;;;0;1,9;"=""1""";
"=""API""";"=""WIND""";"=""2026-04-29T21:23:00+03:00""";"=""OA_YTM""";"=""AKSU RES""";"=""10928268862""";"=""2890""";"=""AKSU ÇAMLICA RES""";0,99;158,24;16,87;2,29;;;;;0;2,16;"=""1""";
"=""API""";"=""WIND""";"=""2026-04-29T21:24:00+03:00""";"=""OA_YTM""";"=""AKSU RES""";"=""10928268862""";"=""2890""";"=""AKSU ÇAMLICA RES""";0,99;158,55;16,87;2,45;;;;;0;2,16;"=""1""";
"=""API""";"=""WIND""";"=""2026-04-29T21:25:00+03:00""";"=""OA_YTM""";"=""AKSU RES""";"=""10928268862""";"=""2890""";"=""AKSU ÇAMLICA RES""";0,99;158,24;16,87;2,53;;;;;0;2,16;"=""1""";
"=""API""";"=""WIND""";"=""2026-04-29T21:26:00+03:00""";"=""OA_YTM""";"=""AKSU RES""";"=""10928268862""";"=""2890""";"=""AKSU ÇAMLICA RES""";0,99;158,55;16,87;2,29;;;;;0;2,16;"=""1""";
"=""API""";"=""WIND""";"=""2026-04-29T21:27:00+03:00""";"=""OA_YTM""";"=""AKSU RES""";"=""10928268862""";"=""2890""";"=""AKSU ÇAMLICA RES""";0,99;158,35;16,87;2,42;;;;;0;2,16;"=""1""";
"=""API""";"=""WIND""";"=""2026-04-29T21:28:00+03:00""";"=""OA_YTM""";"=""AKSU RES""";"=""10928268862""";"=""2890""";"=""AKSU ÇAMLICA RES""";0,99;158,35;16,87;2,52;;;;;0;2,16;"=""1""";
"=""API""";"=""WIND""";"=""2026-04-29T21:29:00+03:00""";"=""OA_YTM""";"=""AKSU RES""";"=""10928268862""";"=""2890""";"=""AKSU ÇAMLICA RES""";0,99;158,14;16,87;2,5;;;;;0;2,16;"=""1""";
"=""API""";"=""WIND""";"=""2026-04-29T21:30:00+03:00""";"=""OA_YTM""";"=""AKSU RES""";"=""10928268862""";"=""2890""";"=""AKSU ÇAMLICA RES""";0,99;158,24;16,87;2,39;;;;;0;2,16;"=""1""";
"=""API""";"=""WIND""";"=""2026-04-29T21:31:00+03:00""";"=""OA_YTM""";"=""AKSU RES""";"=""10928268862""";"=""2890""";"=""AKSU ÇAMLICA RES""";0,99;158,29;15,87;2,51;;;;;0;2,03;"=""1""";
"=""API""";"=""WIND""";"=""2026-04-29T21:32:00+03:00""";"=""OA_YTM""";"=""AKSU RES""";"=""10928268862""";"=""2890""";"=""AKSU ÇAMLICA RES""";0,99;158,6;15,87;2,4;;;;;0;2,03;"=""1""";
"=""API""";"=""WIND""";"=""2026-04-29T21:33:00+03:00""";"=""OA_YTM""";"=""AKSU RES""";"=""10928268862""";"=""2890""";"=""AKSU ÇAMLICA RES""";0,99;158,29;15,87;2,4;;;;;0;2,03;"=""1""";
"=""API""";"=""WIND""";"=""2026-04-29T21:34:00+03:00""";"=""OA_YTM""";"=""AKSU RES""";"=""10928268862""";"=""2890""";"=""AKSU ÇAMLICA RES""";0,99;158,29;15,87;2,32;;;;;0;2,03;"=""1""";
"=""API""";"=""WIND""";"=""2026-04-29T21:35:00+03:00""";"=""OA_YTM""";"=""AKSU RES""";"=""10928268862""";"=""2890""";"=""AKSU ÇAMLICA RES""";0,99;158,29;15,87;2,32;;;;;0;2,03;"=""1""";
"=""API""";"=""WIND""";"=""2026-04-29T21:36:00+03:00""";"=""OA_YTM""";"=""AKSU RES""";"=""10928268862""";"=""2890""";"=""AKSU ÇAMLICA RES""";0,99;158,6;15,87;2,36;;;;;0;2,03;"=""1""";
"=""API""";"=""WIND""";"=""2026-04-29T21:37:00+03:00""";"=""OA_YTM""";"=""AKSU RES""";"=""10928268862""";"=""2890""";"=""AKSU ÇAMLICA RES""";0,99;158,29;15,87;2,24;;;;;0;2,03;"=""1""";
"=""API""";"=""WIND""";"=""2026-04-29T21:38:00+03:00""";"=""OA_YTM""";"=""AKSU RES""";"=""10928268862""";"=""2890""";"=""AKSU ÇAMLICA RES""";0,99;158,6;15,87;2,34;;;;;0;2,03;"=""1""";
"=""API""";"=""WIND""";"=""2026-04-29T21:39:00+03:00""";"=""OA_YTM""";"=""AKSU RES""";"=""10928268862""";"=""2890""";"=""AKSU ÇAMLICA RES""";0,99;158,19;15,87;2,34;;;;;0;2,03;"=""1""";
"=""API""";"=""WIND""";"=""2026-04-29T21:40:00+03:00""";"=""OA_YTM""";"=""AKSU RES""";"=""10928268862""";"=""2890""";"=""AKSU ÇAMLICA RES""";0,99;158,24;15,87;2,47;;;;;0;2,03;"=""1""";
"=""API""";"=""WIND""";"=""2026-04-29T21:41:00+03:00""";"=""OA_YTM""";"=""AKSU RES""";"=""10928268862""";"=""2890""";"=""AKSU ÇAMLICA RES""";0,99;158,35;16,87;2,37;;;;;0;2,16;"=""1""";
"=""API""";"=""WIND""";"=""2026-04-29T21:42:00+03:00""";"=""OA_YTM""";"=""AKSU RES""";"=""10928268862""";"=""2890""";"=""AKSU ÇAMLICA RES""";0,99;158,86;16,87;2,37;;;;;0;2,16;"=""1""";
"=""API""";"=""WIND""";"=""2026-04-29T21:43:00+03:00""";"=""OA_YTM""";"=""AKSU RES""";"=""10928268862""";"=""2890""";"=""AKSU ÇAMLICA RES""";0,99;158,24;16,87;2,51;;;;;0;2,16;"=""1""";
"=""API""";"=""WIND""";"=""2026-04-29T21:44:00+03:00""";"=""OA_YTM""";"=""AKSU RES""";"=""10928268862""";"=""2890""";"=""AKSU ÇAMLICA RES""";0,99;158,55;16,87;2,51;;;;;0;2,16;"=""1""";
"=""API""";"=""WIND""";"=""2026-04-29T21:45:00+03:00""";"=""OA_YTM""";"=""AKSU RES""";"=""10928268862""";"=""2890""";"=""AKSU ÇAMLICA RES""";0,99;158,35;16,87;2,39;;;;;0;2,16;"=""1""";
"=""API""";"=""WIND""";"=""2026-04-29T21:46:00+03:00""";"=""OA_YTM""";"=""AKSU RES""";"=""10928268862""";"=""2890""";"=""AKSU ÇAMLICA RES""";0,99;158,55;16,87;2,39;;;;;0;2,16;"=""1""";
"=""API""";"=""WIND""";"=""2026-04-29T21:47:00+03:00""";"=""OA_YTM""";"=""AKSU RES""";"=""10928268862""";"=""2890""";"=""AKSU ÇAMLICA RES""";0,99;158,19;17,86;2,49;;;;;0;2,29;"=""1""";
"=""API""";"=""WIND""";"=""2026-04-29T21:48:00+03:00""";"=""OA_YTM""";"=""AKSU RES""";"=""10928268862""";"=""2890""";"=""AKSU ÇAMLICA RES""";0,99;158,5;16,87;2,49;;;;;0;2,16;"=""1""";
"=""API""";"=""WIND""";"=""2026-04-29T21:49:00+03:00""";"=""OA_YTM""";"=""AKSU RES""";"=""10928268862""";"=""2890""";"=""AKSU ÇAMLICA RES""";0,99;158,4;16,87;2,49;;;;;0;2,16;"=""1""";
"=""API""";"=""WIND""";"=""2026-04-29T21:50:00+03:00""";"=""OA_YTM""";"=""AKSU RES""";"=""10928268862""";"=""2890""";"=""AKSU ÇAMLICA RES""";0,99;158,19;16,87;2,49;;;;;0;2,16;"=""1""";
"=""API""";"=""WIND""";"=""2026-04-29T21:51:00+03:00""";"=""OA_YTM""";"=""AKSU RES""";"=""10928268862""";"=""2890""";"=""AKSU ÇAMLICA RES""";0,99;158,81;17,86;2,49;;;;;0;2,29;"=""1""";
"=""API""";"=""WIND""";"=""2026-04-29T21:52:00+03:00""";"=""OA_YTM""";"=""AKSU RES""";"=""10928268862""";"=""2890""";"=""AKSU ÇAMLICA RES""";0,99;158,76;16,87;2,54;;;;;0;2,16;"=""1""";
"=""API""";"=""WIND""";"=""2026-04-29T21:53:00+03:00""";"=""OA_YTM""";"=""AKSU RES""";"=""10928268862""";"=""2890""";"=""AKSU ÇAMLICA RES""";0,99;158,66;17,86;2,41;;;;;0;2,29;"=""1""";
"=""API""";"=""WIND""";"=""2026-04-29T21:54:00+03:00""";"=""OA_YTM""";"=""AKSU RES""";"=""10928268862""";"=""2890""";"=""AKSU ÇAMLICA RES""";0,99;158,96;17,86;2,58;;;;;0;2,29;"=""1""";
"=""API""";"=""WIND""";"=""2026-04-29T21:55:00+03:00""";"=""OA_YTM""";"=""AKSU RES""";"=""10928268862""";"=""2890""";"=""AKSU ÇAMLICA RES""";0,99;158,81;17,86;2,58;;;;;0;2,29;"=""1""";
"=""API""";"=""WIND""";"=""2026-04-29T21:56:00+03:00""";"=""OA_YTM""";"=""AKSU RES""";"=""10928268862""";"=""2890""";"=""AKSU ÇAMLICA RES""";0,99;158,81;17,86;2,66;;;;;0;2,29;"=""1""";
"=""API""";"=""WIND""";"=""2026-04-29T21:57:00+03:00""";"=""OA_YTM""";"=""AKSU RES""";"=""10928268862""";"=""2890""";"=""AKSU ÇAMLICA RES""";0,99;158,76;18,85;2,72;;;;;0;2,41;"=""1""";
"=""API""";"=""WIND""";"=""2026-04-29T21:58:00+03:00""";"=""OA_YTM""";"=""AKSU RES""";"=""10928268862""";"=""2890""";"=""AKSU ÇAMLICA RES""";0,99;159,07;19,84;2,8;;;;;0;2,54;"=""1""";
"=""API""";"=""WIND""";"=""2026-04-29T21:59:00+03:00""";"=""OA_YTM""";"=""AKSU RES""";"=""10928268862""";"=""2890""";"=""AKSU ÇAMLICA RES""";0,99;158,76;20,83;2,79;;;;;0;2,67;"=""1""";
"=""API""";"=""WIND""";"=""2026-04-29T22:00:00+03:00""";"=""OA_YTM""";"=""AKSU RES""";"=""10928268862""";"=""2890""";"=""AKSU ÇAMLICA RES""";0,99;158,14;20,83;2,95;;;;;0;2,67;"=""1""";
"=""API""";"=""WIND""";"=""2026-04-29T22:01:00+03:00""";"=""OA_YTM""";"=""AKSU RES""";"=""10928268862""";"=""2890""";"=""AKSU ÇAMLICA RES""";0,99;157,93;20,83;2,82;;;;;0;2,67;"=""1""";
"=""API""";"=""WIND""";"=""2026-04-29T22:02:00+03:00""";"=""OA_YTM""";"=""AKSU RES""";"=""10928268862""";"=""2890""";"=""AKSU ÇAMLICA RES""";0,99;158,4;19,84;2,99;;;;;0;2,54;"=""1""";
"=""API""";"=""WIND""";"=""2026-04-29T22:03:00+03:00""";"=""OA_YTM""";"=""AKSU RES""";"=""10928268862""";"=""2890""";"=""AKSU ÇAMLICA RES""";0,99;158,29;19,84;2,88;;;;;0;2,54;"=""1""";
"=""API""";"=""WIND""";"=""2026-04-29T22:04:00+03:00""";"=""OA_YTM""";"=""AKSU RES""";"=""10928268862""";"=""2890""";"=""AKSU ÇAMLICA RES""";0,99;158,09;18,85;2,61;;;;;0;2,41;"=""1""";
"=""API""";"=""WIND""";"=""2026-04-29T22:05:00+03:00""";"=""OA_YTM""";"=""AKSU RES""";"=""10928268862""";"=""2890""";"=""AKSU ÇAMLICA RES""";0,99;157,78;17,86;2,64;;;;;0;2,29;"=""1""";
"=""API""";"=""WIND""";"=""2026-04-29T22:06:00+03:00""";"=""OA_YTM""";"=""AKSU RES""";"=""10928268862""";"=""2890""";"=""AKSU ÇAMLICA RES""";0,99;158,29;17,86;2,71;;;;;0;2,29;"=""1""";
"=""API""";"=""WIND""";"=""2026-04-29T22:07:00+03:00""";"=""OA_YTM""";"=""AKSU RES""";"=""10928268862""";"=""2890""";"=""AKSU ÇAMLICA RES""";0,99;158,4;17,86;2,55;;;;;0;2,29;"=""1""";
"=""API""";"=""WIND""";"=""2026-04-29T22:08:00+03:00""";"=""OA_YTM""";"=""AKSU RES""";"=""10928268862""";"=""2890""";"=""AKSU ÇAMLICA RES""";0,99;158,19;17,86;2,34;;;;;0;2,29;"=""1""";
"=""API""";"=""WIND""";"=""2026-04-29T22:09:00+03:00""";"=""OA_YTM""";"=""AKSU RES""";"=""10928268862""";"=""2890""";"=""AKSU ÇAMLICA RES""";0,99;157,99;16,87;2,59;;;;;0;2,16;"=""1""";
"=""API""";"=""WIND""";"=""2026-04-29T22:10:00+03:00""";"=""OA_YTM""";"=""AKSU RES""";"=""10928268862""";"=""2890""";"=""AKSU ÇAMLICA RES""";0,99;158,09;15,87;2,31;;;;;0;2,03;"=""1""";
"=""API""";"=""WIND""";"=""2026-04-29T22:11:00+03:00""";"=""OA_YTM""";"=""AKSU RES""";"=""10928268862""";"=""2890""";"=""AKSU ÇAMLICA RES""";0,99;158,4;14,88;2,31;;;;;0;1,9;"=""1""";
"=""API""";"=""WIND""";"=""2026-04-29T22:12:00+03:00""";"=""OA_YTM""";"=""AKSU RES""";"=""10928268862""";"=""2890""";"=""AKSU ÇAMLICA RES""";0,99;158,29;15,87;2,31;;;;;0;2,03;"=""1""";
"=""API""";"=""WIND""";"=""2026-04-29T22:13:00+03:00""";"=""OA_YTM""";"=""AKSU RES""";"=""10928268862""";"=""2890""";"=""AKSU ÇAMLICA RES""";0,99;158,6;14,88;2,17;;;;;0;1,9;"=""1""";
"=""API""";"=""WIND""";"=""2026-04-29T22:14:00+03:00""";"=""OA_YTM""";"=""AKSU RES""";"=""10928268862""";"=""2890""";"=""AKSU ÇAMLICA RES""";0,99;158,6;14,88;2,17;;;;;0;1,9;"=""1""";
"=""API""";"=""WIND""";"=""2026-04-29T22:15:00+03:00""";"=""OA_YTM""";"=""AKSU RES""";"=""10928268862""";"=""2890""";"=""AKSU ÇAMLICA RES""";0,99;158,4;13,89;2,31;;;;;0;1,78;"=""1""";
"=""API""";"=""WIND""";"=""2026-04-29T22:16:00+03:00""";"=""OA_YTM""";"=""AKSU RES""";"=""10928268862""";"=""2890""";"=""AKSU ÇAMLICA RES""";0,99;158,6;15,87;2,11;;;;;0;2,03;"=""1""";
"=""API""";"=""WIND""";"=""2026-04-29T22:17:00+03:00""";"=""OA_YTM""";"=""AKSU RES""";"=""10928268862""";"=""2890""";"=""AKSU ÇAMLICA RES""";0,99;158,7;16,87;2,34;;;;;0;2,16;"=""1""";
"=""API""";"=""WIND""";"=""2026-04-29T22:18:00+03:00""";"=""OA_YTM""";"=""AKSU RES""";"=""10928268862""";"=""2890""";"=""AKSU ÇAMLICA RES""";0,99;158,4;15,87;2,34;;;;;0;2,03;"=""1""";
"=""API""";"=""WIND""";"=""2026-04-29T22:19:00+03:00""";"=""OA_YTM""";"=""AKSU RES""";"=""10928268862""";"=""2890""";"=""AKSU ÇAMLICA RES""";0,99;158,5;16,87;2,33;;;;;0;2,16;"=""1""";
"=""API""";"=""WIND""";"=""2026-04-29T22:20:00+03:00""";"=""OA_YTM""";"=""AKSU RES""";"=""10928268862""";"=""2890""";"=""AKSU ÇAMLICA RES""";0,99;157,68;16,87;2,33;;;;;0;2,16;"=""1""";
"=""API""";"=""WIND""";"=""2026-04-29T22:21:00+03:00""";"=""OA_YTM""";"=""AKSU RES""";"=""10928268862""";"=""2890""";"=""AKSU ÇAMLICA RES""";0,99;158,4;17,86;2,41;;;;;0;2,29;"=""1""";
"=""API""";"=""WIND""";"=""2026-04-29T22:22:00+03:00""";"=""OA_YTM""";"=""AKSU RES""";"=""10928268862""";"=""2890""";"=""AKSU ÇAMLICA RES""";0,99;158,81;17,86;2,52;;;;;0;2,29;"=""1""";
"=""API""";"=""WIND""";"=""2026-04-29T22:23:00+03:00""";"=""OA_YTM""";"=""AKSU RES""";"=""10928268862""";"=""2890""";"=""AKSU ÇAMLICA RES""";0,99;158,4;16,87;2,52;;;;;0;2,16;"=""1""";
"=""API""";"=""WIND""";"=""2026-04-29T22:24:00+03:00""";"=""OA_YTM""";"=""AKSU RES""";"=""10928268862""";"=""2890""";"=""AKSU ÇAMLICA RES""";0,99;158,4;16,87;2,52;;;;;0;2,16;"=""1""";
"=""API""";"=""WIND""";"=""2026-04-29T22:25:00+03:00""";"=""OA_YTM""";"=""AKSU RES""";"=""10928268862""";"=""2890""";"=""AKSU ÇAMLICA RES""";0,99;158,4;17,86;2,55;;;;;0;2,29;"=""1""";
"=""API""";"=""WIND""";"=""2026-04-29T22:26:00+03:00""";"=""OA_YTM""";"=""AKSU RES""";"=""10928268862""";"=""2890""";"=""AKSU ÇAMLICA RES""";0,99;158,29;16,87;2,67;;;;;0;2,16;"=""1""";
"=""API""";"=""WIND""";"=""2026-04-29T22:27:00+03:00""";"=""OA_YTM""";"=""AKSU RES""";"=""10928268862""";"=""2890""";"=""AKSU ÇAMLICA RES""";0,99;158,4;17,86;2,56;;;;;0;2,29;"=""1""";
"=""API""";"=""WIND""";"=""2026-04-29T22:28:00+03:00""";"=""OA_YTM""";"=""AKSU RES""";"=""10928268862""";"=""2890""";"=""AKSU ÇAMLICA RES""";0,99;158,09;17,86;2,65;;;;;0;2,29;"=""1""";
"=""API""";"=""WIND""";"=""2026-04-29T22:29:00+03:00""";"=""OA_YTM""";"=""AKSU RES""";"=""10928268862""";"=""2890""";"=""AKSU ÇAMLICA RES""";0,99;157,88;17,86;2,65;;;;;0;2,29;"=""1""";
"=""API""";"=""WIND""";"=""2026-04-29T22:30:00+03:00""";"=""OA_YTM""";"=""AKSU RES""";"=""10928268862""";"=""2890""";"=""AKSU ÇAMLICA RES""";0,99;157,32;18,85;2,73;;;;;0;2,41;"=""1""";
"=""API""";"=""WIND""";"=""2026-04-29T22:31:00+03:00""";"=""OA_YTM""";"=""AKSU RES""";"=""10928268862""";"=""2890""";"=""AKSU ÇAMLICA RES""";0,99;157,93;17,86;2,69;;;;;0;2,29;"=""1""";
"=""API""";"=""WIND""";"=""2026-04-29T22:32:00+03:00""";"=""OA_YTM""";"=""AKSU RES""";"=""10928268862""";"=""2890""";"=""AKSU ÇAMLICA RES""";0,99;158,19;18,85;2,69;;;;;0;2,41;"=""1""";
"=""API""";"=""WIND""";"=""2026-04-29T22:33:00+03:00""";"=""OA_YTM""";"=""AKSU RES""";"=""10928268862""";"=""2890""";"=""AKSU ÇAMLICA RES""";0,99;158,19;17,86;2,72;;;;;0;2,29;"=""1""";
"=""API""";"=""WIND""";"=""2026-04-29T22:34:00+03:00""";"=""OA_YTM""";"=""AKSU RES""";"=""10928268862""";"=""2890""";"=""AKSU ÇAMLICA RES""";0,99;158,19;17,86;2,66;;;;;0;2,29;"=""1""";
"=""API""";"=""WIND""";"=""2026-04-29T22:35:00+03:00""";"=""OA_YTM""";"=""AKSU RES""";"=""10928268862""";"=""2890""";"=""AKSU ÇAMLICA RES""";0,99;158,19;17,86;2,56;;;;;0;2,29;"=""1""";
"=""API""";"=""WIND""";"=""2026-04-29T22:36:00+03:00""";"=""OA_YTM""";"=""AKSU RES""";"=""10928268862""";"=""2890""";"=""AKSU ÇAMLICA RES""";0,99;158,19;16,87;2,57;;;;;0;2,16;"=""1""";
"=""API""";"=""WIND""";"=""2026-04-29T22:37:00+03:00""";"=""OA_YTM""";"=""AKSU RES""";"=""10928268862""";"=""2890""";"=""AKSU ÇAMLICA RES""";0,99;158,19;16,87;2,57;;;;;0;2,16;"=""1""";
"=""API""";"=""WIND""";"=""2026-04-29T22:38:00+03:00""";"=""OA_YTM""";"=""AKSU RES""";"=""10928268862""";"=""2890""";"=""AKSU ÇAMLICA RES""";0,99;158,19;16,87;2,55;;;;;0;2,16;"=""1""";
"=""API""";"=""WIND""";"=""2026-04-29T22:39:00+03:00""";"=""OA_YTM""";"=""AKSU RES""";"=""10928268862""";"=""2890""";"=""AKSU ÇAMLICA RES""";0,99;157,68;16,87;2,45;;;;;0;2,16;"=""1""";
"=""API""";"=""WIND""";"=""2026-04-29T22:40:00+03:00""";"=""OA_YTM""";"=""AKSU RES""";"=""10928268862""";"=""2890""";"=""AKSU ÇAMLICA RES""";0,99;157,68;16,87;2,48;;;;;0;2,16;"=""1""";
"=""API""";"=""WIND""";"=""2026-04-29T22:41:00+03:00""";"=""OA_YTM""";"=""AKSU RES""";"=""10928268862""";"=""2890""";"=""AKSU ÇAMLICA RES""";0,99;157,47;16,87;2,48;;;;;0;2,16;"=""1""";
"=""API""";"=""WIND""";"=""2026-04-29T22:42:00+03:00""";"=""OA_YTM""";"=""AKSU RES""";"=""10928268862""";"=""2890""";"=""AKSU ÇAMLICA RES""";0,99;157,37;16,87;2,4;;;;;0;2,16;"=""1""";
"=""API""";"=""WIND""";"=""2026-04-29T22:43:00+03:00""";"=""OA_YTM""";"=""AKSU RES""";"=""10928268862""";"=""2890""";"=""AKSU ÇAMLICA RES""";0,99;157,47;15,87;2,4;;;;;0;2,03;"=""1""";
"=""API""";"=""WIND""";"=""2026-04-29T22:44:00+03:00""";"=""OA_YTM""";"=""AKSU RES""";"=""10928268862""";"=""2890""";"=""AKSU ÇAMLICA RES""";0,99;157,42;16,87;2,4;;;;;0;2,16;"=""1""";
"=""API""";"=""WIND""";"=""2026-04-29T22:45:00+03:00""";"=""OA_YTM""";"=""AKSU RES""";"=""10928268862""";"=""2890""";"=""AKSU ÇAMLICA RES""";0,99;157,01;16,87;2,36;;;;;0;2,16;"=""1""";
"=""API""";"=""WIND""";"=""2026-04-29T22:46:00+03:00""";"=""OA_YTM""";"=""AKSU RES""";"=""10928268862""";"=""2890""";"=""AKSU ÇAMLICA RES""";0,99;157,37;16,87;2,46;;;;;0;2,16;"=""1""";
"=""API""";"=""WIND""";"=""2026-04-29T22:47:00+03:00""";"=""OA_YTM""";"=""AKSU RES""";"=""10928268862""";"=""2890""";"=""AKSU ÇAMLICA RES""";0,99;156,75;17,86;2,46;;;;;0;2,29;"=""1""";
"=""API""";"=""WIND""";"=""2026-04-29T22:48:00+03:00""";"=""OA_YTM""";"=""AKSU RES""";"=""10928268862""";"=""2890""";"=""AKSU ÇAMLICA RES""";0,99;155,99;17,86;2,7;;;;;0;2,29;"=""1""";
"=""API""";"=""WIND""";"=""2026-04-29T22:49:00+03:00""";"=""OA_YTM""";"=""AKSU RES""";"=""10928268862""";"=""2890""";"=""AKSU ÇAMLICA RES""";0,99;156,7;17,86;2,51;;;;;0;2,29;"=""1""";
"=""API""";"=""WIND""";"=""2026-04-29T22:50:00+03:00""";"=""OA_YTM""";"=""AKSU RES""";"=""10928268862""";"=""2890""";"=""AKSU ÇAMLICA RES""";0,99;157,01;17,86;2,51;;;;;0;2,29;"=""1""";
"=""API""";"=""WIND""";"=""2026-04-29T22:51:00+03:00""";"=""OA_YTM""";"=""AKSU RES""";"=""10928268862""";"=""2890""";"=""AKSU ÇAMLICA RES""";0,99;157,47;17,86;2,59;;;;;0;2,29;"=""1""";
"=""API""";"=""WIND""";"=""2026-04-29T22:52:00+03:00""";"=""OA_YTM""";"=""AKSU RES""";"=""10928268862""";"=""2890""";"=""AKSU ÇAMLICA RES""";0,99;157,78;17,86;2,52;;;;;0;2,29;"=""1""";
"=""API""";"=""WIND""";"=""2026-04-29T22:53:00+03:00""";"=""OA_YTM""";"=""AKSU RES""";"=""10928268862""";"=""2890""";"=""AKSU ÇAMLICA RES""";0,99;157,88;17,86;2,52;;;;;0;2,29;"=""1""";
"=""API""";"=""WIND""";"=""2026-04-29T22:54:00+03:00""";"=""OA_YTM""";"=""AKSU RES""";"=""10928268862""";"=""2890""";"=""AKSU ÇAMLICA RES""";0,99;157,78;15,87;2,52;;;;;0;2,03;"=""1""";
"=""API""";"=""WIND""";"=""2026-04-29T22:55:00+03:00""";"=""OA_YTM""";"=""AKSU RES""";"=""10928268862""";"=""2890""";"=""AKSU ÇAMLICA RES""";0,99;157,88;16,87;2,27;;;;;0;2,16;"=""1""";
"=""API""";"=""WIND""";"=""2026-04-29T22:56:00+03:00""";"=""OA_YTM""";"=""AKSU RES""";"=""10928268862""";"=""2890""";"=""AKSU ÇAMLICA RES""";0,99;157,58;16,87;2,33;;;;;0;2,16;"=""1""";
"=""API""";"=""WIND""";"=""2026-04-29T22:57:00+03:00""";"=""OA_YTM""";"=""AKSU RES""";"=""10928268862""";"=""2890""";"=""AKSU ÇAMLICA RES""";0,99;157,06;15,87;2,33;;;;;0;2,03;"=""1""";
"=""API""";"=""WIND""";"=""2026-04-29T22:58:00+03:00""";"=""OA_YTM""";"=""AKSU RES""";"=""10928268862""";"=""2890""";"=""AKSU ÇAMLICA RES""";0,99;157,27;15,87;2,37;;;;;0;2,03;"=""1""";
"=""API""";"=""WIND""";"=""2026-04-29T22:59:00+03:00""";"=""OA_YTM""";"=""AKSU RES""";"=""10928268862""";"=""2890""";"=""AKSU ÇAMLICA RES""";0,99;157,16;15,87;2,28;;;;;0;2,03;"=""1""";
"=""API""";"=""WIND""";"=""2026-04-29T23:00:00+03:00""";"=""OA_YTM""";"=""AKSU RES""";"=""10928268862""";"=""2890""";"=""AKSU ÇAMLICA RES""";0,99;156,81;15,87;2,12;;;;;0;2,03;"=""1""";
"=""API""";"=""WIND""";"=""2026-04-29T23:01:00+03:00""";"=""OA_YTM""";"=""AKSU RES""";"=""10928268862""";"=""2890""";"=""AKSU ÇAMLICA RES""";0,99;155,16;14,88;2,16;;;;;0;1,9;"=""1""";
"=""API""";"=""WIND""";"=""2026-04-29T23:02:00+03:00""";"=""OA_YTM""";"=""AKSU RES""";"=""10928268862""";"=""2890""";"=""AKSU ÇAMLICA RES""";0,99;155,32;13,89;2,16;;;;;0;1,78;"=""1""";
"=""API""";"=""WIND""";"=""2026-04-29T23:03:00+03:00""";"=""OA_YTM""";"=""AKSU RES""";"=""10928268862""";"=""2890""";"=""AKSU ÇAMLICA RES""";0,99;155,68;13,89;2,16;;;;;0;1,78;"=""1""";
"=""API""";"=""WIND""";"=""2026-04-29T23:04:00+03:00""";"=""OA_YTM""";"=""AKSU RES""";"=""10928268862""";"=""2890""";"=""AKSU ÇAMLICA RES""";0,99;156,6;13,89;2,04;;;;;0;1,78;"=""1""";
"=""API""";"=""WIND""";"=""2026-04-29T23:05:00+03:00""";"=""OA_YTM""";"=""AKSU RES""";"=""10928268862""";"=""2890""";"=""AKSU ÇAMLICA RES""";0,99;157,22;12,9;2,04;;;;;0;1,65;"=""1""";
"=""API""";"=""WIND""";"=""2026-04-29T23:06:00+03:00""";"=""OA_YTM""";"=""AKSU RES""";"=""10928268862""";"=""2890""";"=""AKSU ÇAMLICA RES""";0,99;157,32;13,89;2,04;;;;;0;1,78;"=""1""";
"=""API""";"=""WIND""";"=""2026-04-29T23:07:00+03:00""";"=""OA_YTM""";"=""AKSU RES""";"=""10928268862""";"=""2890""";"=""AKSU ÇAMLICA RES""";0,99;157,17;12,9;1,96;;;;;0;1,65;"=""1""";
"=""API""";"=""WIND""";"=""2026-04-29T23:08:00+03:00""";"=""OA_YTM""";"=""AKSU RES""";"=""10928268862""";"=""2890""";"=""AKSU ÇAMLICA RES""";0,99;156,14;12,9;1,89;;;;;0;1,65;"=""1""";
"=""API""";"=""WIND""";"=""2026-04-29T23:09:00+03:00""";"=""OA_YTM""";"=""AKSU RES""";"=""10928268862""";"=""2890""";"=""AKSU ÇAMLICA RES""";0,99;156,29;12,9;1,89;;;;;0;1,65;"=""1""";
"=""API""";"=""WIND""";"=""2026-04-29T23:10:00+03:00""";"=""OA_YTM""";"=""AKSU RES""";"=""10928268862""";"=""2890""";"=""AKSU ÇAMLICA RES""";0,99;156,55;12,9;1,93;;;;;0;1,65;"=""1""";
"=""API""";"=""WIND""";"=""2026-04-29T23:11:00+03:00""";"=""OA_YTM""";"=""AKSU RES""";"=""10928268862""";"=""2890""";"=""AKSU ÇAMLICA RES""";0,99;156,55;12,9;1,93;;;;;0;1,65;"=""1""";
"=""API""";"=""WIND""";"=""2026-04-29T23:12:00+03:00""";"=""OA_YTM""";"=""AKSU RES""";"=""10928268862""";"=""2890""";"=""AKSU ÇAMLICA RES""";0,99;156,65;12,9;1,93;;;;;0;1,65;"=""1""";
"=""API""";"=""WIND""";"=""2026-04-29T23:13:00+03:00""";"=""OA_YTM""";"=""AKSU RES""";"=""10928268862""";"=""2890""";"=""AKSU ÇAMLICA RES""";0,99;156,81;12,9;1,97;;;;;0;1,65;"=""1""";
"=""API""";"=""WIND""";"=""2026-04-29T23:14:00+03:00""";"=""OA_YTM""";"=""AKSU RES""";"=""10928268862""";"=""2890""";"=""AKSU ÇAMLICA RES""";0,99;156,81;12,9;1,85;;;;;0;1,65;"=""1""";
"=""API""";"=""WIND""";"=""2026-04-29T23:15:00+03:00""";"=""OA_YTM""";"=""AKSU RES""";"=""10928268862""";"=""2890""";"=""AKSU ÇAMLICA RES""";0,99;156,81;11,91;1,81;;;;;0;1,52;"=""1""";
"=""API""";"=""WIND""";"=""2026-04-29T23:16:00+03:00""";"=""OA_YTM""";"=""AKSU RES""";"=""10928268862""";"=""2890""";"=""AKSU ÇAMLICA RES""";0,99;156,55;10,91;1,72;;;;;0;1,39;"=""1""";
"=""API""";"=""WIND""";"=""2026-04-29T23:17:00+03:00""";"=""OA_YTM""";"=""AKSU RES""";"=""10928268862""";"=""2890""";"=""AKSU ÇAMLICA RES""";0,99;157,06;10,91;1,68;;;;;0;1,39;"=""1""";
"=""API""";"=""WIND""";"=""2026-04-29T23:18:00+03:00""";"=""OA_YTM""";"=""AKSU RES""";"=""10928268862""";"=""2890""";"=""AKSU ÇAMLICA RES""";0,99;156,65;10,91;1,59;;;;;0;1,39;"=""1""";
"=""API""";"=""WIND""";"=""2026-04-29T23:19:00+03:00""";"=""OA_YTM""";"=""AKSU RES""";"=""10928268862""";"=""2890""";"=""AKSU ÇAMLICA RES""";0,99;155,93;10,91;1,58;;;;;0;1,39;"=""1""";
"=""API""";"=""WIND""";"=""2026-04-29T23:20:00+03:00""";"=""OA_YTM""";"=""AKSU RES""";"=""10928268862""";"=""2890""";"=""AKSU ÇAMLICA RES""";0,99;156,14;10,91;1,59;;;;;0;1,39;"=""1""";
"=""API""";"=""WIND""";"=""2026-04-29T23:21:00+03:00""";"=""OA_YTM""";"=""AKSU RES""";"=""10928268862""";"=""2890""";"=""AKSU ÇAMLICA RES""";0,99;156,09;11,91;1,53;;;;;0;1,52;"=""1""";
"=""API""";"=""WIND""";"=""2026-04-29T23:22:00+03:00""";"=""OA_YTM""";"=""AKSU RES""";"=""10928268862""";"=""2890""";"=""AKSU ÇAMLICA RES""";0,99;155,42;10,91;1,54;;;;;0;1,39;"=""1""";
"=""API""";"=""WIND""";"=""2026-04-29T23:23:00+03:00""";"=""OA_YTM""";"=""AKSU RES""";"=""10928268862""";"=""2890""";"=""AKSU ÇAMLICA RES""";0,99;155,47;9,92;1,54;;;;;0;1,27;"=""1""";
"=""API""";"=""WIND""";"=""2026-04-29T23:24:00+03:00""";"=""OA_YTM""";"=""AKSU RES""";"=""10928268862""";"=""2890""";"=""AKSU ÇAMLICA RES""";0,99;156,09;9,92;1,54;;;;;0;1,27;"=""1""";
"=""API""";"=""WIND""";"=""2026-04-29T23:25:00+03:00""";"=""OA_YTM""";"=""AKSU RES""";"=""10928268862""";"=""2890""";"=""AKSU ÇAMLICA RES""";0,99;155,88;10,91;1,54;;;;;0;1,39;"=""1""";
"=""API""";"=""WIND""";"=""2026-04-29T23:26:00+03:00""";"=""OA_YTM""";"=""AKSU RES""";"=""10928268862""";"=""2890""";"=""AKSU ÇAMLICA RES""";0,99;155,47;10,91;1,54;;;;;0;1,39;"=""1""";
"=""API""";"=""WIND""";"=""2026-04-29T23:27:00+03:00""";"=""OA_YTM""";"=""AKSU RES""";"=""10928268862""";"=""2890""";"=""AKSU ÇAMLICA RES""";0,99;156,09;10,91;1,52;;;;;0;1,39;"=""1""";
"=""API""";"=""WIND""";"=""2026-04-29T23:28:00+03:00""";"=""OA_YTM""";"=""AKSU RES""";"=""10928268862""";"=""2890""";"=""AKSU ÇAMLICA RES""";0,99;156,19;10,91;1,57;;;;;0;1,39;"=""1""";
"=""API""";"=""WIND""";"=""2026-04-29T23:29:00+03:00""";"=""OA_YTM""";"=""AKSU RES""";"=""10928268862""";"=""2890""";"=""AKSU ÇAMLICA RES""";0,99;156,6;11,91;1,57;;;;;0;1,52;"=""1""";
"=""API""";"=""WIND""";"=""2026-04-29T23:30:00+03:00""";"=""OA_YTM""";"=""AKSU RES""";"=""10928268862""";"=""2890""";"=""AKSU ÇAMLICA RES""";0,99;156,81;10,91;1,6;;;;;0;1,39;"=""1""";
"=""API""";"=""WIND""";"=""2026-04-29T23:31:00+03:00""";"=""OA_YTM""";"=""AKSU RES""";"=""10928268862""";"=""2890""";"=""AKSU ÇAMLICA RES""";0,99;156,34;10,91;1,71;;;;;0;1,39;"=""1""";
"=""API""";"=""WIND""";"=""2026-04-29T23:32:00+03:00""";"=""OA_YTM""";"=""AKSU RES""";"=""10928268862""";"=""2890""";"=""AKSU ÇAMLICA RES""";0,99;156,39;10,91;1,56;;;;;0;1,39;"=""1""";
"=""API""";"=""WIND""";"=""2026-04-29T23:33:00+03:00""";"=""OA_YTM""";"=""AKSU RES""";"=""10928268862""";"=""2890""";"=""AKSU ÇAMLICA RES""";0,99;156,81;10,91;1,56;;;;;0;1,39;"=""1""";
"=""API""";"=""WIND""";"=""2026-04-29T23:34:00+03:00""";"=""OA_YTM""";"=""AKSU RES""";"=""10928268862""";"=""2890""";"=""AKSU ÇAMLICA RES""";0,99;157,42;10,91;1,56;;;;;0;1,39;"=""1""";
"=""API""";"=""WIND""";"=""2026-04-29T23:35:00+03:00""";"=""OA_YTM""";"=""AKSU RES""";"=""10928268862""";"=""2890""";"=""AKSU ÇAMLICA RES""";0,99;157,53;10,91;1,6;;;;;0;1,39;"=""1""";
"=""API""";"=""WIND""";"=""2026-04-29T23:36:00+03:00""";"=""OA_YTM""";"=""AKSU RES""";"=""10928268862""";"=""2890""";"=""AKSU ÇAMLICA RES""";0,99;157,73;9,92;1,47;;;;;0;1,27;"=""1""";
"=""API""";"=""WIND""";"=""2026-04-29T23:37:00+03:00""";"=""OA_YTM""";"=""AKSU RES""";"=""10928268862""";"=""2890""";"=""AKSU ÇAMLICA RES""";0,99;157,53;10,91;1,5;;;;;0;1,39;"=""1""";
"=""API""";"=""WIND""";"=""2026-04-29T23:38:00+03:00""";"=""OA_YTM""";"=""AKSU RES""";"=""10928268862""";"=""2890""";"=""AKSU ÇAMLICA RES""";0,99;156,91;9,92;1,5;;;;;0;1,27;"=""1""";
"=""API""";"=""WIND""";"=""2026-04-29T23:39:00+03:00""";"=""OA_YTM""";"=""AKSU RES""";"=""10928268862""";"=""2890""";"=""AKSU ÇAMLICA RES""";0,99;157,01;9,92;1,5;;;;;0;1,27;"=""1""";
"=""API""";"=""WIND""";"=""2026-04-29T23:40:00+03:00""";"=""OA_YTM""";"=""AKSU RES""";"=""10928268862""";"=""2890""";"=""AKSU ÇAMLICA RES""";0,99;156,39;8,93;1,38;;;;;0;1,14;"=""1""";
"=""API""";"=""WIND""";"=""2026-04-29T23:41:00+03:00""";"=""OA_YTM""";"=""AKSU RES""";"=""10928268862""";"=""2890""";"=""AKSU ÇAMLICA RES""";0,99;156,81;8,93;1,38;;;;;0;1,14;"=""1""";
"=""API""";"=""WIND""";"=""2026-04-29T23:42:00+03:00""";"=""OA_YTM""";"=""AKSU RES""";"=""10928268862""";"=""2890""";"=""AKSU ÇAMLICA RES""";0,99;157,22;8,93;1,38;;;;;0;1,14;"=""1""";
"=""API""";"=""WIND""";"=""2026-04-29T23:43:00+03:00""";"=""OA_YTM""";"=""AKSU RES""";"=""10928268862""";"=""2890""";"=""AKSU ÇAMLICA RES""";0,99;157,42;8,93;1,27;;;;;0;1,14;"=""1""";
"=""API""";"=""WIND""";"=""2026-04-29T23:44:00+03:00""";"=""OA_YTM""";"=""AKSU RES""";"=""10928268862""";"=""2890""";"=""AKSU ÇAMLICA RES""";0,99;157,42;8,93;1,33;;;;;0;1,14;"=""1""";
"=""API""";"=""WIND""";"=""2026-04-29T23:45:00+03:00""";"=""OA_YTM""";"=""AKSU RES""";"=""10928268862""";"=""2890""";"=""AKSU ÇAMLICA RES""";0,99;157,22;8,93;1,33;;;;;0;1,14;"=""1""";
"=""API""";"=""WIND""";"=""2026-04-29T23:46:00+03:00""";"=""OA_YTM""";"=""AKSU RES""";"=""10928268862""";"=""2890""";"=""AKSU ÇAMLICA RES""";0,99;155,98;8,93;1,29;;;;;0;1,14;"=""1""";
"=""API""";"=""WIND""";"=""2026-04-29T23:47:00+03:00""";"=""OA_YTM""";"=""AKSU RES""";"=""10928268862""";"=""2890""";"=""AKSU ÇAMLICA RES""";0,99;156,5;8,93;1,22;;;;;0;1,14;"=""1""";
"=""API""";"=""WIND""";"=""2026-04-29T23:48:00+03:00""";"=""OA_YTM""";"=""AKSU RES""";"=""10928268862""";"=""2890""";"=""AKSU ÇAMLICA RES""";0,99;156,91;7,93;1,22;;;;;;;;
"=""API""";"=""WIND""";"=""2026-04-29T23:49:00+03:00""";"=""OA_YTM""";"=""AKSU RES""";"=""10928268862""";"=""2890""";"=""AKSU ÇAMLICA RES""";0,99;156,24;8,93;1,22;;;;;0;1,14;"=""1""";
"=""API""";"=""WIND""";"=""2026-04-29T23:50:00+03:00""";"=""OA_YTM""";"=""AKSU RES""";"=""10928268862""";"=""2890""";"=""AKSU ÇAMLICA RES""";0,99;156,86;8,93;1,22;;;;;0;1,14;"=""1""";
"=""API""";"=""WIND""";"=""2026-04-29T23:51:00+03:00""";"=""OA_YTM""";"=""AKSU RES""";"=""10928268862""";"=""2890""";"=""AKSU ÇAMLICA RES""";0,99;156,96;7,93;1,24;;;;;;;;
"=""API""";"=""WIND""";"=""2026-04-29T23:52:00+03:00""";"=""OA_YTM""";"=""AKSU RES""";"=""10928268862""";"=""2890""";"=""AKSU ÇAMLICA RES""";0,99;157,17;8,93;1,2;;;;;0;1,14;"=""1""";
"=""API""";"=""WIND""";"=""2026-04-29T23:53:00+03:00""";"=""OA_YTM""";"=""AKSU RES""";"=""10928268862""";"=""2890""";"=""AKSU ÇAMLICA RES""";0,99;157,11;8,93;1,13;;;;;0;1,14;"=""0""";
"=""API""";"=""WIND""";"=""2026-04-29T23:54:00+03:00""";"=""OA_YTM""";"=""AKSU RES""";"=""10928268862""";"=""2890""";"=""AKSU ÇAMLICA RES""";0,99;157,01;8,93;1,16;;;;;0;1,14;"=""1""";
"=""API""";"=""WIND""";"=""2026-04-29T23:55:00+03:00""";"=""OA_YTM""";"=""AKSU RES""";"=""10928268862""";"=""2890""";"=""AKSU ÇAMLICA RES""";0,99;157,37;8,93;1,2;;;;;0;1,14;"=""1""";
"=""API""";"=""WIND""";"=""2026-04-29T23:56:00+03:00""";"=""OA_YTM""";"=""AKSU RES""";"=""10928268862""";"=""2890""";"=""AKSU ÇAMLICA RES""";0,99;157,99;8,93;1,24;;;;;0;1,14;"=""1""";
"=""API""";"=""WIND""";"=""2026-04-29T23:57:00+03:00""";"=""OA_YTM""";"=""AKSU RES""";"=""10928268862""";"=""2890""";"=""AKSU ÇAMLICA RES""";0,99;157,68;8,93;1,24;;;;;0;1,14;"=""1""";
"=""API""";"=""WIND""";"=""2026-04-29T23:58:00+03:00""";"=""OA_YTM""";"=""AKSU RES""";"=""10928268862""";"=""2890""";"=""AKSU ÇAMLICA RES""";0,99;157,37;8,93;1,29;;;;;0;1,14;"=""1""";
"=""API""";"=""WIND""";"=""2026-04-29T23:59:00+03:00""";"=""OA_YTM""";"=""AKSU RES""";"=""10928268862""";"=""2890""";"=""AKSU ÇAMLICA RES""";0,99;157,27;8,93;1,33;;;;;0;1,14;"=""1""";
"=""API""";"=""WIND""";"=""2026-04-30T00:00:00+03:00""";"=""OA_YTM""";"=""AKSU RES""";"=""10928268862""";"=""2890""";"=""AKSU ÇAMLICA RES""";0,99;157,06;8,93;1,33;;;;;0;1,14;"=""1""";
"=""API""";"=""WIND""";"=""2026-04-30T00:01:00+03:00""";"=""OA_YTM""";"=""AKSU RES""";"=""10928268862""";"=""2890""";"=""AKSU ÇAMLICA RES""";0,99;155,98;8,93;1,34;;;;;0;1,14;"=""1""";
"=""API""";"=""WIND""";"=""2026-04-30T00:02:00+03:00""";"=""OA_YTM""";"=""AKSU RES""";"=""10928268862""";"=""2890""";"=""AKSU ÇAMLICA RES""";0,99;156,7;8,93;1,34;;;;;0;1,14;"=""1""";
"=""API""";"=""WIND""";"=""2026-04-30T00:03:00+03:00""";"=""OA_YTM""";"=""AKSU RES""";"=""10928268862""";"=""2890""";"=""AKSU ÇAMLICA RES""";0,99;156,4;8,93;1,29;;;;;0;1,14;"=""1""";
"=""API""";"=""WIND""";"=""2026-04-30T00:04:00+03:00""";"=""OA_YTM""";"=""AKSU RES""";"=""10928268862""";"=""2890""";"=""AKSU ÇAMLICA RES""";0,99;156,45;8,93;1,26;;;;;0;1,14;"=""1""";
"=""API""";"=""WIND""";"=""2026-04-30T00:05:00+03:00""";"=""OA_YTM""";"=""AKSU RES""";"=""10928268862""";"=""2890""";"=""AKSU ÇAMLICA RES""";0,99;156,34;8,93;1,26;;;;;0;1,14;"=""1""";
"=""API""";"=""WIND""";"=""2026-04-30T00:06:00+03:00""";"=""OA_YTM""";"=""AKSU RES""";"=""10928268862""";"=""2890""";"=""AKSU ÇAMLICA RES""";0,99;156,4;7,93;1,26;;;;;;;;
"=""API""";"=""WIND""";"=""2026-04-30T00:07:00+03:00""";"=""OA_YTM""";"=""AKSU RES""";"=""10928268862""";"=""2890""";"=""AKSU ÇAMLICA RES""";0,99;156,65;7,93;1,12;;;;;;;;
"=""API""";"=""WIND""";"=""2026-04-30T00:08:00+03:00""";"=""OA_YTM""";"=""AKSU RES""";"=""10928268862""";"=""2890""";"=""AKSU ÇAMLICA RES""";0,99;156,7;7,94;1,12;;;;;;;;
"=""API""";"=""WIND""";"=""2026-04-30T00:09:00+03:00""";"=""OA_YTM""";"=""AKSU RES""";"=""10928268862""";"=""2890""";"=""AKSU ÇAMLICA RES""";0,99;155,98;6,94;1,12;;;;;;;;
"=""API""";"=""WIND""";"=""2026-04-30T00:10:00+03:00""";"=""OA_YTM""";"=""AKSU RES""";"=""10928268862""";"=""2890""";"=""AKSU ÇAMLICA RES""";0,99;156,34;6,94;1,1;;;;;;;;
"=""API""";"=""WIND""";"=""2026-04-30T00:11:00+03:00""";"=""OA_YTM""";"=""AKSU RES""";"=""10928268862""";"=""2890""";"=""AKSU ÇAMLICA RES""";0,99;156,19;6,94;1,01;;;;;;;;
"=""API""";"=""WIND""";"=""2026-04-30T00:12:00+03:00""";"=""OA_YTM""";"=""AKSU RES""";"=""10928268862""";"=""2890""";"=""AKSU ÇAMLICA RES""";0,99;156,29;5,95;1,01;;;;;;;;
"=""API""";"=""WIND""";"=""2026-04-30T00:13:00+03:00""";"=""OA_YTM""";"=""AKSU RES""";"=""10928268862""";"=""2890""";"=""AKSU ÇAMLICA RES""";0,99;155,78;5,95;0,9;;;;;;;;
"=""API""";"=""WIND""";"=""2026-04-30T00:14:00+03:00""";"=""OA_YTM""";"=""AKSU RES""";"=""10928268862""";"=""2890""";"=""AKSU ÇAMLICA RES""";0,99;155,21;4,96;0,83;;;;;;;;
"=""API""";"=""WIND""";"=""2026-04-30T00:15:00+03:00""";"=""OA_YTM""";"=""AKSU RES""";"=""10928268862""";"=""2890""";"=""AKSU ÇAMLICA RES""";0,99;155,52;4,96;0,78;;;;;;;;
"=""API""";"=""WIND""";"=""2026-04-30T00:16:00+03:00""";"=""OA_YTM""";"=""AKSU RES""";"=""10928268862""";"=""2890""";"=""AKSU ÇAMLICA RES""";0,99;155,47;4,96;0,78;;;;;;;;
"=""API""";"=""WIND""";"=""2026-04-30T00:17:00+03:00""";"=""OA_YTM""";"=""AKSU RES""";"=""10928268862""";"=""2890""";"=""AKSU ÇAMLICA RES""";0,99;155,98;3,97;0,68;;;;;;;;
"=""API""";"=""WIND""";"=""2026-04-30T00:18:00+03:00""";"=""OA_YTM""";"=""AKSU RES""";"=""10928268862""";"=""2890""";"=""AKSU ÇAMLICA RES""";0,99;157,01;3,97;0,68;;;;;;;;
"=""API""";"=""WIND""";"=""2026-04-30T00:19:00+03:00""";"=""OA_YTM""";"=""AKSU RES""";"=""10928268862""";"=""2890""";"=""AKSU ÇAMLICA RES""";0,99;158,19;3,97;0,6;;;;;;;;
"=""API""";"=""WIND""";"=""2026-04-30T00:20:00+03:00""";"=""OA_YTM""";"=""AKSU RES""";"=""10928268862""";"=""2890""";"=""AKSU ÇAMLICA RES""";0,99;158,09;2,98;0,53;;;;;;;;
"=""API""";"=""WIND""";"=""2026-04-30T00:21:00+03:00""";"=""OA_YTM""";"=""AKSU RES""";"=""10928268862""";"=""2890""";"=""AKSU ÇAMLICA RES""";0,99;158,5;2,98;0,46;;;;;;;;
"=""API""";"=""WIND""";"=""2026-04-30T00:22:00+03:00""";"=""OA_YTM""";"=""AKSU RES""";"=""10928268862""";"=""2890""";"=""AKSU ÇAMLICA RES""";0,99;158,04;2,98;0,46;;;;;;;;
"=""API""";"=""WIND""";"=""2026-04-30T00:23:00+03:00""";"=""OA_YTM""";"=""AKSU RES""";"=""10928268862""";"=""2890""";"=""AKSU ÇAMLICA RES""";0,99;157,83;1,98;0,4;;;;;;;;
"=""API""";"=""WIND""";"=""2026-04-30T00:24:00+03:00""";"=""OA_YTM""";"=""AKSU RES""";"=""10928268862""";"=""2890""";"=""AKSU ÇAMLICA RES""";0,99;157,37;1,98;0,4;;;;;;;;
"=""API""";"=""WIND""";"=""2026-04-30T00:25:00+03:00""";"=""OA_YTM""";"=""AKSU RES""";"=""10928268862""";"=""2890""";"=""AKSU ÇAMLICA RES""";0,99;157,06;1,98;0,4;;;;;;;;
"=""API""";"=""WIND""";"=""2026-04-30T00:26:00+03:00""";"=""OA_YTM""";"=""AKSU RES""";"=""10928268862""";"=""2890""";"=""AKSU ÇAMLICA RES""";0,99;157,06;1,98;0,36;;;;;;;;
"=""API""";"=""WIND""";"=""2026-04-30T00:27:00+03:00""";"=""OA_YTM""";"=""AKSU RES""";"=""10928268862""";"=""2890""";"=""AKSU ÇAMLICA RES""";0,99;157,27;1,98;0,36;;;;;;;;
"=""API""";"=""WIND""";"=""2026-04-30T00:28:00+03:00""";"=""OA_YTM""";"=""AKSU RES""";"=""10928268862""";"=""2890""";"=""AKSU ÇAMLICA RES""";0,99;157,52;2,98;0,33;;;;;;;;
"=""API""";"=""WIND""";"=""2026-04-30T00:29:00+03:00""";"=""OA_YTM""";"=""AKSU RES""";"=""10928268862""";"=""2890""";"=""AKSU ÇAMLICA RES""";0,99;157,83;1,98;0,37;;;;;;;;
"=""API""";"=""WIND""";"=""2026-04-30T00:30:00+03:00""";"=""OA_YTM""";"=""AKSU RES""";"=""10928268862""";"=""2890""";"=""AKSU ÇAMLICA RES""";0,99;157,52;1,98;0,37;;;;;;;;
"=""API""";"=""WIND""";"=""2026-04-30T00:31:00+03:00""";"=""OA_YTM""";"=""AKSU RES""";"=""10928268862""";"=""2890""";"=""AKSU ÇAMLICA RES""";0,99;157,32;1,98;0,37;;;;;;;;
"=""API""";"=""WIND""";"=""2026-04-30T00:32:00+03:00""";"=""OA_YTM""";"=""AKSU RES""";"=""10928268862""";"=""2890""";"=""AKSU ÇAMLICA RES""";0,99;157,11;1,98;0,37;;;;;;;;
"=""API""";"=""WIND""";"=""2026-04-30T00:33:00+03:00""";"=""OA_YTM""";"=""AKSU RES""";"=""10928268862""";"=""2890""";"=""AKSU ÇAMLICA RES""";0,99;157,37;1,98;0,33;;;;;;;;
"=""API""";"=""WIND""";"=""2026-04-30T00:34:00+03:00""";"=""OA_YTM""";"=""AKSU RES""";"=""10928268862""";"=""2890""";"=""AKSU ÇAMLICA RES""";0,99;157,47;1,98;0,33;;;;;;;;
"=""API""";"=""WIND""";"=""2026-04-30T00:35:00+03:00""";"=""OA_YTM""";"=""AKSU RES""";"=""10928268862""";"=""2890""";"=""AKSU ÇAMLICA RES""";0,99;157,68;1,98;0,35;;;;;;;;
"=""API""";"=""WIND""";"=""2026-04-30T00:36:00+03:00""";"=""OA_YTM""";"=""AKSU RES""";"=""10928268862""";"=""2890""";"=""AKSU ÇAMLICA RES""";0,99;157,78;1,98;0,35;;;;;;;;
"=""API""";"=""WIND""";"=""2026-04-30T00:37:00+03:00""";"=""OA_YTM""";"=""AKSU RES""";"=""10928268862""";"=""2890""";"=""AKSU ÇAMLICA RES""";0,99;158,09;1,98;0,35;;;;;;;;
"=""API""";"=""WIND""";"=""2026-04-30T00:38:00+03:00""";"=""OA_YTM""";"=""AKSU RES""";"=""10928268862""";"=""2890""";"=""AKSU ÇAMLICA RES""";0,99;157,99;1,98;0,37;;;;;;;;
"=""API""";"=""WIND""";"=""2026-04-30T00:39:00+03:00""";"=""OA_YTM""";"=""AKSU RES""";"=""10928268862""";"=""2890""";"=""AKSU ÇAMLICA RES""";0,99;157,73;1,98;0,33;;;;;;;;
"=""API""";"=""WIND""";"=""2026-04-30T00:40:00+03:00""";"=""OA_YTM""";"=""AKSU RES""";"=""10928268862""";"=""2890""";"=""AKSU ÇAMLICA RES""";0,99;157,73;1,98;0,33;;;;;;;;
"=""API""";"=""WIND""";"=""2026-04-30T00:41:00+03:00""";"=""OA_YTM""";"=""AKSU RES""";"=""10928268862""";"=""2890""";"=""AKSU ÇAMLICA RES""";0,99;157,94;1,98;0,28;;;;;;;;
"=""API""";"=""WIND""";"=""2026-04-30T00:42:00+03:00""";"=""OA_YTM""";"=""AKSU RES""";"=""10928268862""";"=""2890""";"=""AKSU ÇAMLICA RES""";0,99;156,91;1,98;0,28;;;;;;;;
"=""API""";"=""WIND""";"=""2026-04-30T00:43:00+03:00""";"=""OA_YTM""";"=""AKSU RES""";"=""10928268862""";"=""2890""";"=""AKSU ÇAMLICA RES""";0,99;157,42;1,98;0,34;;;;;;;;
"=""API""";"=""WIND""";"=""2026-04-30T00:44:00+03:00""";"=""OA_YTM""";"=""AKSU RES""";"=""10928268862""";"=""2890""";"=""AKSU ÇAMLICA RES""";0,99;157,42;1,98;0,3;;;;;;;;
"=""API""";"=""WIND""";"=""2026-04-30T00:45:00+03:00""";"=""OA_YTM""";"=""AKSU RES""";"=""10928268862""";"=""2890""";"=""AKSU ÇAMLICA RES""";0,99;157,68;1,98;0,43;;;;;;;;
"=""API""";"=""WIND""";"=""2026-04-30T00:46:00+03:00""";"=""OA_YTM""";"=""AKSU RES""";"=""10928268862""";"=""2890""";"=""AKSU ÇAMLICA RES""";0,99;157,68;1,98;0,28;;;;;;;;
"=""API""";"=""WIND""";"=""2026-04-30T00:47:00+03:00""";"=""OA_YTM""";"=""AKSU RES""";"=""10928268862""";"=""2890""";"=""AKSU ÇAMLICA RES""";0,99;157,68;1,98;0,35;;;;;;;;
"=""API""";"=""WIND""";"=""2026-04-30T00:48:00+03:00""";"=""OA_YTM""";"=""AKSU RES""";"=""10928268862""";"=""2890""";"=""AKSU ÇAMLICA RES""";0,99;157,68;1,98;0,35;;;;;;;;
"=""API""";"=""WIND""";"=""2026-04-30T00:49:00+03:00""";"=""OA_YTM""";"=""AKSU RES""";"=""10928268862""";"=""2890""";"=""AKSU ÇAMLICA RES""";0,99;157,94;1,98;0,28;;;;;;;;
"=""API""";"=""WIND""";"=""2026-04-30T00:50:00+03:00""";"=""OA_YTM""";"=""AKSU RES""";"=""10928268862""";"=""2890""";"=""AKSU ÇAMLICA RES""";0,99;157,37;1,98;0,25;;;;;;;;
"=""API""";"=""WIND""";"=""2026-04-30T00:51:00+03:00""";"=""OA_YTM""";"=""AKSU RES""";"=""10928268862""";"=""2890""";"=""AKSU ÇAMLICA RES""";0,99;157,37;1,98;0,36;;;;;;;;
"=""API""";"=""WIND""";"=""2026-04-30T00:52:00+03:00""";"=""OA_YTM""";"=""AKSU RES""";"=""10928268862""";"=""2890""";"=""AKSU ÇAMLICA RES""";0,99;157,52;1,98;0,31;;;;;;;;
"=""API""";"=""WIND""";"=""2026-04-30T00:53:00+03:00""";"=""OA_YTM""";"=""AKSU RES""";"=""10928268862""";"=""2890""";"=""AKSU ÇAMLICA RES""";0,99;157,73;1,98;0,34;;;;;;;;
"=""API""";"=""WIND""";"=""2026-04-30T00:54:00+03:00""";"=""OA_YTM""";"=""AKSU RES""";"=""10928268862""";"=""2890""";"=""AKSU ÇAMLICA RES""";0,99;158,45;1,98;0,24;;;;;;;;
"=""API""";"=""WIND""";"=""2026-04-30T00:55:00+03:00""";"=""OA_YTM""";"=""AKSU RES""";"=""10928268862""";"=""2890""";"=""AKSU ÇAMLICA RES""";0,99;157,63;1,98;0,24;;;;;;;;
"=""API""";"=""WIND""";"=""2026-04-30T00:56:00+03:00""";"=""OA_YTM""";"=""AKSU RES""";"=""10928268862""";"=""2890""";"=""AKSU ÇAMLICA RES""";0,99;158,09;1,98;0,29;;;;;;;;
"=""API""";"=""WIND""";"=""2026-04-30T00:57:00+03:00""";"=""OA_YTM""";"=""AKSU RES""";"=""10928268862""";"=""2890""";"=""AKSU ÇAMLICA RES""";0,99;158,4;1,98;0,19;;;;;;;;
"=""API""";"=""WIND""";"=""2026-04-30T00:58:00+03:00""";"=""OA_YTM""";"=""AKSU RES""";"=""10928268862""";"=""2890""";"=""AKSU ÇAMLICA RES""";0,99;158,29;1,98;0,19;;;;;;;;
"=""API""";"=""WIND""";"=""2026-04-30T00:59:00+03:00""";"=""OA_YTM""";"=""AKSU RES""";"=""10928268862""";"=""2890""";"=""AKSU ÇAMLICA RES""";0,99;158,29;1,98;0,19;;;;;;;;
"=""API""";"=""WIND""";"=""2026-04-30T01:00:00+03:00""";"=""OA_YTM""";"=""AKSU RES""";"=""10928268862""";"=""2890""";"=""AKSU ÇAMLICA RES""";-0,99;157,99;1,98;0,25;;;;;;;;
"=""API""";"=""WIND""";"=""2026-04-30T01:01:00+03:00""";"=""OA_YTM""";"=""AKSU RES""";"=""10928268862""";"=""2890""";"=""AKSU ÇAMLICA RES""";-0,99;156,39;1,98;0,26;;;;;;;;
"=""API""";"=""WIND""";"=""2026-04-30T01:02:00+03:00""";"=""OA_YTM""";"=""AKSU RES""";"=""10928268862""";"=""2890""";"=""AKSU ÇAMLICA RES""";-0,99;156,39;1,98;0,31;;;;;;;;
"=""API""";"=""WIND""";"=""2026-04-30T01:03:00+03:00""";"=""OA_YTM""";"=""AKSU RES""";"=""10928268862""";"=""2890""";"=""AKSU ÇAMLICA RES""";-0,99;156,34;1,98;0,31;;;;;;;;
"=""API""";"=""WIND""";"=""2026-04-30T01:04:00+03:00""";"=""OA_YTM""";"=""AKSU RES""";"=""10928268862""";"=""2890""";"=""AKSU ÇAMLICA RES""";-0,99;156,86;1,98;0,31;;;;;;;;
"=""API""";"=""WIND""";"=""2026-04-30T01:05:00+03:00""";"=""OA_YTM""";"=""AKSU RES""";"=""10928268862""";"=""2890""";"=""AKSU ÇAMLICA RES""";-0,99;156,55;1,98;-0,51;;;;;;;;
"=""API""";"=""WIND""";"=""2026-04-30T01:06:00+03:00""";"=""OA_YTM""";"=""AKSU RES""";"=""10928268862""";"=""2890""";"=""AKSU ÇAMLICA RES""";-0,99;155,78;2,98;-0,46;;;;;;;;
"=""API""";"=""WIND""";"=""2026-04-30T01:07:00+03:00""";"=""OA_YTM""";"=""AKSU RES""";"=""10928268862""";"=""2890""";"=""AKSU ÇAMLICA RES""";-0,99;155,98;2,98;-0,37;;;;;;;;
"=""API""";"=""WIND""";"=""2026-04-30T01:08:00+03:00""";"=""OA_YTM""";"=""AKSU RES""";"=""10928268862""";"=""2890""";"=""AKSU ÇAMLICA RES""";-0,99;156,34;3,97;-0,44;;;;;;;;
"=""API""";"=""WIND""";"=""2026-04-30T01:09:00+03:00""";"=""OA_YTM""";"=""AKSU RES""";"=""10928268862""";"=""2890""";"=""AKSU ÇAMLICA RES""";-0,99;156,65;3,97;-0,44;;;;;;;;
"=""API""";"=""WIND""";"=""2026-04-30T01:10:00+03:00""";"=""OA_YTM""";"=""AKSU RES""";"=""10928268862""";"=""2890""";"=""AKSU ÇAMLICA RES""";-0,99;156,86;3,97;-0,44;;;;;;;;
"=""API""";"=""WIND""";"=""2026-04-30T01:11:00+03:00""";"=""OA_YTM""";"=""AKSU RES""";"=""10928268862""";"=""2890""";"=""AKSU ÇAMLICA RES""";-0,99;156,81;3,97;-0,59;;;;;;;;
"=""API""";"=""WIND""";"=""2026-04-30T01:12:00+03:00""";"=""OA_YTM""";"=""AKSU RES""";"=""10928268862""";"=""2890""";"=""AKSU ÇAMLICA RES""";-0,99;157,11;3,97;-0,59;;;;;;;;
"=""API""";"=""WIND""";"=""2026-04-30T01:13:00+03:00""";"=""OA_YTM""";"=""AKSU RES""";"=""10928268862""";"=""2890""";"=""AKSU ÇAMLICA RES""";-0,99;157,11;3,97;-0,56;;;;;;;;
"=""API""";"=""WIND""";"=""2026-04-30T01:14:00+03:00""";"=""OA_YTM""";"=""AKSU RES""";"=""10928268862""";"=""2890""";"=""AKSU ÇAMLICA RES""";-0,99;157,01;3,97;-0,56;;;;;;;;
"=""API""";"=""WIND""";"=""2026-04-30T01:15:00+03:00""";"=""OA_YTM""";"=""AKSU RES""";"=""10928268862""";"=""2890""";"=""AKSU ÇAMLICA RES""";-0,99;156,91;3,97;-0,56;;;;;;;;
"=""API""";"=""WIND""";"=""2026-04-30T01:16:00+03:00""";"=""OA_YTM""";"=""AKSU RES""";"=""10928268862""";"=""2890""";"=""AKSU ÇAMLICA RES""";-0,99;157,11;3,97;-0,56;;;;;;;;
"=""API""";"=""WIND""";"=""2026-04-30T01:17:00+03:00""";"=""OA_YTM""";"=""AKSU RES""";"=""10928268862""";"=""2890""";"=""AKSU ÇAMLICA RES""";-0,99;157,42;3,97;-0,6;;;;;;;;
"=""API""";"=""WIND""";"=""2026-04-30T01:18:00+03:00""";"=""OA_YTM""";"=""AKSU RES""";"=""10928268862""";"=""2890""";"=""AKSU ÇAMLICA RES""";-0,99;157,27;3,97;-0,67;;;;;;;;
"=""API""";"=""WIND""";"=""2026-04-30T01:19:00+03:00""";"=""OA_YTM""";"=""AKSU RES""";"=""10928268862""";"=""2890""";"=""AKSU ÇAMLICA RES""";-0,99;157,27;4,96;-0,64;;;;;;;;
"=""API""";"=""WIND""";"=""2026-04-30T01:20:00+03:00""";"=""OA_YTM""";"=""AKSU RES""";"=""10928268862""";"=""2890""";"=""AKSU ÇAMLICA RES""";-0,99;156,34;3,97;-0,64;;;;;;;;
"=""API""";"=""WIND""";"=""2026-04-30T01:21:00+03:00""";"=""OA_YTM""";"=""AKSU RES""";"=""10928268862""";"=""2890""";"=""AKSU ÇAMLICA RES""";-0,99;156,81;3,97;-0,56;;;;;;;;
"=""API""";"=""WIND""";"=""2026-04-30T01:22:00+03:00""";"=""OA_YTM""";"=""AKSU RES""";"=""10928268862""";"=""2890""";"=""AKSU ÇAMLICA RES""";-0,99;156,5;3,97;-0,56;;;;;;;;
"=""API""";"=""WIND""";"=""2026-04-30T01:23:00+03:00""";"=""OA_YTM""";"=""AKSU RES""";"=""10928268862""";"=""2890""";"=""AKSU ÇAMLICA RES""";-0,99;156,29;3,97;-0,65;;;;;;;;
"=""API""";"=""WIND""";"=""2026-04-30T01:24:00+03:00""";"=""OA_YTM""";"=""AKSU RES""";"=""10928268862""";"=""2890""";"=""AKSU ÇAMLICA RES""";-0,99;156,14;3,97;-0,52;;;;;;;;
"=""API""";"=""WIND""";"=""2026-04-30T01:25:00+03:00""";"=""OA_YTM""";"=""AKSU RES""";"=""10928268862""";"=""2890""";"=""AKSU ÇAMLICA RES""";-0,99;156,03;3,97;-0,52;;;;;;;;
"=""API""";"=""WIND""";"=""2026-04-30T01:26:00+03:00""";"=""OA_YTM""";"=""AKSU RES""";"=""10928268862""";"=""2890""";"=""AKSU ÇAMLICA RES""";-0,99;155,93;3,97;-0,58;;;;;;;;
"=""API""";"=""WIND""";"=""2026-04-30T01:27:00+03:00""";"=""OA_YTM""";"=""AKSU RES""";"=""10928268862""";"=""2890""";"=""AKSU ÇAMLICA RES""";-0,99;154,96;3,97;-0,5;;;;;;;;
"=""API""";"=""WIND""";"=""2026-04-30T01:28:00+03:00""";"=""OA_YTM""";"=""AKSU RES""";"=""10928268862""";"=""2890""";"=""AKSU ÇAMLICA RES""";-0,99;154,65;3,97;-0,58;;;;;;;;
"=""API""";"=""WIND""";"=""2026-04-30T01:29:00+03:00""";"=""OA_YTM""";"=""AKSU RES""";"=""10928268862""";"=""2890""";"=""AKSU ÇAMLICA RES""";-0,99;154,13;3,97;-0,55;;;;;;;;
"=""API""";"=""WIND""";"=""2026-04-30T01:30:00+03:00""";"=""OA_YTM""";"=""AKSU RES""";"=""10928268862""";"=""2890""";"=""AKSU ÇAMLICA RES""";-0,99;154,85;2,98;-0,45;;;;;;;;
"=""API""";"=""WIND""";"=""2026-04-30T01:31:00+03:00""";"=""OA_YTM""";"=""AKSU RES""";"=""10928268862""";"=""2890""";"=""AKSU ÇAMLICA RES""";-0,99;155,57;3,97;-0,45;;;;;;;;
"=""API""";"=""WIND""";"=""2026-04-30T01:32:00+03:00""";"=""OA_YTM""";"=""AKSU RES""";"=""10928268862""";"=""2890""";"=""AKSU ÇAMLICA RES""";-0,99;155,83;2,98;-0,49;;;;;;;;
"=""API""";"=""WIND""";"=""2026-04-30T01:33:00+03:00""";"=""OA_YTM""";"=""AKSU RES""";"=""10928268862""";"=""2890""";"=""AKSU ÇAMLICA RES""";-0,99;155,16;2,98;-0,43;;;;;;;;
"=""API""";"=""WIND""";"=""2026-04-30T01:34:00+03:00""";"=""OA_YTM""";"=""AKSU RES""";"=""10928268862""";"=""2890""";"=""AKSU ÇAMLICA RES""";-0,99;154,6;2,98;-0,41;;;;;;;;
"=""API""";"=""WIND""";"=""2026-04-30T01:35:00+03:00""";"=""OA_YTM""";"=""AKSU RES""";"=""10928268862""";"=""2890""";"=""AKSU ÇAMLICA RES""";-0,99;156,55;2,98;-0,45;;;;;;;;
"=""API""";"=""WIND""";"=""2026-04-30T01:36:00+03:00""";"=""OA_YTM""";"=""AKSU RES""";"=""10928268862""";"=""2890""";"=""AKSU ÇAMLICA RES""";-0,99;156,7;2,98;-0,45;;;;;;;;
"=""API""";"=""WIND""";"=""2026-04-30T01:37:00+03:00""";"=""OA_YTM""";"=""AKSU RES""";"=""10928268862""";"=""2890""";"=""AKSU ÇAMLICA RES""";-0,99;156,65;2,98;-0,45;;;;;;;;
"=""API""";"=""WIND""";"=""2026-04-30T01:38:00+03:00""";"=""OA_YTM""";"=""AKSU RES""";"=""10928268862""";"=""2890""";"=""AKSU ÇAMLICA RES""";-0,99;157,37;2,98;-0,3;;;;;;;;
"=""API""";"=""WIND""";"=""2026-04-30T01:39:00+03:00""";"=""OA_YTM""";"=""AKSU RES""";"=""10928268862""";"=""2890""";"=""AKSU ÇAMLICA RES""";-0,99;157,47;2,98;-0,43;;;;;;;;
"=""API""";"=""WIND""";"=""2026-04-30T01:40:00+03:00""";"=""OA_YTM""";"=""AKSU RES""";"=""10928268862""";"=""2890""";"=""AKSU ÇAMLICA RES""";-0,99;156,5;2,98;-0,44;;;;;;;;
"=""API""";"=""WIND""";"=""2026-04-30T01:41:00+03:00""";"=""OA_YTM""";"=""AKSU RES""";"=""10928268862""";"=""2890""";"=""AKSU ÇAMLICA RES""";-0,99;156,19;2,98;-0,39;;;;;;;;
"=""API""";"=""WIND""";"=""2026-04-30T01:42:00+03:00""";"=""OA_YTM""";"=""AKSU RES""";"=""10928268862""";"=""2890""";"=""AKSU ÇAMLICA RES""";-0,99;156,29;1,98;-0,39;;;;;;;;
"=""API""";"=""WIND""";"=""2026-04-30T01:43:00+03:00""";"=""OA_YTM""";"=""AKSU RES""";"=""10928268862""";"=""2890""";"=""AKSU ÇAMLICA RES""";-0,99;155,78;1,98;-0,33;;;;;;;;
"=""API""";"=""WIND""";"=""2026-04-30T01:44:00+03:00""";"=""OA_YTM""";"=""AKSU RES""";"=""10928268862""";"=""2890""";"=""AKSU ÇAMLICA RES""";-0,99;156,03;1,98;-0,3;;;;;;;;
"=""API""";"=""WIND""";"=""2026-04-30T01:45:00+03:00""";"=""OA_YTM""";"=""AKSU RES""";"=""10928268862""";"=""2890""";"=""AKSU ÇAMLICA RES""";-0,99;157,01;1,98;-0,43;;;;;;;;
"=""API""";"=""WIND""";"=""2026-04-30T01:46:00+03:00""";"=""OA_YTM""";"=""AKSU RES""";"=""10928268862""";"=""2890""";"=""AKSU ÇAMLICA RES""";-0,99;156,14;1,98;-0,35;;;;;;;;
"=""API""";"=""WIND""";"=""2026-04-30T01:47:00+03:00""";"=""OA_YTM""";"=""AKSU RES""";"=""10928268862""";"=""2890""";"=""AKSU ÇAMLICA RES""";-0,99;156,24;1,98;-0,35;;;;;;;;
"=""API""";"=""WIND""";"=""2026-04-30T01:48:00+03:00""";"=""OA_YTM""";"=""AKSU RES""";"=""10928268862""";"=""2890""";"=""AKSU ÇAMLICA RES""";-0,99;156,14;1,98;-0,35;;;;;;;;
"=""API""";"=""WIND""";"=""2026-04-30T01:49:00+03:00""";"=""OA_YTM""";"=""AKSU RES""";"=""10928268862""";"=""2890""";"=""AKSU ÇAMLICA RES""";-0,99;156,03;1,98;-0,44;;;;;;;;
"=""API""";"=""WIND""";"=""2026-04-30T01:50:00+03:00""";"=""OA_YTM""";"=""AKSU RES""";"=""10928268862""";"=""2890""";"=""AKSU ÇAMLICA RES""";-0,99;156,4;1,98;-0,4;;;;;;;;
"=""API""";"=""WIND""";"=""2026-04-30T01:51:00+03:00""";"=""OA_YTM""";"=""AKSU RES""";"=""10928268862""";"=""2890""";"=""AKSU ÇAMLICA RES""";-0,99;156,19;1,98;-0,4;;;;;;;;
"=""API""";"=""WIND""";"=""2026-04-30T01:52:00+03:00""";"=""OA_YTM""";"=""AKSU RES""";"=""10928268862""";"=""2890""";"=""AKSU ÇAMLICA RES""";-0,99;155,42;1,98;-0,4;;;;;;;;
"=""API""";"=""WIND""";"=""2026-04-30T01:53:00+03:00""";"=""OA_YTM""";"=""AKSU RES""";"=""10928268862""";"=""2890""";"=""AKSU ÇAMLICA RES""";-0,99;155,93;1,98;-0,4;;;;;;;;
"=""API""";"=""WIND""";"=""2026-04-30T01:54:00+03:00""";"=""OA_YTM""";"=""AKSU RES""";"=""10928268862""";"=""2890""";"=""AKSU ÇAMLICA RES""";-0,99;155,42;1,98;-0,4;;;;;;;;
"=""API""";"=""WIND""";"=""2026-04-30T01:55:00+03:00""";"=""OA_YTM""";"=""AKSU RES""";"=""10928268862""";"=""2890""";"=""AKSU ÇAMLICA RES""";-0,99;156,24;1,98;-0,35;;;;;;;;
"=""API""";"=""WIND""";"=""2026-04-30T01:56:00+03:00""";"=""OA_YTM""";"=""AKSU RES""";"=""10928268862""";"=""2890""";"=""AKSU ÇAMLICA RES""";-0,99;156,09;1,98;-0,35;;;;;;;;
"=""API""";"=""WIND""";"=""2026-04-30T01:57:00+03:00""";"=""OA_YTM""";"=""AKSU RES""";"=""10928268862""";"=""2890""";"=""AKSU ÇAMLICA RES""";-0,99;156,4;1,98;-0,25;;;;;;;;
"=""API""";"=""WIND""";"=""2026-04-30T01:58:00+03:00""";"=""OA_YTM""";"=""AKSU RES""";"=""10928268862""";"=""2890""";"=""AKSU ÇAMLICA RES""";-0,99;157,11;1,98;-0,25;;;;;;;;
"=""API""";"=""WIND""";"=""2026-04-30T01:59:00+03:00""";"=""OA_YTM""";"=""AKSU RES""";"=""10928268862""";"=""2890""";"=""AKSU ÇAMLICA RES""";-0,99;157,37;1,98;-0,28;;;;;;;;
"=""API""";"=""WIND""";"=""2026-04-30T02:00:00+03:00""";"=""OA_YTM""";"=""AKSU RES""";"=""10928268862""";"=""2890""";"=""AKSU ÇAMLICA RES""";-0,98;157,47;0,99;-0,1;;;;;;;;
"=""API""";"=""WIND""";"=""2026-04-30T02:01:00+03:00""";"=""OA_YTM""";"=""AKSU RES""";"=""10928268862""";"=""2890""";"=""AKSU ÇAMLICA RES""";-0,98;157,17;0;0,2;;;;;;;;
"=""API""";"=""WIND""";"=""2026-04-30T02:02:00+03:00""";"=""OA_YTM""";"=""AKSU RES""";"=""10928268862""";"=""2890""";"=""AKSU ÇAMLICA RES""";-0,98;157,47;0;0,69;;;;;;;;
"=""API""";"=""WIND""";"=""2026-04-30T02:03:00+03:00""";"=""OA_YTM""";"=""AKSU RES""";"=""10928268862""";"=""2890""";"=""AKSU ÇAMLICA RES""";-0,98;157,78;0;1,2;;;;;;;;
"=""API""";"=""WIND""";"=""2026-04-30T02:04:00+03:00""";"=""OA_YTM""";"=""AKSU RES""";"=""10928268862""";"=""2890""";"=""AKSU ÇAMLICA RES""";-0,98;158,09;0;1,55;;;;;;;;
"=""API""";"=""WIND""";"=""2026-04-30T02:05:00+03:00""";"=""OA_YTM""";"=""AKSU RES""";"=""10928268862""";"=""2890""";"=""AKSU ÇAMLICA RES""";-0,98;158,09;0;1,88;;;;;;;;
"=""API""";"=""WIND""";"=""2026-04-30T02:06:00+03:00""";"=""OA_YTM""";"=""AKSU RES""";"=""10928268862""";"=""2890""";"=""AKSU ÇAMLICA RES""";-0,98;158,14;0;2,19;;;;;;;;
"=""API""";"=""WIND""";"=""2026-04-30T02:07:00+03:00""";"=""OA_YTM""";"=""AKSU RES""";"=""10928268862""";"=""2890""";"=""AKSU ÇAMLICA RES""";-0,98;158,19;0;2,23;;;;;;;;
"=""API""";"=""WIND""";"=""2026-04-30T02:08:00+03:00""";"=""OA_YTM""";"=""AKSU RES""";"=""10928268862""";"=""2890""";"=""AKSU ÇAMLICA RES""";-0,98;157,27;0;2,38;;;;;;;;
"=""API""";"=""WIND""";"=""2026-04-30T02:09:00+03:00""";"=""OA_YTM""";"=""AKSU RES""";"=""10928268862""";"=""2890""";"=""AKSU ÇAMLICA RES""";-0,98;157,37;0;2,38;;;;;;;;
"=""API""";"=""WIND""";"=""2026-04-30T02:10:00+03:00""";"=""OA_YTM""";"=""AKSU RES""";"=""10928268862""";"=""2890""";"=""AKSU ÇAMLICA RES""";-0,98;157,47;0;2,4;;;;;;;;
"=""API""";"=""WIND""";"=""2026-04-30T02:11:00+03:00""";"=""OA_YTM""";"=""AKSU RES""";"=""10928268862""";"=""2890""";"=""AKSU ÇAMLICA RES""";-0,98;157,78;0;2,49;;;;;;;;
"=""API""";"=""WIND""";"=""2026-04-30T02:12:00+03:00""";"=""OA_YTM""";"=""AKSU RES""";"=""10928268862""";"=""2890""";"=""AKSU ÇAMLICA RES""";-0,98;157,11;0;2,4;;;;;;;;
"=""API""";"=""WIND""";"=""2026-04-30T02:13:00+03:00""";"=""OA_YTM""";"=""AKSU RES""";"=""10928268862""";"=""2890""";"=""AKSU ÇAMLICA RES""";-0,98;156,86;0;2,48;;;;;;;;
"=""API""";"=""WIND""";"=""2026-04-30T02:14:00+03:00""";"=""OA_YTM""";"=""AKSU RES""";"=""10928268862""";"=""2890""";"=""AKSU ÇAMLICA RES""";-0,98;157,17;0;2,48;;;;;;;;
"=""API""";"=""WIND""";"=""2026-04-30T02:15:00+03:00""";"=""OA_YTM""";"=""AKSU RES""";"=""10928268862""";"=""2890""";"=""AKSU ÇAMLICA RES""";-0,98;156,6;0;2,44;;;;;;;;
"=""API""";"=""WIND""";"=""2026-04-30T02:16:00+03:00""";"=""OA_YTM""";"=""AKSU RES""";"=""10928268862""";"=""2890""";"=""AKSU ÇAMLICA RES""";-0,98;155,93;0;2,49;;;;;;;;
"=""API""";"=""WIND""";"=""2026-04-30T02:17:00+03:00""";"=""OA_YTM""";"=""AKSU RES""";"=""10928268862""";"=""2890""";"=""AKSU ÇAMLICA RES""";-0,98;155,98;0;2,57;;;;;;;;
"=""API""";"=""WIND""";"=""2026-04-30T02:18:00+03:00""";"=""OA_YTM""";"=""AKSU RES""";"=""10928268862""";"=""2890""";"=""AKSU ÇAMLICA RES""";-0,98;156,45;0;2,47;;;;;;;;
"=""API""";"=""WIND""";"=""2026-04-30T02:19:00+03:00""";"=""OA_YTM""";"=""AKSU RES""";"=""10928268862""";"=""2890""";"=""AKSU ÇAMLICA RES""";-0,98;155,98;0;2,47;;;;;;;;
"=""API""";"=""WIND""";"=""2026-04-30T02:20:00+03:00""";"=""OA_YTM""";"=""AKSU RES""";"=""10928268862""";"=""2890""";"=""AKSU ÇAMLICA RES""";-0,98;156,29;0;2,08;;;;;;;;
"=""API""";"=""WIND""";"=""2026-04-30T02:21:00+03:00""";"=""OA_YTM""";"=""AKSU RES""";"=""10928268862""";"=""2890""";"=""AKSU ÇAMLICA RES""";-0,98;156,19;0;1,92;;;;;;;;
"=""API""";"=""WIND""";"=""2026-04-30T02:22:00+03:00""";"=""OA_YTM""";"=""AKSU RES""";"=""10928268862""";"=""2890""";"=""AKSU ÇAMLICA RES""";-0,98;156,19;0;1,65;;;;;;;;
"=""API""";"=""WIND""";"=""2026-04-30T02:23:00+03:00""";"=""OA_YTM""";"=""AKSU RES""";"=""10928268862""";"=""2890""";"=""AKSU ÇAMLICA RES""";-0,98;155,98;0;1,38;;;;;;;;
"=""API""";"=""WIND""";"=""2026-04-30T02:24:00+03:00""";"=""OA_YTM""";"=""AKSU RES""";"=""10928268862""";"=""2890""";"=""AKSU ÇAMLICA RES""";-0,98;155,37;0;1,65;;;;;;;;
"=""API""";"=""WIND""";"=""2026-04-30T02:25:00+03:00""";"=""OA_YTM""";"=""AKSU RES""";"=""10928268862""";"=""2890""";"=""AKSU ÇAMLICA RES""";-0,98;155,52;0;1,85;;;;;;;;
"=""API""";"=""WIND""";"=""2026-04-30T02:26:00+03:00""";"=""OA_YTM""";"=""AKSU RES""";"=""10928268862""";"=""2890""";"=""AKSU ÇAMLICA RES""";-0,98;155,83;0;1,79;;;;;;;;
"=""API""";"=""WIND""";"=""2026-04-30T02:27:00+03:00""";"=""OA_YTM""";"=""AKSU RES""";"=""10928268862""";"=""2890""";"=""AKSU ÇAMLICA RES""";-0,98;155,63;0;1,99;;;;;;;;
"=""API""";"=""WIND""";"=""2026-04-30T02:28:00+03:00""";"=""OA_YTM""";"=""AKSU RES""";"=""10928268862""";"=""2890""";"=""AKSU ÇAMLICA RES""";-0,98;155,73;0;1,86;;;;;;;;
"=""API""";"=""WIND""";"=""2026-04-30T02:29:00+03:00""";"=""OA_YTM""";"=""AKSU RES""";"=""10928268862""";"=""2890""";"=""AKSU ÇAMLICA RES""";-0,98;155,78;0;2,05;;;;;;;;
"=""API""";"=""WIND""";"=""2026-04-30T02:30:00+03:00""";"=""OA_YTM""";"=""AKSU RES""";"=""10928268862""";"=""2890""";"=""AKSU ÇAMLICA RES""";-0,98;156,4;0;2,19;;;;;;;;
"=""API""";"=""WIND""";"=""2026-04-30T02:31:00+03:00""";"=""OA_YTM""";"=""AKSU RES""";"=""10928268862""";"=""2890""";"=""AKSU ÇAMLICA RES""";-0,98;156,09;0;2,04;;;;;;;;
"=""API""";"=""WIND""";"=""2026-04-30T02:32:00+03:00""";"=""OA_YTM""";"=""AKSU RES""";"=""10928268862""";"=""2890""";"=""AKSU ÇAMLICA RES""";-0,98;155,88;0;2,04;;;;;;;;
"=""API""";"=""WIND""";"=""2026-04-30T02:33:00+03:00""";"=""OA_YTM""";"=""AKSU RES""";"=""10928268862""";"=""2890""";"=""AKSU ÇAMLICA RES""";-0,98;156,4;0;1,98;;;;;;;;
"=""API""";"=""WIND""";"=""2026-04-30T02:34:00+03:00""";"=""OA_YTM""";"=""AKSU RES""";"=""10928268862""";"=""2890""";"=""AKSU ÇAMLICA RES""";-0,98;155,42;0;1,93;;;;;;;;
"=""API""";"=""WIND""";"=""2026-04-30T02:35:00+03:00""";"=""OA_YTM""";"=""AKSU RES""";"=""10928268862""";"=""2890""";"=""AKSU ÇAMLICA RES""";-0,98;155,21;0;1,93;;;;;;;;
"=""API""";"=""WIND""";"=""2026-04-30T02:36:00+03:00""";"=""OA_YTM""";"=""AKSU RES""";"=""10928268862""";"=""2890""";"=""AKSU ÇAMLICA RES""";-0,98;154,96;0;2,12;;;;;;;;
"=""API""";"=""WIND""";"=""2026-04-30T02:37:00+03:00""";"=""OA_YTM""";"=""AKSU RES""";"=""10928268862""";"=""2890""";"=""AKSU ÇAMLICA RES""";-0,98;155,31;0;2,39;;;;;;;;
"=""API""";"=""WIND""";"=""2026-04-30T02:38:00+03:00""";"=""OA_YTM""";"=""AKSU RES""";"=""10928268862""";"=""2890""";"=""AKSU ÇAMLICA RES""";-0,98;155,37;0;2,34;;;;;;;;
"=""API""";"=""WIND""";"=""2026-04-30T02:39:00+03:00""";"=""OA_YTM""";"=""AKSU RES""";"=""10928268862""";"=""2890""";"=""AKSU ÇAMLICA RES""";-0,98;155,73;0;2,43;;;;;;;;
"=""API""";"=""WIND""";"=""2026-04-30T02:40:00+03:00""";"=""OA_YTM""";"=""AKSU RES""";"=""10928268862""";"=""2890""";"=""AKSU ÇAMLICA RES""";-0,98;155,57;0;2,52;;;;;;;;
"=""API""";"=""WIND""";"=""2026-04-30T02:41:00+03:00""";"=""OA_YTM""";"=""AKSU RES""";"=""10928268862""";"=""2890""";"=""AKSU ÇAMLICA RES""";-0,98;154,65;0;2,47;;;;;;;;
"=""API""";"=""WIND""";"=""2026-04-30T02:42:00+03:00""";"=""OA_YTM""";"=""AKSU RES""";"=""10928268862""";"=""2890""";"=""AKSU ÇAMLICA RES""";-0,98;155,21;0;2,66;;;;;;;;
"=""API""";"=""WIND""";"=""2026-04-30T02:43:00+03:00""";"=""OA_YTM""";"=""AKSU RES""";"=""10928268862""";"=""2890""";"=""AKSU ÇAMLICA RES""";-0,98;155,21;0;2,66;;;;;;;;
"=""API""";"=""WIND""";"=""2026-04-30T02:44:00+03:00""";"=""OA_YTM""";"=""AKSU RES""";"=""10928268862""";"=""2890""";"=""AKSU ÇAMLICA RES""";-0,98;155,16;0;2,66;;;;;;;;
"=""API""";"=""WIND""";"=""2026-04-30T02:45:00+03:00""";"=""OA_YTM""";"=""AKSU RES""";"=""10928268862""";"=""2890""";"=""AKSU ÇAMLICA RES""";-0,98;156,03;0;2,64;;;;;;;;
"=""API""";"=""WIND""";"=""2026-04-30T02:46:00+03:00""";"=""OA_YTM""";"=""AKSU RES""";"=""10928268862""";"=""2890""";"=""AKSU ÇAMLICA RES""";-0,98;155,78;0;2,51;;;;;;;;
"=""API""";"=""WIND""";"=""2026-04-30T02:47:00+03:00""";"=""OA_YTM""";"=""AKSU RES""";"=""10928268862""";"=""2890""";"=""AKSU ÇAMLICA RES""";-0,98;155,88;0;2,65;;;;;;;;
"=""API""";"=""WIND""";"=""2026-04-30T02:48:00+03:00""";"=""OA_YTM""";"=""AKSU RES""";"=""10928268862""";"=""2890""";"=""AKSU ÇAMLICA RES""";-0,98;156,24;0;2,65;;;;;;;;
"=""API""";"=""WIND""";"=""2026-04-30T02:49:00+03:00""";"=""OA_YTM""";"=""AKSU RES""";"=""10928268862""";"=""2890""";"=""AKSU ÇAMLICA RES""";-0,98;155,47;0;2,65;;;;;;;;
"=""API""";"=""WIND""";"=""2026-04-30T02:50:00+03:00""";"=""OA_YTM""";"=""AKSU RES""";"=""10928268862""";"=""2890""";"=""AKSU ÇAMLICA RES""";-0,98;154,96;0;2,65;;;;;;;;
"=""API""";"=""WIND""";"=""2026-04-30T02:51:00+03:00""";"=""OA_YTM""";"=""AKSU RES""";"=""10928268862""";"=""2890""";"=""AKSU ÇAMLICA RES""";-0,98;154,8;0;2,52;;;;;;;;
"=""API""";"=""WIND""";"=""2026-04-30T02:52:00+03:00""";"=""OA_YTM""";"=""AKSU RES""";"=""10928268862""";"=""2890""";"=""AKSU ÇAMLICA RES""";-0,98;154,85;0;2,52;;;;;;;;
"=""API""";"=""WIND""";"=""2026-04-30T02:53:00+03:00""";"=""OA_YTM""";"=""AKSU RES""";"=""10928268862""";"=""2890""";"=""AKSU ÇAMLICA RES""";-0,98;156,04;0;2,51;;;;;;;;
"=""API""";"=""WIND""";"=""2026-04-30T02:54:00+03:00""";"=""OA_YTM""";"=""AKSU RES""";"=""10928268862""";"=""2890""";"=""AKSU ÇAMLICA RES""";-0,98;155,88;0;2,51;;;;;;;;
"=""API""";"=""WIND""";"=""2026-04-30T02:55:00+03:00""";"=""OA_YTM""";"=""AKSU RES""";"=""10928268862""";"=""2890""";"=""AKSU ÇAMLICA RES""";-0,98;156,4;0;2,49;;;;;;;;
"=""API""";"=""WIND""";"=""2026-04-30T02:56:00+03:00""";"=""OA_YTM""";"=""AKSU RES""";"=""10928268862""";"=""2890""";"=""AKSU ÇAMLICA RES""";-0,98;156,24;0;2,52;;;;;;;;
"=""API""";"=""WIND""";"=""2026-04-30T02:57:00+03:00""";"=""OA_YTM""";"=""AKSU RES""";"=""10928268862""";"=""2890""";"=""AKSU ÇAMLICA RES""";-0,98;156,5;0;2,52;;;;;;;;
"=""API""";"=""WIND""";"=""2026-04-30T02:58:00+03:00""";"=""OA_YTM""";"=""AKSU RES""";"=""10928268862""";"=""2890""";"=""AKSU ÇAMLICA RES""";-0,98;156,5;0;2,56;;;;;;;;
"=""API""";"=""WIND""";"=""2026-04-30T02:59:00+03:00""";"=""OA_YTM""";"=""AKSU RES""";"=""10928268862""";"=""2890""";"=""AKSU ÇAMLICA RES""";-0,98;156,7;0;2,19;;;;;;;;
"=""API""";"=""WIND""";"=""2026-04-30T03:00:00+03:00""";"=""OA_YTM""";"=""AKSU RES""";"=""10928268862""";"=""2890""";"=""AKSU ÇAMLICA RES""";-0,98;157,11;0;2,35;;;;;;;;
"=""API""";"=""WIND""";"=""2026-04-30T03:01:00+03:00""";"=""OA_YTM""";"=""AKSU RES""";"=""10928268862""";"=""2890""";"=""AKSU ÇAMLICA RES""";-0,98;157,27;0;2,43;;;;;;;;
"=""API""";"=""WIND""";"=""2026-04-30T03:02:00+03:00""";"=""OA_YTM""";"=""AKSU RES""";"=""10928268862""";"=""2890""";"=""AKSU ÇAMLICA RES""";-0,98;156,75;0;2,43;;;;;;;;
"=""API""";"=""WIND""";"=""2026-04-30T03:03:00+03:00""";"=""OA_YTM""";"=""AKSU RES""";"=""10928268862""";"=""2890""";"=""AKSU ÇAMLICA RES""";-0,98;156,14;0;2,19;;;;;;;;
"=""API""";"=""WIND""";"=""2026-04-30T03:04:00+03:00""";"=""OA_YTM""";"=""AKSU RES""";"=""10928268862""";"=""2890""";"=""AKSU ÇAMLICA RES""";-0,98;156,65;0;2,27;;;;;;;;
"=""API""";"=""WIND""";"=""2026-04-30T03:05:00+03:00""";"=""OA_YTM""";"=""AKSU RES""";"=""10928268862""";"=""2890""";"=""AKSU ÇAMLICA RES""";-0,98;156,5;0;2,16;;;;;;;;
"=""API""";"=""WIND""";"=""2026-04-30T03:06:00+03:00""";"=""OA_YTM""";"=""AKSU RES""";"=""10928268862""";"=""2890""";"=""AKSU ÇAMLICA RES""";-0,98;155,57;0;2,24;;;;;;;;
"=""API""";"=""WIND""";"=""2026-04-30T03:07:00+03:00""";"=""OA_YTM""";"=""AKSU RES""";"=""10928268862""";"=""2890""";"=""AKSU ÇAMLICA RES""";-0,98;155,32;0;2,32;;;;;;;;
"=""API""";"=""WIND""";"=""2026-04-30T03:08:00+03:00""";"=""OA_YTM""";"=""AKSU RES""";"=""10928268862""";"=""2890""";"=""AKSU ÇAMLICA RES""";-0,98;155,98;0;2,48;;;;;;;;
"=""API""";"=""WIND""";"=""2026-04-30T03:09:00+03:00""";"=""OA_YTM""";"=""AKSU RES""";"=""10928268862""";"=""2890""";"=""AKSU ÇAMLICA RES""";-0,98;155,88;0;2,48;;;;;;;;
"=""API""";"=""WIND""";"=""2026-04-30T03:10:00+03:00""";"=""OA_YTM""";"=""AKSU RES""";"=""10928268862""";"=""2890""";"=""AKSU ÇAMLICA RES""";-0,98;155,47;0;2,31;;;;;;;;
"=""API""";"=""WIND""";"=""2026-04-30T03:11:00+03:00""";"=""OA_YTM""";"=""AKSU RES""";"=""10928268862""";"=""2890""";"=""AKSU ÇAMLICA RES""";-0,98;155,52;0;2,43;;;;;;;;
"=""API""";"=""WIND""";"=""2026-04-30T03:12:00+03:00""";"=""OA_YTM""";"=""AKSU RES""";"=""10928268862""";"=""2890""";"=""AKSU ÇAMLICA RES""";-0,98;155,47;0;2,43;;;;;;;;
"=""API""";"=""WIND""";"=""2026-04-30T03:13:00+03:00""";"=""OA_YTM""";"=""AKSU RES""";"=""10928268862""";"=""2890""";"=""AKSU ÇAMLICA RES""";-0,98;155,88;0;2,52;;;;;;;;
"=""API""";"=""WIND""";"=""2026-04-30T03:14:00+03:00""";"=""OA_YTM""";"=""AKSU RES""";"=""10928268862""";"=""2890""";"=""AKSU ÇAMLICA RES""";-0,98;154,91;0;2,52;;;;;;;;
"=""API""";"=""WIND""";"=""2026-04-30T03:15:00+03:00""";"=""OA_YTM""";"=""AKSU RES""";"=""10928268862""";"=""2890""";"=""AKSU ÇAMLICA RES""";-0,98;154,85;0;2,52;;;;;;;;
"=""API""";"=""WIND""";"=""2026-04-30T03:16:00+03:00""";"=""OA_YTM""";"=""AKSU RES""";"=""10928268862""";"=""2890""";"=""AKSU ÇAMLICA RES""";-0,98;155,06;0;2,64;;;;;;;;
"=""API""";"=""WIND""";"=""2026-04-30T03:17:00+03:00""";"=""OA_YTM""";"=""AKSU RES""";"=""10928268862""";"=""2890""";"=""AKSU ÇAMLICA RES""";-0,98;155,93;0;2,67;;;;;;;;
"=""API""";"=""WIND""";"=""2026-04-30T03:18:00+03:00""";"=""OA_YTM""";"=""AKSU RES""";"=""10928268862""";"=""2890""";"=""AKSU ÇAMLICA RES""";-0,98;155,78;0;2,67;;;;;;;;
"=""API""";"=""WIND""";"=""2026-04-30T03:19:00+03:00""";"=""OA_YTM""";"=""AKSU RES""";"=""10928268862""";"=""2890""";"=""AKSU ÇAMLICA RES""";-0,98;156,7;0;2,67;;;;;;;;
"=""API""";"=""WIND""";"=""2026-04-30T03:20:00+03:00""";"=""OA_YTM""";"=""AKSU RES""";"=""10928268862""";"=""2890""";"=""AKSU ÇAMLICA RES""";-0,98;156,6;0;2,67;;;;;;;;
"=""API""";"=""WIND""";"=""2026-04-30T03:21:00+03:00""";"=""OA_YTM""";"=""AKSU RES""";"=""10928268862""";"=""2890""";"=""AKSU ÇAMLICA RES""";-0,98;156,19;0;2,75;;;;;;;;
"=""API""";"=""WIND""";"=""2026-04-30T03:22:00+03:00""";"=""OA_YTM""";"=""AKSU RES""";"=""10928268862""";"=""2890""";"=""AKSU ÇAMLICA RES""";-0,98;156,09;0;2,75;;;;;;;;
"=""API""";"=""WIND""";"=""2026-04-30T03:23:00+03:00""";"=""OA_YTM""";"=""AKSU RES""";"=""10928268862""";"=""2890""";"=""AKSU ÇAMLICA RES""";-0,98;156,09;0;2,75;;;;;;;;
"=""API""";"=""WIND""";"=""2026-04-30T03:24:00+03:00""";"=""OA_YTM""";"=""AKSU RES""";"=""10928268862""";"=""2890""";"=""AKSU ÇAMLICA RES""";-0,98;156,34;0;2,73;;;;;;;;
"=""API""";"=""WIND""";"=""2026-04-30T03:25:00+03:00""";"=""OA_YTM""";"=""AKSU RES""";"=""10928268862""";"=""2890""";"=""AKSU ÇAMLICA RES""";-0,98;157,06;0;2,73;;;;;;;;
"=""API""";"=""WIND""";"=""2026-04-30T03:26:00+03:00""";"=""OA_YTM""";"=""AKSU RES""";"=""10928268862""";"=""2890""";"=""AKSU ÇAMLICA RES""";-0,98;157,32;0;2,73;;;;;;;;
"=""API""";"=""WIND""";"=""2026-04-30T03:27:00+03:00""";"=""OA_YTM""";"=""AKSU RES""";"=""10928268862""";"=""2890""";"=""AKSU ÇAMLICA RES""";-0,98;156,65;0;2,78;;;;;;;;
"=""API""";"=""WIND""";"=""2026-04-30T03:28:00+03:00""";"=""OA_YTM""";"=""AKSU RES""";"=""10928268862""";"=""2890""";"=""AKSU ÇAMLICA RES""";-0,98;157,06;0;2,78;;;;;;;;
"=""API""";"=""WIND""";"=""2026-04-30T03:29:00+03:00""";"=""OA_YTM""";"=""AKSU RES""";"=""10928268862""";"=""2890""";"=""AKSU ÇAMLICA RES""";-0,98;156,96;0;2,76;;;;;;;;
"=""API""";"=""WIND""";"=""2026-04-30T03:30:00+03:00""";"=""OA_YTM""";"=""AKSU RES""";"=""10928268862""";"=""2890""";"=""AKSU ÇAMLICA RES""";-0,98;157,22;0;2,76;;;;;;;;
"=""API""";"=""WIND""";"=""2026-04-30T03:31:00+03:00""";"=""OA_YTM""";"=""AKSU RES""";"=""10928268862""";"=""2890""";"=""AKSU ÇAMLICA RES""";-0,98;157,68;0;2,78;;;;;;;;
"=""API""";"=""WIND""";"=""2026-04-30T03:32:00+03:00""";"=""OA_YTM""";"=""AKSU RES""";"=""10928268862""";"=""2890""";"=""AKSU ÇAMLICA RES""";-0,98;157,06;0;2,78;;;;;;;;
"=""API""";"=""WIND""";"=""2026-04-30T03:33:00+03:00""";"=""OA_YTM""";"=""AKSU RES""";"=""10928268862""";"=""2890""";"=""AKSU ÇAMLICA RES""";-0,98;156,55;0;2,78;;;;;;;;
"=""API""";"=""WIND""";"=""2026-04-30T03:34:00+03:00""";"=""OA_YTM""";"=""AKSU RES""";"=""10928268862""";"=""2890""";"=""AKSU ÇAMLICA RES""";-0,98;156,55;0;2,78;;;;;;;;
"=""API""";"=""WIND""";"=""2026-04-30T03:35:00+03:00""";"=""OA_YTM""";"=""AKSU RES""";"=""10928268862""";"=""2890""";"=""AKSU ÇAMLICA RES""";-0,98;156,5;0;2,78;;;;;;;;
"=""API""";"=""WIND""";"=""2026-04-30T03:36:00+03:00""";"=""OA_YTM""";"=""AKSU RES""";"=""10928268862""";"=""2890""";"=""AKSU ÇAMLICA RES""";-0,98;156,29;0;2,78;;;;;;;;
"=""API""";"=""WIND""";"=""2026-04-30T03:37:00+03:00""";"=""OA_YTM""";"=""AKSU RES""";"=""10928268862""";"=""2890""";"=""AKSU ÇAMLICA RES""";-0,98;156,75;0;2,78;;;;;;;;
"=""API""";"=""WIND""";"=""2026-04-30T03:38:00+03:00""";"=""OA_YTM""";"=""AKSU RES""";"=""10928268862""";"=""2890""";"=""AKSU ÇAMLICA RES""";-0,98;157,27;0;2,99;;;;;;;;
"=""API""";"=""WIND""";"=""2026-04-30T03:39:00+03:00""";"=""OA_YTM""";"=""AKSU RES""";"=""10928268862""";"=""2890""";"=""AKSU ÇAMLICA RES""";-0,98;157,47;0;2,99;;;;;;;;
"=""API""";"=""WIND""";"=""2026-04-30T03:40:00+03:00""";"=""OA_YTM""";"=""AKSU RES""";"=""10928268862""";"=""2890""";"=""AKSU ÇAMLICA RES""";-0,98;157,42;0;2,99;;;;;;;;
"=""API""";"=""WIND""";"=""2026-04-30T03:41:00+03:00""";"=""OA_YTM""";"=""AKSU RES""";"=""10928268862""";"=""2890""";"=""AKSU ÇAMLICA RES""";-0,98;156,4;0;2,99;;;;;;;;
"=""API""";"=""WIND""";"=""2026-04-30T03:42:00+03:00""";"=""OA_YTM""";"=""AKSU RES""";"=""10928268862""";"=""2890""";"=""AKSU ÇAMLICA RES""";-0,98;156,5;0;2,99;;;;;;;;
"=""API""";"=""WIND""";"=""2026-04-30T03:43:00+03:00""";"=""OA_YTM""";"=""AKSU RES""";"=""10928268862""";"=""2890""";"=""AKSU ÇAMLICA RES""";-0,98;156,81;0;2,99;;;;;;;;
"=""API""";"=""WIND""";"=""2026-04-30T03:44:00+03:00""";"=""OA_YTM""";"=""AKSU RES""";"=""10928268862""";"=""2890""";"=""AKSU ÇAMLICA RES""";-0,98;156,5;0;2,99;;;;;;;;
"=""API""";"=""WIND""";"=""2026-04-30T03:45:00+03:00""";"=""OA_YTM""";"=""AKSU RES""";"=""10928268862""";"=""2890""";"=""AKSU ÇAMLICA RES""";-0,98;156,81;0;2,99;;;;;;;;
"=""API""";"=""WIND""";"=""2026-04-30T03:46:00+03:00""";"=""OA_YTM""";"=""AKSU RES""";"=""10928268862""";"=""2890""";"=""AKSU ÇAMLICA RES""";-0,98;157,11;0;3;;;;;;;;
"=""API""";"=""WIND""";"=""2026-04-30T03:47:00+03:00""";"=""OA_YTM""";"=""AKSU RES""";"=""10928268862""";"=""2890""";"=""AKSU ÇAMLICA RES""";-0,98;157,22;0;3;;;;;;;;
"=""API""";"=""WIND""";"=""2026-04-30T03:48:00+03:00""";"=""OA_YTM""";"=""AKSU RES""";"=""10928268862""";"=""2890""";"=""AKSU ÇAMLICA RES""";-0,98;157,11;0;3;;;;;;;;
"=""API""";"=""WIND""";"=""2026-04-30T03:49:00+03:00""";"=""OA_YTM""";"=""AKSU RES""";"=""10928268862""";"=""2890""";"=""AKSU ÇAMLICA RES""";-0,98;157,42;0;3;;;;;;;;
"=""API""";"=""WIND""";"=""2026-04-30T03:50:00+03:00""";"=""OA_YTM""";"=""AKSU RES""";"=""10928268862""";"=""2890""";"=""AKSU ÇAMLICA RES""";-0,98;157,47;0;3,02;;;;;;;;
"=""API""";"=""WIND""";"=""2026-04-30T03:51:00+03:00""";"=""OA_YTM""";"=""AKSU RES""";"=""10928268862""";"=""2890""";"=""AKSU ÇAMLICA RES""";-0,98;157,47;0;3,04;;;;;;;;
"=""API""";"=""WIND""";"=""2026-04-30T03:52:00+03:00""";"=""OA_YTM""";"=""AKSU RES""";"=""10928268862""";"=""2890""";"=""AKSU ÇAMLICA RES""";-0,98;157,58;0;3,04;;;;;;;;
"=""API""";"=""WIND""";"=""2026-04-30T03:53:00+03:00""";"=""OA_YTM""";"=""AKSU RES""";"=""10928268862""";"=""2890""";"=""AKSU ÇAMLICA RES""";-0,98;157,68;0;3,04;;;;;;;;
"=""API""";"=""WIND""";"=""2026-04-30T03:54:00+03:00""";"=""OA_YTM""";"=""AKSU RES""";"=""10928268862""";"=""2890""";"=""AKSU ÇAMLICA RES""";-0,98;157,89;0;3,04;;;;;;;;
"=""API""";"=""WIND""";"=""2026-04-30T03:55:00+03:00""";"=""OA_YTM""";"=""AKSU RES""";"=""10928268862""";"=""2890""";"=""AKSU ÇAMLICA RES""";-0,98;157,94;0;3,04;;;;;;;;
"=""API""";"=""WIND""";"=""2026-04-30T03:56:00+03:00""";"=""OA_YTM""";"=""AKSU RES""";"=""10928268862""";"=""2890""";"=""AKSU ÇAMLICA RES""";-0,98;157,27;0;3,04;;;;;;;;
"=""API""";"=""WIND""";"=""2026-04-30T03:57:00+03:00""";"=""OA_YTM""";"=""AKSU RES""";"=""10928268862""";"=""2890""";"=""AKSU ÇAMLICA RES""";-0,98;157,47;0;3,04;;;;;;;;
"=""API""";"=""WIND""";"=""2026-04-30T03:58:00+03:00""";"=""OA_YTM""";"=""AKSU RES""";"=""10928268862""";"=""2890""";"=""AKSU ÇAMLICA RES""";-0,98;156,91;0;3,08;;;;;;;;
"=""API""";"=""WIND""";"=""2026-04-30T03:59:00+03:00""";"=""OA_YTM""";"=""AKSU RES""";"=""10928268862""";"=""2890""";"=""AKSU ÇAMLICA RES""";-0,98;157,58;0;3,08;;;;;;;;
"=""API""";"=""WIND""";"=""2026-04-30T04:00:00+03:00""";"=""OA_YTM""";"=""AKSU RES""";"=""10928268862""";"=""2890""";"=""AKSU ÇAMLICA RES""";-0,98;157,47;0;3,04;;;;;;;;
"=""API""";"=""WIND""";"=""2026-04-30T04:01:00+03:00""";"=""OA_YTM""";"=""AKSU RES""";"=""10928268862""";"=""2890""";"=""AKSU ÇAMLICA RES""";-0,98;156,7;0;3,09;;;;;;;;
"=""API""";"=""WIND""";"=""2026-04-30T04:02:00+03:00""";"=""OA_YTM""";"=""AKSU RES""";"=""10928268862""";"=""2890""";"=""AKSU ÇAMLICA RES""";-0,98;156,4;0;3,08;;;;;;;;
"=""API""";"=""WIND""";"=""2026-04-30T04:03:00+03:00""";"=""OA_YTM""";"=""AKSU RES""";"=""10928268862""";"=""2890""";"=""AKSU ÇAMLICA RES""";-0,98;156,5;0;3,08;;;;;;;;
"=""API""";"=""WIND""";"=""2026-04-30T04:04:00+03:00""";"=""OA_YTM""";"=""AKSU RES""";"=""10928268862""";"=""2890""";"=""AKSU ÇAMLICA RES""";-0,98;155,98;0;3,04;;;;;;;;
"=""API""";"=""WIND""";"=""2026-04-30T04:05:00+03:00""";"=""OA_YTM""";"=""AKSU RES""";"=""10928268862""";"=""2890""";"=""AKSU ÇAMLICA RES""";-0,98;155,88;0;3,04;;;;;;;;
"=""API""";"=""WIND""";"=""2026-04-30T04:06:00+03:00""";"=""OA_YTM""";"=""AKSU RES""";"=""10928268862""";"=""2890""";"=""AKSU ÇAMLICA RES""";-0,98;155,88;0;3,04;;;;;;;;
"=""API""";"=""WIND""";"=""2026-04-30T04:07:00+03:00""";"=""OA_YTM""";"=""AKSU RES""";"=""10928268862""";"=""2890""";"=""AKSU ÇAMLICA RES""";-0,98;156,55;0;3,04;;;;;;;;
"=""API""";"=""WIND""";"=""2026-04-30T04:08:00+03:00""";"=""OA_YTM""";"=""AKSU RES""";"=""10928268862""";"=""2890""";"=""AKSU ÇAMLICA RES""";-0,98;156,91;0;3,04;;;;;;;;
"=""API""";"=""WIND""";"=""2026-04-30T04:09:00+03:00""";"=""OA_YTM""";"=""AKSU RES""";"=""10928268862""";"=""2890""";"=""AKSU ÇAMLICA RES""";-0,98;158,19;0;3,04;;;;;;;;
"=""API""";"=""WIND""";"=""2026-04-30T04:10:00+03:00""";"=""OA_YTM""";"=""AKSU RES""";"=""10928268862""";"=""2890""";"=""AKSU ÇAMLICA RES""";-0,98;158,19;0;3,07;;;;;;;;
"=""API""";"=""WIND""";"=""2026-04-30T04:11:00+03:00""";"=""OA_YTM""";"=""AKSU RES""";"=""10928268862""";"=""2890""";"=""AKSU ÇAMLICA RES""";-0,98;157,99;0;3,11;;;;;;;;
"=""API""";"=""WIND""";"=""2026-04-30T04:12:00+03:00""";"=""OA_YTM""";"=""AKSU RES""";"=""10928268862""";"=""2890""";"=""AKSU ÇAMLICA RES""";-0,98;157,06;0;3,11;;;;;;;;
"=""API""";"=""WIND""";"=""2026-04-30T04:13:00+03:00""";"=""OA_YTM""";"=""AKSU RES""";"=""10928268862""";"=""2890""";"=""AKSU ÇAMLICA RES""";-0,98;157,11;0;3,13;;;;;;;;
"=""API""";"=""WIND""";"=""2026-04-30T04:14:00+03:00""";"=""OA_YTM""";"=""AKSU RES""";"=""10928268862""";"=""2890""";"=""AKSU ÇAMLICA RES""";-0,98;157,52;0;3,13;;;;;;;;
"=""API""";"=""WIND""";"=""2026-04-30T04:15:00+03:00""";"=""OA_YTM""";"=""AKSU RES""";"=""10928268862""";"=""2890""";"=""AKSU ÇAMLICA RES""";-0,98;157,63;0;3,13;;;;;;;;
"=""API""";"=""WIND""";"=""2026-04-30T04:16:00+03:00""";"=""OA_YTM""";"=""AKSU RES""";"=""10928268862""";"=""2890""";"=""AKSU ÇAMLICA RES""";-0,98;157,11;0;3,12;;;;;;;;
"=""API""";"=""WIND""";"=""2026-04-30T04:17:00+03:00""";"=""OA_YTM""";"=""AKSU RES""";"=""10928268862""";"=""2890""";"=""AKSU ÇAMLICA RES""";-0,98;157,58;0;3,12;;;;;;;;
"=""API""";"=""WIND""";"=""2026-04-30T04:18:00+03:00""";"=""OA_YTM""";"=""AKSU RES""";"=""10928268862""";"=""2890""";"=""AKSU ÇAMLICA RES""";-0,98;156,91;0;3,07;;;;;;;;
"=""API""";"=""WIND""";"=""2026-04-30T04:19:00+03:00""";"=""OA_YTM""";"=""AKSU RES""";"=""10928268862""";"=""2890""";"=""AKSU ÇAMLICA RES""";-0,98;157,42;0;3,11;;;;;;;;
"=""API""";"=""WIND""";"=""2026-04-30T04:20:00+03:00""";"=""OA_YTM""";"=""AKSU RES""";"=""10928268862""";"=""2890""";"=""AKSU ÇAMLICA RES""";-0,98;157,22;0;3,11;;;;;;;;
"=""API""";"=""WIND""";"=""2026-04-30T04:21:00+03:00""";"=""OA_YTM""";"=""AKSU RES""";"=""10928268862""";"=""2890""";"=""AKSU ÇAMLICA RES""";-0,98;156,7;0;3,11;;;;;;;;
"=""API""";"=""WIND""";"=""2026-04-30T04:22:00+03:00""";"=""OA_YTM""";"=""AKSU RES""";"=""10928268862""";"=""2890""";"=""AKSU ÇAMLICA RES""";-0,98;156,5;0;3,11;;;;;;;;
"=""API""";"=""WIND""";"=""2026-04-30T04:23:00+03:00""";"=""OA_YTM""";"=""AKSU RES""";"=""10928268862""";"=""2890""";"=""AKSU ÇAMLICA RES""";-0,98;156,65;0;3,11;;;;;;;;
"=""API""";"=""WIND""";"=""2026-04-30T04:24:00+03:00""";"=""OA_YTM""";"=""AKSU RES""";"=""10928268862""";"=""2890""";"=""AKSU ÇAMLICA RES""";-0,98;156,96;0;3,11;;;;;;;;
"=""API""";"=""WIND""";"=""2026-04-30T04:25:00+03:00""";"=""OA_YTM""";"=""AKSU RES""";"=""10928268862""";"=""2890""";"=""AKSU ÇAMLICA RES""";-0,98;156,45;0;3,11;;;;;;;;
"=""API""";"=""WIND""";"=""2026-04-30T04:26:00+03:00""";"=""OA_YTM""";"=""AKSU RES""";"=""10928268862""";"=""2890""";"=""AKSU ÇAMLICA RES""";-0,98;156,75;0;3,11;;;;;;;;
"=""API""";"=""WIND""";"=""2026-04-30T04:27:00+03:00""";"=""OA_YTM""";"=""AKSU RES""";"=""10928268862""";"=""2890""";"=""AKSU ÇAMLICA RES""";-0,98;156,5;0;3,11;;;;;;;;
"=""API""";"=""WIND""";"=""2026-04-30T04:28:00+03:00""";"=""OA_YTM""";"=""AKSU RES""";"=""10928268862""";"=""2890""";"=""AKSU ÇAMLICA RES""";-0,98;157,42;0;3,11;;;;;;;;
"=""API""";"=""WIND""";"=""2026-04-30T04:29:00+03:00""";"=""OA_YTM""";"=""AKSU RES""";"=""10928268862""";"=""2890""";"=""AKSU ÇAMLICA RES""";-0,98;157,42;0;3,11;;;;;;;;
"=""API""";"=""WIND""";"=""2026-04-30T04:30:00+03:00""";"=""OA_YTM""";"=""AKSU RES""";"=""10928268862""";"=""2890""";"=""AKSU ÇAMLICA RES""";-0,98;157,42;0;3,11;;;;;;;;
"=""API""";"=""WIND""";"=""2026-04-30T04:31:00+03:00""";"=""OA_YTM""";"=""AKSU RES""";"=""10928268862""";"=""2890""";"=""AKSU ÇAMLICA RES""";-0,98;157,17;0;3,11;;;;;;;;
"=""API""";"=""WIND""";"=""2026-04-30T04:32:00+03:00""";"=""OA_YTM""";"=""AKSU RES""";"=""10928268862""";"=""2890""";"=""AKSU ÇAMLICA RES""";-0,98;156,75;0;3,11;;;;;;;;
"=""API""";"=""WIND""";"=""2026-04-30T04:33:00+03:00""";"=""OA_YTM""";"=""AKSU RES""";"=""10928268862""";"=""2890""";"=""AKSU ÇAMLICA RES""";-0,98;157,58;0;3,11;;;;;;;;
"=""API""";"=""WIND""";"=""2026-04-30T04:34:00+03:00""";"=""OA_YTM""";"=""AKSU RES""";"=""10928268862""";"=""2890""";"=""AKSU ÇAMLICA RES""";-0,98;157,88;0;3,11;;;;;;;;
"=""API""";"=""WIND""";"=""2026-04-30T04:35:00+03:00""";"=""OA_YTM""";"=""AKSU RES""";"=""10928268862""";"=""2890""";"=""AKSU ÇAMLICA RES""";-0,98;157,37;0;3,11;;;;;;;;
"=""API""";"=""WIND""";"=""2026-04-30T04:36:00+03:00""";"=""OA_YTM""";"=""AKSU RES""";"=""10928268862""";"=""2890""";"=""AKSU ÇAMLICA RES""";-0,98;157,47;0;3,11;;;;;;;;
"=""API""";"=""WIND""";"=""2026-04-30T04:37:00+03:00""";"=""OA_YTM""";"=""AKSU RES""";"=""10928268862""";"=""2890""";"=""AKSU ÇAMLICA RES""";-0,98;157,93;0;3,11;;;;;;;;
"=""API""";"=""WIND""";"=""2026-04-30T04:38:00+03:00""";"=""OA_YTM""";"=""AKSU RES""";"=""10928268862""";"=""2890""";"=""AKSU ÇAMLICA RES""";-0,98;157,47;0;3,11;;;;;;;;
"=""API""";"=""WIND""";"=""2026-04-30T04:39:00+03:00""";"=""OA_YTM""";"=""AKSU RES""";"=""10928268862""";"=""2890""";"=""AKSU ÇAMLICA RES""";-0,98;157,42;0;3,12;;;;;;;;
"=""API""";"=""WIND""";"=""2026-04-30T04:40:00+03:00""";"=""OA_YTM""";"=""AKSU RES""";"=""10928268862""";"=""2890""";"=""AKSU ÇAMLICA RES""";-0,98;156,45;0;3,12;;;;;;;;
"=""API""";"=""WIND""";"=""2026-04-30T04:41:00+03:00""";"=""OA_YTM""";"=""AKSU RES""";"=""10928268862""";"=""2890""";"=""AKSU ÇAMLICA RES""";-0,98;156,39;0;3,12;;;;;;;;
"=""API""";"=""WIND""";"=""2026-04-30T04:42:00+03:00""";"=""OA_YTM""";"=""AKSU RES""";"=""10928268862""";"=""2890""";"=""AKSU ÇAMLICA RES""";-0,98;156,45;0;3,12;;;;;;;;
"=""API""";"=""WIND""";"=""2026-04-30T04:43:00+03:00""";"=""OA_YTM""";"=""AKSU RES""";"=""10928268862""";"=""2890""";"=""AKSU ÇAMLICA RES""";-0,98;156,55;0;3,12;;;;;;;;
"=""API""";"=""WIND""";"=""2026-04-30T04:44:00+03:00""";"=""OA_YTM""";"=""AKSU RES""";"=""10928268862""";"=""2890""";"=""AKSU ÇAMLICA RES""";-0,98;156,19;0;3,11;;;;;;;;
"=""API""";"=""WIND""";"=""2026-04-30T04:45:00+03:00""";"=""OA_YTM""";"=""AKSU RES""";"=""10928268862""";"=""2890""";"=""AKSU ÇAMLICA RES""";-0,98;156,55;0;3,11;;;;;;;;
"=""API""";"=""WIND""";"=""2026-04-30T04:46:00+03:00""";"=""OA_YTM""";"=""AKSU RES""";"=""10928268862""";"=""2890""";"=""AKSU ÇAMLICA RES""";-0,98;155,98;0;3,09;;;;;;;;
"=""API""";"=""WIND""";"=""2026-04-30T04:47:00+03:00""";"=""OA_YTM""";"=""AKSU RES""";"=""10928268862""";"=""2890""";"=""AKSU ÇAMLICA RES""";-0,98;156,5;0;3,09;;;;;;;;
"=""API""";"=""WIND""";"=""2026-04-30T04:48:00+03:00""";"=""OA_YTM""";"=""AKSU RES""";"=""10928268862""";"=""2890""";"=""AKSU ÇAMLICA RES""";-0,98;156,19;0;3,09;;;;;;;;
"=""API""";"=""WIND""";"=""2026-04-30T04:49:00+03:00""";"=""OA_YTM""";"=""AKSU RES""";"=""10928268862""";"=""2890""";"=""AKSU ÇAMLICA RES""";-0,98;156,7;0;3,09;;;;;;;;
"=""API""";"=""WIND""";"=""2026-04-30T04:50:00+03:00""";"=""OA_YTM""";"=""AKSU RES""";"=""10928268862""";"=""2890""";"=""AKSU ÇAMLICA RES""";-0,98;156,91;0;3,11;;;;;;;;
"=""API""";"=""WIND""";"=""2026-04-30T04:51:00+03:00""";"=""OA_YTM""";"=""AKSU RES""";"=""10928268862""";"=""2890""";"=""AKSU ÇAMLICA RES""";-0,98;156,29;0;3,11;;;;;;;;
"=""API""";"=""WIND""";"=""2026-04-30T04:52:00+03:00""";"=""OA_YTM""";"=""AKSU RES""";"=""10928268862""";"=""2890""";"=""AKSU ÇAMLICA RES""";-0,98;156,19;0;3,11;;;;;;;;
"=""API""";"=""WIND""";"=""2026-04-30T04:53:00+03:00""";"=""OA_YTM""";"=""AKSU RES""";"=""10928268862""";"=""2890""";"=""AKSU ÇAMLICA RES""";-0,98;156,29;0;3,11;;;;;;;;
"=""API""";"=""WIND""";"=""2026-04-30T04:54:00+03:00""";"=""OA_YTM""";"=""AKSU RES""";"=""10928268862""";"=""2890""";"=""AKSU ÇAMLICA RES""";-0,98;156,55;0;3,11;;;;;;;;
"=""API""";"=""WIND""";"=""2026-04-30T04:55:00+03:00""";"=""OA_YTM""";"=""AKSU RES""";"=""10928268862""";"=""2890""";"=""AKSU ÇAMLICA RES""";-0,98;156,19;0;3,11;;;;;;;;
"=""API""";"=""WIND""";"=""2026-04-30T04:56:00+03:00""";"=""OA_YTM""";"=""AKSU RES""";"=""10928268862""";"=""2890""";"=""AKSU ÇAMLICA RES""";-0,98;156,4;0;3,11;;;;;;;;
"=""API""";"=""WIND""";"=""2026-04-30T04:57:00+03:00""";"=""OA_YTM""";"=""AKSU RES""";"=""10928268862""";"=""2890""";"=""AKSU ÇAMLICA RES""";-0,98;157,22;0;3,11;;;;;;;;
"=""API""";"=""WIND""";"=""2026-04-30T04:58:00+03:00""";"=""OA_YTM""";"=""AKSU RES""";"=""10928268862""";"=""2890""";"=""AKSU ÇAMLICA RES""";-0,98;157,01;0;3,11;;;;;;;;
"=""API""";"=""WIND""";"=""2026-04-30T04:59:00+03:00""";"=""OA_YTM""";"=""AKSU RES""";"=""10928268862""";"=""2890""";"=""AKSU ÇAMLICA RES""";-0,98;156,55;0;3,11;;;;;;;;
"=""API""";"=""WIND""";"=""2026-04-30T05:00:00+03:00""";"=""OA_YTM""";"=""AKSU RES""";"=""10928268862""";"=""2890""";"=""AKSU ÇAMLICA RES""";-0,98;157,01;0;3,11;;;;;;;;
"=""API""";"=""WIND""";"=""2026-04-30T05:01:00+03:00""";"=""OA_YTM""";"=""AKSU RES""";"=""10928268862""";"=""2890""";"=""AKSU ÇAMLICA RES""";-0,98;156,65;0;3,11;;;;;;;;
"=""API""";"=""WIND""";"=""2026-04-30T05:02:00+03:00""";"=""OA_YTM""";"=""AKSU RES""";"=""10928268862""";"=""2890""";"=""AKSU ÇAMLICA RES""";-0,98;156,81;0;3,11;;;;;;;;
"=""API""";"=""WIND""";"=""2026-04-30T05:03:00+03:00""";"=""OA_YTM""";"=""AKSU RES""";"=""10928268862""";"=""2890""";"=""AKSU ÇAMLICA RES""";-0,98;156,04;0;3,11;;;;;;;;
"=""API""";"=""WIND""";"=""2026-04-30T05:04:00+03:00""";"=""OA_YTM""";"=""AKSU RES""";"=""10928268862""";"=""2890""";"=""AKSU ÇAMLICA RES""";-0,98;156,14;0;3,11;;;;;;;;
"=""API""";"=""WIND""";"=""2026-04-30T05:05:00+03:00""";"=""OA_YTM""";"=""AKSU RES""";"=""10928268862""";"=""2890""";"=""AKSU ÇAMLICA RES""";-0,98;156,29;0;3,11;;;;;;;;
"=""API""";"=""WIND""";"=""2026-04-30T05:06:00+03:00""";"=""OA_YTM""";"=""AKSU RES""";"=""10928268862""";"=""2890""";"=""AKSU ÇAMLICA RES""";-0,98;156,5;0;3,11;;;;;;;;
"=""API""";"=""WIND""";"=""2026-04-30T05:07:00+03:00""";"=""OA_YTM""";"=""AKSU RES""";"=""10928268862""";"=""2890""";"=""AKSU ÇAMLICA RES""";-0,98;156,81;0;3,11;;;;;;;;
"=""API""";"=""WIND""";"=""2026-04-30T05:08:00+03:00""";"=""OA_YTM""";"=""AKSU RES""";"=""10928268862""";"=""2890""";"=""AKSU ÇAMLICA RES""";-0,98;156,81;0;3,11;;;;;;;;
"=""API""";"=""WIND""";"=""2026-04-30T05:09:00+03:00""";"=""OA_YTM""";"=""AKSU RES""";"=""10928268862""";"=""2890""";"=""AKSU ÇAMLICA RES""";-0,98;156,75;0;3,11;;;;;;;;
"=""API""";"=""WIND""";"=""2026-04-30T05:10:00+03:00""";"=""OA_YTM""";"=""AKSU RES""";"=""10928268862""";"=""2890""";"=""AKSU ÇAMLICA RES""";-0,98;156,81;0;3,12;;;;;;;;
"=""API""";"=""WIND""";"=""2026-04-30T05:11:00+03:00""";"=""OA_YTM""";"=""AKSU RES""";"=""10928268862""";"=""2890""";"=""AKSU ÇAMLICA RES""";-0,98;156,19;0;3,12;;;;;;;;
"=""API""";"=""WIND""";"=""2026-04-30T05:12:00+03:00""";"=""OA_YTM""";"=""AKSU RES""";"=""10928268862""";"=""2890""";"=""AKSU ÇAMLICA RES""";-0,98;156,81;0;3,12;;;;;;;;
"=""API""";"=""WIND""";"=""2026-04-30T05:13:00+03:00""";"=""OA_YTM""";"=""AKSU RES""";"=""10928268862""";"=""2890""";"=""AKSU ÇAMLICA RES""";-0,98;157,11;0;3,12;;;;;;;;
"=""API""";"=""WIND""";"=""2026-04-30T05:14:00+03:00""";"=""OA_YTM""";"=""AKSU RES""";"=""10928268862""";"=""2890""";"=""AKSU ÇAMLICA RES""";-0,98;157,01;0;3,11;;;;;;;;
"=""API""";"=""WIND""";"=""2026-04-30T05:15:00+03:00""";"=""OA_YTM""";"=""AKSU RES""";"=""10928268862""";"=""2890""";"=""AKSU ÇAMLICA RES""";-0,98;156,34;0;3,11;;;;;;;;
"=""API""";"=""WIND""";"=""2026-04-30T05:16:00+03:00""";"=""OA_YTM""";"=""AKSU RES""";"=""10928268862""";"=""2890""";"=""AKSU ÇAMLICA RES""";-0,98;156,24;0;3,11;;;;;;;;
"=""API""";"=""WIND""";"=""2026-04-30T05:17:00+03:00""";"=""OA_YTM""";"=""AKSU RES""";"=""10928268862""";"=""2890""";"=""AKSU ÇAMLICA RES""";-0,98;156,19;0;3,11;;;;;;;;
"=""API""";"=""WIND""";"=""2026-04-30T05:18:00+03:00""";"=""OA_YTM""";"=""AKSU RES""";"=""10928268862""";"=""2890""";"=""AKSU ÇAMLICA RES""";-0,98;156,03;0;3,11;;;;;;;;
"=""API""";"=""WIND""";"=""2026-04-30T05:19:00+03:00""";"=""OA_YTM""";"=""AKSU RES""";"=""10928268862""";"=""2890""";"=""AKSU ÇAMLICA RES""";-0,98;156,19;0;3,11;;;;;;;;
"=""API""";"=""WIND""";"=""2026-04-30T05:20:00+03:00""";"=""OA_YTM""";"=""AKSU RES""";"=""10928268862""";"=""2890""";"=""AKSU ÇAMLICA RES""";-0,98;156,24;0;3,08;;;;;;;;
"=""API""";"=""WIND""";"=""2026-04-30T05:21:00+03:00""";"=""OA_YTM""";"=""AKSU RES""";"=""10928268862""";"=""2890""";"=""AKSU ÇAMLICA RES""";-0,98;156,7;0;3,08;;;;;;;;
"=""API""";"=""WIND""";"=""2026-04-30T05:22:00+03:00""";"=""OA_YTM""";"=""AKSU RES""";"=""10928268862""";"=""2890""";"=""AKSU ÇAMLICA RES""";-0,98;156,65;0;3,11;;;;;;;;
"=""API""";"=""WIND""";"=""2026-04-30T05:23:00+03:00""";"=""OA_YTM""";"=""AKSU RES""";"=""10928268862""";"=""2890""";"=""AKSU ÇAMLICA RES""";-0,98;156,09;0;3,11;;;;;;;;
"=""API""";"=""WIND""";"=""2026-04-30T05:24:00+03:00""";"=""OA_YTM""";"=""AKSU RES""";"=""10928268862""";"=""2890""";"=""AKSU ÇAMLICA RES""";-0,98;156,65;0;3,11;;;;;;;;
"=""API""";"=""WIND""";"=""2026-04-30T05:25:00+03:00""";"=""OA_YTM""";"=""AKSU RES""";"=""10928268862""";"=""2890""";"=""AKSU ÇAMLICA RES""";-0,98;156,34;0;3,11;;;;;;;;
"=""API""";"=""WIND""";"=""2026-04-30T05:26:00+03:00""";"=""OA_YTM""";"=""AKSU RES""";"=""10928268862""";"=""2890""";"=""AKSU ÇAMLICA RES""";-0,98;156,24;0;3,12;;;;;;;;
"=""API""";"=""WIND""";"=""2026-04-30T05:27:00+03:00""";"=""OA_YTM""";"=""AKSU RES""";"=""10928268862""";"=""2890""";"=""AKSU ÇAMLICA RES""";-0,98;155,83;0;3,12;;;;;;;;
"=""API""";"=""WIND""";"=""2026-04-30T05:28:00+03:00""";"=""OA_YTM""";"=""AKSU RES""";"=""10928268862""";"=""2890""";"=""AKSU ÇAMLICA RES""";-0,98;155,42;0;3,12;;;;;;;;
"=""API""";"=""WIND""";"=""2026-04-30T05:29:00+03:00""";"=""OA_YTM""";"=""AKSU RES""";"=""10928268862""";"=""2890""";"=""AKSU ÇAMLICA RES""";-0,98;154,96;0;3,1;;;;;;;;
"=""API""";"=""WIND""";"=""2026-04-30T05:30:00+03:00""";"=""OA_YTM""";"=""AKSU RES""";"=""10928268862""";"=""2890""";"=""AKSU ÇAMLICA RES""";-0,98;155,62;0;3,1;;;;;;;;
"=""API""";"=""WIND""";"=""2026-04-30T05:31:00+03:00""";"=""OA_YTM""";"=""AKSU RES""";"=""10928268862""";"=""2890""";"=""AKSU ÇAMLICA RES""";-0,98;156,14;0;3,1;;;;;;;;
"=""API""";"=""WIND""";"=""2026-04-30T05:32:00+03:00""";"=""OA_YTM""";"=""AKSU RES""";"=""10928268862""";"=""2890""";"=""AKSU ÇAMLICA RES""";-0,98;155,16;0;3,09;;;;;;;;
"=""API""";"=""WIND""";"=""2026-04-30T05:33:00+03:00""";"=""OA_YTM""";"=""AKSU RES""";"=""10928268862""";"=""2890""";"=""AKSU ÇAMLICA RES""";-0,98;156,45;0;3,09;;;;;;;;
"=""API""";"=""WIND""";"=""2026-04-30T05:34:00+03:00""";"=""OA_YTM""";"=""AKSU RES""";"=""10928268862""";"=""2890""";"=""AKSU ÇAMLICA RES""";-0,98;156,45;0;3,12;;;;;;;;
"=""API""";"=""WIND""";"=""2026-04-30T05:35:00+03:00""";"=""OA_YTM""";"=""AKSU RES""";"=""10928268862""";"=""2890""";"=""AKSU ÇAMLICA RES""";-0,98;156,34;0;3,12;;;;;;;;
"=""API""";"=""WIND""";"=""2026-04-30T05:36:00+03:00""";"=""OA_YTM""";"=""AKSU RES""";"=""10928268862""";"=""2890""";"=""AKSU ÇAMLICA RES""";-0,98;155,93;0;3,12;;;;;;;;
"=""API""";"=""WIND""";"=""2026-04-30T05:37:00+03:00""";"=""OA_YTM""";"=""AKSU RES""";"=""10928268862""";"=""2890""";"=""AKSU ÇAMLICA RES""";-0,98;156,4;0;3,12;;;;;;;;
"=""API""";"=""WIND""";"=""2026-04-30T05:38:00+03:00""";"=""OA_YTM""";"=""AKSU RES""";"=""10928268862""";"=""2890""";"=""AKSU ÇAMLICA RES""";-0,98;156,55;0;3,12;;;;;;;;
"=""API""";"=""WIND""";"=""2026-04-30T05:39:00+03:00""";"=""OA_YTM""";"=""AKSU RES""";"=""10928268862""";"=""2890""";"=""AKSU ÇAMLICA RES""";-0,98;156,08;0;3,12;;;;;;;;
"=""API""";"=""WIND""";"=""2026-04-30T05:40:00+03:00""";"=""OA_YTM""";"=""AKSU RES""";"=""10928268862""";"=""2890""";"=""AKSU ÇAMLICA RES""";-0,98;156,6;0;3,1;;;;;;;;
"=""API""";"=""WIND""";"=""2026-04-30T05:41:00+03:00""";"=""OA_YTM""";"=""AKSU RES""";"=""10928268862""";"=""2890""";"=""AKSU ÇAMLICA RES""";-0,98;156,91;0;3,1;;;;;;;;
"=""API""";"=""WIND""";"=""2026-04-30T05:42:00+03:00""";"=""OA_YTM""";"=""AKSU RES""";"=""10928268862""";"=""2890""";"=""AKSU ÇAMLICA RES""";-0,98;156,91;0;3,12;;;;;;;;
"=""API""";"=""WIND""";"=""2026-04-30T05:43:00+03:00""";"=""OA_YTM""";"=""AKSU RES""";"=""10928268862""";"=""2890""";"=""AKSU ÇAMLICA RES""";-0,98;157,32;0;3,09;;;;;;;;
"=""API""";"=""WIND""";"=""2026-04-30T05:44:00+03:00""";"=""OA_YTM""";"=""AKSU RES""";"=""10928268862""";"=""2890""";"=""AKSU ÇAMLICA RES""";-0,98;157,32;0;3,09;;;;;;;;
"=""API""";"=""WIND""";"=""2026-04-30T05:45:00+03:00""";"=""OA_YTM""";"=""AKSU RES""";"=""10928268862""";"=""2890""";"=""AKSU ÇAMLICA RES""";-0,98;157,52;0;3,09;;;;;;;;
"=""API""";"=""WIND""";"=""2026-04-30T05:46:00+03:00""";"=""OA_YTM""";"=""AKSU RES""";"=""10928268862""";"=""2890""";"=""AKSU ÇAMLICA RES""";-0,98;157,47;0;3,09;;;;;;;;
"=""API""";"=""WIND""";"=""2026-04-30T05:47:00+03:00""";"=""OA_YTM""";"=""AKSU RES""";"=""10928268862""";"=""2890""";"=""AKSU ÇAMLICA RES""";-0,98;156,75;0;3,09;;;;;;;;
"=""API""";"=""WIND""";"=""2026-04-30T05:48:00+03:00""";"=""OA_YTM""";"=""AKSU RES""";"=""10928268862""";"=""2890""";"=""AKSU ÇAMLICA RES""";-0,98;157,32;0;3,09;;;;;;;;
"=""API""";"=""WIND""";"=""2026-04-30T05:49:00+03:00""";"=""OA_YTM""";"=""AKSU RES""";"=""10928268862""";"=""2890""";"=""AKSU ÇAMLICA RES""";-0,98;157,32;0;3,09;;;;;;;;
"=""API""";"=""WIND""";"=""2026-04-30T05:50:00+03:00""";"=""OA_YTM""";"=""AKSU RES""";"=""10928268862""";"=""2890""";"=""AKSU ÇAMLICA RES""";-0,98;157,63;0;3,09;;;;;;;;
"=""API""";"=""WIND""";"=""2026-04-30T05:51:00+03:00""";"=""OA_YTM""";"=""AKSU RES""";"=""10928268862""";"=""2890""";"=""AKSU ÇAMLICA RES""";-0,98;157,42;0;3,09;;;;;;;;
"=""API""";"=""WIND""";"=""2026-04-30T05:52:00+03:00""";"=""OA_YTM""";"=""AKSU RES""";"=""10928268862""";"=""2890""";"=""AKSU ÇAMLICA RES""";-0,98;157,11;0;3,09;;;;;;;;
"=""API""";"=""WIND""";"=""2026-04-30T05:53:00+03:00""";"=""OA_YTM""";"=""AKSU RES""";"=""10928268862""";"=""2890""";"=""AKSU ÇAMLICA RES""";-0,98;155,93;0;3,09;;;;;;;;
"=""API""";"=""WIND""";"=""2026-04-30T05:54:00+03:00""";"=""OA_YTM""";"=""AKSU RES""";"=""10928268862""";"=""2890""";"=""AKSU ÇAMLICA RES""";-0,98;156,81;0;3,1;;;;;;;;
"=""API""";"=""WIND""";"=""2026-04-30T05:55:00+03:00""";"=""OA_YTM""";"=""AKSU RES""";"=""10928268862""";"=""2890""";"=""AKSU ÇAMLICA RES""";-0,98;157,11;0;3,1;;;;;;;;
"=""API""";"=""WIND""";"=""2026-04-30T05:56:00+03:00""";"=""OA_YTM""";"=""AKSU RES""";"=""10928268862""";"=""2890""";"=""AKSU ÇAMLICA RES""";-0,98;156,65;0;3,1;;;;;;;;
"=""API""";"=""WIND""";"=""2026-04-30T05:57:00+03:00""";"=""OA_YTM""";"=""AKSU RES""";"=""10928268862""";"=""2890""";"=""AKSU ÇAMLICA RES""";-0,98;156,6;0;3,1;;;;;;;;
"=""API""";"=""WIND""";"=""2026-04-30T05:58:00+03:00""";"=""OA_YTM""";"=""AKSU RES""";"=""10928268862""";"=""2890""";"=""AKSU ÇAMLICA RES""";-0,98;156,86;0;3,06;;;;;;;;
"=""API""";"=""WIND""";"=""2026-04-30T05:59:00+03:00""";"=""OA_YTM""";"=""AKSU RES""";"=""10928268862""";"=""2890""";"=""AKSU ÇAMLICA RES""";-0,98;156,81;0;3,06;;;;;;;;
"=""API""";"=""WIND""";"=""2026-04-30T06:00:00+03:00""";"=""OA_YTM""";"=""AKSU RES""";"=""10928268862""";"=""2890""";"=""AKSU ÇAMLICA RES""";-0,98;158,04;0;3,1;;;;;;;;
"=""API""";"=""WIND""";"=""2026-04-30T06:01:00+03:00""";"=""OA_YTM""";"=""AKSU RES""";"=""10928268862""";"=""2890""";"=""AKSU ÇAMLICA RES""";-0,98;157,88;0;3,1;;;;;;;;
"=""API""";"=""WIND""";"=""2026-04-30T06:02:00+03:00""";"=""OA_YTM""";"=""AKSU RES""";"=""10928268862""";"=""2890""";"=""AKSU ÇAMLICA RES""";-0,98;157,94;0;3,1;;;;;;;;
"=""API""";"=""WIND""";"=""2026-04-30T06:03:00+03:00""";"=""OA_YTM""";"=""AKSU RES""";"=""10928268862""";"=""2890""";"=""AKSU ÇAMLICA RES""";-0,98;157,63;0;3,1;;;;;;;;
"=""API""";"=""WIND""";"=""2026-04-30T06:04:00+03:00""";"=""OA_YTM""";"=""AKSU RES""";"=""10928268862""";"=""2890""";"=""AKSU ÇAMLICA RES""";-0,98;157,47;0;3,06;;;;;;;;
"=""API""";"=""WIND""";"=""2026-04-30T06:05:00+03:00""";"=""OA_YTM""";"=""AKSU RES""";"=""10928268862""";"=""2890""";"=""AKSU ÇAMLICA RES""";-0,98;157,63;0;3,06;;;;;;;;
"=""API""";"=""WIND""";"=""2026-04-30T06:06:00+03:00""";"=""OA_YTM""";"=""AKSU RES""";"=""10928268862""";"=""2890""";"=""AKSU ÇAMLICA RES""";-0,98;157,47;0;3,06;;;;;;;;
"=""API""";"=""WIND""";"=""2026-04-30T06:07:00+03:00""";"=""OA_YTM""";"=""AKSU RES""";"=""10928268862""";"=""2890""";"=""AKSU ÇAMLICA RES""";-0,98;158,09;0;3,06;;;;;;;;
"=""API""";"=""WIND""";"=""2026-04-30T06:08:00+03:00""";"=""OA_YTM""";"=""AKSU RES""";"=""10928268862""";"=""2890""";"=""AKSU ÇAMLICA RES""";-0,98;158,24;0;3,06;;;;;;;;
"=""API""";"=""WIND""";"=""2026-04-30T06:09:00+03:00""";"=""OA_YTM""";"=""AKSU RES""";"=""10928268862""";"=""2890""";"=""AKSU ÇAMLICA RES""";-0,98;159,07;0;3,06;;;;;;;;
"=""API""";"=""WIND""";"=""2026-04-30T06:10:00+03:00""";"=""OA_YTM""";"=""AKSU RES""";"=""10928268862""";"=""2890""";"=""AKSU ÇAMLICA RES""";-0,98;158,76;0;3,06;;;;;;;;
"=""API""";"=""WIND""";"=""2026-04-30T06:11:00+03:00""";"=""OA_YTM""";"=""AKSU RES""";"=""10928268862""";"=""2890""";"=""AKSU ÇAMLICA RES""";-0,98;157,11;0;3,04;;;;;;;;
"=""API""";"=""WIND""";"=""2026-04-30T06:12:00+03:00""";"=""OA_YTM""";"=""AKSU RES""";"=""10928268862""";"=""2890""";"=""AKSU ÇAMLICA RES""";-0,98;157,22;0;3,04;;;;;;;;
"=""API""";"=""WIND""";"=""2026-04-30T06:13:00+03:00""";"=""OA_YTM""";"=""AKSU RES""";"=""10928268862""";"=""2890""";"=""AKSU ÇAMLICA RES""";-0,98;156,91;0;3,04;;;;;;;;
"=""API""";"=""WIND""";"=""2026-04-30T06:14:00+03:00""";"=""OA_YTM""";"=""AKSU RES""";"=""10928268862""";"=""2890""";"=""AKSU ÇAMLICA RES""";-0,98;157,01;0;3,04;;;;;;;;
"=""API""";"=""WIND""";"=""2026-04-30T06:15:00+03:00""";"=""OA_YTM""";"=""AKSU RES""";"=""10928268862""";"=""2890""";"=""AKSU ÇAMLICA RES""";-0,98;157,11;0;3,04;;;;;;;;
"=""API""";"=""WIND""";"=""2026-04-30T06:16:00+03:00""";"=""OA_YTM""";"=""AKSU RES""";"=""10928268862""";"=""2890""";"=""AKSU ÇAMLICA RES""";-0,98;157,22;0;3,04;;;;;;;;
"=""API""";"=""WIND""";"=""2026-04-30T06:17:00+03:00""";"=""OA_YTM""";"=""AKSU RES""";"=""10928268862""";"=""2890""";"=""AKSU ÇAMLICA RES""";-0,98;157,11;0;3,02;;;;;;;;
"=""API""";"=""WIND""";"=""2026-04-30T06:18:00+03:00""";"=""OA_YTM""";"=""AKSU RES""";"=""10928268862""";"=""2890""";"=""AKSU ÇAMLICA RES""";-0,98;156,81;0;3,06;;;;;;;;
"=""API""";"=""WIND""";"=""2026-04-30T06:19:00+03:00""";"=""OA_YTM""";"=""AKSU RES""";"=""10928268862""";"=""2890""";"=""AKSU ÇAMLICA RES""";-0,98;157,73;0;3,06;;;;;;;;
"=""API""";"=""WIND""";"=""2026-04-30T06:20:00+03:00""";"=""OA_YTM""";"=""AKSU RES""";"=""10928268862""";"=""2890""";"=""AKSU ÇAMLICA RES""";-0,98;157,68;0;3,06;;;;;;;;
"=""API""";"=""WIND""";"=""2026-04-30T06:21:00+03:00""";"=""OA_YTM""";"=""AKSU RES""";"=""10928268862""";"=""2890""";"=""AKSU ÇAMLICA RES""";-0,98;157,42;0;3,06;;;;;;;;
"=""API""";"=""WIND""";"=""2026-04-30T06:22:00+03:00""";"=""OA_YTM""";"=""AKSU RES""";"=""10928268862""";"=""2890""";"=""AKSU ÇAMLICA RES""";-0,98;157,32;0;3,06;;;;;;;;
"=""API""";"=""WIND""";"=""2026-04-30T06:23:00+03:00""";"=""OA_YTM""";"=""AKSU RES""";"=""10928268862""";"=""2890""";"=""AKSU ÇAMLICA RES""";-0,98;157,27;0;3,06;;;;;;;;
"=""API""";"=""WIND""";"=""2026-04-30T06:24:00+03:00""";"=""OA_YTM""";"=""AKSU RES""";"=""10928268862""";"=""2890""";"=""AKSU ÇAMLICA RES""";-0,98;157,58;0;3,06;;;;;;;;
"=""API""";"=""WIND""";"=""2026-04-30T06:25:00+03:00""";"=""OA_YTM""";"=""AKSU RES""";"=""10928268862""";"=""2890""";"=""AKSU ÇAMLICA RES""";-0,98;157,63;0;3,06;;;;;;;;
"=""API""";"=""WIND""";"=""2026-04-30T06:26:00+03:00""";"=""OA_YTM""";"=""AKSU RES""";"=""10928268862""";"=""2890""";"=""AKSU ÇAMLICA RES""";-0,98;157,32;0;3,06;;;;;;;;
"=""API""";"=""WIND""";"=""2026-04-30T06:27:00+03:00""";"=""OA_YTM""";"=""AKSU RES""";"=""10928268862""";"=""2890""";"=""AKSU ÇAMLICA RES""";-0,98;157,68;0;3,06;;;;;;;;
"=""API""";"=""WIND""";"=""2026-04-30T06:28:00+03:00""";"=""OA_YTM""";"=""AKSU RES""";"=""10928268862""";"=""2890""";"=""AKSU ÇAMLICA RES""";-0,98;157,58;0;3,06;;;;;;;;
"=""API""";"=""WIND""";"=""2026-04-30T06:29:00+03:00""";"=""OA_YTM""";"=""AKSU RES""";"=""10928268862""";"=""2890""";"=""AKSU ÇAMLICA RES""";-0,98;157,58;0;3,03;;;;;;;;
"=""API""";"=""WIND""";"=""2026-04-30T06:30:00+03:00""";"=""OA_YTM""";"=""AKSU RES""";"=""10928268862""";"=""2890""";"=""AKSU ÇAMLICA RES""";-0,98;157,99;0;3,03;;;;;;;;
"=""API""";"=""WIND""";"=""2026-04-30T06:31:00+03:00""";"=""OA_YTM""";"=""AKSU RES""";"=""10928268862""";"=""2890""";"=""AKSU ÇAMLICA RES""";-0,98;157,58;0;3,06;;;;;;;;
"=""API""";"=""WIND""";"=""2026-04-30T06:32:00+03:00""";"=""OA_YTM""";"=""AKSU RES""";"=""10928268862""";"=""2890""";"=""AKSU ÇAMLICA RES""";-0,98;157,68;0;3,06;;;;;;;;
"=""API""";"=""WIND""";"=""2026-04-30T06:33:00+03:00""";"=""OA_YTM""";"=""AKSU RES""";"=""10928268862""";"=""2890""";"=""AKSU ÇAMLICA RES""";-0,98;157,68;0;3,06;;;;;;;;
"=""API""";"=""WIND""";"=""2026-04-30T06:34:00+03:00""";"=""OA_YTM""";"=""AKSU RES""";"=""10928268862""";"=""2890""";"=""AKSU ÇAMLICA RES""";-0,98;157,99;0;3,08;;;;;;;;
"=""API""";"=""WIND""";"=""2026-04-30T06:35:00+03:00""";"=""OA_YTM""";"=""AKSU RES""";"=""10928268862""";"=""2890""";"=""AKSU ÇAMLICA RES""";-0,98;157,88;0;3,08;;;;;;;;
"=""API""";"=""WIND""";"=""2026-04-30T06:36:00+03:00""";"=""OA_YTM""";"=""AKSU RES""";"=""10928268862""";"=""2890""";"=""AKSU ÇAMLICA RES""";-0,98;157,99;0;3,08;;;;;;;;
"=""API""";"=""WIND""";"=""2026-04-30T06:37:00+03:00""";"=""OA_YTM""";"=""AKSU RES""";"=""10928268862""";"=""2890""";"=""AKSU ÇAMLICA RES""";-0,98;157,99;0;3,09;;;;;;;;
"=""API""";"=""WIND""";"=""2026-04-30T06:38:00+03:00""";"=""OA_YTM""";"=""AKSU RES""";"=""10928268862""";"=""2890""";"=""AKSU ÇAMLICA RES""";-0,98;158,19;0;3,07;;;;;;;;
"=""API""";"=""WIND""";"=""2026-04-30T06:39:00+03:00""";"=""OA_YTM""";"=""AKSU RES""";"=""10928268862""";"=""2890""";"=""AKSU ÇAMLICA RES""";-0,98;158,35;0;2,61;;;;;;;;
"=""API""";"=""WIND""";"=""2026-04-30T06:40:00+03:00""";"=""OA_YTM""";"=""AKSU RES""";"=""10928268862""";"=""2890""";"=""AKSU ÇAMLICA RES""";-0,98;158,55;0;2,82;;;;;;;;
"=""API""";"=""WIND""";"=""2026-04-30T06:41:00+03:00""";"=""OA_YTM""";"=""AKSU RES""";"=""10928268862""";"=""2890""";"=""AKSU ÇAMLICA RES""";-0,98;158,14;0;2,59;;;;;;;;
"=""API""";"=""WIND""";"=""2026-04-30T06:42:00+03:00""";"=""OA_YTM""";"=""AKSU RES""";"=""10928268862""";"=""2890""";"=""AKSU ÇAMLICA RES""";-0,98;158,04;0;2,41;;;;;;;;
"=""API""";"=""WIND""";"=""2026-04-30T06:43:00+03:00""";"=""OA_YTM""";"=""AKSU RES""";"=""10928268862""";"=""2890""";"=""AKSU ÇAMLICA RES""";-0,98;158,14;0;2,41;;;;;;;;
"=""API""";"=""WIND""";"=""2026-04-30T06:44:00+03:00""";"=""OA_YTM""";"=""AKSU RES""";"=""10928268862""";"=""2890""";"=""AKSU ÇAMLICA RES""";-0,98;157,73;0;2,54;;;;;;;;
"=""API""";"=""WIND""";"=""2026-04-30T06:45:00+03:00""";"=""OA_YTM""";"=""AKSU RES""";"=""10928268862""";"=""2890""";"=""AKSU ÇAMLICA RES""";-0,98;157,42;0;2,54;;;;;;;;
"=""API""";"=""WIND""";"=""2026-04-30T06:46:00+03:00""";"=""OA_YTM""";"=""AKSU RES""";"=""10928268862""";"=""2890""";"=""AKSU ÇAMLICA RES""";-0,98;157,47;0;2,67;;;;;;;;
"=""API""";"=""WIND""";"=""2026-04-30T06:47:00+03:00""";"=""OA_YTM""";"=""AKSU RES""";"=""10928268862""";"=""2890""";"=""AKSU ÇAMLICA RES""";-0,98;157,58;0;2,76;;;;;;;;
"=""API""";"=""WIND""";"=""2026-04-30T06:48:00+03:00""";"=""OA_YTM""";"=""AKSU RES""";"=""10928268862""";"=""2890""";"=""AKSU ÇAMLICA RES""";-0,98;157,47;0;2,74;;;;;;;;
"=""API""";"=""WIND""";"=""2026-04-30T06:49:00+03:00""";"=""OA_YTM""";"=""AKSU RES""";"=""10928268862""";"=""2890""";"=""AKSU ÇAMLICA RES""";-0,98;157,37;0;2,9;;;;;;;;
"=""API""";"=""WIND""";"=""2026-04-30T06:50:00+03:00""";"=""OA_YTM""";"=""AKSU RES""";"=""10928268862""";"=""2890""";"=""AKSU ÇAMLICA RES""";-0,98;157,42;0;3;;;;;;;;
"=""API""";"=""WIND""";"=""2026-04-30T06:51:00+03:00""";"=""OA_YTM""";"=""AKSU RES""";"=""10928268862""";"=""2890""";"=""AKSU ÇAMLICA RES""";-0,98;157,53;0;3,03;;;;;;;;
"=""API""";"=""WIND""";"=""2026-04-30T06:52:00+03:00""";"=""OA_YTM""";"=""AKSU RES""";"=""10928268862""";"=""2890""";"=""AKSU ÇAMLICA RES""";-0,98;157,53;0;3,03;;;;;;;;
"=""API""";"=""WIND""";"=""2026-04-30T06:53:00+03:00""";"=""OA_YTM""";"=""AKSU RES""";"=""10928268862""";"=""2890""";"=""AKSU ÇAMLICA RES""";-0,98;158,19;0;2,95;;;;;;;;
"=""API""";"=""WIND""";"=""2026-04-30T06:54:00+03:00""";"=""OA_YTM""";"=""AKSU RES""";"=""10928268862""";"=""2890""";"=""AKSU ÇAMLICA RES""";-0,98;158,19;0;2,95;;;;;;;;
"=""API""";"=""WIND""";"=""2026-04-30T06:55:00+03:00""";"=""OA_YTM""";"=""AKSU RES""";"=""10928268862""";"=""2890""";"=""AKSU ÇAMLICA RES""";-0,98;157,94;0;2,81;;;;;;;;
"=""API""";"=""WIND""";"=""2026-04-30T06:56:00+03:00""";"=""OA_YTM""";"=""AKSU RES""";"=""10928268862""";"=""2890""";"=""AKSU ÇAMLICA RES""";-0,98;157,83;0;2,62;;;;;;;;
"=""API""";"=""WIND""";"=""2026-04-30T06:57:00+03:00""";"=""OA_YTM""";"=""AKSU RES""";"=""10928268862""";"=""2890""";"=""AKSU ÇAMLICA RES""";-0,98;157,27;0;2,51;;;;;;;;
"=""API""";"=""WIND""";"=""2026-04-30T06:58:00+03:00""";"=""OA_YTM""";"=""AKSU RES""";"=""10928268862""";"=""2890""";"=""AKSU ÇAMLICA RES""";-0,98;157,68;0;2,63;;;;;;;;
"=""API""";"=""WIND""";"=""2026-04-30T06:59:00+03:00""";"=""OA_YTM""";"=""AKSU RES""";"=""10928268862""";"=""2890""";"=""AKSU ÇAMLICA RES""";-0,98;157,99;0;2,63;;;;;;;;
"=""API""";"=""WIND""";"=""2026-04-30T07:00:00+03:00""";"=""OA_YTM""";"=""AKSU RES""";"=""10928268862""";"=""2890""";"=""AKSU ÇAMLICA RES""";-0,99;157,99;0;2,71;;;;;;;;
"=""API""";"=""WIND""";"=""2026-04-30T07:01:00+03:00""";"=""OA_YTM""";"=""AKSU RES""";"=""10928268862""";"=""2890""";"=""AKSU ÇAMLICA RES""";-0,99;157,99;0;2,88;;;;;;;;
"=""API""";"=""WIND""";"=""2026-04-30T07:02:00+03:00""";"=""OA_YTM""";"=""AKSU RES""";"=""10928268862""";"=""2890""";"=""AKSU ÇAMLICA RES""";-0,99;157,58;0;2,36;;;;;;;;
"=""API""";"=""WIND""";"=""2026-04-30T07:03:00+03:00""";"=""OA_YTM""";"=""AKSU RES""";"=""10928268862""";"=""2890""";"=""AKSU ÇAMLICA RES""";-0,99;158,14;0;2,09;;;;;;;;
"=""API""";"=""WIND""";"=""2026-04-30T07:04:00+03:00""";"=""OA_YTM""";"=""AKSU RES""";"=""10928268862""";"=""2890""";"=""AKSU ÇAMLICA RES""";-0,99;157,88;0;2,49;;;;;;;;
"=""API""";"=""WIND""";"=""2026-04-30T07:05:00+03:00""";"=""OA_YTM""";"=""AKSU RES""";"=""10928268862""";"=""2890""";"=""AKSU ÇAMLICA RES""";-0,99;157,32;0;2,37;;;;;;;;
"=""API""";"=""WIND""";"=""2026-04-30T07:06:00+03:00""";"=""OA_YTM""";"=""AKSU RES""";"=""10928268862""";"=""2890""";"=""AKSU ÇAMLICA RES""";-0,99;157,22;0;2,57;;;;;;;;
"=""API""";"=""WIND""";"=""2026-04-30T07:07:00+03:00""";"=""OA_YTM""";"=""AKSU RES""";"=""10928268862""";"=""2890""";"=""AKSU ÇAMLICA RES""";-0,99;157,47;0;2,21;;;;;;;;
"=""API""";"=""WIND""";"=""2026-04-30T07:08:00+03:00""";"=""OA_YTM""";"=""AKSU RES""";"=""10928268862""";"=""2890""";"=""AKSU ÇAMLICA RES""";-0,99;157,37;0;2,59;;;;;;;;
"=""API""";"=""WIND""";"=""2026-04-30T07:09:00+03:00""";"=""OA_YTM""";"=""AKSU RES""";"=""10928268862""";"=""2890""";"=""AKSU ÇAMLICA RES""";-0,99;157,99;0;2,59;;;;;;;;
"=""API""";"=""WIND""";"=""2026-04-30T07:10:00+03:00""";"=""OA_YTM""";"=""AKSU RES""";"=""10928268862""";"=""2890""";"=""AKSU ÇAMLICA RES""";-0,99;158,4;0;2,51;;;;;;;;
"=""API""";"=""WIND""";"=""2026-04-30T07:11:00+03:00""";"=""OA_YTM""";"=""AKSU RES""";"=""10928268862""";"=""2890""";"=""AKSU ÇAMLICA RES""";-0,99;158,4;0;1,95;;;;;;;;
"=""API""";"=""WIND""";"=""2026-04-30T07:12:00+03:00""";"=""OA_YTM""";"=""AKSU RES""";"=""10928268862""";"=""2890""";"=""AKSU ÇAMLICA RES""";-0,99;158,4;0;1,69;;;;;;;;
"=""API""";"=""WIND""";"=""2026-04-30T07:13:00+03:00""";"=""OA_YTM""";"=""AKSU RES""";"=""10928268862""";"=""2890""";"=""AKSU ÇAMLICA RES""";-0,99;158,4;0;1,94;;;;;;;;
"=""API""";"=""WIND""";"=""2026-04-30T07:14:00+03:00""";"=""OA_YTM""";"=""AKSU RES""";"=""10928268862""";"=""2890""";"=""AKSU ÇAMLICA RES""";-0,99;159,02;0;1,94;;;;;;;;
"=""API""";"=""WIND""";"=""2026-04-30T07:15:00+03:00""";"=""OA_YTM""";"=""AKSU RES""";"=""10928268862""";"=""2890""";"=""AKSU ÇAMLICA RES""";-0,99;158,71;0;2,02;;;;;;;;
"=""API""";"=""WIND""";"=""2026-04-30T07:16:00+03:00""";"=""OA_YTM""";"=""AKSU RES""";"=""10928268862""";"=""2890""";"=""AKSU ÇAMLICA RES""";-0,99;158,5;0;2,02;;;;;;;;
"=""API""";"=""WIND""";"=""2026-04-30T07:17:00+03:00""";"=""OA_YTM""";"=""AKSU RES""";"=""10928268862""";"=""2890""";"=""AKSU ÇAMLICA RES""";-0,99;159,02;0;1,85;;;;;;;;
"=""API""";"=""WIND""";"=""2026-04-30T07:18:00+03:00""";"=""OA_YTM""";"=""AKSU RES""";"=""10928268862""";"=""2890""";"=""AKSU ÇAMLICA RES""";-0,99;158,5;0;1,64;;;;;;;;
"=""API""";"=""WIND""";"=""2026-04-30T07:19:00+03:00""";"=""OA_YTM""";"=""AKSU RES""";"=""10928268862""";"=""2890""";"=""AKSU ÇAMLICA RES""";-0,99;159,02;0;1,96;;;;;;;;
"=""API""";"=""WIND""";"=""2026-04-30T07:20:00+03:00""";"=""OA_YTM""";"=""AKSU RES""";"=""10928268862""";"=""2890""";"=""AKSU ÇAMLICA RES""";-0,99;158,55;0;1,47;;;;;;;;
"=""API""";"=""WIND""";"=""2026-04-30T07:21:00+03:00""";"=""OA_YTM""";"=""AKSU RES""";"=""10928268862""";"=""2890""";"=""AKSU ÇAMLICA RES""";-0,99;158,7;0;1,72;;;;;;;;
"=""API""";"=""WIND""";"=""2026-04-30T07:22:00+03:00""";"=""OA_YTM""";"=""AKSU RES""";"=""10928268862""";"=""2890""";"=""AKSU ÇAMLICA RES""";-0,99;159,22;0;1,61;;;;;;;;
"=""API""";"=""WIND""";"=""2026-04-30T07:23:00+03:00""";"=""OA_YTM""";"=""AKSU RES""";"=""10928268862""";"=""2890""";"=""AKSU ÇAMLICA RES""";-0,99;159,32;0;1,61;;;;;;;;
"=""API""";"=""WIND""";"=""2026-04-30T07:24:00+03:00""";"=""OA_YTM""";"=""AKSU RES""";"=""10928268862""";"=""2890""";"=""AKSU ÇAMLICA RES""";-0,99;159,22;0;1,85;;;;;;;;
"=""API""";"=""WIND""";"=""2026-04-30T07:25:00+03:00""";"=""OA_YTM""";"=""AKSU RES""";"=""10928268862""";"=""2890""";"=""AKSU ÇAMLICA RES""";-0,99;158,91;0,99;1,76;;;;;;;;
"=""API""";"=""WIND""";"=""2026-04-30T07:26:00+03:00""";"=""OA_YTM""";"=""AKSU RES""";"=""10928268862""";"=""2890""";"=""AKSU ÇAMLICA RES""";-0,99;158,7;0,99;0,94;;;;;;;;
"=""API""";"=""WIND""";"=""2026-04-30T07:27:00+03:00""";"=""OA_YTM""";"=""AKSU RES""";"=""10928268862""";"=""2890""";"=""AKSU ÇAMLICA RES""";-0,99;159,32;0,99;1,07;;;;;;;;
"=""API""";"=""WIND""";"=""2026-04-30T07:28:00+03:00""";"=""OA_YTM""";"=""AKSU RES""";"=""10928268862""";"=""2890""";"=""AKSU ÇAMLICA RES""";-0,99;159,53;0,99;0,92;;;;;;;;
"=""API""";"=""WIND""";"=""2026-04-30T07:29:00+03:00""";"=""OA_YTM""";"=""AKSU RES""";"=""10928268862""";"=""2890""";"=""AKSU ÇAMLICA RES""";-0,99;159,53;0,99;0,94;;;;;;;;
"=""API""";"=""WIND""";"=""2026-04-30T07:30:00+03:00""";"=""OA_YTM""";"=""AKSU RES""";"=""10928268862""";"=""2890""";"=""AKSU ÇAMLICA RES""";-0,99;159,84;0,99;0,94;;;;;;;;
"=""API""";"=""WIND""";"=""2026-04-30T07:31:00+03:00""";"=""OA_YTM""";"=""AKSU RES""";"=""10928268862""";"=""2890""";"=""AKSU ÇAMLICA RES""";-0,99;159,53;0,99;0,33;;;;;;;;
"=""API""";"=""WIND""";"=""2026-04-30T07:32:00+03:00""";"=""OA_YTM""";"=""AKSU RES""";"=""10928268862""";"=""2890""";"=""AKSU ÇAMLICA RES""";-0,99;159,53;0,99;0,36;;;;;;;;
"=""API""";"=""WIND""";"=""2026-04-30T07:33:00+03:00""";"=""OA_YTM""";"=""AKSU RES""";"=""10928268862""";"=""2890""";"=""AKSU ÇAMLICA RES""";-0,99;159,58;0,99;0,11;;;;;;;;
"=""API""";"=""WIND""";"=""2026-04-30T07:34:00+03:00""";"=""OA_YTM""";"=""AKSU RES""";"=""10928268862""";"=""2890""";"=""AKSU ÇAMLICA RES""";-0,99;159,73;0,99;0,34;;;;;;;;
"=""API""";"=""WIND""";"=""2026-04-30T07:35:00+03:00""";"=""OA_YTM""";"=""AKSU RES""";"=""10928268862""";"=""2890""";"=""AKSU ÇAMLICA RES""";-0,99;159,84;0,99;-0,02;;;;;;;;
"=""API""";"=""WIND""";"=""2026-04-30T07:36:00+03:00""";"=""OA_YTM""";"=""AKSU RES""";"=""10928268862""";"=""2890""";"=""AKSU ÇAMLICA RES""";-0,99;160,04;0,99;-0,05;;;;;;;;
"=""API""";"=""WIND""";"=""2026-04-30T07:37:00+03:00""";"=""OA_YTM""";"=""AKSU RES""";"=""10928268862""";"=""2890""";"=""AKSU ÇAMLICA RES""";-0,99;159,84;0,99;-0,26;;;;;;;;
"=""API""";"=""WIND""";"=""2026-04-30T07:38:00+03:00""";"=""OA_YTM""";"=""AKSU RES""";"=""10928268862""";"=""2890""";"=""AKSU ÇAMLICA RES""";-0,99;160,14;0,99;-0,27;;;;;;;;
"=""API""";"=""WIND""";"=""2026-04-30T07:39:00+03:00""";"=""OA_YTM""";"=""AKSU RES""";"=""10928268862""";"=""2890""";"=""AKSU ÇAMLICA RES""";-0,99;159,94;1,98;-0,18;;;;;;;;
"=""API""";"=""WIND""";"=""2026-04-30T07:40:00+03:00""";"=""OA_YTM""";"=""AKSU RES""";"=""10928268862""";"=""2890""";"=""AKSU ÇAMLICA RES""";-0,99;159,94;1,98;-0,18;;;;;;;;
"=""API""";"=""WIND""";"=""2026-04-30T07:41:00+03:00""";"=""OA_YTM""";"=""AKSU RES""";"=""10928268862""";"=""2890""";"=""AKSU ÇAMLICA RES""";-0,99;160,55;1,98;-0,34;;;;;;;;
"=""API""";"=""WIND""";"=""2026-04-30T07:42:00+03:00""";"=""OA_YTM""";"=""AKSU RES""";"=""10928268862""";"=""2890""";"=""AKSU ÇAMLICA RES""";-0,99;160,25;1,98;-0,14;;;;;;;;
"=""API""";"=""WIND""";"=""2026-04-30T07:43:00+03:00""";"=""OA_YTM""";"=""AKSU RES""";"=""10928268862""";"=""2890""";"=""AKSU ÇAMLICA RES""";-0,99;160,25;1,98;-0,11;;;;;;;;
"=""API""";"=""WIND""";"=""2026-04-30T07:44:00+03:00""";"=""OA_YTM""";"=""AKSU RES""";"=""10928268862""";"=""2890""";"=""AKSU ÇAMLICA RES""";-0,99;160,55;1,98;-0,25;;;;;;;;
"=""API""";"=""WIND""";"=""2026-04-30T07:45:00+03:00""";"=""OA_YTM""";"=""AKSU RES""";"=""10928268862""";"=""2890""";"=""AKSU ÇAMLICA RES""";-0,99;160,86;1,98;-0,3;;;;;;;;
"=""API""";"=""WIND""";"=""2026-04-30T07:46:00+03:00""";"=""OA_YTM""";"=""AKSU RES""";"=""10928268862""";"=""2890""";"=""AKSU ÇAMLICA RES""";-0,99;160,55;0,99;0;;;;;;;;
"=""API""";"=""WIND""";"=""2026-04-30T07:47:00+03:00""";"=""OA_YTM""";"=""AKSU RES""";"=""10928268862""";"=""2890""";"=""AKSU ÇAMLICA RES""";-0,99;158,91;0,99;-0,26;;;;;;;;
"=""API""";"=""WIND""";"=""2026-04-30T07:48:00+03:00""";"=""OA_YTM""";"=""AKSU RES""";"=""10928268862""";"=""2890""";"=""AKSU ÇAMLICA RES""";-0,99;159,22;0,99;-0,1;;;;;;;;
"=""API""";"=""WIND""";"=""2026-04-30T07:49:00+03:00""";"=""OA_YTM""";"=""AKSU RES""";"=""10928268862""";"=""2890""";"=""AKSU ÇAMLICA RES""";-0,99;159,22;0,99;-0,25;;;;;;;;
"=""API""";"=""WIND""";"=""2026-04-30T07:50:00+03:00""";"=""OA_YTM""";"=""AKSU RES""";"=""10928268862""";"=""2890""";"=""AKSU ÇAMLICA RES""";-0,99;159,43;0,99;-0,3;;;;;;;;
"=""API""";"=""WIND""";"=""2026-04-30T07:51:00+03:00""";"=""OA_YTM""";"=""AKSU RES""";"=""10928268862""";"=""2890""";"=""AKSU ÇAMLICA RES""";-0,99;159,48;0,99;-0,28;;;;;;;;
"=""API""";"=""WIND""";"=""2026-04-30T07:52:00+03:00""";"=""OA_YTM""";"=""AKSU RES""";"=""10928268862""";"=""2890""";"=""AKSU ÇAMLICA RES""";-0,99;158,91;0,99;-0,15;;;;;;;;
"=""API""";"=""WIND""";"=""2026-04-30T07:53:00+03:00""";"=""OA_YTM""";"=""AKSU RES""";"=""10928268862""";"=""2890""";"=""AKSU ÇAMLICA RES""";-0,99;159,17;0,99;-0,07;;;;;;;;
"=""API""";"=""WIND""";"=""2026-04-30T07:54:00+03:00""";"=""OA_YTM""";"=""AKSU RES""";"=""10928268862""";"=""2890""";"=""AKSU ÇAMLICA RES""";-0,99;159,12;0,99;0,23;;;;;;;;
"=""API""";"=""WIND""";"=""2026-04-30T07:55:00+03:00""";"=""OA_YTM""";"=""AKSU RES""";"=""10928268862""";"=""2890""";"=""AKSU ÇAMLICA RES""";-0,99;159,12;0,99;0,55;;;;;;;;
"=""API""";"=""WIND""";"=""2026-04-30T07:56:00+03:00""";"=""OA_YTM""";"=""AKSU RES""";"=""10928268862""";"=""2890""";"=""AKSU ÇAMLICA RES""";-0,99;159,12;0,99;-0,23;;;;;;;;
"=""API""";"=""WIND""";"=""2026-04-30T07:57:00+03:00""";"=""OA_YTM""";"=""AKSU RES""";"=""10928268862""";"=""2890""";"=""AKSU ÇAMLICA RES""";-0,99;158,81;0,99;-0,08;;;;;;;;
"=""API""";"=""WIND""";"=""2026-04-30T07:58:00+03:00""";"=""OA_YTM""";"=""AKSU RES""";"=""10928268862""";"=""2890""";"=""AKSU ÇAMLICA RES""";-0,99;158,91;0,99;-0,04;;;;;;;;
"=""API""";"=""WIND""";"=""2026-04-30T07:59:00+03:00""";"=""OA_YTM""";"=""AKSU RES""";"=""10928268862""";"=""2890""";"=""AKSU ÇAMLICA RES""";-0,99;158,91;0;0,34;;;;;;;;
"=""API""";"=""WIND""";"=""2026-04-30T08:00:00+03:00""";"=""OA_YTM""";"=""AKSU RES""";"=""10928268862""";"=""2890""";"=""AKSU ÇAMLICA RES""";0,98;158,55;0;0,39;;;;;;;;
"=""API""";"=""WIND""";"=""2026-04-30T08:01:00+03:00""";"=""OA_YTM""";"=""AKSU RES""";"=""10928268862""";"=""2890""";"=""AKSU ÇAMLICA RES""";0,98;158,45;0;0,32;;;;;;;;
"=""API""";"=""WIND""";"=""2026-04-30T08:02:00+03:00""";"=""OA_YTM""";"=""AKSU RES""";"=""10928268862""";"=""2890""";"=""AKSU ÇAMLICA RES""";0,98;158,5;0;0,72;;;;;;;;
"=""API""";"=""WIND""";"=""2026-04-30T08:03:00+03:00""";"=""OA_YTM""";"=""AKSU RES""";"=""10928268862""";"=""2890""";"=""AKSU ÇAMLICA RES""";0,98;158,91;0;0,85;;;;;;;;
"=""API""";"=""WIND""";"=""2026-04-30T08:04:00+03:00""";"=""OA_YTM""";"=""AKSU RES""";"=""10928268862""";"=""2890""";"=""AKSU ÇAMLICA RES""";0,98;158,91;0;0,72;;;;;;;;
"=""API""";"=""WIND""";"=""2026-04-30T08:05:00+03:00""";"=""OA_YTM""";"=""AKSU RES""";"=""10928268862""";"=""2890""";"=""AKSU ÇAMLICA RES""";0,98;159,32;0;0,84;;;;;;;;
"=""API""";"=""WIND""";"=""2026-04-30T08:06:00+03:00""";"=""OA_YTM""";"=""AKSU RES""";"=""10928268862""";"=""2890""";"=""AKSU ÇAMLICA RES""";0,98;158,91;0;1,1;;;;;;;;
"=""API""";"=""WIND""";"=""2026-04-30T08:07:00+03:00""";"=""OA_YTM""";"=""AKSU RES""";"=""10928268862""";"=""2890""";"=""AKSU ÇAMLICA RES""";0,98;158,66;0;1,42;;;;;;;;
"=""API""";"=""WIND""";"=""2026-04-30T08:08:00+03:00""";"=""OA_YTM""";"=""AKSU RES""";"=""10928268862""";"=""2890""";"=""AKSU ÇAMLICA RES""";0,98;158,35;0,99;1,23;;;;;;;;
"=""API""";"=""WIND""";"=""2026-04-30T08:09:00+03:00""";"=""OA_YTM""";"=""AKSU RES""";"=""10928268862""";"=""2890""";"=""AKSU ÇAMLICA RES""";0,98;158,55;0;1,25;;;;;;;;
"=""API""";"=""WIND""";"=""2026-04-30T08:10:00+03:00""";"=""OA_YTM""";"=""AKSU RES""";"=""10928268862""";"=""2890""";"=""AKSU ÇAMLICA RES""";0,98;158,35;0;1,2;;;;;;;;
"=""API""";"=""WIND""";"=""2026-04-30T08:11:00+03:00""";"=""OA_YTM""";"=""AKSU RES""";"=""10928268862""";"=""2890""";"=""AKSU ÇAMLICA RES""";0,98;158,29;0;1,2;;;;;;;;
"=""API""";"=""WIND""";"=""2026-04-30T08:12:00+03:00""";"=""OA_YTM""";"=""AKSU RES""";"=""10928268862""";"=""2890""";"=""AKSU ÇAMLICA RES""";0,98;158,65;0;1,62;;;;;;;;
"=""API""";"=""WIND""";"=""2026-04-30T08:13:00+03:00""";"=""OA_YTM""";"=""AKSU RES""";"=""10928268862""";"=""2890""";"=""AKSU ÇAMLICA RES""";0,98;158,55;0;1,62;;;;;;;;
"=""API""";"=""WIND""";"=""2026-04-30T08:14:00+03:00""";"=""OA_YTM""";"=""AKSU RES""";"=""10928268862""";"=""2890""";"=""AKSU ÇAMLICA RES""";0,98;158,55;0;1,6;;;;;;;;
"=""API""";"=""WIND""";"=""2026-04-30T08:15:00+03:00""";"=""OA_YTM""";"=""AKSU RES""";"=""10928268862""";"=""2890""";"=""AKSU ÇAMLICA RES""";0,98;158,55;0;1,57;;;;;;;;
"=""API""";"=""WIND""";"=""2026-04-30T08:16:00+03:00""";"=""OA_YTM""";"=""AKSU RES""";"=""10928268862""";"=""2890""";"=""AKSU ÇAMLICA RES""";0,98;157,83;0;1,57;;;;;;;;
"=""API""";"=""WIND""";"=""2026-04-30T08:17:00+03:00""";"=""OA_YTM""";"=""AKSU RES""";"=""10928268862""";"=""2890""";"=""AKSU ÇAMLICA RES""";0,98;158,14;0;1,5;;;;;;;;
"=""API""";"=""WIND""";"=""2026-04-30T08:18:00+03:00""";"=""OA_YTM""";"=""AKSU RES""";"=""10928268862""";"=""2890""";"=""AKSU ÇAMLICA RES""";0,98;158,7;0;1,56;;;;;;;;
"=""API""";"=""WIND""";"=""2026-04-30T08:19:00+03:00""";"=""OA_YTM""";"=""AKSU RES""";"=""10928268862""";"=""2890""";"=""AKSU ÇAMLICA RES""";0,98;158,4;0;2,01;;;;;;;;
"=""API""";"=""WIND""";"=""2026-04-30T08:20:00+03:00""";"=""OA_YTM""";"=""AKSU RES""";"=""10928268862""";"=""2890""";"=""AKSU ÇAMLICA RES""";0,98;158,45;0;2,13;;;;;;;;
"=""API""";"=""WIND""";"=""2026-04-30T08:21:00+03:00""";"=""OA_YTM""";"=""AKSU RES""";"=""10928268862""";"=""2890""";"=""AKSU ÇAMLICA RES""";0,98;158,45;0;1,42;;;;;;;;
"=""API""";"=""WIND""";"=""2026-04-30T08:22:00+03:00""";"=""OA_YTM""";"=""AKSU RES""";"=""10928268862""";"=""2890""";"=""AKSU ÇAMLICA RES""";0,98;158,76;0,99;1,42;;;;;;;;
"=""API""";"=""WIND""";"=""2026-04-30T08:23:00+03:00""";"=""OA_YTM""";"=""AKSU RES""";"=""10928268862""";"=""2890""";"=""AKSU ÇAMLICA RES""";0,98;158,3;0,99;1,59;;;;;;;;
"=""API""";"=""WIND""";"=""2026-04-30T08:24:00+03:00""";"=""OA_YTM""";"=""AKSU RES""";"=""10928268862""";"=""2890""";"=""AKSU ÇAMLICA RES""";0,98;159,22;0,99;1,59;;;;;;;;
"=""API""";"=""WIND""";"=""2026-04-30T08:25:00+03:00""";"=""OA_YTM""";"=""AKSU RES""";"=""10928268862""";"=""2890""";"=""AKSU ÇAMLICA RES""";0,98;159,17;0,99;1,68;;;;;;;;
"=""API""";"=""WIND""";"=""2026-04-30T08:26:00+03:00""";"=""OA_YTM""";"=""AKSU RES""";"=""10928268862""";"=""2890""";"=""AKSU ÇAMLICA RES""";0,98;159,07;0,99;1,5;;;;;;;;
"=""API""";"=""WIND""";"=""2026-04-30T08:27:00+03:00""";"=""OA_YTM""";"=""AKSU RES""";"=""10928268862""";"=""2890""";"=""AKSU ÇAMLICA RES""";0,98;158,4;0,99;1,32;;;;;;;;
"=""API""";"=""WIND""";"=""2026-04-30T08:28:00+03:00""";"=""OA_YTM""";"=""AKSU RES""";"=""10928268862""";"=""2890""";"=""AKSU ÇAMLICA RES""";0,98;158,81;0,99;1,28;;;;;;;;
"=""API""";"=""WIND""";"=""2026-04-30T08:29:00+03:00""";"=""OA_YTM""";"=""AKSU RES""";"=""10928268862""";"=""2890""";"=""AKSU ÇAMLICA RES""";0,98;158,6;0,99;1,32;;;;;;;;
"=""API""";"=""WIND""";"=""2026-04-30T08:30:00+03:00""";"=""OA_YTM""";"=""AKSU RES""";"=""10928268862""";"=""2890""";"=""AKSU ÇAMLICA RES""";0,98;158,71;0,99;1,61;;;;;;;;
"=""API""";"=""WIND""";"=""2026-04-30T08:31:00+03:00""";"=""OA_YTM""";"=""AKSU RES""";"=""10928268862""";"=""2890""";"=""AKSU ÇAMLICA RES""";0,98;158,6;0,99;1,43;;;;;;;;
"=""API""";"=""WIND""";"=""2026-04-30T08:32:00+03:00""";"=""OA_YTM""";"=""AKSU RES""";"=""10928268862""";"=""2890""";"=""AKSU ÇAMLICA RES""";0,98;158,6;0,99;1,61;;;;;;;;
"=""API""";"=""WIND""";"=""2026-04-30T08:33:00+03:00""";"=""OA_YTM""";"=""AKSU RES""";"=""10928268862""";"=""2890""";"=""AKSU ÇAMLICA RES""";0,98;158,6;0,99;1,62;;;;;;;;
"=""API""";"=""WIND""";"=""2026-04-30T08:34:00+03:00""";"=""OA_YTM""";"=""AKSU RES""";"=""10928268862""";"=""2890""";"=""AKSU ÇAMLICA RES""";0,98;158,91;0,99;1,54;;;;;;;;
"=""API""";"=""WIND""";"=""2026-04-30T08:35:00+03:00""";"=""OA_YTM""";"=""AKSU RES""";"=""10928268862""";"=""2890""";"=""AKSU ÇAMLICA RES""";0,98;158,96;0,99;1,48;;;;;;;;
"=""API""";"=""WIND""";"=""2026-04-30T08:36:00+03:00""";"=""OA_YTM""";"=""AKSU RES""";"=""10928268862""";"=""2890""";"=""AKSU ÇAMLICA RES""";0,98;158,61;0,99;1,59;;;;;;;;
"=""API""";"=""WIND""";"=""2026-04-30T08:37:00+03:00""";"=""OA_YTM""";"=""AKSU RES""";"=""10928268862""";"=""2890""";"=""AKSU ÇAMLICA RES""";0,98;158,55;0,99;0,96;;;;;;;;
"=""API""";"=""WIND""";"=""2026-04-30T08:38:00+03:00""";"=""OA_YTM""";"=""AKSU RES""";"=""10928268862""";"=""2890""";"=""AKSU ÇAMLICA RES""";0,98;159,06;0,99;0,54;;;;;;;;
"=""API""";"=""WIND""";"=""2026-04-30T08:39:00+03:00""";"=""OA_YTM""";"=""AKSU RES""";"=""10928268862""";"=""2890""";"=""AKSU ÇAMLICA RES""";0,98;158,14;1,98;0,78;;;;;;;;
"=""API""";"=""WIND""";"=""2026-04-30T08:40:00+03:00""";"=""OA_YTM""";"=""AKSU RES""";"=""10928268862""";"=""2890""";"=""AKSU ÇAMLICA RES""";0,98;158,14;1,98;0,94;;;;;;;;
"=""API""";"=""WIND""";"=""2026-04-30T08:41:00+03:00""";"=""OA_YTM""";"=""AKSU RES""";"=""10928268862""";"=""2890""";"=""AKSU ÇAMLICA RES""";0,98;158,14;1,98;0,83;;;;;;;;
"=""API""";"=""WIND""";"=""2026-04-30T08:42:00+03:00""";"=""OA_YTM""";"=""AKSU RES""";"=""10928268862""";"=""2890""";"=""AKSU ÇAMLICA RES""";0,98;158,25;0,99;0,77;;;;;;;;
"=""API""";"=""WIND""";"=""2026-04-30T08:43:00+03:00""";"=""OA_YTM""";"=""AKSU RES""";"=""10928268862""";"=""2890""";"=""AKSU ÇAMLICA RES""";0,98;158,5;0,99;0,41;;;;;;;;
"=""API""";"=""WIND""";"=""2026-04-30T08:44:00+03:00""";"=""OA_YTM""";"=""AKSU RES""";"=""10928268862""";"=""2890""";"=""AKSU ÇAMLICA RES""";0,98;158,4;0,99;1,1;;;;;;;;
"=""API""";"=""WIND""";"=""2026-04-30T08:45:00+03:00""";"=""OA_YTM""";"=""AKSU RES""";"=""10928268862""";"=""2890""";"=""AKSU ÇAMLICA RES""";0,98;158,5;0,99;1,18;;;;;;;;
"=""API""";"=""WIND""";"=""2026-04-30T08:46:00+03:00""";"=""OA_YTM""";"=""AKSU RES""";"=""10928268862""";"=""2890""";"=""AKSU ÇAMLICA RES""";0,98;158,55;1,98;0,3;;;;;;;;
"=""API""";"=""WIND""";"=""2026-04-30T08:47:00+03:00""";"=""OA_YTM""";"=""AKSU RES""";"=""10928268862""";"=""2890""";"=""AKSU ÇAMLICA RES""";0,98;159,17;1,98;0,25;;;;;;;;
"=""API""";"=""WIND""";"=""2026-04-30T08:48:00+03:00""";"=""OA_YTM""";"=""AKSU RES""";"=""10928268862""";"=""2890""";"=""AKSU ÇAMLICA RES""";0,98;159,68;0,99;0,41;;;;;;;;
"=""API""";"=""WIND""";"=""2026-04-30T08:49:00+03:00""";"=""OA_YTM""";"=""AKSU RES""";"=""10928268862""";"=""2890""";"=""AKSU ÇAMLICA RES""";0,98;159,48;0,99;0,35;;;;;;;;
"=""API""";"=""WIND""";"=""2026-04-30T08:50:00+03:00""";"=""OA_YTM""";"=""AKSU RES""";"=""10928268862""";"=""2890""";"=""AKSU ÇAMLICA RES""";0,98;158,76;0,99;0,82;;;;;;;;
"=""API""";"=""WIND""";"=""2026-04-30T08:51:00+03:00""";"=""OA_YTM""";"=""AKSU RES""";"=""10928268862""";"=""2890""";"=""AKSU ÇAMLICA RES""";0,98;158,55;0,99;0,82;;;;;;;;
"=""API""";"=""WIND""";"=""2026-04-30T08:52:00+03:00""";"=""OA_YTM""";"=""AKSU RES""";"=""10928268862""";"=""2890""";"=""AKSU ÇAMLICA RES""";0,98;158,6;0,99;0,26;;;;;;;;
"=""API""";"=""WIND""";"=""2026-04-30T08:53:00+03:00""";"=""OA_YTM""";"=""AKSU RES""";"=""10928268862""";"=""2890""";"=""AKSU ÇAMLICA RES""";0,98;158,66;1,98;0,44;;;;;;;;
"=""API""";"=""WIND""";"=""2026-04-30T08:54:00+03:00""";"=""OA_YTM""";"=""AKSU RES""";"=""10928268862""";"=""2890""";"=""AKSU ÇAMLICA RES""";0,98;158,6;0,99;0,22;;;;;;;;
"=""API""";"=""WIND""";"=""2026-04-30T08:55:00+03:00""";"=""OA_YTM""";"=""AKSU RES""";"=""10928268862""";"=""2890""";"=""AKSU ÇAMLICA RES""";0,98;158,6;1,98;0,45;;;;;;;;
"=""API""";"=""WIND""";"=""2026-04-30T08:56:00+03:00""";"=""OA_YTM""";"=""AKSU RES""";"=""10928268862""";"=""2890""";"=""AKSU ÇAMLICA RES""";0,98;158,4;0,99;0,45;;;;;;;;
"=""API""";"=""WIND""";"=""2026-04-30T08:57:00+03:00""";"=""OA_YTM""";"=""AKSU RES""";"=""10928268862""";"=""2890""";"=""AKSU ÇAMLICA RES""";0,98;158,6;0;1,61;;;;;;;;
"=""API""";"=""WIND""";"=""2026-04-30T08:58:00+03:00""";"=""OA_YTM""";"=""AKSU RES""";"=""10928268862""";"=""2890""";"=""AKSU ÇAMLICA RES""";0,98;157,99;0;2,31;;;;;;;;
"=""API""";"=""WIND""";"=""2026-04-30T08:59:00+03:00""";"=""OA_YTM""";"=""AKSU RES""";"=""10928268862""";"=""2890""";"=""AKSU ÇAMLICA RES""";0,98;158,19;0;3,07;;;;;;;;
"=""API""";"=""WIND""";"=""2026-04-30T09:00:00+03:00""";"=""OA_YTM""";"=""AKSU RES""";"=""10928268862""";"=""2890""";"=""AKSU ÇAMLICA RES""";0,98;159,12;0;3,07;;;;;;;;
"=""API""";"=""WIND""";"=""2026-04-30T09:01:00+03:00""";"=""OA_YTM""";"=""AKSU RES""";"=""10928268862""";"=""2890""";"=""AKSU ÇAMLICA RES""";0,98;159,07;0;3,11;;;;;;;;
"=""API""";"=""WIND""";"=""2026-04-30T09:02:00+03:00""";"=""OA_YTM""";"=""AKSU RES""";"=""10928268862""";"=""2890""";"=""AKSU ÇAMLICA RES""";0,98;159,58;0;3,11;;;;;;;;
"=""API""";"=""WIND""";"=""2026-04-30T09:03:00+03:00""";"=""OA_YTM""";"=""AKSU RES""";"=""10928268862""";"=""2890""";"=""AKSU ÇAMLICA RES""";0,98;158,96;0;3,08;;;;;;;;
"=""API""";"=""WIND""";"=""2026-04-30T09:04:00+03:00""";"=""OA_YTM""";"=""AKSU RES""";"=""10928268862""";"=""2890""";"=""AKSU ÇAMLICA RES""";0,98;159,17;0;3,02;;;;;;;;
"=""API""";"=""WIND""";"=""2026-04-30T09:05:00+03:00""";"=""OA_YTM""";"=""AKSU RES""";"=""10928268862""";"=""2890""";"=""AKSU ÇAMLICA RES""";0,98;158,55;0;3,02;;;;;;;;
"=""API""";"=""WIND""";"=""2026-04-30T09:06:00+03:00""";"=""OA_YTM""";"=""AKSU RES""";"=""10928268862""";"=""2890""";"=""AKSU ÇAMLICA RES""";0,98;158,4;0;3,08;;;;;;;;
"=""API""";"=""WIND""";"=""2026-04-30T09:07:00+03:00""";"=""OA_YTM""";"=""AKSU RES""";"=""10928268862""";"=""2890""";"=""AKSU ÇAMLICA RES""";0,98;159,12;0;3,11;;;;;;;;
"=""API""";"=""WIND""";"=""2026-04-30T09:08:00+03:00""";"=""OA_YTM""";"=""AKSU RES""";"=""10928268862""";"=""2890""";"=""AKSU ÇAMLICA RES""";0,98;159,02;0;3,11;;;;;;;;
"=""API""";"=""WIND""";"=""2026-04-30T09:09:00+03:00""";"=""OA_YTM""";"=""AKSU RES""";"=""10928268862""";"=""2890""";"=""AKSU ÇAMLICA RES""";0,98;159,32;0;3,11;;;;;;;;
"=""API""";"=""WIND""";"=""2026-04-30T09:10:00+03:00""";"=""OA_YTM""";"=""AKSU RES""";"=""10928268862""";"=""2890""";"=""AKSU ÇAMLICA RES""";0,98;159,02;0;3,11;;;;;;;;
"=""API""";"=""WIND""";"=""2026-04-30T09:11:00+03:00""";"=""OA_YTM""";"=""AKSU RES""";"=""10928268862""";"=""2890""";"=""AKSU ÇAMLICA RES""";0,98;159,43;0;3,11;;;;;;;;
"=""API""";"=""WIND""";"=""2026-04-30T09:12:00+03:00""";"=""OA_YTM""";"=""AKSU RES""";"=""10928268862""";"=""2890""";"=""AKSU ÇAMLICA RES""";0,98;159,43;0;3,11;;;;;;;;
"=""API""";"=""WIND""";"=""2026-04-30T09:13:00+03:00""";"=""OA_YTM""";"=""AKSU RES""";"=""10928268862""";"=""2890""";"=""AKSU ÇAMLICA RES""";0,98;159,12;0;3,1;;;;;;;;
"=""API""";"=""WIND""";"=""2026-04-30T09:14:00+03:00""";"=""OA_YTM""";"=""AKSU RES""";"=""10928268862""";"=""2890""";"=""AKSU ÇAMLICA RES""";0,98;158,81;0;3,05;;;;;;;;
"=""API""";"=""WIND""";"=""2026-04-30T09:15:00+03:00""";"=""OA_YTM""";"=""AKSU RES""";"=""10928268862""";"=""2890""";"=""AKSU ÇAMLICA RES""";0,98;159,07;0;3,08;;;;;;;;
"=""API""";"=""WIND""";"=""2026-04-30T09:16:00+03:00""";"=""OA_YTM""";"=""AKSU RES""";"=""10928268862""";"=""2890""";"=""AKSU ÇAMLICA RES""";0,98;158,71;0;3,14;;;;;;;;
"=""API""";"=""WIND""";"=""2026-04-30T09:17:00+03:00""";"=""OA_YTM""";"=""AKSU RES""";"=""10928268862""";"=""2890""";"=""AKSU ÇAMLICA RES""";0,98;159,48;0;3,14;;;;;;;;
"=""API""";"=""WIND""";"=""2026-04-30T09:18:00+03:00""";"=""OA_YTM""";"=""AKSU RES""";"=""10928268862""";"=""2890""";"=""AKSU ÇAMLICA RES""";0,98;159,48;0;2,94;;;;;;;;
"=""API""";"=""WIND""";"=""2026-04-30T09:19:00+03:00""";"=""OA_YTM""";"=""AKSU RES""";"=""10928268862""";"=""2890""";"=""AKSU ÇAMLICA RES""";0,98;159,37;0;2,94;;;;;;;;
"=""API""";"=""WIND""";"=""2026-04-30T09:20:00+03:00""";"=""OA_YTM""";"=""AKSU RES""";"=""10928268862""";"=""2890""";"=""AKSU ÇAMLICA RES""";0,98;159,73;0;2,76;;;;;;;;
"=""API""";"=""WIND""";"=""2026-04-30T09:21:00+03:00""";"=""OA_YTM""";"=""AKSU RES""";"=""10928268862""";"=""2890""";"=""AKSU ÇAMLICA RES""";0,98;159,17;0;2,89;;;;;;;;
"=""API""";"=""WIND""";"=""2026-04-30T09:22:00+03:00""";"=""OA_YTM""";"=""AKSU RES""";"=""10928268862""";"=""2890""";"=""AKSU ÇAMLICA RES""";0,98;159,12;0;2,62;;;;;;;;
"=""API""";"=""WIND""";"=""2026-04-30T09:23:00+03:00""";"=""OA_YTM""";"=""AKSU RES""";"=""10928268862""";"=""2890""";"=""AKSU ÇAMLICA RES""";0,98;159,43;0;3,03;;;;;;;;
"=""API""";"=""WIND""";"=""2026-04-30T09:24:00+03:00""";"=""OA_YTM""";"=""AKSU RES""";"=""10928268862""";"=""2890""";"=""AKSU ÇAMLICA RES""";0,98;159,73;0;2,66;;;;;;;;
"=""API""";"=""WIND""";"=""2026-04-30T09:25:00+03:00""";"=""OA_YTM""";"=""AKSU RES""";"=""10928268862""";"=""2890""";"=""AKSU ÇAMLICA RES""";0,98;159,58;0;2,9;;;;;;;;
"=""API""";"=""WIND""";"=""2026-04-30T09:26:00+03:00""";"=""OA_YTM""";"=""AKSU RES""";"=""10928268862""";"=""2890""";"=""AKSU ÇAMLICA RES""";0,98;159,68;0;2,9;;;;;;;;
"=""API""";"=""WIND""";"=""2026-04-30T09:27:00+03:00""";"=""OA_YTM""";"=""AKSU RES""";"=""10928268862""";"=""2890""";"=""AKSU ÇAMLICA RES""";0,98;159,79;0;2,64;;;;;;;;
"=""API""";"=""WIND""";"=""2026-04-30T09:28:00+03:00""";"=""OA_YTM""";"=""AKSU RES""";"=""10928268862""";"=""2890""";"=""AKSU ÇAMLICA RES""";0,98;160,14;0;2,98;;;;;;;;
"=""API""";"=""WIND""";"=""2026-04-30T09:29:00+03:00""";"=""OA_YTM""";"=""AKSU RES""";"=""10928268862""";"=""2890""";"=""AKSU ÇAMLICA RES""";0,98;160,14;0;3,17;;;;;;;;
"=""API""";"=""WIND""";"=""2026-04-30T09:30:00+03:00""";"=""OA_YTM""";"=""AKSU RES""";"=""10928268862""";"=""2890""";"=""AKSU ÇAMLICA RES""";0,98;160,14;0;2,69;;;;;;;;
"=""API""";"=""WIND""";"=""2026-04-30T09:31:00+03:00""";"=""OA_YTM""";"=""AKSU RES""";"=""10928268862""";"=""2890""";"=""AKSU ÇAMLICA RES""";0,98;159,84;0;2,55;;;;;;;;
"=""API""";"=""WIND""";"=""2026-04-30T09:32:00+03:00""";"=""OA_YTM""";"=""AKSU RES""";"=""10928268862""";"=""2890""";"=""AKSU ÇAMLICA RES""";0,98;159,73;0;2,74;;;;;;;;
"=""API""";"=""WIND""";"=""2026-04-30T09:33:00+03:00""";"=""OA_YTM""";"=""AKSU RES""";"=""10928268862""";"=""2890""";"=""AKSU ÇAMLICA RES""";0,98;159,53;0;2,78;;;;;;;;
"=""API""";"=""WIND""";"=""2026-04-30T09:34:00+03:00""";"=""OA_YTM""";"=""AKSU RES""";"=""10928268862""";"=""2890""";"=""AKSU ÇAMLICA RES""";0,98;159,53;0;2,61;;;;;;;;
"=""API""";"=""WIND""";"=""2026-04-30T09:35:00+03:00""";"=""OA_YTM""";"=""AKSU RES""";"=""10928268862""";"=""2890""";"=""AKSU ÇAMLICA RES""";0,98;159,84;0;2,61;;;;;;;;
"=""API""";"=""WIND""";"=""2026-04-30T09:36:00+03:00""";"=""OA_YTM""";"=""AKSU RES""";"=""10928268862""";"=""2890""";"=""AKSU ÇAMLICA RES""";0,98;159,84;0;2,65;;;;;;;;
"=""API""";"=""WIND""";"=""2026-04-30T09:37:00+03:00""";"=""OA_YTM""";"=""AKSU RES""";"=""10928268862""";"=""2890""";"=""AKSU ÇAMLICA RES""";0,98;159,94;0;2,71;;;;;;;;
"=""API""";"=""WIND""";"=""2026-04-30T09:38:00+03:00""";"=""OA_YTM""";"=""AKSU RES""";"=""10928268862""";"=""2890""";"=""AKSU ÇAMLICA RES""";0,98;160,14;0;2,63;;;;;;;;
"=""API""";"=""WIND""";"=""2026-04-30T09:39:00+03:00""";"=""OA_YTM""";"=""AKSU RES""";"=""10928268862""";"=""2890""";"=""AKSU ÇAMLICA RES""";0,98;160,56;0;2,78;;;;;;;;
"=""API""";"=""WIND""";"=""2026-04-30T09:40:00+03:00""";"=""OA_YTM""";"=""AKSU RES""";"=""10928268862""";"=""2890""";"=""AKSU ÇAMLICA RES""";0,98;159,84;0;2,92;;;;;;;;
"=""API""";"=""WIND""";"=""2026-04-30T09:41:00+03:00""";"=""OA_YTM""";"=""AKSU RES""";"=""10928268862""";"=""2890""";"=""AKSU ÇAMLICA RES""";0,98;159,63;0;3,11;;;;;;;;
"=""API""";"=""WIND""";"=""2026-04-30T09:42:00+03:00""";"=""OA_YTM""";"=""AKSU RES""";"=""10928268862""";"=""2890""";"=""AKSU ÇAMLICA RES""";0,98;159,94;0;3,14;;;;;;;;
"=""API""";"=""WIND""";"=""2026-04-30T09:43:00+03:00""";"=""OA_YTM""";"=""AKSU RES""";"=""10928268862""";"=""2890""";"=""AKSU ÇAMLICA RES""";0,98;159,68;0;2,77;;;;;;;;
"=""API""";"=""WIND""";"=""2026-04-30T09:44:00+03:00""";"=""OA_YTM""";"=""AKSU RES""";"=""10928268862""";"=""2890""";"=""AKSU ÇAMLICA RES""";0,98;159,63;0;2,97;;;;;;;;
"=""API""";"=""WIND""";"=""2026-04-30T09:45:00+03:00""";"=""OA_YTM""";"=""AKSU RES""";"=""10928268862""";"=""2890""";"=""AKSU ÇAMLICA RES""";0,98;159,43;0;3,11;;;;;;;;
"=""API""";"=""WIND""";"=""2026-04-30T09:46:00+03:00""";"=""OA_YTM""";"=""AKSU RES""";"=""10928268862""";"=""2890""";"=""AKSU ÇAMLICA RES""";0,98;159,43;0;3,11;;;;;;;;
"=""API""";"=""WIND""";"=""2026-04-30T09:47:00+03:00""";"=""OA_YTM""";"=""AKSU RES""";"=""10928268862""";"=""2890""";"=""AKSU ÇAMLICA RES""";0,98;159,73;0;3,11;;;;;;;;
"=""API""";"=""WIND""";"=""2026-04-30T09:48:00+03:00""";"=""OA_YTM""";"=""AKSU RES""";"=""10928268862""";"=""2890""";"=""AKSU ÇAMLICA RES""";0,98;159,73;0;3,11;;;;;;;;
"=""API""";"=""WIND""";"=""2026-04-30T09:49:00+03:00""";"=""OA_YTM""";"=""AKSU RES""";"=""10928268862""";"=""2890""";"=""AKSU ÇAMLICA RES""";0,98;159,73;0;3,17;;;;;;;;
"=""API""";"=""WIND""";"=""2026-04-30T09:50:00+03:00""";"=""OA_YTM""";"=""AKSU RES""";"=""10928268862""";"=""2890""";"=""AKSU ÇAMLICA RES""";0,98;159,43;0;3,17;;;;;;;;
"=""API""";"=""WIND""";"=""2026-04-30T09:51:00+03:00""";"=""OA_YTM""";"=""AKSU RES""";"=""10928268862""";"=""2890""";"=""AKSU ÇAMLICA RES""";0,98;160,2;0;3,13;;;;;;;;
"=""API""";"=""WIND""";"=""2026-04-30T09:52:00+03:00""";"=""OA_YTM""";"=""AKSU RES""";"=""10928268862""";"=""2890""";"=""AKSU ÇAMLICA RES""";0,98;160,09;0;3,13;;;;;;;;
"=""API""";"=""WIND""";"=""2026-04-30T09:53:00+03:00""";"=""OA_YTM""";"=""AKSU RES""";"=""10928268862""";"=""2890""";"=""AKSU ÇAMLICA RES""";0,98;160,2;0;3,13;;;;;;;;
"=""API""";"=""WIND""";"=""2026-04-30T09:54:00+03:00""";"=""OA_YTM""";"=""AKSU RES""";"=""10928268862""";"=""2890""";"=""AKSU ÇAMLICA RES""";0,98;160,3;0;3,13;;;;;;;;
"=""API""";"=""WIND""";"=""2026-04-30T09:55:00+03:00""";"=""OA_YTM""";"=""AKSU RES""";"=""10928268862""";"=""2890""";"=""AKSU ÇAMLICA RES""";0,98;160,2;0;3,07;;;;;;;;
"=""API""";"=""WIND""";"=""2026-04-30T09:56:00+03:00""";"=""OA_YTM""";"=""AKSU RES""";"=""10928268862""";"=""2890""";"=""AKSU ÇAMLICA RES""";0,98;160,3;0;3,09;;;;;;;;
"=""API""";"=""WIND""";"=""2026-04-30T09:57:00+03:00""";"=""OA_YTM""";"=""AKSU RES""";"=""10928268862""";"=""2890""";"=""AKSU ÇAMLICA RES""";0,98;160,3;0;3,12;;;;;;;;
"=""API""";"=""WIND""";"=""2026-04-30T09:58:00+03:00""";"=""OA_YTM""";"=""AKSU RES""";"=""10928268862""";"=""2890""";"=""AKSU ÇAMLICA RES""";0,98;160,04;0;3,12;;;;;;;;
"=""API""";"=""WIND""";"=""2026-04-30T09:59:00+03:00""";"=""OA_YTM""";"=""AKSU RES""";"=""10928268862""";"=""2890""";"=""AKSU ÇAMLICA RES""";0,98;160,35;0;3,05;;;;;;;;
"=""API""";"=""WIND""";"=""2026-04-30T10:00:00+03:00""";"=""OA_YTM""";"=""AKSU RES""";"=""10928268862""";"=""2890""";"=""AKSU ÇAMLICA RES""";0,98;160,4;0;3,05;;;;;;;;
"=""API""";"=""WIND""";"=""2026-04-30T10:01:00+03:00""";"=""OA_YTM""";"=""AKSU RES""";"=""10928268862""";"=""2890""";"=""AKSU ÇAMLICA RES""";0,98;160,71;0;3,11;;;;;;;;
"=""API""";"=""WIND""";"=""2026-04-30T10:02:00+03:00""";"=""OA_YTM""";"=""AKSU RES""";"=""10928268862""";"=""2890""";"=""AKSU ÇAMLICA RES""";0,98;159,89;0;3,11;;;;;;;;
"=""API""";"=""WIND""";"=""2026-04-30T10:03:00+03:00""";"=""OA_YTM""";"=""AKSU RES""";"=""10928268862""";"=""2890""";"=""AKSU ÇAMLICA RES""";0,98;160,09;0;3,11;;;;;;;;
"=""API""";"=""WIND""";"=""2026-04-30T10:04:00+03:00""";"=""OA_YTM""";"=""AKSU RES""";"=""10928268862""";"=""2890""";"=""AKSU ÇAMLICA RES""";0,98;159,99;0;3,11;;;;;;;;
"=""API""";"=""WIND""";"=""2026-04-30T10:05:00+03:00""";"=""OA_YTM""";"=""AKSU RES""";"=""10928268862""";"=""2890""";"=""AKSU ÇAMLICA RES""";0,98;160,2;0;3,11;;;;;;;;
"=""API""";"=""WIND""";"=""2026-04-30T10:06:00+03:00""";"=""OA_YTM""";"=""AKSU RES""";"=""10928268862""";"=""2890""";"=""AKSU ÇAMLICA RES""";0,98;159,68;0;3,11;;;;;;;;
"=""API""";"=""WIND""";"=""2026-04-30T10:07:00+03:00""";"=""OA_YTM""";"=""AKSU RES""";"=""10928268862""";"=""2890""";"=""AKSU ÇAMLICA RES""";0,98;159,99;0;3,11;;;;;;;;
"=""API""";"=""WIND""";"=""2026-04-30T10:08:00+03:00""";"=""OA_YTM""";"=""AKSU RES""";"=""10928268862""";"=""2890""";"=""AKSU ÇAMLICA RES""";0,98;159,89;0;3,14;;;;;;;;
"=""API""";"=""WIND""";"=""2026-04-30T10:09:00+03:00""";"=""OA_YTM""";"=""AKSU RES""";"=""10928268862""";"=""2890""";"=""AKSU ÇAMLICA RES""";0,98;159,99;0;3,14;;;;;;;;
"=""API""";"=""WIND""";"=""2026-04-30T10:10:00+03:00""";"=""OA_YTM""";"=""AKSU RES""";"=""10928268862""";"=""2890""";"=""AKSU ÇAMLICA RES""";0,98;160,2;0;3,03;;;;;;;;
"=""API""";"=""WIND""";"=""2026-04-30T10:11:00+03:00""";"=""OA_YTM""";"=""AKSU RES""";"=""10928268862""";"=""2890""";"=""AKSU ÇAMLICA RES""";0,98;159,99;0;3,1;;;;;;;;
"=""API""";"=""WIND""";"=""2026-04-30T10:12:00+03:00""";"=""OA_YTM""";"=""AKSU RES""";"=""10928268862""";"=""2890""";"=""AKSU ÇAMLICA RES""";0,98;160,09;0;3,1;;;;;;;;
"=""API""";"=""WIND""";"=""2026-04-30T10:13:00+03:00""";"=""OA_YTM""";"=""AKSU RES""";"=""10928268862""";"=""2890""";"=""AKSU ÇAMLICA RES""";0,98;159,99;0;3,1;;;;;;;;
"=""API""";"=""WIND""";"=""2026-04-30T10:14:00+03:00""";"=""OA_YTM""";"=""AKSU RES""";"=""10928268862""";"=""2890""";"=""AKSU ÇAMLICA RES""";0,98;159,68;0;3,1;;;;;;;;
"=""API""";"=""WIND""";"=""2026-04-30T10:15:00+03:00""";"=""OA_YTM""";"=""AKSU RES""";"=""10928268862""";"=""2890""";"=""AKSU ÇAMLICA RES""";0,98;159,58;0;3,1;;;;;;;;
"=""API""";"=""WIND""";"=""2026-04-30T10:16:00+03:00""";"=""OA_YTM""";"=""AKSU RES""";"=""10928268862""";"=""2890""";"=""AKSU ÇAMLICA RES""";0,98;159,94;0;3,1;;;;;;;;
"=""API""";"=""WIND""";"=""2026-04-30T10:17:00+03:00""";"=""OA_YTM""";"=""AKSU RES""";"=""10928268862""";"=""2890""";"=""AKSU ÇAMLICA RES""";0,98;158,81;0;3,1;;;;;;;;
"=""API""";"=""WIND""";"=""2026-04-30T10:18:00+03:00""";"=""OA_YTM""";"=""AKSU RES""";"=""10928268862""";"=""2890""";"=""AKSU ÇAMLICA RES""";0,98;158,71;0;3,1;;;;;;;;
"=""API""";"=""WIND""";"=""2026-04-30T10:19:00+03:00""";"=""OA_YTM""";"=""AKSU RES""";"=""10928268862""";"=""2890""";"=""AKSU ÇAMLICA RES""";0,98;158,4;0;3,06;;;;;;;;
"=""API""";"=""WIND""";"=""2026-04-30T10:20:00+03:00""";"=""OA_YTM""";"=""AKSU RES""";"=""10928268862""";"=""2890""";"=""AKSU ÇAMLICA RES""";0,98;159,02;0;3,13;;;;;;;;
"=""API""";"=""WIND""";"=""2026-04-30T10:21:00+03:00""";"=""OA_YTM""";"=""AKSU RES""";"=""10928268862""";"=""2890""";"=""AKSU ÇAMLICA RES""";0,98;158,91;0;3,13;;;;;;;;
"=""API""";"=""WIND""";"=""2026-04-30T10:22:00+03:00""";"=""OA_YTM""";"=""AKSU RES""";"=""10928268862""";"=""2890""";"=""AKSU ÇAMLICA RES""";0,98;159,07;0;3,13;;;;;;;;
"=""API""";"=""WIND""";"=""2026-04-30T10:23:00+03:00""";"=""OA_YTM""";"=""AKSU RES""";"=""10928268862""";"=""2890""";"=""AKSU ÇAMLICA RES""";0,98;159,17;0;3,06;;;;;;;;
"=""API""";"=""WIND""";"=""2026-04-30T10:24:00+03:00""";"=""OA_YTM""";"=""AKSU RES""";"=""10928268862""";"=""2890""";"=""AKSU ÇAMLICA RES""";0,98;158,96;0;3,14;;;;;;;;
"=""API""";"=""WIND""";"=""2026-04-30T10:25:00+03:00""";"=""OA_YTM""";"=""AKSU RES""";"=""10928268862""";"=""2890""";"=""AKSU ÇAMLICA RES""";0,98;159,07;0;3,14;;;;;;;;
"=""API""";"=""WIND""";"=""2026-04-30T10:26:00+03:00""";"=""OA_YTM""";"=""AKSU RES""";"=""10928268862""";"=""2890""";"=""AKSU ÇAMLICA RES""";0,98;159,12;0;3,14;;;;;;;;
"=""API""";"=""WIND""";"=""2026-04-30T10:27:00+03:00""";"=""OA_YTM""";"=""AKSU RES""";"=""10928268862""";"=""2890""";"=""AKSU ÇAMLICA RES""";0,98;159,12;0;3,14;;;;;;;;
"=""API""";"=""WIND""";"=""2026-04-30T10:28:00+03:00""";"=""OA_YTM""";"=""AKSU RES""";"=""10928268862""";"=""2890""";"=""AKSU ÇAMLICA RES""";0,98;158,71;0;3,07;;;;;;;;
"=""API""";"=""WIND""";"=""2026-04-30T10:29:00+03:00""";"=""OA_YTM""";"=""AKSU RES""";"=""10928268862""";"=""2890""";"=""AKSU ÇAMLICA RES""";0,98;158,81;0;3,07;;;;;;;;
"=""API""";"=""WIND""";"=""2026-04-30T10:30:00+03:00""";"=""OA_YTM""";"=""AKSU RES""";"=""10928268862""";"=""2890""";"=""AKSU ÇAMLICA RES""";0,98;158,6;0;3,1;;;;;;;;
"=""API""";"=""WIND""";"=""2026-04-30T10:31:00+03:00""";"=""OA_YTM""";"=""AKSU RES""";"=""10928268862""";"=""2890""";"=""AKSU ÇAMLICA RES""";0,98;158,3;0;3,1;;;;;;;;
"=""API""";"=""WIND""";"=""2026-04-30T10:32:00+03:00""";"=""OA_YTM""";"=""AKSU RES""";"=""10928268862""";"=""2890""";"=""AKSU ÇAMLICA RES""";0,98;158,45;0;3,1;;;;;;;;
"=""API""";"=""WIND""";"=""2026-04-30T10:33:00+03:00""";"=""OA_YTM""";"=""AKSU RES""";"=""10928268862""";"=""2890""";"=""AKSU ÇAMLICA RES""";0,98;158,55;0;3,06;;;;;;;;
"=""API""";"=""WIND""";"=""2026-04-30T10:34:00+03:00""";"=""OA_YTM""";"=""AKSU RES""";"=""10928268862""";"=""2890""";"=""AKSU ÇAMLICA RES""";0,98;158,61;0;3,06;;;;;;;;
"=""API""";"=""WIND""";"=""2026-04-30T10:35:00+03:00""";"=""OA_YTM""";"=""AKSU RES""";"=""10928268862""";"=""2890""";"=""AKSU ÇAMLICA RES""";0,98;159,17;0;3,1;;;;;;;;
"=""API""";"=""WIND""";"=""2026-04-30T10:36:00+03:00""";"=""OA_YTM""";"=""AKSU RES""";"=""10928268862""";"=""2890""";"=""AKSU ÇAMLICA RES""";0,98;159,02;0;3,1;;;;;;;;
"=""API""";"=""WIND""";"=""2026-04-30T10:37:00+03:00""";"=""OA_YTM""";"=""AKSU RES""";"=""10928268862""";"=""2890""";"=""AKSU ÇAMLICA RES""";0,98;159,12;0;3,1;;;;;;;;
"=""API""";"=""WIND""";"=""2026-04-30T10:38:00+03:00""";"=""OA_YTM""";"=""AKSU RES""";"=""10928268862""";"=""2890""";"=""AKSU ÇAMLICA RES""";0,98;159,12;0;3,04;;;;;;;;
"=""API""";"=""WIND""";"=""2026-04-30T10:39:00+03:00""";"=""OA_YTM""";"=""AKSU RES""";"=""10928268862""";"=""2890""";"=""AKSU ÇAMLICA RES""";0,98;158,81;0;3,04;;;;;;;;
"=""API""";"=""WIND""";"=""2026-04-30T10:40:00+03:00""";"=""OA_YTM""";"=""AKSU RES""";"=""10928268862""";"=""2890""";"=""AKSU ÇAMLICA RES""";0,98;159,12;0;3,09;;;;;;;;
"=""API""";"=""WIND""";"=""2026-04-30T10:41:00+03:00""";"=""OA_YTM""";"=""AKSU RES""";"=""10928268862""";"=""2890""";"=""AKSU ÇAMLICA RES""";0,98;159,12;0;3,02;;;;;;;;
"=""API""";"=""WIND""";"=""2026-04-30T10:42:00+03:00""";"=""OA_YTM""";"=""AKSU RES""";"=""10928268862""";"=""2890""";"=""AKSU ÇAMLICA RES""";0,98;159,53;0;3,11;;;;;;;;
"=""API""";"=""WIND""";"=""2026-04-30T10:43:00+03:00""";"=""OA_YTM""";"=""AKSU RES""";"=""10928268862""";"=""2890""";"=""AKSU ÇAMLICA RES""";0,98;158,91;0;3,11;;;;;;;;
"=""API""";"=""WIND""";"=""2026-04-30T10:44:00+03:00""";"=""OA_YTM""";"=""AKSU RES""";"=""10928268862""";"=""2890""";"=""AKSU ÇAMLICA RES""";0,98;158,91;0;3,04;;;;;;;;
"=""API""";"=""WIND""";"=""2026-04-30T10:45:00+03:00""";"=""OA_YTM""";"=""AKSU RES""";"=""10928268862""";"=""2890""";"=""AKSU ÇAMLICA RES""";0,98;158,71;0;3,04;;;;;;;;
"=""API""";"=""WIND""";"=""2026-04-30T10:46:00+03:00""";"=""OA_YTM""";"=""AKSU RES""";"=""10928268862""";"=""2890""";"=""AKSU ÇAMLICA RES""";0,98;158,14;0;3,04;;;;;;;;
"=""API""";"=""WIND""";"=""2026-04-30T10:47:00+03:00""";"=""OA_YTM""";"=""AKSU RES""";"=""10928268862""";"=""2890""";"=""AKSU ÇAMLICA RES""";0,98;158,09;0;3,04;;;;;;;;
"=""API""";"=""WIND""";"=""2026-04-30T10:48:00+03:00""";"=""OA_YTM""";"=""AKSU RES""";"=""10928268862""";"=""2890""";"=""AKSU ÇAMLICA RES""";0,98;158,4;0;3,04;;;;;;;;
"=""API""";"=""WIND""";"=""2026-04-30T10:49:00+03:00""";"=""OA_YTM""";"=""AKSU RES""";"=""10928268862""";"=""2890""";"=""AKSU ÇAMLICA RES""";0,98;158,96;0;3,09;;;;;;;;
"=""API""";"=""WIND""";"=""2026-04-30T10:50:00+03:00""";"=""OA_YTM""";"=""AKSU RES""";"=""10928268862""";"=""2890""";"=""AKSU ÇAMLICA RES""";0,98;159,94;0;3,09;;;;;;;;
"=""API""";"=""WIND""";"=""2026-04-30T10:51:00+03:00""";"=""OA_YTM""";"=""AKSU RES""";"=""10928268862""";"=""2890""";"=""AKSU ÇAMLICA RES""";0,98;159,84;0;3,05;;;;;;;;
"=""API""";"=""WIND""";"=""2026-04-30T10:52:00+03:00""";"=""OA_YTM""";"=""AKSU RES""";"=""10928268862""";"=""2890""";"=""AKSU ÇAMLICA RES""";0,98;159,32;0;3,05;;;;;;;;
"=""API""";"=""WIND""";"=""2026-04-30T10:53:00+03:00""";"=""OA_YTM""";"=""AKSU RES""";"=""10928268862""";"=""2890""";"=""AKSU ÇAMLICA RES""";0,98;159,94;0;3,05;;;;;;;;
"=""API""";"=""WIND""";"=""2026-04-30T10:54:00+03:00""";"=""OA_YTM""";"=""AKSU RES""";"=""10928268862""";"=""2890""";"=""AKSU ÇAMLICA RES""";0,98;159,73;0;3,05;;;;;;;;
"=""API""";"=""WIND""";"=""2026-04-30T10:55:00+03:00""";"=""OA_YTM""";"=""AKSU RES""";"=""10928268862""";"=""2890""";"=""AKSU ÇAMLICA RES""";0,98;159,94;0;3,08;;;;;;;;
"=""API""";"=""WIND""";"=""2026-04-30T10:56:00+03:00""";"=""OA_YTM""";"=""AKSU RES""";"=""10928268862""";"=""2890""";"=""AKSU ÇAMLICA RES""";0,98;159,73;0;3,03;;;;;;;;
"=""API""";"=""WIND""";"=""2026-04-30T10:57:00+03:00""";"=""OA_YTM""";"=""AKSU RES""";"=""10928268862""";"=""2890""";"=""AKSU ÇAMLICA RES""";0,98;159,79;0;3,08;;;;;;;;
"=""API""";"=""WIND""";"=""2026-04-30T10:58:00+03:00""";"=""OA_YTM""";"=""AKSU RES""";"=""10928268862""";"=""2890""";"=""AKSU ÇAMLICA RES""";0,98;159,27;0;3,08;;;;;;;;
"=""API""";"=""WIND""";"=""2026-04-30T10:59:00+03:00""";"=""OA_YTM""";"=""AKSU RES""";"=""10928268862""";"=""2890""";"=""AKSU ÇAMLICA RES""";0,98;159,68;0;3,08;;;;;;;;
"=""API""";"=""WIND""";"=""2026-04-30T11:00:00+03:00""";"=""OA_YTM""";"=""AKSU RES""";"=""10928268862""";"=""2890""";"=""AKSU ÇAMLICA RES""";0,98;160,09;0;3,08;;;;;;;;
"=""API""";"=""WIND""";"=""2026-04-30T11:01:00+03:00""";"=""OA_YTM""";"=""AKSU RES""";"=""10928268862""";"=""2890""";"=""AKSU ÇAMLICA RES""";0,98;159,58;0;3,12;;;;;;;;
"=""API""";"=""WIND""";"=""2026-04-30T11:02:00+03:00""";"=""OA_YTM""";"=""AKSU RES""";"=""10928268862""";"=""2890""";"=""AKSU ÇAMLICA RES""";0,98;159,68;0;3,12;;;;;;;;
"=""API""";"=""WIND""";"=""2026-04-30T11:03:00+03:00""";"=""OA_YTM""";"=""AKSU RES""";"=""10928268862""";"=""2890""";"=""AKSU ÇAMLICA RES""";0,98;160,09;0;3,12;;;;;;;;
"=""API""";"=""WIND""";"=""2026-04-30T11:04:00+03:00""";"=""OA_YTM""";"=""AKSU RES""";"=""10928268862""";"=""2890""";"=""AKSU ÇAMLICA RES""";0,98;160,09;0;3,08;;;;;;;;
"=""API""";"=""WIND""";"=""2026-04-30T11:05:00+03:00""";"=""OA_YTM""";"=""AKSU RES""";"=""10928268862""";"=""2890""";"=""AKSU ÇAMLICA RES""";0,98;160,09;0;3,03;;;;;;;;
"=""API""";"=""WIND""";"=""2026-04-30T11:06:00+03:00""";"=""OA_YTM""";"=""AKSU RES""";"=""10928268862""";"=""2890""";"=""AKSU ÇAMLICA RES""";0,98;159,79;0;3,03;;;;;;;;
"=""API""";"=""WIND""";"=""2026-04-30T11:07:00+03:00""";"=""OA_YTM""";"=""AKSU RES""";"=""10928268862""";"=""2890""";"=""AKSU ÇAMLICA RES""";0,98;159,79;0;3,03;;;;;;;;
"=""API""";"=""WIND""";"=""2026-04-30T11:08:00+03:00""";"=""OA_YTM""";"=""AKSU RES""";"=""10928268862""";"=""2890""";"=""AKSU ÇAMLICA RES""";0,98;159,79;0;3,11;;;;;;;;
"=""API""";"=""WIND""";"=""2026-04-30T11:09:00+03:00""";"=""OA_YTM""";"=""AKSU RES""";"=""10928268862""";"=""2890""";"=""AKSU ÇAMLICA RES""";0,98;159,68;0;3,11;;;;;;;;
"=""API""";"=""WIND""";"=""2026-04-30T11:10:00+03:00""";"=""OA_YTM""";"=""AKSU RES""";"=""10928268862""";"=""2890""";"=""AKSU ÇAMLICA RES""";0,98;160,09;0;3,04;;;;;;;;
"=""API""";"=""WIND""";"=""2026-04-30T11:11:00+03:00""";"=""OA_YTM""";"=""AKSU RES""";"=""10928268862""";"=""2890""";"=""AKSU ÇAMLICA RES""";0,98;159,48;0;3,08;;;;;;;;
"=""API""";"=""WIND""";"=""2026-04-30T11:12:00+03:00""";"=""OA_YTM""";"=""AKSU RES""";"=""10928268862""";"=""2890""";"=""AKSU ÇAMLICA RES""";0,98;159,79;0;3,12;;;;;;;;
"=""API""";"=""WIND""";"=""2026-04-30T11:13:00+03:00""";"=""OA_YTM""";"=""AKSU RES""";"=""10928268862""";"=""2890""";"=""AKSU ÇAMLICA RES""";0,98;159,94;0;3,12;;;;;;;;
"=""API""";"=""WIND""";"=""2026-04-30T11:14:00+03:00""";"=""OA_YTM""";"=""AKSU RES""";"=""10928268862""";"=""2890""";"=""AKSU ÇAMLICA RES""";0,98;159,73;0;3,09;;;;;;;;
"=""API""";"=""WIND""";"=""2026-04-30T11:15:00+03:00""";"=""OA_YTM""";"=""AKSU RES""";"=""10928268862""";"=""2890""";"=""AKSU ÇAMLICA RES""";0,98;159,63;0;3,09;;;;;;;;
"=""API""";"=""WIND""";"=""2026-04-30T11:16:00+03:00""";"=""OA_YTM""";"=""AKSU RES""";"=""10928268862""";"=""2890""";"=""AKSU ÇAMLICA RES""";0,98;159,32;0;3,03;;;;;;;;
"=""API""";"=""WIND""";"=""2026-04-30T11:17:00+03:00""";"=""OA_YTM""";"=""AKSU RES""";"=""10928268862""";"=""2890""";"=""AKSU ÇAMLICA RES""";0,98;159,32;0;3,11;;;;;;;;
"=""API""";"=""WIND""";"=""2026-04-30T11:18:00+03:00""";"=""OA_YTM""";"=""AKSU RES""";"=""10928268862""";"=""2890""";"=""AKSU ÇAMLICA RES""";0,98;159,63;0;3,11;;;;;;;;
"=""API""";"=""WIND""";"=""2026-04-30T11:19:00+03:00""";"=""OA_YTM""";"=""AKSU RES""";"=""10928268862""";"=""2890""";"=""AKSU ÇAMLICA RES""";0,98;159,63;0;3,11;;;;;;;;
"=""API""";"=""WIND""";"=""2026-04-30T11:20:00+03:00""";"=""OA_YTM""";"=""AKSU RES""";"=""10928268862""";"=""2890""";"=""AKSU ÇAMLICA RES""";0,98;159,53;0;3,05;;;;;;;;
"=""API""";"=""WIND""";"=""2026-04-30T11:21:00+03:00""";"=""OA_YTM""";"=""AKSU RES""";"=""10928268862""";"=""2890""";"=""AKSU ÇAMLICA RES""";0,98;159,32;0;3,05;;;;;;;;
"=""API""";"=""WIND""";"=""2026-04-30T11:22:00+03:00""";"=""OA_YTM""";"=""AKSU RES""";"=""10928268862""";"=""2890""";"=""AKSU ÇAMLICA RES""";0,98;159,94;0;3,05;;;;;;;;
"=""API""";"=""WIND""";"=""2026-04-30T11:23:00+03:00""";"=""OA_YTM""";"=""AKSU RES""";"=""10928268862""";"=""2890""";"=""AKSU ÇAMLICA RES""";0,98;160,04;0;3,09;;;;;;;;
"=""API""";"=""WIND""";"=""2026-04-30T11:24:00+03:00""";"=""OA_YTM""";"=""AKSU RES""";"=""10928268862""";"=""2890""";"=""AKSU ÇAMLICA RES""";0,98;159,94;0;3,09;;;;;;;;
"=""API""";"=""WIND""";"=""2026-04-30T11:25:00+03:00""";"=""OA_YTM""";"=""AKSU RES""";"=""10928268862""";"=""2890""";"=""AKSU ÇAMLICA RES""";0,98;159,94;0;3,09;;;;;;;;
"=""API""";"=""WIND""";"=""2026-04-30T11:26:00+03:00""";"=""OA_YTM""";"=""AKSU RES""";"=""10928268862""";"=""2890""";"=""AKSU ÇAMLICA RES""";0,98;159,73;0;3,09;;;;;;;;
"=""API""";"=""WIND""";"=""2026-04-30T11:27:00+03:00""";"=""OA_YTM""";"=""AKSU RES""";"=""10928268862""";"=""2890""";"=""AKSU ÇAMLICA RES""";0,98;159,94;0;3,09;;;;;;;;
"=""API""";"=""WIND""";"=""2026-04-30T11:28:00+03:00""";"=""OA_YTM""";"=""AKSU RES""";"=""10928268862""";"=""2890""";"=""AKSU ÇAMLICA RES""";0,98;160,25;0;3,09;;;;;;;;
"=""API""";"=""WIND""";"=""2026-04-30T11:29:00+03:00""";"=""OA_YTM""";"=""AKSU RES""";"=""10928268862""";"=""2890""";"=""AKSU ÇAMLICA RES""";0,98;160,25;0;3,09;;;;;;;;
"=""API""";"=""WIND""";"=""2026-04-30T11:30:00+03:00""";"=""OA_YTM""";"=""AKSU RES""";"=""10928268862""";"=""2890""";"=""AKSU ÇAMLICA RES""";0,98;160,25;0;3,09;;;;;;;;
"=""API""";"=""WIND""";"=""2026-04-30T11:31:00+03:00""";"=""OA_YTM""";"=""AKSU RES""";"=""10928268862""";"=""2890""";"=""AKSU ÇAMLICA RES""";0,98;160,25;0;3,06;;;;;;;;
"=""API""";"=""WIND""";"=""2026-04-30T11:32:00+03:00""";"=""OA_YTM""";"=""AKSU RES""";"=""10928268862""";"=""2890""";"=""AKSU ÇAMLICA RES""";0,98;159,63;0;3,06;;;;;;;;
"=""API""";"=""WIND""";"=""2026-04-30T11:33:00+03:00""";"=""OA_YTM""";"=""AKSU RES""";"=""10928268862""";"=""2890""";"=""AKSU ÇAMLICA RES""";0,98;159,94;0;3,07;;;;;;;;
"=""API""";"=""WIND""";"=""2026-04-30T11:34:00+03:00""";"=""OA_YTM""";"=""AKSU RES""";"=""10928268862""";"=""2890""";"=""AKSU ÇAMLICA RES""";0,98;160,2;0;3,14;;;;;;;;
"=""API""";"=""WIND""";"=""2026-04-30T11:35:00+03:00""";"=""OA_YTM""";"=""AKSU RES""";"=""10928268862""";"=""2890""";"=""AKSU ÇAMLICA RES""";0,98;159,68;0;3,19;;;;;;;;
"=""API""";"=""WIND""";"=""2026-04-30T11:36:00+03:00""";"=""OA_YTM""";"=""AKSU RES""";"=""10928268862""";"=""2890""";"=""AKSU ÇAMLICA RES""";0,98;160,09;0;3,09;;;;;;;;
"=""API""";"=""WIND""";"=""2026-04-30T11:37:00+03:00""";"=""OA_YTM""";"=""AKSU RES""";"=""10928268862""";"=""2890""";"=""AKSU ÇAMLICA RES""";0,98;159,73;0;3,13;;;;;;;;
"=""API""";"=""WIND""";"=""2026-04-30T11:38:00+03:00""";"=""OA_YTM""";"=""AKSU RES""";"=""10928268862""";"=""2890""";"=""AKSU ÇAMLICA RES""";0,98;159,53;0;3,13;;;;;;;;
"=""API""";"=""WIND""";"=""2026-04-30T11:39:00+03:00""";"=""OA_YTM""";"=""AKSU RES""";"=""10928268862""";"=""2890""";"=""AKSU ÇAMLICA RES""";0,98;159,73;0;3,13;;;;;;;;
"=""API""";"=""WIND""";"=""2026-04-30T11:40:00+03:00""";"=""OA_YTM""";"=""AKSU RES""";"=""10928268862""";"=""2890""";"=""AKSU ÇAMLICA RES""";0,98;159,38;0;3,11;;;;;;;;
"=""API""";"=""WIND""";"=""2026-04-30T11:41:00+03:00""";"=""OA_YTM""";"=""AKSU RES""";"=""10928268862""";"=""2890""";"=""AKSU ÇAMLICA RES""";0,98;159,89;0;3,11;;;;;;;;
"=""API""";"=""WIND""";"=""2026-04-30T11:42:00+03:00""";"=""OA_YTM""";"=""AKSU RES""";"=""10928268862""";"=""2890""";"=""AKSU ÇAMLICA RES""";0,98;159,58;0;3,03;;;;;;;;
"=""API""";"=""WIND""";"=""2026-04-30T11:43:00+03:00""";"=""OA_YTM""";"=""AKSU RES""";"=""10928268862""";"=""2890""";"=""AKSU ÇAMLICA RES""";0,98;160,04;0;2,98;;;;;;;;
"=""API""";"=""WIND""";"=""2026-04-30T11:44:00+03:00""";"=""OA_YTM""";"=""AKSU RES""";"=""10928268862""";"=""2890""";"=""AKSU ÇAMLICA RES""";0,98;160,14;0;2,98;;;;;;;;
"=""API""";"=""WIND""";"=""2026-04-30T11:45:00+03:00""";"=""OA_YTM""";"=""AKSU RES""";"=""10928268862""";"=""2890""";"=""AKSU ÇAMLICA RES""";0,98;160,14;0;3,07;;;;;;;;
"=""API""";"=""WIND""";"=""2026-04-30T11:46:00+03:00""";"=""OA_YTM""";"=""AKSU RES""";"=""10928268862""";"=""2890""";"=""AKSU ÇAMLICA RES""";0,98;160,04;0;3,07;;;;;;;;
"=""API""";"=""WIND""";"=""2026-04-30T11:47:00+03:00""";"=""OA_YTM""";"=""AKSU RES""";"=""10928268862""";"=""2890""";"=""AKSU ÇAMLICA RES""";0,98;159,84;0;3,08;;;;;;;;
"=""API""";"=""WIND""";"=""2026-04-30T11:48:00+03:00""";"=""OA_YTM""";"=""AKSU RES""";"=""10928268862""";"=""2890""";"=""AKSU ÇAMLICA RES""";0,98;159,68;0;3,08;;;;;;;;
"=""API""";"=""WIND""";"=""2026-04-30T11:49:00+03:00""";"=""OA_YTM""";"=""AKSU RES""";"=""10928268862""";"=""2890""";"=""AKSU ÇAMLICA RES""";0,98;159,99;0;3,08;;;;;;;;
"=""API""";"=""WIND""";"=""2026-04-30T11:50:00+03:00""";"=""OA_YTM""";"=""AKSU RES""";"=""10928268862""";"=""2890""";"=""AKSU ÇAMLICA RES""";0,98;160,71;0;2,99;;;;;;;;
"=""API""";"=""WIND""";"=""2026-04-30T11:51:00+03:00""";"=""OA_YTM""";"=""AKSU RES""";"=""10928268862""";"=""2890""";"=""AKSU ÇAMLICA RES""";0,98;160,91;0;3,01;;;;;;;;
"=""API""";"=""WIND""";"=""2026-04-30T11:52:00+03:00""";"=""OA_YTM""";"=""AKSU RES""";"=""10928268862""";"=""2890""";"=""AKSU ÇAMLICA RES""";0,98;160,4;0;3,06;;;;;;;;
"=""API""";"=""WIND""";"=""2026-04-30T11:53:00+03:00""";"=""OA_YTM""";"=""AKSU RES""";"=""10928268862""";"=""2890""";"=""AKSU ÇAMLICA RES""";0,98;160,4;0;3,06;;;;;;;;
"=""API""";"=""WIND""";"=""2026-04-30T11:54:00+03:00""";"=""OA_YTM""";"=""AKSU RES""";"=""10928268862""";"=""2890""";"=""AKSU ÇAMLICA RES""";0,98;160,3;0;2,98;;;;;;;;
"=""API""";"=""WIND""";"=""2026-04-30T11:55:00+03:00""";"=""OA_YTM""";"=""AKSU RES""";"=""10928268862""";"=""2890""";"=""AKSU ÇAMLICA RES""";0,98;160,66;0;2,98;;;;;;;;
"=""API""";"=""WIND""";"=""2026-04-30T11:56:00+03:00""";"=""OA_YTM""";"=""AKSU RES""";"=""10928268862""";"=""2890""";"=""AKSU ÇAMLICA RES""";0,98;159,84;0;3,03;;;;;;;;
"=""API""";"=""WIND""";"=""2026-04-30T11:57:00+03:00""";"=""OA_YTM""";"=""AKSU RES""";"=""10928268862""";"=""2890""";"=""AKSU ÇAMLICA RES""";0,98;160,14;0;3,01;;;;;;;;
"=""API""";"=""WIND""";"=""2026-04-30T11:58:00+03:00""";"=""OA_YTM""";"=""AKSU RES""";"=""10928268862""";"=""2890""";"=""AKSU ÇAMLICA RES""";0,98;160,14;0;3,01;;;;;;;;
"=""API""";"=""WIND""";"=""2026-04-30T11:59:00+03:00""";"=""OA_YTM""";"=""AKSU RES""";"=""10928268862""";"=""2890""";"=""AKSU ÇAMLICA RES""";0,98;159,84;0;3,01;;;;;;;;
"=""API""";"=""WIND""";"=""2026-04-30T12:00:00+03:00""";"=""OA_YTM""";"=""AKSU RES""";"=""10928268862""";"=""2890""";"=""AKSU ÇAMLICA RES""";0,98;160,14;0;3,04;;;;;;;;
"=""API""";"=""WIND""";"=""2026-04-30T12:01:00+03:00""";"=""OA_YTM""";"=""AKSU RES""";"=""10928268862""";"=""2890""";"=""AKSU ÇAMLICA RES""";0,98;159,84;0;3,09;;;;;;;;
"=""API""";"=""WIND""";"=""2026-04-30T12:02:00+03:00""";"=""OA_YTM""";"=""AKSU RES""";"=""10928268862""";"=""2890""";"=""AKSU ÇAMLICA RES""";0,98;159,94;0;3,09;;;;;;;;
"=""API""";"=""WIND""";"=""2026-04-30T12:03:00+03:00""";"=""OA_YTM""";"=""AKSU RES""";"=""10928268862""";"=""2890""";"=""AKSU ÇAMLICA RES""";0,98;160,25;0;3,09;;;;;;;;
"=""API""";"=""WIND""";"=""2026-04-30T12:04:00+03:00""";"=""OA_YTM""";"=""AKSU RES""";"=""10928268862""";"=""2890""";"=""AKSU ÇAMLICA RES""";0,98;159,84;0;3,13;;;;;;;;
"=""API""";"=""WIND""";"=""2026-04-30T12:05:00+03:00""";"=""OA_YTM""";"=""AKSU RES""";"=""10928268862""";"=""2890""";"=""AKSU ÇAMLICA RES""";0,98;160,14;0;3,13;;;;;;;;
"=""API""";"=""WIND""";"=""2026-04-30T12:06:00+03:00""";"=""OA_YTM""";"=""AKSU RES""";"=""10928268862""";"=""2890""";"=""AKSU ÇAMLICA RES""";0,98;160,25;0;3,13;;;;;;;;
"=""API""";"=""WIND""";"=""2026-04-30T12:07:00+03:00""";"=""OA_YTM""";"=""AKSU RES""";"=""10928268862""";"=""2890""";"=""AKSU ÇAMLICA RES""";0,98;160,25;0;3,05;;;;;;;;
"=""API""";"=""WIND""";"=""2026-04-30T12:08:00+03:00""";"=""OA_YTM""";"=""AKSU RES""";"=""10928268862""";"=""2890""";"=""AKSU ÇAMLICA RES""";0,98;160,45;0;3,06;;;;;;;;
"=""API""";"=""WIND""";"=""2026-04-30T12:09:00+03:00""";"=""OA_YTM""";"=""AKSU RES""";"=""10928268862""";"=""2890""";"=""AKSU ÇAMLICA RES""";0,98;160,25;0;3,06;;;;;;;;
"=""API""";"=""WIND""";"=""2026-04-30T12:10:00+03:00""";"=""OA_YTM""";"=""AKSU RES""";"=""10928268862""";"=""2890""";"=""AKSU ÇAMLICA RES""";0,98;160,25;0;3,06;;;;;;;;
"=""API""";"=""WIND""";"=""2026-04-30T12:11:00+03:00""";"=""OA_YTM""";"=""AKSU RES""";"=""10928268862""";"=""2890""";"=""AKSU ÇAMLICA RES""";0,98;160,25;0;3;;;;;;;;
"=""API""";"=""WIND""";"=""2026-04-30T12:12:00+03:00""";"=""OA_YTM""";"=""AKSU RES""";"=""10928268862""";"=""2890""";"=""AKSU ÇAMLICA RES""";0,98;160,45;0;3,08;;;;;;;;
"=""API""";"=""WIND""";"=""2026-04-30T12:13:00+03:00""";"=""OA_YTM""";"=""AKSU RES""";"=""10928268862""";"=""2890""";"=""AKSU ÇAMLICA RES""";0,98;160,3;0;2,99;;;;;;;;
"=""API""";"=""WIND""";"=""2026-04-30T12:14:00+03:00""";"=""OA_YTM""";"=""AKSU RES""";"=""10928268862""";"=""2890""";"=""AKSU ÇAMLICA RES""";0,98;160,61;0;2,99;;;;;;;;
"=""API""";"=""WIND""";"=""2026-04-30T12:15:00+03:00""";"=""OA_YTM""";"=""AKSU RES""";"=""10928268862""";"=""2890""";"=""AKSU ÇAMLICA RES""";0,98;160,4;0;2,96;;;;;;;;
"=""API""";"=""WIND""";"=""2026-04-30T12:16:00+03:00""";"=""OA_YTM""";"=""AKSU RES""";"=""10928268862""";"=""2890""";"=""AKSU ÇAMLICA RES""";0,98;160,3;0;2,96;;;;;;;;
"=""API""";"=""WIND""";"=""2026-04-30T12:17:00+03:00""";"=""OA_YTM""";"=""AKSU RES""";"=""10928268862""";"=""2890""";"=""AKSU ÇAMLICA RES""";0,98;160,3;0;2,96;;;;;;;;
"=""API""";"=""WIND""";"=""2026-04-30T12:18:00+03:00""";"=""OA_YTM""";"=""AKSU RES""";"=""10928268862""";"=""2890""";"=""AKSU ÇAMLICA RES""";0,98;160,2;0;3,04;;;;;;;;
"=""API""";"=""WIND""";"=""2026-04-30T12:19:00+03:00""";"=""OA_YTM""";"=""AKSU RES""";"=""10928268862""";"=""2890""";"=""AKSU ÇAMLICA RES""";0,98;159,89;0;3,07;;;;;;;;
"=""API""";"=""WIND""";"=""2026-04-30T12:20:00+03:00""";"=""OA_YTM""";"=""AKSU RES""";"=""10928268862""";"=""2890""";"=""AKSU ÇAMLICA RES""";0,98;160,2;0;3,07;;;;;;;;
"=""API""";"=""WIND""";"=""2026-04-30T12:21:00+03:00""";"=""OA_YTM""";"=""AKSU RES""";"=""10928268862""";"=""2890""";"=""AKSU ÇAMLICA RES""";0,98;160,3;0;3,07;;;;;;;;
"=""API""";"=""WIND""";"=""2026-04-30T12:22:00+03:00""";"=""OA_YTM""";"=""AKSU RES""";"=""10928268862""";"=""2890""";"=""AKSU ÇAMLICA RES""";0,98;160,09;0;3,02;;;;;;;;
"=""API""";"=""WIND""";"=""2026-04-30T12:23:00+03:00""";"=""OA_YTM""";"=""AKSU RES""";"=""10928268862""";"=""2890""";"=""AKSU ÇAMLICA RES""";0,98;159,99;0;3,08;;;;;;;;
"=""API""";"=""WIND""";"=""2026-04-30T12:24:00+03:00""";"=""OA_YTM""";"=""AKSU RES""";"=""10928268862""";"=""2890""";"=""AKSU ÇAMLICA RES""";0,98;160,3;0;3;;;;;;;;
"=""API""";"=""WIND""";"=""2026-04-30T12:25:00+03:00""";"=""OA_YTM""";"=""AKSU RES""";"=""10928268862""";"=""2890""";"=""AKSU ÇAMLICA RES""";0,98;160,3;0;3,07;;;;;;;;
"=""API""";"=""WIND""";"=""2026-04-30T12:26:00+03:00""";"=""OA_YTM""";"=""AKSU RES""";"=""10928268862""";"=""2890""";"=""AKSU ÇAMLICA RES""";0,98;160,4;0;3,11;;;;;;;;
"=""API""";"=""WIND""";"=""2026-04-30T12:27:00+03:00""";"=""OA_YTM""";"=""AKSU RES""";"=""10928268862""";"=""2890""";"=""AKSU ÇAMLICA RES""";0,98;160,3;0;3,08;;;;;;;;
"=""API""";"=""WIND""";"=""2026-04-30T12:28:00+03:00""";"=""OA_YTM""";"=""AKSU RES""";"=""10928268862""";"=""2890""";"=""AKSU ÇAMLICA RES""";0,98;160,61;0;3,08;;;;;;;;
"=""API""";"=""WIND""";"=""2026-04-30T12:29:00+03:00""";"=""OA_YTM""";"=""AKSU RES""";"=""10928268862""";"=""2890""";"=""AKSU ÇAMLICA RES""";0,98;160,71;0;3,03;;;;;;;;
"=""API""";"=""WIND""";"=""2026-04-30T12:30:00+03:00""";"=""OA_YTM""";"=""AKSU RES""";"=""10928268862""";"=""2890""";"=""AKSU ÇAMLICA RES""";0,98;161,12;0;3;;;;;;;;
"=""API""";"=""WIND""";"=""2026-04-30T12:31:00+03:00""";"=""OA_YTM""";"=""AKSU RES""";"=""10928268862""";"=""2890""";"=""AKSU ÇAMLICA RES""";0,98;160,5;0;3;;;;;;;;
"=""API""";"=""WIND""";"=""2026-04-30T12:32:00+03:00""";"=""OA_YTM""";"=""AKSU RES""";"=""10928268862""";"=""2890""";"=""AKSU ÇAMLICA RES""";0,98;160,81;0;3;;;;;;;;
"=""API""";"=""WIND""";"=""2026-04-30T12:33:00+03:00""";"=""OA_YTM""";"=""AKSU RES""";"=""10928268862""";"=""2890""";"=""AKSU ÇAMLICA RES""";0,98;160,92;0;3;;;;;;;;
"=""API""";"=""WIND""";"=""2026-04-30T12:34:00+03:00""";"=""OA_YTM""";"=""AKSU RES""";"=""10928268862""";"=""2890""";"=""AKSU ÇAMLICA RES""";0,98;161,43;0;3;;;;;;;;
"=""API""";"=""WIND""";"=""2026-04-30T12:35:00+03:00""";"=""OA_YTM""";"=""AKSU RES""";"=""10928268862""";"=""2890""";"=""AKSU ÇAMLICA RES""";0,98;161,12;0;2,96;;;;;;;;
"=""API""";"=""WIND""";"=""2026-04-30T12:36:00+03:00""";"=""OA_YTM""";"=""AKSU RES""";"=""10928268862""";"=""2890""";"=""AKSU ÇAMLICA RES""";0,98;160,5;0;2,98;;;;;;;;
"=""API""";"=""WIND""";"=""2026-04-30T12:37:00+03:00""";"=""OA_YTM""";"=""AKSU RES""";"=""10928268862""";"=""2890""";"=""AKSU ÇAMLICA RES""";0,98;160,35;0;2,98;;;;;;;;
"=""API""";"=""WIND""";"=""2026-04-30T12:38:00+03:00""";"=""OA_YTM""";"=""AKSU RES""";"=""10928268862""";"=""2890""";"=""AKSU ÇAMLICA RES""";0,98;160,56;0;2,98;;;;;;;;
"=""API""";"=""WIND""";"=""2026-04-30T12:39:00+03:00""";"=""OA_YTM""";"=""AKSU RES""";"=""10928268862""";"=""2890""";"=""AKSU ÇAMLICA RES""";0,98;160,56;0;2,98;;;;;;;;
"=""API""";"=""WIND""";"=""2026-04-30T12:40:00+03:00""";"=""OA_YTM""";"=""AKSU RES""";"=""10928268862""";"=""2890""";"=""AKSU ÇAMLICA RES""";0,98;159,84;0;2,98;;;;;;;;
"=""API""";"=""WIND""";"=""2026-04-30T12:41:00+03:00""";"=""OA_YTM""";"=""AKSU RES""";"=""10928268862""";"=""2890""";"=""AKSU ÇAMLICA RES""";0,98;159,84;0;3,04;;;;;;;;
"=""API""";"=""WIND""";"=""2026-04-30T12:42:00+03:00""";"=""OA_YTM""";"=""AKSU RES""";"=""10928268862""";"=""2890""";"=""AKSU ÇAMLICA RES""";0,98;159,94;0;3,09;;;;;;;;
"=""API""";"=""WIND""";"=""2026-04-30T12:43:00+03:00""";"=""OA_YTM""";"=""AKSU RES""";"=""10928268862""";"=""2890""";"=""AKSU ÇAMLICA RES""";0,98;159,94;0;3,02;;;;;;;;
"=""API""";"=""WIND""";"=""2026-04-30T12:44:00+03:00""";"=""OA_YTM""";"=""AKSU RES""";"=""10928268862""";"=""2890""";"=""AKSU ÇAMLICA RES""";0,98;160,35;0;2,96;;;;;;;;
"=""API""";"=""WIND""";"=""2026-04-30T12:45:00+03:00""";"=""OA_YTM""";"=""AKSU RES""";"=""10928268862""";"=""2890""";"=""AKSU ÇAMLICA RES""";0,98;160,14;0;3,13;;;;;;;;
"=""API""";"=""WIND""";"=""2026-04-30T12:46:00+03:00""";"=""OA_YTM""";"=""AKSU RES""";"=""10928268862""";"=""2890""";"=""AKSU ÇAMLICA RES""";0,98;159,94;0;3,03;;;;;;;;
"=""API""";"=""WIND""";"=""2026-04-30T12:47:00+03:00""";"=""OA_YTM""";"=""AKSU RES""";"=""10928268862""";"=""2890""";"=""AKSU ÇAMLICA RES""";0,98;159,94;0;3,03;;;;;;;;
"=""API""";"=""WIND""";"=""2026-04-30T12:48:00+03:00""";"=""OA_YTM""";"=""AKSU RES""";"=""10928268862""";"=""2890""";"=""AKSU ÇAMLICA RES""";0,98;159,94;0;3,06;;;;;;;;
"=""API""";"=""WIND""";"=""2026-04-30T12:49:00+03:00""";"=""OA_YTM""";"=""AKSU RES""";"=""10928268862""";"=""2890""";"=""AKSU ÇAMLICA RES""";0,98;159,94;0;3,06;;;;;;;;
"=""API""";"=""WIND""";"=""2026-04-30T12:50:00+03:00""";"=""OA_YTM""";"=""AKSU RES""";"=""10928268862""";"=""2890""";"=""AKSU ÇAMLICA RES""";0,98;159,63;0;3,03;;;;;;;;
"=""API""";"=""WIND""";"=""2026-04-30T12:51:00+03:00""";"=""OA_YTM""";"=""AKSU RES""";"=""10928268862""";"=""2890""";"=""AKSU ÇAMLICA RES""";0,98;159,89;0;3,05;;;;;;;;
"=""API""";"=""WIND""";"=""2026-04-30T12:52:00+03:00""";"=""OA_YTM""";"=""AKSU RES""";"=""10928268862""";"=""2890""";"=""AKSU ÇAMLICA RES""";0,98;159,58;0;3,05;;;;;;;;
"=""API""";"=""WIND""";"=""2026-04-30T12:53:00+03:00""";"=""OA_YTM""";"=""AKSU RES""";"=""10928268862""";"=""2890""";"=""AKSU ÇAMLICA RES""";0,98;159,89;0;3,05;;;;;;;;
"=""API""";"=""WIND""";"=""2026-04-30T12:54:00+03:00""";"=""OA_YTM""";"=""AKSU RES""";"=""10928268862""";"=""2890""";"=""AKSU ÇAMLICA RES""";0,98;159,58;0;3,05;;;;;;;;
"=""API""";"=""WIND""";"=""2026-04-30T12:55:00+03:00""";"=""OA_YTM""";"=""AKSU RES""";"=""10928268862""";"=""2890""";"=""AKSU ÇAMLICA RES""";0,98;159,89;0;3,1;;;;;;;;
"=""API""";"=""WIND""";"=""2026-04-30T12:56:00+03:00""";"=""OA_YTM""";"=""AKSU RES""";"=""10928268862""";"=""2890""";"=""AKSU ÇAMLICA RES""";0,98;159,89;0;3,1;;;;;;;;
"=""API""";"=""WIND""";"=""2026-04-30T12:57:00+03:00""";"=""OA_YTM""";"=""AKSU RES""";"=""10928268862""";"=""2890""";"=""AKSU ÇAMLICA RES""";0,98;160,2;0;3,1;;;;;;;;
"=""API""";"=""WIND""";"=""2026-04-30T12:58:00+03:00""";"=""OA_YTM""";"=""AKSU RES""";"=""10928268862""";"=""2890""";"=""AKSU ÇAMLICA RES""";0,98;159,58;0;3,1;;;;;;;;
"=""API""";"=""WIND""";"=""2026-04-30T12:59:00+03:00""";"=""OA_YTM""";"=""AKSU RES""";"=""10928268862""";"=""2890""";"=""AKSU ÇAMLICA RES""";0,98;159,89;0;3,08;;;;;;;;
"=""API""";"=""WIND""";"=""2026-04-30T13:00:00+03:00""";"=""OA_YTM""";"=""AKSU RES""";"=""10928268862""";"=""2890""";"=""AKSU ÇAMLICA RES""";0,98;160,2;0;3,08;;;;;;;;
"=""API""";"=""WIND""";"=""2026-04-30T13:01:00+03:00""";"=""OA_YTM""";"=""AKSU RES""";"=""10928268862""";"=""2890""";"=""AKSU ÇAMLICA RES""";0,98;159,27;0;3,04;;;;;;;;
"=""API""";"=""WIND""";"=""2026-04-30T13:02:00+03:00""";"=""OA_YTM""";"=""AKSU RES""";"=""10928268862""";"=""2890""";"=""AKSU ÇAMLICA RES""";0,98;159,17;0;2,99;;;;;;;;
"=""API""";"=""WIND""";"=""2026-04-30T13:03:00+03:00""";"=""OA_YTM""";"=""AKSU RES""";"=""10928268862""";"=""2890""";"=""AKSU ÇAMLICA RES""";0,98;159,32;0;3,04;;;;;;;;
"=""API""";"=""WIND""";"=""2026-04-30T13:04:00+03:00""";"=""OA_YTM""";"=""AKSU RES""";"=""10928268862""";"=""2890""";"=""AKSU ÇAMLICA RES""";0,98;159,53;0;3,04;;;;;;;;
"=""API""";"=""WIND""";"=""2026-04-30T13:05:00+03:00""";"=""OA_YTM""";"=""AKSU RES""";"=""10928268862""";"=""2890""";"=""AKSU ÇAMLICA RES""";0,98;159,53;0;3,04;;;;;;;;
"=""API""";"=""WIND""";"=""2026-04-30T13:06:00+03:00""";"=""OA_YTM""";"=""AKSU RES""";"=""10928268862""";"=""2890""";"=""AKSU ÇAMLICA RES""";0,98;159,43;0;3,04;;;;;;;;
"=""API""";"=""WIND""";"=""2026-04-30T13:07:00+03:00""";"=""OA_YTM""";"=""AKSU RES""";"=""10928268862""";"=""2890""";"=""AKSU ÇAMLICA RES""";0,98;159,17;0;3,12;;;;;;;;
"=""API""";"=""WIND""";"=""2026-04-30T13:08:00+03:00""";"=""OA_YTM""";"=""AKSU RES""";"=""10928268862""";"=""2890""";"=""AKSU ÇAMLICA RES""";0,98;159,27;0;3,12;;;;;;;;
"=""API""";"=""WIND""";"=""2026-04-30T13:09:00+03:00""";"=""OA_YTM""";"=""AKSU RES""";"=""10928268862""";"=""2890""";"=""AKSU ÇAMLICA RES""";0,98;159,48;0;3,03;;;;;;;;
"=""API""";"=""WIND""";"=""2026-04-30T13:10:00+03:00""";"=""OA_YTM""";"=""AKSU RES""";"=""10928268862""";"=""2890""";"=""AKSU ÇAMLICA RES""";0,98;159,99;0;3,13;;;;;;;;
"=""API""";"=""WIND""";"=""2026-04-30T13:11:00+03:00""";"=""OA_YTM""";"=""AKSU RES""";"=""10928268862""";"=""2890""";"=""AKSU ÇAMLICA RES""";0,98;159,48;0;3,09;;;;;;;;
"=""API""";"=""WIND""";"=""2026-04-30T13:12:00+03:00""";"=""OA_YTM""";"=""AKSU RES""";"=""10928268862""";"=""2890""";"=""AKSU ÇAMLICA RES""";0,98;159,94;0;3,09;;;;;;;;
"=""API""";"=""WIND""";"=""2026-04-30T13:13:00+03:00""";"=""OA_YTM""";"=""AKSU RES""";"=""10928268862""";"=""2890""";"=""AKSU ÇAMLICA RES""";0,98;159,84;0;3,04;;;;;;;;
"=""API""";"=""WIND""";"=""2026-04-30T13:14:00+03:00""";"=""OA_YTM""";"=""AKSU RES""";"=""10928268862""";"=""2890""";"=""AKSU ÇAMLICA RES""";0,98;159,94;0;3,09;;;;;;;;
"=""API""";"=""WIND""";"=""2026-04-30T13:15:00+03:00""";"=""OA_YTM""";"=""AKSU RES""";"=""10928268862""";"=""2890""";"=""AKSU ÇAMLICA RES""";0,98;159,63;0;3,09;;;;;;;;
"=""API""";"=""WIND""";"=""2026-04-30T13:16:00+03:00""";"=""OA_YTM""";"=""AKSU RES""";"=""10928268862""";"=""2890""";"=""AKSU ÇAMLICA RES""";0,98;159,63;0;3,09;;;;;;;;
"=""API""";"=""WIND""";"=""2026-04-30T13:17:00+03:00""";"=""OA_YTM""";"=""AKSU RES""";"=""10928268862""";"=""2890""";"=""AKSU ÇAMLICA RES""";0,98;159,94;0;3,09;;;;;;;;
"=""API""";"=""WIND""";"=""2026-04-30T13:18:00+03:00""";"=""OA_YTM""";"=""AKSU RES""";"=""10928268862""";"=""2890""";"=""AKSU ÇAMLICA RES""";0,98;159,94;0;3,02;;;;;;;;
"=""API""";"=""WIND""";"=""2026-04-30T13:19:00+03:00""";"=""OA_YTM""";"=""AKSU RES""";"=""10928268862""";"=""2890""";"=""AKSU ÇAMLICA RES""";0,98;159,84;0;3,02;;;;;;;;
"=""API""";"=""WIND""";"=""2026-04-30T13:20:00+03:00""";"=""OA_YTM""";"=""AKSU RES""";"=""10928268862""";"=""2890""";"=""AKSU ÇAMLICA RES""";0,98;160,04;0;3,08;;;;;;;;
"=""API""";"=""WIND""";"=""2026-04-30T13:21:00+03:00""";"=""OA_YTM""";"=""AKSU RES""";"=""10928268862""";"=""2890""";"=""AKSU ÇAMLICA RES""";0,98;159,63;0;3,08;;;;;;;;
"=""API""";"=""WIND""";"=""2026-04-30T13:22:00+03:00""";"=""OA_YTM""";"=""AKSU RES""";"=""10928268862""";"=""2890""";"=""AKSU ÇAMLICA RES""";0,98;159,48;0;3,08;;;;;;;;
"=""API""";"=""WIND""";"=""2026-04-30T13:23:00+03:00""";"=""OA_YTM""";"=""AKSU RES""";"=""10928268862""";"=""2890""";"=""AKSU ÇAMLICA RES""";0,98;159,38;0;3,08;;;;;;;;
"=""API""";"=""WIND""";"=""2026-04-30T13:24:00+03:00""";"=""OA_YTM""";"=""AKSU RES""";"=""10928268862""";"=""2890""";"=""AKSU ÇAMLICA RES""";0,98;159,07;0;3,03;;;;;;;;
"=""API""";"=""WIND""";"=""2026-04-30T13:25:00+03:00""";"=""OA_YTM""";"=""AKSU RES""";"=""10928268862""";"=""2890""";"=""AKSU ÇAMLICA RES""";0,98;158,76;0;3,03;;;;;;;;
"=""API""";"=""WIND""";"=""2026-04-30T13:26:00+03:00""";"=""OA_YTM""";"=""AKSU RES""";"=""10928268862""";"=""2890""";"=""AKSU ÇAMLICA RES""";0,98;158,45;0;3,03;;;;;;;;
"=""API""";"=""WIND""";"=""2026-04-30T13:27:00+03:00""";"=""OA_YTM""";"=""AKSU RES""";"=""10928268862""";"=""2890""";"=""AKSU ÇAMLICA RES""";0,98;158,71;0;3,06;;;;;;;;
"=""API""";"=""WIND""";"=""2026-04-30T13:28:00+03:00""";"=""OA_YTM""";"=""AKSU RES""";"=""10928268862""";"=""2890""";"=""AKSU ÇAMLICA RES""";0,98;158,96;0;3,06;;;;;;;;
"=""API""";"=""WIND""";"=""2026-04-30T13:29:00+03:00""";"=""OA_YTM""";"=""AKSU RES""";"=""10928268862""";"=""2890""";"=""AKSU ÇAMLICA RES""";0,98;158,76;0;3,06;;;;;;;;
"=""API""";"=""WIND""";"=""2026-04-30T13:30:00+03:00""";"=""OA_YTM""";"=""AKSU RES""";"=""10928268862""";"=""2890""";"=""AKSU ÇAMLICA RES""";0,98;158,76;0;3,06;;;;;;;;
"=""API""";"=""WIND""";"=""2026-04-30T13:31:00+03:00""";"=""OA_YTM""";"=""AKSU RES""";"=""10928268862""";"=""2890""";"=""AKSU ÇAMLICA RES""";0,98;158,09;0;3,11;;;;;;;;
"=""API""";"=""WIND""";"=""2026-04-30T13:32:00+03:00""";"=""OA_YTM""";"=""AKSU RES""";"=""10928268862""";"=""2890""";"=""AKSU ÇAMLICA RES""";0,98;159,17;0;3,11;;;;;;;;
"=""API""";"=""WIND""";"=""2026-04-30T13:33:00+03:00""";"=""OA_YTM""";"=""AKSU RES""";"=""10928268862""";"=""2890""";"=""AKSU ÇAMLICA RES""";0,98;158,19;0;3,02;;;;;;;;
"=""API""";"=""WIND""";"=""2026-04-30T13:34:00+03:00""";"=""OA_YTM""";"=""AKSU RES""";"=""10928268862""";"=""2890""";"=""AKSU ÇAMLICA RES""";0,98;159,01;0;3,08;;;;;;;;
"=""API""";"=""WIND""";"=""2026-04-30T13:35:00+03:00""";"=""OA_YTM""";"=""AKSU RES""";"=""10928268862""";"=""2890""";"=""AKSU ÇAMLICA RES""";0,98;158,91;0;3,08;;;;;;;;
"=""API""";"=""WIND""";"=""2026-04-30T13:36:00+03:00""";"=""OA_YTM""";"=""AKSU RES""";"=""10928268862""";"=""2890""";"=""AKSU ÇAMLICA RES""";0,98;159,32;0;3,08;;;;;;;;
"=""API""";"=""WIND""";"=""2026-04-30T13:37:00+03:00""";"=""OA_YTM""";"=""AKSU RES""";"=""10928268862""";"=""2890""";"=""AKSU ÇAMLICA RES""";0,98;159,63;0;3,02;;;;;;;;
"=""API""";"=""WIND""";"=""2026-04-30T13:38:00+03:00""";"=""OA_YTM""";"=""AKSU RES""";"=""10928268862""";"=""2890""";"=""AKSU ÇAMLICA RES""";0,98;159,73;0;3,02;;;;;;;;
"=""API""";"=""WIND""";"=""2026-04-30T13:39:00+03:00""";"=""OA_YTM""";"=""AKSU RES""";"=""10928268862""";"=""2890""";"=""AKSU ÇAMLICA RES""";0,98;159,94;0;3,02;;;;;;;;
"=""API""";"=""WIND""";"=""2026-04-30T13:40:00+03:00""";"=""OA_YTM""";"=""AKSU RES""";"=""10928268862""";"=""2890""";"=""AKSU ÇAMLICA RES""";0,98;160,04;0;3,07;;;;;;;;
"=""API""";"=""WIND""";"=""2026-04-30T13:41:00+03:00""";"=""OA_YTM""";"=""AKSU RES""";"=""10928268862""";"=""2890""";"=""AKSU ÇAMLICA RES""";0,98;159,73;0;3,07;;;;;;;;
"=""API""";"=""WIND""";"=""2026-04-30T13:42:00+03:00""";"=""OA_YTM""";"=""AKSU RES""";"=""10928268862""";"=""2890""";"=""AKSU ÇAMLICA RES""";0,98;159,68;0;3,07;;;;;;;;
"=""API""";"=""WIND""";"=""2026-04-30T13:43:00+03:00""";"=""OA_YTM""";"=""AKSU RES""";"=""10928268862""";"=""2890""";"=""AKSU ÇAMLICA RES""";0,98;159,17;0;3,07;;;;;;;;
"=""API""";"=""WIND""";"=""2026-04-30T13:44:00+03:00""";"=""OA_YTM""";"=""AKSU RES""";"=""10928268862""";"=""2890""";"=""AKSU ÇAMLICA RES""";0,98;159,79;0;3,07;;;;;;;;
"=""API""";"=""WIND""";"=""2026-04-30T13:45:00+03:00""";"=""OA_YTM""";"=""AKSU RES""";"=""10928268862""";"=""2890""";"=""AKSU ÇAMLICA RES""";0,98;159,79;0;3,07;;;;;;;;
"=""API""";"=""WIND""";"=""2026-04-30T13:46:00+03:00""";"=""OA_YTM""";"=""AKSU RES""";"=""10928268862""";"=""2890""";"=""AKSU ÇAMLICA RES""";0,98;159,27;0;3,07;;;;;;;;
"=""API""";"=""WIND""";"=""2026-04-30T13:47:00+03:00""";"=""OA_YTM""";"=""AKSU RES""";"=""10928268862""";"=""2890""";"=""AKSU ÇAMLICA RES""";0,98;159,27;0;3,07;;;;;;;;
"=""API""";"=""WIND""";"=""2026-04-30T13:48:00+03:00""";"=""OA_YTM""";"=""AKSU RES""";"=""10928268862""";"=""2890""";"=""AKSU ÇAMLICA RES""";0,98;159,27;0;3,07;;;;;;;;
"=""API""";"=""WIND""";"=""2026-04-30T13:49:00+03:00""";"=""OA_YTM""";"=""AKSU RES""";"=""10928268862""";"=""2890""";"=""AKSU ÇAMLICA RES""";0,98;159,48;0;3,07;;;;;;;;
"=""API""";"=""WIND""";"=""2026-04-30T13:50:00+03:00""";"=""OA_YTM""";"=""AKSU RES""";"=""10928268862""";"=""2890""";"=""AKSU ÇAMLICA RES""";0,98;159,07;0;3,09;;;;;;;;
"=""API""";"=""WIND""";"=""2026-04-30T13:51:00+03:00""";"=""OA_YTM""";"=""AKSU RES""";"=""10928268862""";"=""2890""";"=""AKSU ÇAMLICA RES""";0,98;159,27;0;3,09;;;;;;;;
"=""API""";"=""WIND""";"=""2026-04-30T13:52:00+03:00""";"=""OA_YTM""";"=""AKSU RES""";"=""10928268862""";"=""2890""";"=""AKSU ÇAMLICA RES""";0,98;159,48;0;3,1;;;;;;;;
"=""API""";"=""WIND""";"=""2026-04-30T13:53:00+03:00""";"=""OA_YTM""";"=""AKSU RES""";"=""10928268862""";"=""2890""";"=""AKSU ÇAMLICA RES""";0,98;159,58;0;3,1;;;;;;;;
"=""API""";"=""WIND""";"=""2026-04-30T13:54:00+03:00""";"=""OA_YTM""";"=""AKSU RES""";"=""10928268862""";"=""2890""";"=""AKSU ÇAMLICA RES""";0,98;159,58;0;3,15;;;;;;;;
"=""API""";"=""WIND""";"=""2026-04-30T13:55:00+03:00""";"=""OA_YTM""";"=""AKSU RES""";"=""10928268862""";"=""2890""";"=""AKSU ÇAMLICA RES""";0,98;159,58;0;3,12;;;;;;;;
"=""API""";"=""WIND""";"=""2026-04-30T13:56:00+03:00""";"=""OA_YTM""";"=""AKSU RES""";"=""10928268862""";"=""2890""";"=""AKSU ÇAMLICA RES""";0,98;159,48;0;3,07;;;;;;;;
"=""API""";"=""WIND""";"=""2026-04-30T13:57:00+03:00""";"=""OA_YTM""";"=""AKSU RES""";"=""10928268862""";"=""2890""";"=""AKSU ÇAMLICA RES""";0,98;159,58;0;3,07;;;;;;;;
"=""API""";"=""WIND""";"=""2026-04-30T13:58:00+03:00""";"=""OA_YTM""";"=""AKSU RES""";"=""10928268862""";"=""2890""";"=""AKSU ÇAMLICA RES""";0,98;159,48;0;3,07;;;;;;;;
"=""API""";"=""WIND""";"=""2026-04-30T13:59:00+03:00""";"=""OA_YTM""";"=""AKSU RES""";"=""10928268862""";"=""2890""";"=""AKSU ÇAMLICA RES""";0,98;159,58;0;3,05;;;;;;;;
"=""API""";"=""WIND""";"=""2026-04-30T14:00:00+03:00""";"=""OA_YTM""";"=""AKSU RES""";"=""10928268862""";"=""2890""";"=""AKSU ÇAMLICA RES""";0,98;159,48;0;3,05;;;;;;;;
"=""API""";"=""WIND""";"=""2026-04-30T14:01:00+03:00""";"=""OA_YTM""";"=""AKSU RES""";"=""10928268862""";"=""2890""";"=""AKSU ÇAMLICA RES""";0,98;159,79;0;3,05;;;;;;;;
"=""API""";"=""WIND""";"=""2026-04-30T14:02:00+03:00""";"=""OA_YTM""";"=""AKSU RES""";"=""10928268862""";"=""2890""";"=""AKSU ÇAMLICA RES""";0,98;159,27;0;3,1;;;;;;;;
"=""API""";"=""WIND""";"=""2026-04-30T14:03:00+03:00""";"=""OA_YTM""";"=""AKSU RES""";"=""10928268862""";"=""2890""";"=""AKSU ÇAMLICA RES""";0,98;159,27;0;3,1;;;;;;;;
"=""API""";"=""WIND""";"=""2026-04-30T14:04:00+03:00""";"=""OA_YTM""";"=""AKSU RES""";"=""10928268862""";"=""2890""";"=""AKSU ÇAMLICA RES""";0,98;159,48;0;3,1;;;;;;;;
"=""API""";"=""WIND""";"=""2026-04-30T14:05:00+03:00""";"=""OA_YTM""";"=""AKSU RES""";"=""10928268862""";"=""2890""";"=""AKSU ÇAMLICA RES""";0,98;159,07;0;3,06;;;;;;;;
"=""API""";"=""WIND""";"=""2026-04-30T14:06:00+03:00""";"=""OA_YTM""";"=""AKSU RES""";"=""10928268862""";"=""2890""";"=""AKSU ÇAMLICA RES""";0,98;159,07;0;3,06;;;;;;;;
"=""API""";"=""WIND""";"=""2026-04-30T14:07:00+03:00""";"=""OA_YTM""";"=""AKSU RES""";"=""10928268862""";"=""2890""";"=""AKSU ÇAMLICA RES""";0,98;158,6;0;3,06;;;;;;;;
"=""API""";"=""WIND""";"=""2026-04-30T14:08:00+03:00""";"=""OA_YTM""";"=""AKSU RES""";"=""10928268862""";"=""2890""";"=""AKSU ÇAMLICA RES""";0,98;158,71;0;3,06;;;;;;;;
"=""API""";"=""WIND""";"=""2026-04-30T14:09:00+03:00""";"=""OA_YTM""";"=""AKSU RES""";"=""10928268862""";"=""2890""";"=""AKSU ÇAMLICA RES""";0,98;158,71;0;3,1;;;;;;;;
"=""API""";"=""WIND""";"=""2026-04-30T14:10:00+03:00""";"=""OA_YTM""";"=""AKSU RES""";"=""10928268862""";"=""2890""";"=""AKSU ÇAMLICA RES""";0,98;158,35;0;3,08;;;;;;;;
"=""API""";"=""WIND""";"=""2026-04-30T14:11:00+03:00""";"=""OA_YTM""";"=""AKSU RES""";"=""10928268862""";"=""2890""";"=""AKSU ÇAMLICA RES""";0,98;159,06;0;3,08;;;;;;;;
"=""API""";"=""WIND""";"=""2026-04-30T14:12:00+03:00""";"=""OA_YTM""";"=""AKSU RES""";"=""10928268862""";"=""2890""";"=""AKSU ÇAMLICA RES""";0,98;158,86;0;3,08;;;;;;;;
"=""API""";"=""WIND""";"=""2026-04-30T14:13:00+03:00""";"=""OA_YTM""";"=""AKSU RES""";"=""10928268862""";"=""2890""";"=""AKSU ÇAMLICA RES""";0,98;158,96;0;3,14;;;;;;;;
"=""API""";"=""WIND""";"=""2026-04-30T14:14:00+03:00""";"=""OA_YTM""";"=""AKSU RES""";"=""10928268862""";"=""2890""";"=""AKSU ÇAMLICA RES""";0,98;158,76;0;3,07;;;;;;;;
"=""API""";"=""WIND""";"=""2026-04-30T14:15:00+03:00""";"=""OA_YTM""";"=""AKSU RES""";"=""10928268862""";"=""2890""";"=""AKSU ÇAMLICA RES""";0,98;159,17;0;3,04;;;;;;;;
"=""API""";"=""WIND""";"=""2026-04-30T14:16:00+03:00""";"=""OA_YTM""";"=""AKSU RES""";"=""10928268862""";"=""2890""";"=""AKSU ÇAMLICA RES""";0,98;159,12;0;3,09;;;;;;;;
"=""API""";"=""WIND""";"=""2026-04-30T14:17:00+03:00""";"=""OA_YTM""";"=""AKSU RES""";"=""10928268862""";"=""2890""";"=""AKSU ÇAMLICA RES""";0,98;159,22;0;3,09;;;;;;;;
"=""API""";"=""WIND""";"=""2026-04-30T14:18:00+03:00""";"=""OA_YTM""";"=""AKSU RES""";"=""10928268862""";"=""2890""";"=""AKSU ÇAMLICA RES""";0,98;159,32;0;3,02;;;;;;;;
"=""API""";"=""WIND""";"=""2026-04-30T14:19:00+03:00""";"=""OA_YTM""";"=""AKSU RES""";"=""10928268862""";"=""2890""";"=""AKSU ÇAMLICA RES""";0,98;159,73;0;3,03;;;;;;;;
"=""API""";"=""WIND""";"=""2026-04-30T14:20:00+03:00""";"=""OA_YTM""";"=""AKSU RES""";"=""10928268862""";"=""2890""";"=""AKSU ÇAMLICA RES""";0,98;159,43;0;3,03;;;;;;;;
"=""API""";"=""WIND""";"=""2026-04-30T14:21:00+03:00""";"=""OA_YTM""";"=""AKSU RES""";"=""10928268862""";"=""2890""";"=""AKSU ÇAMLICA RES""";0,98;159,12;0;3,05;;;;;;;;
"=""API""";"=""WIND""";"=""2026-04-30T14:22:00+03:00""";"=""OA_YTM""";"=""AKSU RES""";"=""10928268862""";"=""2890""";"=""AKSU ÇAMLICA RES""";0,98;159,43;0;3,05;;;;;;;;
"=""API""";"=""WIND""";"=""2026-04-30T14:23:00+03:00""";"=""OA_YTM""";"=""AKSU RES""";"=""10928268862""";"=""2890""";"=""AKSU ÇAMLICA RES""";0,98;159,17;0;3,05;;;;;;;;
"=""API""";"=""WIND""";"=""2026-04-30T14:24:00+03:00""";"=""OA_YTM""";"=""AKSU RES""";"=""10928268862""";"=""2890""";"=""AKSU ÇAMLICA RES""";0,98;159,78;0;3,03;;;;;;;;
"=""API""";"=""WIND""";"=""2026-04-30T14:25:00+03:00""";"=""OA_YTM""";"=""AKSU RES""";"=""10928268862""";"=""2890""";"=""AKSU ÇAMLICA RES""";0,98;159,99;0;3,03;;;;;;;;
"=""API""";"=""WIND""";"=""2026-04-30T14:26:00+03:00""";"=""OA_YTM""";"=""AKSU RES""";"=""10928268862""";"=""2890""";"=""AKSU ÇAMLICA RES""";0,98;159,48;0;3,03;;;;;;;;
"=""API""";"=""WIND""";"=""2026-04-30T14:27:00+03:00""";"=""OA_YTM""";"=""AKSU RES""";"=""10928268862""";"=""2890""";"=""AKSU ÇAMLICA RES""";0,98;159,48;0;3,05;;;;;;;;
"=""API""";"=""WIND""";"=""2026-04-30T14:28:00+03:00""";"=""OA_YTM""";"=""AKSU RES""";"=""10928268862""";"=""2890""";"=""AKSU ÇAMLICA RES""";0,98;159,48;0;3,09;;;;;;;;
"=""API""";"=""WIND""";"=""2026-04-30T14:29:00+03:00""";"=""OA_YTM""";"=""AKSU RES""";"=""10928268862""";"=""2890""";"=""AKSU ÇAMLICA RES""";0,98;159,78;0;3,02;;;;;;;;
"=""API""";"=""WIND""";"=""2026-04-30T14:30:00+03:00""";"=""OA_YTM""";"=""AKSU RES""";"=""10928268862""";"=""2890""";"=""AKSU ÇAMLICA RES""";0,98;159,89;0;3,02;;;;;;;;
"=""API""";"=""WIND""";"=""2026-04-30T14:31:00+03:00""";"=""OA_YTM""";"=""AKSU RES""";"=""10928268862""";"=""2890""";"=""AKSU ÇAMLICA RES""";0,98;159,42;0;3,05;;;;;;;;
"=""API""";"=""WIND""";"=""2026-04-30T14:32:00+03:00""";"=""OA_YTM""";"=""AKSU RES""";"=""10928268862""";"=""2890""";"=""AKSU ÇAMLICA RES""";0,98;159,42;0;3,05;;;;;;;;
"=""API""";"=""WIND""";"=""2026-04-30T14:33:00+03:00""";"=""OA_YTM""";"=""AKSU RES""";"=""10928268862""";"=""2890""";"=""AKSU ÇAMLICA RES""";0,98;160,04;0;3,01;;;;;;;;
"=""API""";"=""WIND""";"=""2026-04-30T14:34:00+03:00""";"=""OA_YTM""";"=""AKSU RES""";"=""10928268862""";"=""2890""";"=""AKSU ÇAMLICA RES""";0,98;159,84;0;3,04;;;;;;;;
"=""API""";"=""WIND""";"=""2026-04-30T14:35:00+03:00""";"=""OA_YTM""";"=""AKSU RES""";"=""10928268862""";"=""2890""";"=""AKSU ÇAMLICA RES""";0,98;159,89;0;2,55;;;;;;;;
"=""API""";"=""WIND""";"=""2026-04-30T14:36:00+03:00""";"=""OA_YTM""";"=""AKSU RES""";"=""10928268862""";"=""2890""";"=""AKSU ÇAMLICA RES""";0,98;159,79;0;2,83;;;;;;;;
"=""API""";"=""WIND""";"=""2026-04-30T14:37:00+03:00""";"=""OA_YTM""";"=""AKSU RES""";"=""10928268862""";"=""2890""";"=""AKSU ÇAMLICA RES""";0,98;159,42;0;2,83;;;;;;;;
"=""API""";"=""WIND""";"=""2026-04-30T14:38:00+03:00""";"=""OA_YTM""";"=""AKSU RES""";"=""10928268862""";"=""2890""";"=""AKSU ÇAMLICA RES""";0,98;159,42;0;2,98;;;;;;;;
"=""API""";"=""WIND""";"=""2026-04-30T14:39:00+03:00""";"=""OA_YTM""";"=""AKSU RES""";"=""10928268862""";"=""2890""";"=""AKSU ÇAMLICA RES""";0,98;159,73;0;3,08;;;;;;;;
"=""API""";"=""WIND""";"=""2026-04-30T14:40:00+03:00""";"=""OA_YTM""";"=""AKSU RES""";"=""10928268862""";"=""2890""";"=""AKSU ÇAMLICA RES""";0,98;159,73;0;3,03;;;;;;;;
"=""API""";"=""WIND""";"=""2026-04-30T14:41:00+03:00""";"=""OA_YTM""";"=""AKSU RES""";"=""10928268862""";"=""2890""";"=""AKSU ÇAMLICA RES""";0,98;159,73;0;3,03;;;;;;;;
"=""API""";"=""WIND""";"=""2026-04-30T14:42:00+03:00""";"=""OA_YTM""";"=""AKSU RES""";"=""10928268862""";"=""2890""";"=""AKSU ÇAMLICA RES""";0,98;159,42;0;3,07;;;;;;;;
"=""API""";"=""WIND""";"=""2026-04-30T14:43:00+03:00""";"=""OA_YTM""";"=""AKSU RES""";"=""10928268862""";"=""2890""";"=""AKSU ÇAMLICA RES""";0,98;159,42;0;3,01;;;;;;;;
"=""API""";"=""WIND""";"=""2026-04-30T14:44:00+03:00""";"=""OA_YTM""";"=""AKSU RES""";"=""10928268862""";"=""2890""";"=""AKSU ÇAMLICA RES""";0,98;159,53;0;3,03;;;;;;;;
"=""API""";"=""WIND""";"=""2026-04-30T14:45:00+03:00""";"=""OA_YTM""";"=""AKSU RES""";"=""10928268862""";"=""2890""";"=""AKSU ÇAMLICA RES""";0,98;159,73;0;3,03;;;;;;;;
"=""API""";"=""WIND""";"=""2026-04-30T14:46:00+03:00""";"=""OA_YTM""";"=""AKSU RES""";"=""10928268862""";"=""2890""";"=""AKSU ÇAMLICA RES""";0,98;159,63;0;3,08;;;;;;;;
"=""API""";"=""WIND""";"=""2026-04-30T14:47:00+03:00""";"=""OA_YTM""";"=""AKSU RES""";"=""10928268862""";"=""2890""";"=""AKSU ÇAMLICA RES""";0,98;159,53;0;3,08;;;;;;;;
"=""API""";"=""WIND""";"=""2026-04-30T14:48:00+03:00""";"=""OA_YTM""";"=""AKSU RES""";"=""10928268862""";"=""2890""";"=""AKSU ÇAMLICA RES""";0,98;159,42;0;3,03;;;;;;;;
"=""API""";"=""WIND""";"=""2026-04-30T14:49:00+03:00""";"=""OA_YTM""";"=""AKSU RES""";"=""10928268862""";"=""2890""";"=""AKSU ÇAMLICA RES""";0,98;159,22;0;3,06;;;;;;;;
"=""API""";"=""WIND""";"=""2026-04-30T14:50:00+03:00""";"=""OA_YTM""";"=""AKSU RES""";"=""10928268862""";"=""2890""";"=""AKSU ÇAMLICA RES""";0,98;159,32;0;3,05;;;;;;;;
"=""API""";"=""WIND""";"=""2026-04-30T14:51:00+03:00""";"=""OA_YTM""";"=""AKSU RES""";"=""10928268862""";"=""2890""";"=""AKSU ÇAMLICA RES""";0,98;159,73;0;3,05;;;;;;;;
"=""API""";"=""WIND""";"=""2026-04-30T14:52:00+03:00""";"=""OA_YTM""";"=""AKSU RES""";"=""10928268862""";"=""2890""";"=""AKSU ÇAMLICA RES""";0,98;160,04;0;3,08;;;;;;;;
"=""API""";"=""WIND""";"=""2026-04-30T14:53:00+03:00""";"=""OA_YTM""";"=""AKSU RES""";"=""10928268862""";"=""2890""";"=""AKSU ÇAMLICA RES""";0,98;159,12;0;3,08;;;;;;;;
"=""API""";"=""WIND""";"=""2026-04-30T14:54:00+03:00""";"=""OA_YTM""";"=""AKSU RES""";"=""10928268862""";"=""2890""";"=""AKSU ÇAMLICA RES""";0,98;159,12;0;3,08;;;;;;;;
"=""API""";"=""WIND""";"=""2026-04-30T14:55:00+03:00""";"=""OA_YTM""";"=""AKSU RES""";"=""10928268862""";"=""2890""";"=""AKSU ÇAMLICA RES""";0,98;159,73;0;3,08;;;;;;;;
"=""API""";"=""WIND""";"=""2026-04-30T14:56:00+03:00""";"=""OA_YTM""";"=""AKSU RES""";"=""10928268862""";"=""2890""";"=""AKSU ÇAMLICA RES""";0,98;159,79;0;3,08;;;;;;;;
"=""API""";"=""WIND""";"=""2026-04-30T14:57:00+03:00""";"=""OA_YTM""";"=""AKSU RES""";"=""10928268862""";"=""2890""";"=""AKSU ÇAMLICA RES""";0,98;159,58;0;3,08;;;;;;;;
"=""API""";"=""WIND""";"=""2026-04-30T14:58:00+03:00""";"=""OA_YTM""";"=""AKSU RES""";"=""10928268862""";"=""2890""";"=""AKSU ÇAMLICA RES""";0,98;159,79;0;3,07;;;;;;;;
"=""API""";"=""WIND""";"=""2026-04-30T14:59:00+03:00""";"=""OA_YTM""";"=""AKSU RES""";"=""10928268862""";"=""2890""";"=""AKSU ÇAMLICA RES""";0,98;159,79;0;3,07;;;;;;;;
"=""API""";"=""WIND""";"=""2026-04-30T15:00:00+03:00""";"=""OA_YTM""";"=""AKSU RES""";"=""10928268862""";"=""2890""";"=""AKSU ÇAMLICA RES""";0,98;159,79;0;3,03;;;;;;;;
"=""API""";"=""WIND""";"=""2026-04-30T15:01:00+03:00""";"=""OA_YTM""";"=""AKSU RES""";"=""10928268862""";"=""2890""";"=""AKSU ÇAMLICA RES""";0,98;159,48;0;3,03;;;;;;;;
"=""API""";"=""WIND""";"=""2026-04-30T15:02:00+03:00""";"=""OA_YTM""";"=""AKSU RES""";"=""10928268862""";"=""2890""";"=""AKSU ÇAMLICA RES""";0,98;159,48;0;2,98;;;;;;;;
"=""API""";"=""WIND""";"=""2026-04-30T15:03:00+03:00""";"=""OA_YTM""";"=""AKSU RES""";"=""10928268862""";"=""2890""";"=""AKSU ÇAMLICA RES""";0,98;159,79;0;2,98;;;;;;;;
"=""API""";"=""WIND""";"=""2026-04-30T15:04:00+03:00""";"=""OA_YTM""";"=""AKSU RES""";"=""10928268862""";"=""2890""";"=""AKSU ÇAMLICA RES""";0,98;159,79;0;3,01;;;;;;;;
"=""API""";"=""WIND""";"=""2026-04-30T15:05:00+03:00""";"=""OA_YTM""";"=""AKSU RES""";"=""10928268862""";"=""2890""";"=""AKSU ÇAMLICA RES""";0,98;159,79;0;2,98;;;;;;;;
"=""API""";"=""WIND""";"=""2026-04-30T15:06:00+03:00""";"=""OA_YTM""";"=""AKSU RES""";"=""10928268862""";"=""2890""";"=""AKSU ÇAMLICA RES""";0,98;159,48;0;2,98;;;;;;;;
"=""API""";"=""WIND""";"=""2026-04-30T15:07:00+03:00""";"=""OA_YTM""";"=""AKSU RES""";"=""10928268862""";"=""2890""";"=""AKSU ÇAMLICA RES""";0,98;160,14;0;2,98;;;;;;;;
"=""API""";"=""WIND""";"=""2026-04-30T15:08:00+03:00""";"=""OA_YTM""";"=""AKSU RES""";"=""10928268862""";"=""2890""";"=""AKSU ÇAMLICA RES""";0,98;159,94;0;2,96;;;;;;;;
"=""API""";"=""WIND""";"=""2026-04-30T15:09:00+03:00""";"=""OA_YTM""";"=""AKSU RES""";"=""10928268862""";"=""2890""";"=""AKSU ÇAMLICA RES""";0,98;159,84;0;2,97;;;;;;;;
"=""API""";"=""WIND""";"=""2026-04-30T15:10:00+03:00""";"=""OA_YTM""";"=""AKSU RES""";"=""10928268862""";"=""2890""";"=""AKSU ÇAMLICA RES""";0,98;160,04;0;2,97;;;;;;;;
"=""API""";"=""WIND""";"=""2026-04-30T15:11:00+03:00""";"=""OA_YTM""";"=""AKSU RES""";"=""10928268862""";"=""2890""";"=""AKSU ÇAMLICA RES""";0,98;159,73;0;2,9;;;;;;;;
"=""API""";"=""WIND""";"=""2026-04-30T15:12:00+03:00""";"=""OA_YTM""";"=""AKSU RES""";"=""10928268862""";"=""2890""";"=""AKSU ÇAMLICA RES""";0,98;159,84;0;2,9;;;;;;;;
"=""API""";"=""WIND""";"=""2026-04-30T15:13:00+03:00""";"=""OA_YTM""";"=""AKSU RES""";"=""10928268862""";"=""2890""";"=""AKSU ÇAMLICA RES""";0,98;159,43;0;2,94;;;;;;;;
"=""API""";"=""WIND""";"=""2026-04-30T15:14:00+03:00""";"=""OA_YTM""";"=""AKSU RES""";"=""10928268862""";"=""2890""";"=""AKSU ÇAMLICA RES""";0,98;159,43;0;2,94;;;;;;;;
"=""API""";"=""WIND""";"=""2026-04-30T15:15:00+03:00""";"=""OA_YTM""";"=""AKSU RES""";"=""10928268862""";"=""2890""";"=""AKSU ÇAMLICA RES""";0,98;159,07;0;3,07;;;;;;;;
"=""API""";"=""WIND""";"=""2026-04-30T15:16:00+03:00""";"=""OA_YTM""";"=""AKSU RES""";"=""10928268862""";"=""2890""";"=""AKSU ÇAMLICA RES""";0,98;159,27;0;3,07;;;;;;;;
"=""API""";"=""WIND""";"=""2026-04-30T15:17:00+03:00""";"=""OA_YTM""";"=""AKSU RES""";"=""10928268862""";"=""2890""";"=""AKSU ÇAMLICA RES""";0,98;159,58;0;3,07;;;;;;;;
"=""API""";"=""WIND""";"=""2026-04-30T15:18:00+03:00""";"=""OA_YTM""";"=""AKSU RES""";"=""10928268862""";"=""2890""";"=""AKSU ÇAMLICA RES""";0,98;159,38;0;3,07;;;;;;;;
"=""API""";"=""WIND""";"=""2026-04-30T15:19:00+03:00""";"=""OA_YTM""";"=""AKSU RES""";"=""10928268862""";"=""2890""";"=""AKSU ÇAMLICA RES""";0,98;159,58;0;3,14;;;;;;;;
"=""API""";"=""WIND""";"=""2026-04-30T15:20:00+03:00""";"=""OA_YTM""";"=""AKSU RES""";"=""10928268862""";"=""2890""";"=""AKSU ÇAMLICA RES""";0,98;159,27;0;3,14;;;;;;;;
"=""API""";"=""WIND""";"=""2026-04-30T15:21:00+03:00""";"=""OA_YTM""";"=""AKSU RES""";"=""10928268862""";"=""2890""";"=""AKSU ÇAMLICA RES""";0,98;159,27;0;3,14;;;;;;;;
"=""API""";"=""WIND""";"=""2026-04-30T15:22:00+03:00""";"=""OA_YTM""";"=""AKSU RES""";"=""10928268862""";"=""2890""";"=""AKSU ÇAMLICA RES""";0,98;158,96;0;3,14;;;;;;;;
"=""API""";"=""WIND""";"=""2026-04-30T15:23:00+03:00""";"=""OA_YTM""";"=""AKSU RES""";"=""10928268862""";"=""2890""";"=""AKSU ÇAMLICA RES""";0,98;159,07;0;3,1;;;;;;;;
"=""API""";"=""WIND""";"=""2026-04-30T15:24:00+03:00""";"=""OA_YTM""";"=""AKSU RES""";"=""10928268862""";"=""2890""";"=""AKSU ÇAMLICA RES""";0,98;158,96;0;3,16;;;;;;;;
"=""API""";"=""WIND""";"=""2026-04-30T15:25:00+03:00""";"=""OA_YTM""";"=""AKSU RES""";"=""10928268862""";"=""2890""";"=""AKSU ÇAMLICA RES""";0,98;159,07;0;3,16;;;;;;;;
"=""API""";"=""WIND""";"=""2026-04-30T15:26:00+03:00""";"=""OA_YTM""";"=""AKSU RES""";"=""10928268862""";"=""2890""";"=""AKSU ÇAMLICA RES""";0,98;158,86;0;3,16;;;;;;;;
"=""API""";"=""WIND""";"=""2026-04-30T15:27:00+03:00""";"=""OA_YTM""";"=""AKSU RES""";"=""10928268862""";"=""2890""";"=""AKSU ÇAMLICA RES""";0,98;158,86;0;3,14;;;;;;;;
"=""API""";"=""WIND""";"=""2026-04-30T15:28:00+03:00""";"=""OA_YTM""";"=""AKSU RES""";"=""10928268862""";"=""2890""";"=""AKSU ÇAMLICA RES""";0,98;158,86;0;3,14;;;;;;;;
"=""API""";"=""WIND""";"=""2026-04-30T15:29:00+03:00""";"=""OA_YTM""";"=""AKSU RES""";"=""10928268862""";"=""2890""";"=""AKSU ÇAMLICA RES""";0,98;158,86;0;3,14;;;;;;;;
"=""API""";"=""WIND""";"=""2026-04-30T15:30:00+03:00""";"=""OA_YTM""";"=""AKSU RES""";"=""10928268862""";"=""2890""";"=""AKSU ÇAMLICA RES""";0,98;158,86;0;3,14;;;;;;;;
"=""API""";"=""WIND""";"=""2026-04-30T15:31:00+03:00""";"=""OA_YTM""";"=""AKSU RES""";"=""10928268862""";"=""2890""";"=""AKSU ÇAMLICA RES""";0,98;158,55;0;3,14;;;;;;;;
"=""API""";"=""WIND""";"=""2026-04-30T15:32:00+03:00""";"=""OA_YTM""";"=""AKSU RES""";"=""10928268862""";"=""2890""";"=""AKSU ÇAMLICA RES""";0,98;158,55;0;3,05;;;;;;;;
"=""API""";"=""WIND""";"=""2026-04-30T15:33:00+03:00""";"=""OA_YTM""";"=""AKSU RES""";"=""10928268862""";"=""2890""";"=""AKSU ÇAMLICA RES""";0,98;158,71;0;3,1;;;;;;;;
"=""API""";"=""WIND""";"=""2026-04-30T15:34:00+03:00""";"=""OA_YTM""";"=""AKSU RES""";"=""10928268862""";"=""2890""";"=""AKSU ÇAMLICA RES""";0,98;158,71;0;3,1;;;;;;;;
"=""API""";"=""WIND""";"=""2026-04-30T15:35:00+03:00""";"=""OA_YTM""";"=""AKSU RES""";"=""10928268862""";"=""2890""";"=""AKSU ÇAMLICA RES""";0,98;158,5;0;3,15;;;;;;;;
"=""API""";"=""WIND""";"=""2026-04-30T15:36:00+03:00""";"=""OA_YTM""";"=""AKSU RES""";"=""10928268862""";"=""2890""";"=""AKSU ÇAMLICA RES""";0,98;158,66;0;3,14;;;;;;;;
"=""API""";"=""WIND""";"=""2026-04-30T15:37:00+03:00""";"=""OA_YTM""";"=""AKSU RES""";"=""10928268862""";"=""2890""";"=""AKSU ÇAMLICA RES""";0,98;158,35;0;3,14;;;;;;;;
"=""API""";"=""WIND""";"=""2026-04-30T15:38:00+03:00""";"=""OA_YTM""";"=""AKSU RES""";"=""10928268862""";"=""2890""";"=""AKSU ÇAMLICA RES""";0,98;158,66;0;3,14;;;;;;;;
"=""API""";"=""WIND""";"=""2026-04-30T15:39:00+03:00""";"=""OA_YTM""";"=""AKSU RES""";"=""10928268862""";"=""2890""";"=""AKSU ÇAMLICA RES""";0,98;158,81;0;3,14;;;;;;;;
"=""API""";"=""WIND""";"=""2026-04-30T15:40:00+03:00""";"=""OA_YTM""";"=""AKSU RES""";"=""10928268862""";"=""2890""";"=""AKSU ÇAMLICA RES""";0,98;158,71;0;3,09;;;;;;;;
"=""API""";"=""WIND""";"=""2026-04-30T15:41:00+03:00""";"=""OA_YTM""";"=""AKSU RES""";"=""10928268862""";"=""2890""";"=""AKSU ÇAMLICA RES""";0,98;158,86;0;3,11;;;;;;;;
"=""API""";"=""WIND""";"=""2026-04-30T15:42:00+03:00""";"=""OA_YTM""";"=""AKSU RES""";"=""10928268862""";"=""2890""";"=""AKSU ÇAMLICA RES""";0,98;159,68;0;3,15;;;;;;;;
"=""API""";"=""WIND""";"=""2026-04-30T15:43:00+03:00""";"=""OA_YTM""";"=""AKSU RES""";"=""10928268862""";"=""2890""";"=""AKSU ÇAMLICA RES""";0,98;158,61;0;3,15;;;;;;;;
"=""API""";"=""WIND""";"=""2026-04-30T15:44:00+03:00""";"=""OA_YTM""";"=""AKSU RES""";"=""10928268862""";"=""2890""";"=""AKSU ÇAMLICA RES""";0,98;158,3;0;3,13;;;;;;;;
"=""API""";"=""WIND""";"=""2026-04-30T15:45:00+03:00""";"=""OA_YTM""";"=""AKSU RES""";"=""10928268862""";"=""2890""";"=""AKSU ÇAMLICA RES""";0,98;158,86;0;3,13;;;;;;;;
"=""API""";"=""WIND""";"=""2026-04-30T15:46:00+03:00""";"=""OA_YTM""";"=""AKSU RES""";"=""10928268862""";"=""2890""";"=""AKSU ÇAMLICA RES""";0,98;158,86;0;3,13;;;;;;;;
"=""API""";"=""WIND""";"=""2026-04-30T15:47:00+03:00""";"=""OA_YTM""";"=""AKSU RES""";"=""10928268862""";"=""2890""";"=""AKSU ÇAMLICA RES""";0,98;158,96;0;3,11;;;;;;;;
"=""API""";"=""WIND""";"=""2026-04-30T15:48:00+03:00""";"=""OA_YTM""";"=""AKSU RES""";"=""10928268862""";"=""2890""";"=""AKSU ÇAMLICA RES""";0,98;158,91;0;3,11;;;;;;;;
"=""API""";"=""WIND""";"=""2026-04-30T15:49:00+03:00""";"=""OA_YTM""";"=""AKSU RES""";"=""10928268862""";"=""2890""";"=""AKSU ÇAMLICA RES""";0,98;158,61;0;3,11;;;;;;;;
"=""API""";"=""WIND""";"=""2026-04-30T15:50:00+03:00""";"=""OA_YTM""";"=""AKSU RES""";"=""10928268862""";"=""2890""";"=""AKSU ÇAMLICA RES""";0,98;158,86;0;3,11;;;;;;;;
"=""API""";"=""WIND""";"=""2026-04-30T15:51:00+03:00""";"=""OA_YTM""";"=""AKSU RES""";"=""10928268862""";"=""2890""";"=""AKSU ÇAMLICA RES""";0,98;158,86;0;3,14;;;;;;;;
"=""API""";"=""WIND""";"=""2026-04-30T15:52:00+03:00""";"=""OA_YTM""";"=""AKSU RES""";"=""10928268862""";"=""2890""";"=""AKSU ÇAMLICA RES""";0,98;159,17;0;3,14;;;;;;;;
"=""API""";"=""WIND""";"=""2026-04-30T15:53:00+03:00""";"=""OA_YTM""";"=""AKSU RES""";"=""10928268862""";"=""2890""";"=""AKSU ÇAMLICA RES""";0,98;158,86;0;3,14;;;;;;;;
"=""API""";"=""WIND""";"=""2026-04-30T15:54:00+03:00""";"=""OA_YTM""";"=""AKSU RES""";"=""10928268862""";"=""2890""";"=""AKSU ÇAMLICA RES""";0,98;158,55;0;3,12;;;;;;;;
"=""API""";"=""WIND""";"=""2026-04-30T15:55:00+03:00""";"=""OA_YTM""";"=""AKSU RES""";"=""10928268862""";"=""2890""";"=""AKSU ÇAMLICA RES""";0,98;158,86;0;3,12;;;;;;;;
"=""API""";"=""WIND""";"=""2026-04-30T15:56:00+03:00""";"=""OA_YTM""";"=""AKSU RES""";"=""10928268862""";"=""2890""";"=""AKSU ÇAMLICA RES""";0,98;159,17;0;3,12;;;;;;;;
"=""API""";"=""WIND""";"=""2026-04-30T15:57:00+03:00""";"=""OA_YTM""";"=""AKSU RES""";"=""10928268862""";"=""2890""";"=""AKSU ÇAMLICA RES""";0,98;158,86;0;3,12;;;;;;;;
"=""API""";"=""WIND""";"=""2026-04-30T15:58:00+03:00""";"=""OA_YTM""";"=""AKSU RES""";"=""10928268862""";"=""2890""";"=""AKSU ÇAMLICA RES""";0,98;158,96;0;3,12;;;;;;;;
"=""API""";"=""WIND""";"=""2026-04-30T15:59:00+03:00""";"=""OA_YTM""";"=""AKSU RES""";"=""10928268862""";"=""2890""";"=""AKSU ÇAMLICA RES""";0,98;159,27;0;3,12;;;;;;;;
"=""API""";"=""WIND""";"=""2026-04-30T16:00:00+03:00""";"=""OA_YTM""";"=""AKSU RES""";"=""10928268862""";"=""2890""";"=""AKSU ÇAMLICA RES""";0,98;159,37;0;3,12;;;;;;;;
"=""API""";"=""WIND""";"=""2026-04-30T16:01:00+03:00""";"=""OA_YTM""";"=""AKSU RES""";"=""10928268862""";"=""2890""";"=""AKSU ÇAMLICA RES""";0,98;159,07;0;3,12;;;;;;;;
"=""API""";"=""WIND""";"=""2026-04-30T16:02:00+03:00""";"=""OA_YTM""";"=""AKSU RES""";"=""10928268862""";"=""2890""";"=""AKSU ÇAMLICA RES""";0,98;159,17;0;3,12;;;;;;;;
"=""API""";"=""WIND""";"=""2026-04-30T16:03:00+03:00""";"=""OA_YTM""";"=""AKSU RES""";"=""10928268862""";"=""2890""";"=""AKSU ÇAMLICA RES""";0,98;159,38;0;3,12;;;;;;;;
"=""API""";"=""WIND""";"=""2026-04-30T16:04:00+03:00""";"=""OA_YTM""";"=""AKSU RES""";"=""10928268862""";"=""2890""";"=""AKSU ÇAMLICA RES""";0,98;159,38;0;3,12;;;;;;;;
"=""API""";"=""WIND""";"=""2026-04-30T16:05:00+03:00""";"=""OA_YTM""";"=""AKSU RES""";"=""10928268862""";"=""2890""";"=""AKSU ÇAMLICA RES""";0,98;159,38;0;3,15;;;;;;;;
"=""API""";"=""WIND""";"=""2026-04-30T16:06:00+03:00""";"=""OA_YTM""";"=""AKSU RES""";"=""10928268862""";"=""2890""";"=""AKSU ÇAMLICA RES""";0,98;159,48;0;3,15;;;;;;;;
"=""API""";"=""WIND""";"=""2026-04-30T16:07:00+03:00""";"=""OA_YTM""";"=""AKSU RES""";"=""10928268862""";"=""2890""";"=""AKSU ÇAMLICA RES""";0,98;159,58;0;3,15;;;;;;;;
"=""API""";"=""WIND""";"=""2026-04-30T16:08:00+03:00""";"=""OA_YTM""";"=""AKSU RES""";"=""10928268862""";"=""2890""";"=""AKSU ÇAMLICA RES""";0,98;159,68;0;3,14;;;;;;;;
"=""API""";"=""WIND""";"=""2026-04-30T16:09:00+03:00""";"=""OA_YTM""";"=""AKSU RES""";"=""10928268862""";"=""2890""";"=""AKSU ÇAMLICA RES""";0,98;159,38;0;3,14;;;;;;;;
"=""API""";"=""WIND""";"=""2026-04-30T16:10:00+03:00""";"=""OA_YTM""";"=""AKSU RES""";"=""10928268862""";"=""2890""";"=""AKSU ÇAMLICA RES""";0,98;159,68;0;3,11;;;;;;;;
"=""API""";"=""WIND""";"=""2026-04-30T16:11:00+03:00""";"=""OA_YTM""";"=""AKSU RES""";"=""10928268862""";"=""2890""";"=""AKSU ÇAMLICA RES""";0,98;159,48;0;3,11;;;;;;;;
"=""API""";"=""WIND""";"=""2026-04-30T16:12:00+03:00""";"=""OA_YTM""";"=""AKSU RES""";"=""10928268862""";"=""2890""";"=""AKSU ÇAMLICA RES""";0,98;158,76;0;3,11;;;;;;;;
"=""API""";"=""WIND""";"=""2026-04-30T16:13:00+03:00""";"=""OA_YTM""";"=""AKSU RES""";"=""10928268862""";"=""2890""";"=""AKSU ÇAMLICA RES""";0,98;158,76;0;3,11;;;;;;;;
"=""API""";"=""WIND""";"=""2026-04-30T16:14:00+03:00""";"=""OA_YTM""";"=""AKSU RES""";"=""10928268862""";"=""2890""";"=""AKSU ÇAMLICA RES""";0,98;158,76;0;3,11;;;;;;;;
"=""API""";"=""WIND""";"=""2026-04-30T16:15:00+03:00""";"=""OA_YTM""";"=""AKSU RES""";"=""10928268862""";"=""2890""";"=""AKSU ÇAMLICA RES""";0,98;158,5;0;3,11;;;;;;;;
"=""API""";"=""WIND""";"=""2026-04-30T16:16:00+03:00""";"=""OA_YTM""";"=""AKSU RES""";"=""10928268862""";"=""2890""";"=""AKSU ÇAMLICA RES""";0,98;158,61;0;3,11;;;;;;;;
"=""API""";"=""WIND""";"=""2026-04-30T16:17:00+03:00""";"=""OA_YTM""";"=""AKSU RES""";"=""10928268862""";"=""2890""";"=""AKSU ÇAMLICA RES""";0,98;158,55;0;3,11;;;;;;;;
"=""API""";"=""WIND""";"=""2026-04-30T16:18:00+03:00""";"=""OA_YTM""";"=""AKSU RES""";"=""10928268862""";"=""2890""";"=""AKSU ÇAMLICA RES""";0,98;158,55;0;3,09;;;;;;;;
"=""API""";"=""WIND""";"=""2026-04-30T16:19:00+03:00""";"=""OA_YTM""";"=""AKSU RES""";"=""10928268862""";"=""2890""";"=""AKSU ÇAMLICA RES""";0,98;158,65;0;3,09;;;;;;;;
"=""API""";"=""WIND""";"=""2026-04-30T16:20:00+03:00""";"=""OA_YTM""";"=""AKSU RES""";"=""10928268862""";"=""2890""";"=""AKSU ÇAMLICA RES""";0,98;158,55;0;3,09;;;;;;;;
"=""API""";"=""WIND""";"=""2026-04-30T16:21:00+03:00""";"=""OA_YTM""";"=""AKSU RES""";"=""10928268862""";"=""2890""";"=""AKSU ÇAMLICA RES""";0,98;158,25;0;3,09;;;;;;;;
"=""API""";"=""WIND""";"=""2026-04-30T16:22:00+03:00""";"=""OA_YTM""";"=""AKSU RES""";"=""10928268862""";"=""2890""";"=""AKSU ÇAMLICA RES""";0,98;158,3;0;3,03;;;;;;;;
"=""API""";"=""WIND""";"=""2026-04-30T16:23:00+03:00""";"=""OA_YTM""";"=""AKSU RES""";"=""10928268862""";"=""2890""";"=""AKSU ÇAMLICA RES""";0,98;158,3;0;3,09;;;;;;;;
"=""API""";"=""WIND""";"=""2026-04-30T16:24:00+03:00""";"=""OA_YTM""";"=""AKSU RES""";"=""10928268862""";"=""2890""";"=""AKSU ÇAMLICA RES""";0,98;158,3;0;3,09;;;;;;;;
"=""API""";"=""WIND""";"=""2026-04-30T16:25:00+03:00""";"=""OA_YTM""";"=""AKSU RES""";"=""10928268862""";"=""2890""";"=""AKSU ÇAMLICA RES""";0,98;158,09;0;3,09;;;;;;;;
"=""API""";"=""WIND""";"=""2026-04-30T16:26:00+03:00""";"=""OA_YTM""";"=""AKSU RES""";"=""10928268862""";"=""2890""";"=""AKSU ÇAMLICA RES""";0,98;157,73;0;3,09;;;;;;;;
"=""API""";"=""WIND""";"=""2026-04-30T16:27:00+03:00""";"=""OA_YTM""";"=""AKSU RES""";"=""10928268862""";"=""2890""";"=""AKSU ÇAMLICA RES""";0,98;158,3;0;3,09;;;;;;;;
"=""API""";"=""WIND""";"=""2026-04-30T16:28:00+03:00""";"=""OA_YTM""";"=""AKSU RES""";"=""10928268862""";"=""2890""";"=""AKSU ÇAMLICA RES""";0,98;158,3;0;3,06;;;;;;;;
"=""API""";"=""WIND""";"=""2026-04-30T16:29:00+03:00""";"=""OA_YTM""";"=""AKSU RES""";"=""10928268862""";"=""2890""";"=""AKSU ÇAMLICA RES""";0,98;158,19;0;3,06;;;;;;;;
"=""API""";"=""WIND""";"=""2026-04-30T16:30:00+03:00""";"=""OA_YTM""";"=""AKSU RES""";"=""10928268862""";"=""2890""";"=""AKSU ÇAMLICA RES""";0,98;158,6;0;3,06;;;;;;;;
"=""API""";"=""WIND""";"=""2026-04-30T16:31:00+03:00""";"=""OA_YTM""";"=""AKSU RES""";"=""10928268862""";"=""2890""";"=""AKSU ÇAMLICA RES""";0,98;158,24;0;3,06;;;;;;;;
"=""API""";"=""WIND""";"=""2026-04-30T16:32:00+03:00""";"=""OA_YTM""";"=""AKSU RES""";"=""10928268862""";"=""2890""";"=""AKSU ÇAMLICA RES""";0,98;157,99;0;3,06;;;;;;;;
"=""API""";"=""WIND""";"=""2026-04-30T16:33:00+03:00""";"=""OA_YTM""";"=""AKSU RES""";"=""10928268862""";"=""2890""";"=""AKSU ÇAMLICA RES""";0,98;157,73;0;3,06;;;;;;;;
"=""API""";"=""WIND""";"=""2026-04-30T16:34:00+03:00""";"=""OA_YTM""";"=""AKSU RES""";"=""10928268862""";"=""2890""";"=""AKSU ÇAMLICA RES""";0,98;158,7;0;3,06;;;;;;;;
"=""API""";"=""WIND""";"=""2026-04-30T16:35:00+03:00""";"=""OA_YTM""";"=""AKSU RES""";"=""10928268862""";"=""2890""";"=""AKSU ÇAMLICA RES""";0,98;158,6;0;3,1;;;;;;;;
"=""API""";"=""WIND""";"=""2026-04-30T16:36:00+03:00""";"=""OA_YTM""";"=""AKSU RES""";"=""10928268862""";"=""2890""";"=""AKSU ÇAMLICA RES""";0,98;158,6;0;3,14;;;;;;;;
"=""API""";"=""WIND""";"=""2026-04-30T16:37:00+03:00""";"=""OA_YTM""";"=""AKSU RES""";"=""10928268862""";"=""2890""";"=""AKSU ÇAMLICA RES""";0,98;158,81;0;3,14;;;;;;;;
"=""API""";"=""WIND""";"=""2026-04-30T16:38:00+03:00""";"=""OA_YTM""";"=""AKSU RES""";"=""10928268862""";"=""2890""";"=""AKSU ÇAMLICA RES""";0,98;158,71;0;3,14;;;;;;;;
"=""API""";"=""WIND""";"=""2026-04-30T16:39:00+03:00""";"=""OA_YTM""";"=""AKSU RES""";"=""10928268862""";"=""2890""";"=""AKSU ÇAMLICA RES""";0,98;158,6;0;3,08;;;;;;;;
"=""API""";"=""WIND""";"=""2026-04-30T16:40:00+03:00""";"=""OA_YTM""";"=""AKSU RES""";"=""10928268862""";"=""2890""";"=""AKSU ÇAMLICA RES""";0,98;158,76;0;3,08;;;;;;;;
"=""API""";"=""WIND""";"=""2026-04-30T16:41:00+03:00""";"=""OA_YTM""";"=""AKSU RES""";"=""10928268862""";"=""2890""";"=""AKSU ÇAMLICA RES""";0,98;158,45;0;3,08;;;;;;;;
"=""API""";"=""WIND""";"=""2026-04-30T16:42:00+03:00""";"=""OA_YTM""";"=""AKSU RES""";"=""10928268862""";"=""2890""";"=""AKSU ÇAMLICA RES""";0,98;158,04;0;3,11;;;;;;;;
"=""API""";"=""WIND""";"=""2026-04-30T16:43:00+03:00""";"=""OA_YTM""";"=""AKSU RES""";"=""10928268862""";"=""2890""";"=""AKSU ÇAMLICA RES""";0,98;158,24;0;3,11;;;;;;;;
"=""API""";"=""WIND""";"=""2026-04-30T16:44:00+03:00""";"=""OA_YTM""";"=""AKSU RES""";"=""10928268862""";"=""2890""";"=""AKSU ÇAMLICA RES""";0,98;158,19;0;3,12;;;;;;;;
"=""API""";"=""WIND""";"=""2026-04-30T16:45:00+03:00""";"=""OA_YTM""";"=""AKSU RES""";"=""10928268862""";"=""2890""";"=""AKSU ÇAMLICA RES""";0,98;158,14;0;3,12;;;;;;;;
"=""API""";"=""WIND""";"=""2026-04-30T16:46:00+03:00""";"=""OA_YTM""";"=""AKSU RES""";"=""10928268862""";"=""2890""";"=""AKSU ÇAMLICA RES""";0,98;158,81;0;3,12;;;;;;;;
"=""API""";"=""WIND""";"=""2026-04-30T16:47:00+03:00""";"=""OA_YTM""";"=""AKSU RES""";"=""10928268862""";"=""2890""";"=""AKSU ÇAMLICA RES""";0,98;159,43;0;3,08;;;;;;;;
"=""API""";"=""WIND""";"=""2026-04-30T16:48:00+03:00""";"=""OA_YTM""";"=""AKSU RES""";"=""10928268862""";"=""2890""";"=""AKSU ÇAMLICA RES""";0,98;159,32;0;3,15;;;;;;;;
"=""API""";"=""WIND""";"=""2026-04-30T16:49:00+03:00""";"=""OA_YTM""";"=""AKSU RES""";"=""10928268862""";"=""2890""";"=""AKSU ÇAMLICA RES""";0,98;159,12;0;3,15;;;;;;;;
"=""API""";"=""WIND""";"=""2026-04-30T16:50:00+03:00""";"=""OA_YTM""";"=""AKSU RES""";"=""10928268862""";"=""2890""";"=""AKSU ÇAMLICA RES""";0,98;159,01;0;3,15;;;;;;;;
"=""API""";"=""WIND""";"=""2026-04-30T16:51:00+03:00""";"=""OA_YTM""";"=""AKSU RES""";"=""10928268862""";"=""2890""";"=""AKSU ÇAMLICA RES""";0,98;158,81;0;3,1;;;;;;;;
"=""API""";"=""WIND""";"=""2026-04-30T16:52:00+03:00""";"=""OA_YTM""";"=""AKSU RES""";"=""10928268862""";"=""2890""";"=""AKSU ÇAMLICA RES""";0,98;158,5;0;3,1;;;;;;;;
"=""API""";"=""WIND""";"=""2026-04-30T16:53:00+03:00""";"=""OA_YTM""";"=""AKSU RES""";"=""10928268862""";"=""2890""";"=""AKSU ÇAMLICA RES""";0,98;158,6;0;3,11;;;;;;;;
"=""API""";"=""WIND""";"=""2026-04-30T16:54:00+03:00""";"=""OA_YTM""";"=""AKSU RES""";"=""10928268862""";"=""2890""";"=""AKSU ÇAMLICA RES""";0,98;158,81;0;3,11;;;;;;;;
"=""API""";"=""WIND""";"=""2026-04-30T16:55:00+03:00""";"=""OA_YTM""";"=""AKSU RES""";"=""10928268862""";"=""2890""";"=""AKSU ÇAMLICA RES""";0,98;158,81;0;3,11;;;;;;;;
"=""API""";"=""WIND""";"=""2026-04-30T16:56:00+03:00""";"=""OA_YTM""";"=""AKSU RES""";"=""10928268862""";"=""2890""";"=""AKSU ÇAMLICA RES""";0,98;159,22;0;3,11;;;;;;;;
"=""API""";"=""WIND""";"=""2026-04-30T16:57:00+03:00""";"=""OA_YTM""";"=""AKSU RES""";"=""10928268862""";"=""2890""";"=""AKSU ÇAMLICA RES""";0,98;158,81;0;3,05;;;;;;;;
"=""API""";"=""WIND""";"=""2026-04-30T16:58:00+03:00""";"=""OA_YTM""";"=""AKSU RES""";"=""10928268862""";"=""2890""";"=""AKSU ÇAMLICA RES""";0,98;158,81;0;3,08;;;;;;;;
"=""API""";"=""WIND""";"=""2026-04-30T16:59:00+03:00""";"=""OA_YTM""";"=""AKSU RES""";"=""10928268862""";"=""2890""";"=""AKSU ÇAMLICA RES""";0,98;159,12;0;3,13;;;;;;;;
"=""API""";"=""WIND""";"=""2026-04-30T17:00:00+03:00""";"=""OA_YTM""";"=""AKSU RES""";"=""10928268862""";"=""2890""";"=""AKSU ÇAMLICA RES""";0,98;158,81;0;3,13;;;;;;;;
"=""API""";"=""WIND""";"=""2026-04-30T17:01:00+03:00""";"=""OA_YTM""";"=""AKSU RES""";"=""10928268862""";"=""2890""";"=""AKSU ÇAMLICA RES""";0,98;159,12;0;2,74;;;;;;;;
"=""API""";"=""WIND""";"=""2026-04-30T17:02:00+03:00""";"=""OA_YTM""";"=""AKSU RES""";"=""10928268862""";"=""2890""";"=""AKSU ÇAMLICA RES""";0,98;159,12;17,86;2,87;;;;;0;3,26;"=""0""";
"=""API""";"=""WIND""";"=""2026-04-30T17:03:00+03:00""";"=""OA_YTM""";"=""AKSU RES""";"=""10928268862""";"=""2890""";"=""AKSU ÇAMLICA RES""";0,98;159,12;23,81;4,24;;;;;0;4,35;"=""0""";
"=""API""";"=""WIND""";"=""2026-04-30T17:04:00+03:00""";"=""OA_YTM""";"=""AKSU RES""";"=""10928268862""";"=""2890""";"=""AKSU ÇAMLICA RES""";0,98;159,43;21,82;5,08;;;;;0;3,98;"=""1""";
"=""API""";"=""WIND""";"=""2026-04-30T17:05:00+03:00""";"=""OA_YTM""";"=""AKSU RES""";"=""10928268862""";"=""2890""";"=""AKSU ÇAMLICA RES""";0,98;159,22;19,84;4,42;;;;;0;3,62;"=""1""";
"=""API""";"=""WIND""";"=""2026-04-30T17:06:00+03:00""";"=""OA_YTM""";"=""AKSU RES""";"=""10928268862""";"=""2890""";"=""AKSU ÇAMLICA RES""";0,98;159,12;19,84;3,98;;;;;0;3,62;"=""1""";
"=""API""";"=""WIND""";"=""2026-04-30T17:07:00+03:00""";"=""OA_YTM""";"=""AKSU RES""";"=""10928268862""";"=""2890""";"=""AKSU ÇAMLICA RES""";0,98;158,81;18,85;4,02;;;;;0;3,44;"=""1""";
"=""API""";"=""WIND""";"=""2026-04-30T17:08:00+03:00""";"=""OA_YTM""";"=""AKSU RES""";"=""10928268862""";"=""2890""";"=""AKSU ÇAMLICA RES""";0,98;158,5;17,86;3,44;;;;;0;3,26;"=""1""";
"=""API""";"=""WIND""";"=""2026-04-30T17:09:00+03:00""";"=""OA_YTM""";"=""AKSU RES""";"=""10928268862""";"=""2890""";"=""AKSU ÇAMLICA RES""";0,98;158,4;14,88;3,13;;;;;0;2,71;"=""1""";
"=""API""";"=""WIND""";"=""2026-04-30T17:10:00+03:00""";"=""OA_YTM""";"=""AKSU RES""";"=""10928268862""";"=""2890""";"=""AKSU ÇAMLICA RES""";0,98;158,5;15,87;3,13;;;;;0;2,9;"=""1""";
"=""API""";"=""WIND""";"=""2026-04-30T17:11:00+03:00""";"=""OA_YTM""";"=""AKSU RES""";"=""10928268862""";"=""2890""";"=""AKSU ÇAMLICA RES""";0,98;158,5;14,88;3,13;;;;;0;2,71;"=""1""";
"=""API""";"=""WIND""";"=""2026-04-30T17:12:00+03:00""";"=""OA_YTM""";"=""AKSU RES""";"=""10928268862""";"=""2890""";"=""AKSU ÇAMLICA RES""";0,98;158,81;15,87;3,53;;;;;0;2,9;"=""1""";
"=""API""";"=""WIND""";"=""2026-04-30T17:13:00+03:00""";"=""OA_YTM""";"=""AKSU RES""";"=""10928268862""";"=""2890""";"=""AKSU ÇAMLICA RES""";0,98;158,4;16,87;3,52;;;;;0;3,08;"=""1""";
"=""API""";"=""WIND""";"=""2026-04-30T17:14:00+03:00""";"=""OA_YTM""";"=""AKSU RES""";"=""10928268862""";"=""2890""";"=""AKSU ÇAMLICA RES""";0,98;158,5;16,87;3,42;;;;;0;3,08;"=""1""";
"=""API""";"=""WIND""";"=""2026-04-30T17:15:00+03:00""";"=""OA_YTM""";"=""AKSU RES""";"=""10928268862""";"=""2890""";"=""AKSU ÇAMLICA RES""";0,98;158,19;15,87;3,34;;;;;0;2,9;"=""1""";
"=""API""";"=""WIND""";"=""2026-04-30T17:16:00+03:00""";"=""OA_YTM""";"=""AKSU RES""";"=""10928268862""";"=""2890""";"=""AKSU ÇAMLICA RES""";0,98;158,5;15,87;3,32;;;;;0;2,9;"=""1""";
"=""API""";"=""WIND""";"=""2026-04-30T17:17:00+03:00""";"=""OA_YTM""";"=""AKSU RES""";"=""10928268862""";"=""2890""";"=""AKSU ÇAMLICA RES""";0,98;158,5;17,86;3,62;;;;;0;3,26;"=""1""";
"=""API""";"=""WIND""";"=""2026-04-30T17:18:00+03:00""";"=""OA_YTM""";"=""AKSU RES""";"=""10928268862""";"=""2890""";"=""AKSU ÇAMLICA RES""";0,98;158,86;17,86;3,72;;;;;0;3,26;"=""1""";
"=""API""";"=""WIND""";"=""2026-04-30T17:19:00+03:00""";"=""OA_YTM""";"=""AKSU RES""";"=""10928268862""";"=""2890""";"=""AKSU ÇAMLICA RES""";0,98;159,07;17,86;3,83;;;;;0;3,26;"=""1""";
"=""API""";"=""WIND""";"=""2026-04-30T17:20:00+03:00""";"=""OA_YTM""";"=""AKSU RES""";"=""10928268862""";"=""2890""";"=""AKSU ÇAMLICA RES""";0,98;158,76;16,87;3,4;;;;;0;3,08;"=""1""";
"=""API""";"=""WIND""";"=""2026-04-30T17:21:00+03:00""";"=""OA_YTM""";"=""AKSU RES""";"=""10928268862""";"=""2890""";"=""AKSU ÇAMLICA RES""";0,98;158,24;18,85;3,81;;;;;0;3,44;"=""1""";
"=""API""";"=""WIND""";"=""2026-04-30T17:22:00+03:00""";"=""OA_YTM""";"=""AKSU RES""";"=""10928268862""";"=""2890""";"=""AKSU ÇAMLICA RES""";0,98;158,76;19,84;4,03;;;;;0;3,62;"=""1""";
"=""API""";"=""WIND""";"=""2026-04-30T17:23:00+03:00""";"=""OA_YTM""";"=""AKSU RES""";"=""10928268862""";"=""2890""";"=""AKSU ÇAMLICA RES""";0,98;158,66;20,83;4,23;;;;;0;3,8;"=""1""";
"=""API""";"=""WIND""";"=""2026-04-30T17:24:00+03:00""";"=""OA_YTM""";"=""AKSU RES""";"=""10928268862""";"=""2890""";"=""AKSU ÇAMLICA RES""";0,98;158,45;20,83;4,55;;;;;0;3,8;"=""1""";
"=""API""";"=""WIND""";"=""2026-04-30T17:25:00+03:00""";"=""OA_YTM""";"=""AKSU RES""";"=""10928268862""";"=""2890""";"=""AKSU ÇAMLICA RES""";0,98;159,43;22,82;4,12;;;;;0;4,17;"=""0""";
"=""API""";"=""WIND""";"=""2026-04-30T17:26:00+03:00""";"=""OA_YTM""";"=""AKSU RES""";"=""10928268862""";"=""2890""";"=""AKSU ÇAMLICA RES""";0,98;158,81;21,82;4,45;;;;;0;3,98;"=""1""";
"=""API""";"=""WIND""";"=""2026-04-30T17:27:00+03:00""";"=""OA_YTM""";"=""AKSU RES""";"=""10928268862""";"=""2890""";"=""AKSU ÇAMLICA RES""";0,98;158,66;18,85;4,08;;;;;0;3,44;"=""1""";
"=""API""";"=""WIND""";"=""2026-04-30T17:28:00+03:00""";"=""OA_YTM""";"=""AKSU RES""";"=""10928268862""";"=""2890""";"=""AKSU ÇAMLICA RES""";0,98;158,86;20,83;4,47;;;;;0;3,8;"=""1""";
"=""API""";"=""WIND""";"=""2026-04-30T17:29:00+03:00""";"=""OA_YTM""";"=""AKSU RES""";"=""10928268862""";"=""2890""";"=""AKSU ÇAMLICA RES""";0,98;158,55;18,85;4,2;;;;;0;3,44;"=""1""";
"=""API""";"=""WIND""";"=""2026-04-30T17:30:00+03:00""";"=""OA_YTM""";"=""AKSU RES""";"=""10928268862""";"=""2890""";"=""AKSU ÇAMLICA RES""";0,98;158,55;19,84;4;;;;;0;3,62;"=""1""";
"=""API""";"=""WIND""";"=""2026-04-30T17:31:00+03:00""";"=""OA_YTM""";"=""AKSU RES""";"=""10928268862""";"=""2890""";"=""AKSU ÇAMLICA RES""";0,98;158,04;18,85;4,06;;;;;0;3,44;"=""1""";
"=""API""";"=""WIND""";"=""2026-04-30T17:32:00+03:00""";"=""OA_YTM""";"=""AKSU RES""";"=""10928268862""";"=""2890""";"=""AKSU ÇAMLICA RES""";0,98;158,35;18,85;4,09;;;;;0;3,44;"=""1""";
"=""API""";"=""WIND""";"=""2026-04-30T17:33:00+03:00""";"=""OA_YTM""";"=""AKSU RES""";"=""10928268862""";"=""2890""";"=""AKSU ÇAMLICA RES""";0,98;158,19;18,85;3,91;;;;;0;3,44;"=""1""";
"=""API""";"=""WIND""";"=""2026-04-30T17:34:00+03:00""";"=""OA_YTM""";"=""AKSU RES""";"=""10928268862""";"=""2890""";"=""AKSU ÇAMLICA RES""";0,98;158,6;18,85;3,69;;;;;0;3,44;"=""1""";
"=""API""";"=""WIND""";"=""2026-04-30T17:35:00+03:00""";"=""OA_YTM""";"=""AKSU RES""";"=""10928268862""";"=""2890""";"=""AKSU ÇAMLICA RES""";0,98;158,65;16,87;3,63;;;;;0;3,08;"=""1""";
"=""API""";"=""WIND""";"=""2026-04-30T17:36:00+03:00""";"=""OA_YTM""";"=""AKSU RES""";"=""10928268862""";"=""2890""";"=""AKSU ÇAMLICA RES""";0,98;157,88;17,86;3,62;;;;;0;3,26;"=""1""";
"=""API""";"=""WIND""";"=""2026-04-30T17:37:00+03:00""";"=""OA_YTM""";"=""AKSU RES""";"=""10928268862""";"=""2890""";"=""AKSU ÇAMLICA RES""";0,98;157,88;16,87;3,63;;;;;0;3,08;"=""1""";
"=""API""";"=""WIND""";"=""2026-04-30T17:38:00+03:00""";"=""OA_YTM""";"=""AKSU RES""";"=""10928268862""";"=""2890""";"=""AKSU ÇAMLICA RES""";0,98;158,19;14,88;3,52;;;;;0;2,71;"=""1""";
"=""API""";"=""WIND""";"=""2026-04-30T17:39:00+03:00""";"=""OA_YTM""";"=""AKSU RES""";"=""10928268862""";"=""2890""";"=""AKSU ÇAMLICA RES""";0,98;157,99;13,89;3,01;;;;;0;2,53;"=""1""";
"=""API""";"=""WIND""";"=""2026-04-30T17:40:00+03:00""";"=""OA_YTM""";"=""AKSU RES""";"=""10928268862""";"=""2890""";"=""AKSU ÇAMLICA RES""";0,98;158,09;13,89;2,95;;;;;0;2,53;"=""1""";
"=""API""";"=""WIND""";"=""2026-04-30T17:41:00+03:00""";"=""OA_YTM""";"=""AKSU RES""";"=""10928268862""";"=""2890""";"=""AKSU ÇAMLICA RES""";0,98;157,88;12,9;2,74;;;;;0;2,35;"=""1""";
"=""API""";"=""WIND""";"=""2026-04-30T17:42:00+03:00""";"=""OA_YTM""";"=""AKSU RES""";"=""10928268862""";"=""2890""";"=""AKSU ÇAMLICA RES""";0,98;158,5;11,91;2,54;;;;;0;2,17;"=""1""";
"=""API""";"=""WIND""";"=""2026-04-30T17:43:00+03:00""";"=""OA_YTM""";"=""AKSU RES""";"=""10928268862""";"=""2890""";"=""AKSU ÇAMLICA RES""";0,98;158,5;14,88;2,68;;;;;0;2,71;"=""0""";
"=""API""";"=""WIND""";"=""2026-04-30T17:44:00+03:00""";"=""OA_YTM""";"=""AKSU RES""";"=""10928268862""";"=""2890""";"=""AKSU ÇAMLICA RES""";0,98;158,5;12,9;2,85;;;;;0;2,35;"=""1""";
"=""API""";"=""WIND""";"=""2026-04-30T17:45:00+03:00""";"=""OA_YTM""";"=""AKSU RES""";"=""10928268862""";"=""2890""";"=""AKSU ÇAMLICA RES""";0,98;158,09;13,89;2,85;;;;;0;2,53;"=""1""";
"=""API""";"=""WIND""";"=""2026-04-30T17:46:00+03:00""";"=""OA_YTM""";"=""AKSU RES""";"=""10928268862""";"=""2890""";"=""AKSU ÇAMLICA RES""";0,98;158,3;13,89;2,92;;;;;0;2,53;"=""1""";
"=""API""";"=""WIND""";"=""2026-04-30T17:47:00+03:00""";"=""OA_YTM""";"=""AKSU RES""";"=""10928268862""";"=""2890""";"=""AKSU ÇAMLICA RES""";0,98;158,81;13,89;2,75;;;;;0;2,53;"=""1""";
"=""API""";"=""WIND""";"=""2026-04-30T17:48:00+03:00""";"=""OA_YTM""";"=""AKSU RES""";"=""10928268862""";"=""2890""";"=""AKSU ÇAMLICA RES""";0,98;158,81;13,89;2,76;;;;;0;2,53;"=""1""";
"=""API""";"=""WIND""";"=""2026-04-30T17:49:00+03:00""";"=""OA_YTM""";"=""AKSU RES""";"=""10928268862""";"=""2890""";"=""AKSU ÇAMLICA RES""";0,98;158,76;12,9;2,55;;;;;0;2,35;"=""1""";
"=""API""";"=""WIND""";"=""2026-04-30T17:50:00+03:00""";"=""OA_YTM""";"=""AKSU RES""";"=""10928268862""";"=""2890""";"=""AKSU ÇAMLICA RES""";0,98;158,76;11,91;2,55;;;;;0;2,17;"=""1""";
"=""API""";"=""WIND""";"=""2026-04-30T17:51:00+03:00""";"=""OA_YTM""";"=""AKSU RES""";"=""10928268862""";"=""2890""";"=""AKSU ÇAMLICA RES""";0,98;158,76;12,9;2,72;;;;;0;2,35;"=""1""";
"=""API""";"=""WIND""";"=""2026-04-30T17:52:00+03:00""";"=""OA_YTM""";"=""AKSU RES""";"=""10928268862""";"=""2890""";"=""AKSU ÇAMLICA RES""";0,98;158,86;12,9;2,71;;;;;0;2,35;"=""1""";
"=""API""";"=""WIND""";"=""2026-04-30T17:53:00+03:00""";"=""OA_YTM""";"=""AKSU RES""";"=""10928268862""";"=""2890""";"=""AKSU ÇAMLICA RES""";0,98;158,66;12,9;2,71;;;;;0;2,35;"=""1""";
"=""API""";"=""WIND""";"=""2026-04-30T17:54:00+03:00""";"=""OA_YTM""";"=""AKSU RES""";"=""10928268862""";"=""2890""";"=""AKSU ÇAMLICA RES""";0,98;158,45;12,9;2,74;;;;;0;2,35;"=""1""";
"=""API""";"=""WIND""";"=""2026-04-30T17:55:00+03:00""";"=""OA_YTM""";"=""AKSU RES""";"=""10928268862""";"=""2890""";"=""AKSU ÇAMLICA RES""";0,98;158,35;12,9;2,74;;;;;0;2,35;"=""1""";
"=""API""";"=""WIND""";"=""2026-04-30T17:56:00+03:00""";"=""OA_YTM""";"=""AKSU RES""";"=""10928268862""";"=""2890""";"=""AKSU ÇAMLICA RES""";0,98;158,55;12,9;2,63;;;;;0;2,35;"=""1""";
"=""API""";"=""WIND""";"=""2026-04-30T17:57:00+03:00""";"=""OA_YTM""";"=""AKSU RES""";"=""10928268862""";"=""2890""";"=""AKSU ÇAMLICA RES""";0,98;158,25;12,9;2,56;;;;;0;2,35;"=""1""";
"=""API""";"=""WIND""";"=""2026-04-30T17:58:00+03:00""";"=""OA_YTM""";"=""AKSU RES""";"=""10928268862""";"=""2890""";"=""AKSU ÇAMLICA RES""";0,98;158,55;12,9;2,72;;;;;0;2,35;"=""1""";
"=""API""";"=""WIND""";"=""2026-04-30T17:59:00+03:00""";"=""OA_YTM""";"=""AKSU RES""";"=""10928268862""";"=""2890""";"=""AKSU ÇAMLICA RES""";0,98;158,76;11,91;2,59;;;;;0;2,17;"=""1""";
"=""API""";"=""WIND""";"=""2026-04-30T18:00:00+03:00""";"=""OA_YTM""";"=""AKSU RES""";"=""10928268862""";"=""2890""";"=""AKSU ÇAMLICA RES""";0,98;159,06;11,91;2,45;;;;;0;2,17;"=""1""";
"=""API""";"=""WIND""";"=""2026-04-30T18:01:00+03:00""";"=""OA_YTM""";"=""AKSU RES""";"=""10928268862""";"=""2890""";"=""AKSU ÇAMLICA RES""";0,98;159,27;11,91;2,41;;;;;0;2,17;"=""1""";
"=""API""";"=""WIND""";"=""2026-04-30T18:02:00+03:00""";"=""OA_YTM""";"=""AKSU RES""";"=""10928268862""";"=""2890""";"=""AKSU ÇAMLICA RES""";0,98;159,89;11,91;2,37;;;;;0;2,17;"=""1""";
"=""API""";"=""WIND""";"=""2026-04-30T18:03:00+03:00""";"=""OA_YTM""";"=""AKSU RES""";"=""10928268862""";"=""2890""";"=""AKSU ÇAMLICA RES""";0,98;159,68;11,91;2,48;;;;;0;2,17;"=""1""";
"=""API""";"=""WIND""";"=""2026-04-30T18:04:00+03:00""";"=""OA_YTM""";"=""AKSU RES""";"=""10928268862""";"=""2890""";"=""AKSU ÇAMLICA RES""";0,98;159,68;11,91;2,53;;;;;0;2,17;"=""1""";
"=""API""";"=""WIND""";"=""2026-04-30T18:05:00+03:00""";"=""OA_YTM""";"=""AKSU RES""";"=""10928268862""";"=""2890""";"=""AKSU ÇAMLICA RES""";0,98;159,17;12,9;2,51;;;;;0;2,35;"=""1""";
"=""API""";"=""WIND""";"=""2026-04-30T18:06:00+03:00""";"=""OA_YTM""";"=""AKSU RES""";"=""10928268862""";"=""2890""";"=""AKSU ÇAMLICA RES""";0,98;159,32;11,91;2,51;;;;;0;2,17;"=""1""";
"=""API""";"=""WIND""";"=""2026-04-30T18:07:00+03:00""";"=""OA_YTM""";"=""AKSU RES""";"=""10928268862""";"=""2890""";"=""AKSU ÇAMLICA RES""";0,98;159,43;11,91;2,37;;;;;0;2,17;"=""1""";
"=""API""";"=""WIND""";"=""2026-04-30T18:08:00+03:00""";"=""OA_YTM""";"=""AKSU RES""";"=""10928268862""";"=""2890""";"=""AKSU ÇAMLICA RES""";0,98;159,22;11,91;2,63;;;;;0;2,17;"=""1""";
"=""API""";"=""WIND""";"=""2026-04-30T18:09:00+03:00""";"=""OA_YTM""";"=""AKSU RES""";"=""10928268862""";"=""2890""";"=""AKSU ÇAMLICA RES""";0,98;159,32;12,9;2,3;;;;;0;2,35;"=""0""";
"=""API""";"=""WIND""";"=""2026-04-30T18:10:00+03:00""";"=""OA_YTM""";"=""AKSU RES""";"=""10928268862""";"=""2890""";"=""AKSU ÇAMLICA RES""";0,98;158,91;11,91;2,7;;;;;0;2,17;"=""1""";
"=""API""";"=""WIND""";"=""2026-04-30T18:11:00+03:00""";"=""OA_YTM""";"=""AKSU RES""";"=""10928268862""";"=""2890""";"=""AKSU ÇAMLICA RES""";0,98;158,71;13,89;2,63;;;;;0;2,53;"=""1""";
"=""API""";"=""WIND""";"=""2026-04-30T18:12:00+03:00""";"=""OA_YTM""";"=""AKSU RES""";"=""10928268862""";"=""2890""";"=""AKSU ÇAMLICA RES""";0,98;159,01;12,9;2,82;;;;;0;2,35;"=""1""";
"=""API""";"=""WIND""";"=""2026-04-30T18:13:00+03:00""";"=""OA_YTM""";"=""AKSU RES""";"=""10928268862""";"=""2890""";"=""AKSU ÇAMLICA RES""";0,98;158,71;11,91;2,7;;;;;0;2,17;"=""1""";
"=""API""";"=""WIND""";"=""2026-04-30T18:14:00+03:00""";"=""OA_YTM""";"=""AKSU RES""";"=""10928268862""";"=""2890""";"=""AKSU ÇAMLICA RES""";0,98;158,71;13,89;2,59;;;;;0;2,53;"=""1""";
"=""API""";"=""WIND""";"=""2026-04-30T18:15:00+03:00""";"=""OA_YTM""";"=""AKSU RES""";"=""10928268862""";"=""2890""";"=""AKSU ÇAMLICA RES""";0,98;158,71;11,91;2,64;;;;;0;2,17;"=""1""";
"=""API""";"=""WIND""";"=""2026-04-30T18:16:00+03:00""";"=""OA_YTM""";"=""AKSU RES""";"=""10928268862""";"=""2890""";"=""AKSU ÇAMLICA RES""";0,98;158,71;12,9;2,47;;;;;0;2,35;"=""1""";
"=""API""";"=""WIND""";"=""2026-04-30T18:17:00+03:00""";"=""OA_YTM""";"=""AKSU RES""";"=""10928268862""";"=""2890""";"=""AKSU ÇAMLICA RES""";0,98;158,71;11,91;2,56;;;;;0;2,17;"=""1""";
"=""API""";"=""WIND""";"=""2026-04-30T18:18:00+03:00""";"=""OA_YTM""";"=""AKSU RES""";"=""10928268862""";"=""2890""";"=""AKSU ÇAMLICA RES""";0,98;158,5;11,91;2,41;;;;;0;2,17;"=""1""";
"=""API""";"=""WIND""";"=""2026-04-30T18:19:00+03:00""";"=""OA_YTM""";"=""AKSU RES""";"=""10928268862""";"=""2890""";"=""AKSU ÇAMLICA RES""";0,98;158,14;11,91;2,36;;;;;0;2,17;"=""1""";
"=""API""";"=""WIND""";"=""2026-04-30T18:20:00+03:00""";"=""OA_YTM""";"=""AKSU RES""";"=""10928268862""";"=""2890""";"=""AKSU ÇAMLICA RES""";0,98;157,83;11,91;2,31;;;;;0;2,17;"=""1""";
"=""API""";"=""WIND""";"=""2026-04-30T18:21:00+03:00""";"=""OA_YTM""";"=""AKSU RES""";"=""10928268862""";"=""2890""";"=""AKSU ÇAMLICA RES""";0,98;158,14;12,9;2,49;;;;;0;2,35;"=""1""";
"=""API""";"=""WIND""";"=""2026-04-30T18:22:00+03:00""";"=""OA_YTM""";"=""AKSU RES""";"=""10928268862""";"=""2890""";"=""AKSU ÇAMLICA RES""";0,98;158,09;11,91;2,54;;;;;0;2,17;"=""1""";
"=""API""";"=""WIND""";"=""2026-04-30T18:23:00+03:00""";"=""OA_YTM""";"=""AKSU RES""";"=""10928268862""";"=""2890""";"=""AKSU ÇAMLICA RES""";0,98;158,35;11,91;2,47;;;;;0;2,17;"=""1""";
"=""API""";"=""WIND""";"=""2026-04-30T18:24:00+03:00""";"=""OA_YTM""";"=""AKSU RES""";"=""10928268862""";"=""2890""";"=""AKSU ÇAMLICA RES""";0,98;158,55;11,91;2,55;;;;;0;2,17;"=""1""";
"=""API""";"=""WIND""";"=""2026-04-30T18:25:00+03:00""";"=""OA_YTM""";"=""AKSU RES""";"=""10928268862""";"=""2890""";"=""AKSU ÇAMLICA RES""";0,98;159,32;11,91;2,34;;;;;0;2,17;"=""1""";
"=""API""";"=""WIND""";"=""2026-04-30T18:26:00+03:00""";"=""OA_YTM""";"=""AKSU RES""";"=""10928268862""";"=""2890""";"=""AKSU ÇAMLICA RES""";0,98;159,01;11,91;2,45;;;;;0;2,17;"=""1""";
"=""API""";"=""WIND""";"=""2026-04-30T18:27:00+03:00""";"=""OA_YTM""";"=""AKSU RES""";"=""10928268862""";"=""2890""";"=""AKSU ÇAMLICA RES""";0,98;158,81;11,91;2,45;;;;;0;2,17;"=""1""";
"=""API""";"=""WIND""";"=""2026-04-30T18:28:00+03:00""";"=""OA_YTM""";"=""AKSU RES""";"=""10928268862""";"=""2890""";"=""AKSU ÇAMLICA RES""";0,98;158,4;12,9;2,56;;;;;0;2,35;"=""1""";
"=""API""";"=""WIND""";"=""2026-04-30T18:29:00+03:00""";"=""OA_YTM""";"=""AKSU RES""";"=""10928268862""";"=""2890""";"=""AKSU ÇAMLICA RES""";0,98;158,5;13,89;2,65;;;;;0;2,53;"=""1""";
"=""API""";"=""WIND""";"=""2026-04-30T18:30:00+03:00""";"=""OA_YTM""";"=""AKSU RES""";"=""10928268862""";"=""2890""";"=""AKSU ÇAMLICA RES""";0,98;158,61;12,9;2,55;;;;;0;2,35;"=""1""";
"=""API""";"=""WIND""";"=""2026-04-30T18:31:00+03:00""";"=""OA_YTM""";"=""AKSU RES""";"=""10928268862""";"=""2890""";"=""AKSU ÇAMLICA RES""";0,98;159,12;11,91;2,55;;;;;0;2,17;"=""1""";
"=""API""";"=""WIND""";"=""2026-04-30T18:32:00+03:00""";"=""OA_YTM""";"=""AKSU RES""";"=""10928268862""";"=""2890""";"=""AKSU ÇAMLICA RES""";0,98;159,73;12,9;2,55;;;;;0;2,35;"=""1""";
"=""API""";"=""WIND""";"=""2026-04-30T18:33:00+03:00""";"=""OA_YTM""";"=""AKSU RES""";"=""10928268862""";"=""2890""";"=""AKSU ÇAMLICA RES""";0,98;160,14;10,91;2,46;;;;;0;1,99;"=""1""";
"=""API""";"=""WIND""";"=""2026-04-30T18:34:00+03:00""";"=""OA_YTM""";"=""AKSU RES""";"=""10928268862""";"=""2890""";"=""AKSU ÇAMLICA RES""";0,98;159,73;11,91;2,23;;;;;0;2,17;"=""1""";
"=""API""";"=""WIND""";"=""2026-04-30T18:35:00+03:00""";"=""OA_YTM""";"=""AKSU RES""";"=""10928268862""";"=""2890""";"=""AKSU ÇAMLICA RES""";0,98;159,42;11,91;2,59;;;;;0;2,17;"=""1""";
"=""API""";"=""WIND""";"=""2026-04-30T18:36:00+03:00""";"=""OA_YTM""";"=""AKSU RES""";"=""10928268862""";"=""2890""";"=""AKSU ÇAMLICA RES""";0,98;159,42;11,91;2,43;;;;;0;2,17;"=""1""";
"=""API""";"=""WIND""";"=""2026-04-30T18:37:00+03:00""";"=""OA_YTM""";"=""AKSU RES""";"=""10928268862""";"=""2890""";"=""AKSU ÇAMLICA RES""";0,98;159,32;12,9;2,5;;;;;0;2,35;"=""1""";
"=""API""";"=""WIND""";"=""2026-04-30T18:38:00+03:00""";"=""OA_YTM""";"=""AKSU RES""";"=""10928268862""";"=""2890""";"=""AKSU ÇAMLICA RES""";0,98;158,91;11,91;2,48;;;;;0;2,17;"=""1""";
"=""API""";"=""WIND""";"=""2026-04-30T18:39:00+03:00""";"=""OA_YTM""";"=""AKSU RES""";"=""10928268862""";"=""2890""";"=""AKSU ÇAMLICA RES""";0,98;158,71;10,91;2,42;;;;;0;1,99;"=""1""";
"=""API""";"=""WIND""";"=""2026-04-30T18:40:00+03:00""";"=""OA_YTM""";"=""AKSU RES""";"=""10928268862""";"=""2890""";"=""AKSU ÇAMLICA RES""";0,98;159,12;10,91;2,22;;;;;0;1,99;"=""1""";
"=""API""";"=""WIND""";"=""2026-04-30T18:41:00+03:00""";"=""OA_YTM""";"=""AKSU RES""";"=""10928268862""";"=""2890""";"=""AKSU ÇAMLICA RES""";0,98;158,91;12,9;2,48;;;;;0;2,35;"=""1""";
"=""API""";"=""WIND""";"=""2026-04-30T18:42:00+03:00""";"=""OA_YTM""";"=""AKSU RES""";"=""10928268862""";"=""2890""";"=""AKSU ÇAMLICA RES""";0,98;158,91;11,91;2,48;;;;;0;2,17;"=""1""";
"=""API""";"=""WIND""";"=""2026-04-30T18:43:00+03:00""";"=""OA_YTM""";"=""AKSU RES""";"=""10928268862""";"=""2890""";"=""AKSU ÇAMLICA RES""";0,98;158,81;11,91;2,41;;;;;0;2,17;"=""1""";
"=""API""";"=""WIND""";"=""2026-04-30T18:44:00+03:00""";"=""OA_YTM""";"=""AKSU RES""";"=""10928268862""";"=""2890""";"=""AKSU ÇAMLICA RES""";0,98;159,12;12,9;2,46;;;;;0;2,35;"=""1""";
"=""API""";"=""WIND""";"=""2026-04-30T18:45:00+03:00""";"=""OA_YTM""";"=""AKSU RES""";"=""10928268862""";"=""2890""";"=""AKSU ÇAMLICA RES""";0,98;159,12;12,9;2,59;;;;;0;2,35;"=""1""";
"=""API""";"=""WIND""";"=""2026-04-30T18:46:00+03:00""";"=""OA_YTM""";"=""AKSU RES""";"=""10928268862""";"=""2890""";"=""AKSU ÇAMLICA RES""";0,98;158,81;12,9;2,78;;;;;0;2,35;"=""1""";
"=""API""";"=""WIND""";"=""2026-04-30T18:47:00+03:00""";"=""OA_YTM""";"=""AKSU RES""";"=""10928268862""";"=""2890""";"=""AKSU ÇAMLICA RES""";0,98;159,53;12,9;2,67;;;;;0;2,35;"=""1""";
"=""API""";"=""WIND""";"=""2026-04-30T18:48:00+03:00""";"=""OA_YTM""";"=""AKSU RES""";"=""10928268862""";"=""2890""";"=""AKSU ÇAMLICA RES""";0,98;159,63;14,88;2,79;;;;;0;2,71;"=""1""";
"=""API""";"=""WIND""";"=""2026-04-30T18:49:00+03:00""";"=""OA_YTM""";"=""AKSU RES""";"=""10928268862""";"=""2890""";"=""AKSU ÇAMLICA RES""";0,98;159,42;14,88;2,93;;;;;0;2,71;"=""1""";
"=""API""";"=""WIND""";"=""2026-04-30T18:50:00+03:00""";"=""OA_YTM""";"=""AKSU RES""";"=""10928268862""";"=""2890""";"=""AKSU ÇAMLICA RES""";0,98;159,53;14,88;3,1;;;;;0;2,71;"=""1""";
"=""API""";"=""WIND""";"=""2026-04-30T18:51:00+03:00""";"=""OA_YTM""";"=""AKSU RES""";"=""10928268862""";"=""2890""";"=""AKSU ÇAMLICA RES""";0,98;159,42;15,87;3,31;;;;;0;2,9;"=""1""";
"=""API""";"=""WIND""";"=""2026-04-30T18:52:00+03:00""";"=""OA_YTM""";"=""AKSU RES""";"=""10928268862""";"=""2890""";"=""AKSU ÇAMLICA RES""";0,98;159,22;16,87;3,26;;;;;0;3,08;"=""1""";
"=""API""";"=""WIND""";"=""2026-04-30T18:53:00+03:00""";"=""OA_YTM""";"=""AKSU RES""";"=""10928268862""";"=""2890""";"=""AKSU ÇAMLICA RES""";0,98;159,42;16,87;3,48;;;;;0;3,08;"=""1""";
"=""API""";"=""WIND""";"=""2026-04-30T18:54:00+03:00""";"=""OA_YTM""";"=""AKSU RES""";"=""10928268862""";"=""2890""";"=""AKSU ÇAMLICA RES""";0,98;159,53;16,87;3,44;;;;;0;3,08;"=""1""";
"=""API""";"=""WIND""";"=""2026-04-30T18:55:00+03:00""";"=""OA_YTM""";"=""AKSU RES""";"=""10928268862""";"=""2890""";"=""AKSU ÇAMLICA RES""";0,98;158,71;15,87;3,75;;;;;0;2,9;"=""1""";
"=""API""";"=""WIND""";"=""2026-04-30T18:56:00+03:00""";"=""OA_YTM""";"=""AKSU RES""";"=""10928268862""";"=""2890""";"=""AKSU ÇAMLICA RES""";0,98;158,81;17,86;3,38;;;;;0;3,26;"=""1""";
"=""API""";"=""WIND""";"=""2026-04-30T18:57:00+03:00""";"=""OA_YTM""";"=""AKSU RES""";"=""10928268862""";"=""2890""";"=""AKSU ÇAMLICA RES""";0,98;159,12;17,86;3,43;;;;;0;3,26;"=""1""";
"=""API""";"=""WIND""";"=""2026-04-30T18:58:00+03:00""";"=""OA_YTM""";"=""AKSU RES""";"=""10928268862""";"=""2890""";"=""AKSU ÇAMLICA RES""";0,98;159,42;17,86;3,77;;;;;0;3,26;"=""1""";
"=""API""";"=""WIND""";"=""2026-04-30T18:59:00+03:00""";"=""OA_YTM""";"=""AKSU RES""";"=""10928268862""";"=""2890""";"=""AKSU ÇAMLICA RES""";0,98;159,42;18,85;3,77;;;;;0;3,44;"=""1""";
"=""API""";"=""WIND""";"=""2026-04-30T19:00:00+03:00""";"=""OA_YTM""";"=""AKSU RES""";"=""10928268862""";"=""2890""";"=""AKSU ÇAMLICA RES""";0,98;158,61;18,85;3,61;;;;;0;3,44;"=""1""";
"=""API""";"=""WIND""";"=""2026-04-30T19:01:00+03:00""";"=""OA_YTM""";"=""AKSU RES""";"=""10928268862""";"=""2890""";"=""AKSU ÇAMLICA RES""";0,98;158,71;19,84;4;;;;;0;3,62;"=""1""";
"=""API""";"=""WIND""";"=""2026-04-30T19:02:00+03:00""";"=""OA_YTM""";"=""AKSU RES""";"=""10928268862""";"=""2890""";"=""AKSU ÇAMLICA RES""";0,98;158,81;18,85;3,85;;;;;0;3,44;"=""1""";
"=""API""";"=""WIND""";"=""2026-04-30T19:03:00+03:00""";"=""OA_YTM""";"=""AKSU RES""";"=""10928268862""";"=""2890""";"=""AKSU ÇAMLICA RES""";0,98;158,4;17,86;3,71;;;;;0;3,26;"=""1""";
"=""API""";"=""WIND""";"=""2026-04-30T19:04:00+03:00""";"=""OA_YTM""";"=""AKSU RES""";"=""10928268862""";"=""2890""";"=""AKSU ÇAMLICA RES""";0,98;158,61;17,86;3,51;;;;;0;3,26;"=""1""";
"=""API""";"=""WIND""";"=""2026-04-30T19:05:00+03:00""";"=""OA_YTM""";"=""AKSU RES""";"=""10928268862""";"=""2890""";"=""AKSU ÇAMLICA RES""";0,98;158,61;16,87;3,72;;;;;0;3,08;"=""1""";
"=""API""";"=""WIND""";"=""2026-04-30T19:06:00+03:00""";"=""OA_YTM""";"=""AKSU RES""";"=""10928268862""";"=""2890""";"=""AKSU ÇAMLICA RES""";0,98;158,3;17,86;3,48;;;;;0;3,26;"=""1""";
"=""API""";"=""WIND""";"=""2026-04-30T19:07:00+03:00""";"=""OA_YTM""";"=""AKSU RES""";"=""10928268862""";"=""2890""";"=""AKSU ÇAMLICA RES""";0,98;158,19;16,87;3,81;;;;;0;3,08;"=""1""";
"=""API""";"=""WIND""";"=""2026-04-30T19:08:00+03:00""";"=""OA_YTM""";"=""AKSU RES""";"=""10928268862""";"=""2890""";"=""AKSU ÇAMLICA RES""";0,98;157,99;15,87;3,55;;;;;0;2,9;"=""1""";
"=""API""";"=""WIND""";"=""2026-04-30T19:09:00+03:00""";"=""OA_YTM""";"=""AKSU RES""";"=""10928268862""";"=""2890""";"=""AKSU ÇAMLICA RES""";0,98;157,88;15,87;3,45;;;;;0;2,9;"=""1""";
"=""API""";"=""WIND""";"=""2026-04-30T19:10:00+03:00""";"=""OA_YTM""";"=""AKSU RES""";"=""10928268862""";"=""2890""";"=""AKSU ÇAMLICA RES""";0,98;157,88;14,88;3,34;;;;;0;2,71;"=""1""";
"=""API""";"=""WIND""";"=""2026-04-30T19:11:00+03:00""";"=""OA_YTM""";"=""AKSU RES""";"=""10928268862""";"=""2890""";"=""AKSU ÇAMLICA RES""";0,98;157,88;14,88;3,11;;;;;0;2,71;"=""1""";
"=""API""";"=""WIND""";"=""2026-04-30T19:12:00+03:00""";"=""OA_YTM""";"=""AKSU RES""";"=""10928268862""";"=""2890""";"=""AKSU ÇAMLICA RES""";0,98;157,99;14,88;3,05;;;;;0;2,71;"=""1""";
"=""API""";"=""WIND""";"=""2026-04-30T19:13:00+03:00""";"=""OA_YTM""";"=""AKSU RES""";"=""10928268862""";"=""2890""";"=""AKSU ÇAMLICA RES""";0,98;157,78;14,88;3,14;;;;;0;2,71;"=""1""";
"=""API""";"=""WIND""";"=""2026-04-30T19:14:00+03:00""";"=""OA_YTM""";"=""AKSU RES""";"=""10928268862""";"=""2890""";"=""AKSU ÇAMLICA RES""";0,98;157,52;14,88;3,09;;;;;0;2,71;"=""1""";
"=""API""";"=""WIND""";"=""2026-04-30T19:15:00+03:00""";"=""OA_YTM""";"=""AKSU RES""";"=""10928268862""";"=""2890""";"=""AKSU ÇAMLICA RES""";0,98;157,78;15,87;3,09;;;;;0;2,9;"=""1""";
"=""API""";"=""WIND""";"=""2026-04-30T19:16:00+03:00""";"=""OA_YTM""";"=""AKSU RES""";"=""10928268862""";"=""2890""";"=""AKSU ÇAMLICA RES""";0,98;158,09;14,88;3,33;;;;;0;2,71;"=""1""";
"=""API""";"=""WIND""";"=""2026-04-30T19:17:00+03:00""";"=""OA_YTM""";"=""AKSU RES""";"=""10928268862""";"=""2890""";"=""AKSU ÇAMLICA RES""";0,98;158,19;14,88;3,26;;;;;0;2,71;"=""1""";
"=""API""";"=""WIND""";"=""2026-04-30T19:18:00+03:00""";"=""OA_YTM""";"=""AKSU RES""";"=""10928268862""";"=""2890""";"=""AKSU ÇAMLICA RES""";0,98;158,5;16,87;3,19;;;;;0;3,08;"=""1""";
"=""API""";"=""WIND""";"=""2026-04-30T19:19:00+03:00""";"=""OA_YTM""";"=""AKSU RES""";"=""10928268862""";"=""2890""";"=""AKSU ÇAMLICA RES""";0,98;157,88;16,87;3,35;;;;;0;3,08;"=""1""";
"=""API""";"=""WIND""";"=""2026-04-30T19:20:00+03:00""";"=""OA_YTM""";"=""AKSU RES""";"=""10928268862""";"=""2890""";"=""AKSU ÇAMLICA RES""";0,98;157,58;16,87;3,64;;;;;0;3,08;"=""1""";
"=""API""";"=""WIND""";"=""2026-04-30T19:21:00+03:00""";"=""OA_YTM""";"=""AKSU RES""";"=""10928268862""";"=""2890""";"=""AKSU ÇAMLICA RES""";0,98;157,99;16,87;3,52;;;;;0;3,08;"=""1""";
"=""API""";"=""WIND""";"=""2026-04-30T19:22:00+03:00""";"=""OA_YTM""";"=""AKSU RES""";"=""10928268862""";"=""2890""";"=""AKSU ÇAMLICA RES""";0,98;157,52;15,87;3,43;;;;;0;2,9;"=""1""";
"=""API""";"=""WIND""";"=""2026-04-30T19:23:00+03:00""";"=""OA_YTM""";"=""AKSU RES""";"=""10928268862""";"=""2890""";"=""AKSU ÇAMLICA RES""";0,98;157,83;15,87;3,48;;;;;0;2,9;"=""1""";
"=""API""";"=""WIND""";"=""2026-04-30T19:24:00+03:00""";"=""OA_YTM""";"=""AKSU RES""";"=""10928268862""";"=""2890""";"=""AKSU ÇAMLICA RES""";0,98;157,32;16,87;3,34;;;;;0;3,08;"=""1""";
"=""API""";"=""WIND""";"=""2026-04-30T19:25:00+03:00""";"=""OA_YTM""";"=""AKSU RES""";"=""10928268862""";"=""2890""";"=""AKSU ÇAMLICA RES""";0,98;157,22;18,85;3,69;;;;;0;3,44;"=""1""";
"=""API""";"=""WIND""";"=""2026-04-30T19:26:00+03:00""";"=""OA_YTM""";"=""AKSU RES""";"=""10928268862""";"=""2890""";"=""AKSU ÇAMLICA RES""";0,98;157,47;19,84;3,85;;;;;0;3,62;"=""1""";
"=""API""";"=""WIND""";"=""2026-04-30T19:27:00+03:00""";"=""OA_YTM""";"=""AKSU RES""";"=""10928268862""";"=""2890""";"=""AKSU ÇAMLICA RES""";0,98;156,96;20,83;3,95;;;;;0;3,8;"=""1""";
"=""API""";"=""WIND""";"=""2026-04-30T19:28:00+03:00""";"=""OA_YTM""";"=""AKSU RES""";"=""10928268862""";"=""2890""";"=""AKSU ÇAMLICA RES""";0,98;157,47;20,83;4,46;;;;;0;3,8;"=""1""";
"=""API""";"=""WIND""";"=""2026-04-30T19:29:00+03:00""";"=""OA_YTM""";"=""AKSU RES""";"=""10928268862""";"=""2890""";"=""AKSU ÇAMLICA RES""";0,98;158,04;20,83;4,69;;;;;0;3,8;"=""1""";
"=""API""";"=""WIND""";"=""2026-04-30T19:30:00+03:00""";"=""OA_YTM""";"=""AKSU RES""";"=""10928268862""";"=""2890""";"=""AKSU ÇAMLICA RES""";0,98;158,24;20,83;4,4;;;;;0;3,8;"=""1""";
"=""API""";"=""WIND""";"=""2026-04-30T19:31:00+03:00""";"=""OA_YTM""";"=""AKSU RES""";"=""10928268862""";"=""2890""";"=""AKSU ÇAMLICA RES""";0,98;158,14;21,82;4,4;;;;;0;3,98;"=""1""";
"=""API""";"=""WIND""";"=""2026-04-30T19:32:00+03:00""";"=""OA_YTM""";"=""AKSU RES""";"=""10928268862""";"=""2890""";"=""AKSU ÇAMLICA RES""";0,98;158,04;20,83;4,47;;;;;0;3,8;"=""1""";
"=""API""";"=""WIND""";"=""2026-04-30T19:33:00+03:00""";"=""OA_YTM""";"=""AKSU RES""";"=""10928268862""";"=""2890""";"=""AKSU ÇAMLICA RES""";0,98;158,04;20,83;4,14;;;;;0;3,8;"=""1""";
"=""API""";"=""WIND""";"=""2026-04-30T19:34:00+03:00""";"=""OA_YTM""";"=""AKSU RES""";"=""10928268862""";"=""2890""";"=""AKSU ÇAMLICA RES""";0,98;158,04;20,83;4,49;;;;;0;3,8;"=""1""";
"=""API""";"=""WIND""";"=""2026-04-30T19:35:00+03:00""";"=""OA_YTM""";"=""AKSU RES""";"=""10928268862""";"=""2890""";"=""AKSU ÇAMLICA RES""";0,98;157,88;20,83;4,37;;;;;0;3,8;"=""1""";
"=""API""";"=""WIND""";"=""2026-04-30T19:36:00+03:00""";"=""OA_YTM""";"=""AKSU RES""";"=""10928268862""";"=""2890""";"=""AKSU ÇAMLICA RES""";0,98;157,27;21,82;4,46;;;;;0;3,98;"=""1""";
"=""API""";"=""WIND""";"=""2026-04-30T19:37:00+03:00""";"=""OA_YTM""";"=""AKSU RES""";"=""10928268862""";"=""2890""";"=""AKSU ÇAMLICA RES""";0,98;156,86;20,83;4,66;;;;;0;3,8;"=""1""";
"=""API""";"=""WIND""";"=""2026-04-30T19:38:00+03:00""";"=""OA_YTM""";"=""AKSU RES""";"=""10928268862""";"=""2890""";"=""AKSU ÇAMLICA RES""";0,98;157,01;20,83;4,43;;;;;0;3,8;"=""1""";
"=""API""";"=""WIND""";"=""2026-04-30T19:39:00+03:00""";"=""OA_YTM""";"=""AKSU RES""";"=""10928268862""";"=""2890""";"=""AKSU ÇAMLICA RES""";0,98;157,22;20,83;4,31;;;;;0;3,8;"=""1""";
"=""API""";"=""WIND""";"=""2026-04-30T19:40:00+03:00""";"=""OA_YTM""";"=""AKSU RES""";"=""10928268862""";"=""2890""";"=""AKSU ÇAMLICA RES""";0,98;157,32;22,82;4,44;;;;;0;4,17;"=""1""";
"=""API""";"=""WIND""";"=""2026-04-30T19:41:00+03:00""";"=""OA_YTM""";"=""AKSU RES""";"=""10928268862""";"=""2890""";"=""AKSU ÇAMLICA RES""";0,98;157,22;21,82;4,35;;;;;0;3,98;"=""1""";
"=""API""";"=""WIND""";"=""2026-04-30T19:42:00+03:00""";"=""OA_YTM""";"=""AKSU RES""";"=""10928268862""";"=""2890""";"=""AKSU ÇAMLICA RES""";0,98;157,27;21,82;4,59;;;;;0;3,98;"=""1""";
"=""API""";"=""WIND""";"=""2026-04-30T19:43:00+03:00""";"=""OA_YTM""";"=""AKSU RES""";"=""10928268862""";"=""2890""";"=""AKSU ÇAMLICA RES""";0,98;157,52;20,83;4,1;;;;;0;3,8;"=""1""";
"=""API""";"=""WIND""";"=""2026-04-30T19:44:00+03:00""";"=""OA_YTM""";"=""AKSU RES""";"=""10928268862""";"=""2890""";"=""AKSU ÇAMLICA RES""";0,98;157,52;21,82;4,42;;;;;0;3,98;"=""1""";
"=""API""";"=""WIND""";"=""2026-04-30T19:45:00+03:00""";"=""OA_YTM""";"=""AKSU RES""";"=""10928268862""";"=""2890""";"=""AKSU ÇAMLICA RES""";0,98;156,91;21,82;4,49;;;;;0;3,98;"=""1""";
"=""API""";"=""WIND""";"=""2026-04-30T19:46:00+03:00""";"=""OA_YTM""";"=""AKSU RES""";"=""10928268862""";"=""2890""";"=""AKSU ÇAMLICA RES""";0,98;156,96;21,82;4,2;;;;;0;3,98;"=""1""";
"=""API""";"=""WIND""";"=""2026-04-30T19:47:00+03:00""";"=""OA_YTM""";"=""AKSU RES""";"=""10928268862""";"=""2890""";"=""AKSU ÇAMLICA RES""";0,98;157,27;19,84;4,33;;;;;0;3,62;"=""1""";
"=""API""";"=""WIND""";"=""2026-04-30T19:48:00+03:00""";"=""OA_YTM""";"=""AKSU RES""";"=""10928268862""";"=""2890""";"=""AKSU ÇAMLICA RES""";0,98;157,52;22,82;4,84;;;;;0;4,17;"=""1""";
"=""API""";"=""WIND""";"=""2026-04-30T19:49:00+03:00""";"=""OA_YTM""";"=""AKSU RES""";"=""10928268862""";"=""2890""";"=""AKSU ÇAMLICA RES""";0,98;157,58;22,82;4,53;;;;;0;4,17;"=""1""";
"=""API""";"=""WIND""";"=""2026-04-30T19:50:00+03:00""";"=""OA_YTM""";"=""AKSU RES""";"=""10928268862""";"=""2890""";"=""AKSU ÇAMLICA RES""";0,98;157,88;21,82;4,41;;;;;0;3,98;"=""1""";
"=""API""";"=""WIND""";"=""2026-04-30T19:51:00+03:00""";"=""OA_YTM""";"=""AKSU RES""";"=""10928268862""";"=""2890""";"=""AKSU ÇAMLICA RES""";0,98;157,58;22,82;4,62;;;;;0;4,17;"=""1""";
"=""API""";"=""WIND""";"=""2026-04-30T19:52:00+03:00""";"=""OA_YTM""";"=""AKSU RES""";"=""10928268862""";"=""2890""";"=""AKSU ÇAMLICA RES""";0,98;157,11;22,82;4,77;;;;;0;4,17;"=""1""";
"=""API""";"=""WIND""";"=""2026-04-30T19:53:00+03:00""";"=""OA_YTM""";"=""AKSU RES""";"=""10928268862""";"=""2890""";"=""AKSU ÇAMLICA RES""";0,98;157,22;25,79;4,75;;;;;0;4,71;"=""1""";
"=""API""";"=""WIND""";"=""2026-04-30T19:54:00+03:00""";"=""OA_YTM""";"=""AKSU RES""";"=""10928268862""";"=""2890""";"=""AKSU ÇAMLICA RES""";0,98;157,22;24,8;4,68;;;;;0;4,53;"=""1""";
"=""API""";"=""WIND""";"=""2026-04-30T19:55:00+03:00""";"=""OA_YTM""";"=""AKSU RES""";"=""10928268862""";"=""2890""";"=""AKSU ÇAMLICA RES""";0,98;157,73;25,79;5,28;;;;;0;4,71;"=""1""";
"=""API""";"=""WIND""";"=""2026-04-30T19:56:00+03:00""";"=""OA_YTM""";"=""AKSU RES""";"=""10928268862""";"=""2890""";"=""AKSU ÇAMLICA RES""";0,98;156,55;23,81;5,18;;;;;0;4,35;"=""1""";
"=""API""";"=""WIND""";"=""2026-04-30T19:57:00+03:00""";"=""OA_YTM""";"=""AKSU RES""";"=""10928268862""";"=""2890""";"=""AKSU ÇAMLICA RES""";0,98;156,75;21,82;4,55;;;;;0;3,98;"=""1""";
"=""API""";"=""WIND""";"=""2026-04-30T19:58:00+03:00""";"=""OA_YTM""";"=""AKSU RES""";"=""10928268862""";"=""2890""";"=""AKSU ÇAMLICA RES""";0,98;156,75;23,81;4,81;;;;;0;4,35;"=""1""";
"=""API""";"=""WIND""";"=""2026-04-30T19:59:00+03:00""";"=""OA_YTM""";"=""AKSU RES""";"=""10928268862""";"=""2890""";"=""AKSU ÇAMLICA RES""";0,98;156,65;22,82;4,75;;;;;0;4,17;"=""1""";
"=""API""";"=""WIND""";"=""2026-04-30T20:00:00+03:00""";"=""OA_YTM""";"=""AKSU RES""";"=""10928268862""";"=""2890""";"=""AKSU ÇAMLICA RES""";0,99;156,75;21,82;4,8;;;;;0;2,79;"=""1""";
"=""API""";"=""WIND""";"=""2026-04-30T20:01:00+03:00""";"=""OA_YTM""";"=""AKSU RES""";"=""10928268862""";"=""2890""";"=""AKSU ÇAMLICA RES""";0,99;156,86;22,82;4,41;;;;;0;2,92;"=""1""";
"=""API""";"=""WIND""";"=""2026-04-30T20:02:00+03:00""";"=""OA_YTM""";"=""AKSU RES""";"=""10928268862""";"=""2890""";"=""AKSU ÇAMLICA RES""";0,99;157,63;22,82;4,9;;;;;0;2,92;"=""1""";
"=""API""";"=""WIND""";"=""2026-04-30T20:03:00+03:00""";"=""OA_YTM""";"=""AKSU RES""";"=""10928268862""";"=""2890""";"=""AKSU ÇAMLICA RES""";0,99;157,47;24,8;4,87;;;;;0;3,18;"=""1""";
"=""API""";"=""WIND""";"=""2026-04-30T20:04:00+03:00""";"=""OA_YTM""";"=""AKSU RES""";"=""10928268862""";"=""2890""";"=""AKSU ÇAMLICA RES""";0,99;158,25;23,81;4,84;;;;;0;3,05;"=""1""";
"=""API""";"=""WIND""";"=""2026-04-30T20:05:00+03:00""";"=""OA_YTM""";"=""AKSU RES""";"=""10928268862""";"=""2890""";"=""AKSU ÇAMLICA RES""";0,99;157,78;22,82;3,57;;;;;0;2,92;"=""1""";
"=""API""";"=""WIND""";"=""2026-04-30T20:06:00+03:00""";"=""OA_YTM""";"=""AKSU RES""";"=""10928268862""";"=""2890""";"=""AKSU ÇAMLICA RES""";0,99;157,78;24,8;3,44;;;;;0;3,18;"=""1""";
"=""API""";"=""WIND""";"=""2026-04-30T20:07:00+03:00""";"=""OA_YTM""";"=""AKSU RES""";"=""10928268862""";"=""2890""";"=""AKSU ÇAMLICA RES""";0,99;157,47;23,81;3,26;;;;;0;3,05;"=""1""";
"=""API""";"=""WIND""";"=""2026-04-30T20:08:00+03:00""";"=""OA_YTM""";"=""AKSU RES""";"=""10928268862""";"=""2890""";"=""AKSU ÇAMLICA RES""";0,99;157,47;22,82;3,66;;;;;0;2,92;"=""1""";
"=""API""";"=""WIND""";"=""2026-04-30T20:09:00+03:00""";"=""OA_YTM""";"=""AKSU RES""";"=""10928268862""";"=""2890""";"=""AKSU ÇAMLICA RES""";0,99;157,47;24,8;3,41;;;;;0;3,18;"=""1""";
"=""API""";"=""WIND""";"=""2026-04-30T20:10:00+03:00""";"=""OA_YTM""";"=""AKSU RES""";"=""10928268862""";"=""2890""";"=""AKSU ÇAMLICA RES""";0,99;157,47;23,81;3,39;;;;;0;3,05;"=""1""";
"=""API""";"=""WIND""";"=""2026-04-30T20:11:00+03:00""";"=""OA_YTM""";"=""AKSU RES""";"=""10928268862""";"=""2890""";"=""AKSU ÇAMLICA RES""";0,99;157,47;24,8;3,49;;;;;0;3,18;"=""1""";
"=""API""";"=""WIND""";"=""2026-04-30T20:12:00+03:00""";"=""OA_YTM""";"=""AKSU RES""";"=""10928268862""";"=""2890""";"=""AKSU ÇAMLICA RES""";0,99;157,27;23,81;3,58;;;;;0;3,05;"=""1""";
"=""API""";"=""WIND""";"=""2026-04-30T20:13:00+03:00""";"=""OA_YTM""";"=""AKSU RES""";"=""10928268862""";"=""2890""";"=""AKSU ÇAMLICA RES""";0,99;157,42;24,8;3,43;;;;;0;3,18;"=""1""";
"=""API""";"=""WIND""";"=""2026-04-30T20:14:00+03:00""";"=""OA_YTM""";"=""AKSU RES""";"=""10928268862""";"=""2890""";"=""AKSU ÇAMLICA RES""";0,99;157,73;23,81;3,35;;;;;0;3,05;"=""1""";
"=""API""";"=""WIND""";"=""2026-04-30T20:15:00+03:00""";"=""OA_YTM""";"=""AKSU RES""";"=""10928268862""";"=""2890""";"=""AKSU ÇAMLICA RES""";0,99;157,73;26,79;3,36;;;;;0;3,43;"=""0""";
"=""API""";"=""WIND""";"=""2026-04-30T20:16:00+03:00""";"=""OA_YTM""";"=""AKSU RES""";"=""10928268862""";"=""2890""";"=""AKSU ÇAMLICA RES""";0,99;157,73;26,79;3,94;;;;;0;3,43;"=""1""";
"=""API""";"=""WIND""";"=""2026-04-30T20:17:00+03:00""";"=""OA_YTM""";"=""AKSU RES""";"=""10928268862""";"=""2890""";"=""AKSU ÇAMLICA RES""";0,99;158,04;25,79;3,84;;;;;0;3,3;"=""1""";
"=""API""";"=""WIND""";"=""2026-04-30T20:18:00+03:00""";"=""OA_YTM""";"=""AKSU RES""";"=""10928268862""";"=""2890""";"=""AKSU ÇAMLICA RES""";0,99;158,04;25,79;3,82;;;;;0;3,3;"=""1""";
"=""API""";"=""WIND""";"=""2026-04-30T20:19:00+03:00""";"=""OA_YTM""";"=""AKSU RES""";"=""10928268862""";"=""2890""";"=""AKSU ÇAMLICA RES""";0,99;157,73;26,79;3,73;;;;;0;3,43;"=""1""";
"=""API""";"=""WIND""";"=""2026-04-30T20:20:00+03:00""";"=""OA_YTM""";"=""AKSU RES""";"=""10928268862""";"=""2890""";"=""AKSU ÇAMLICA RES""";0,99;157,73;26,79;3,84;;;;;0;3,43;"=""1""";
"=""API""";"=""WIND""";"=""2026-04-30T20:21:00+03:00""";"=""OA_YTM""";"=""AKSU RES""";"=""10928268862""";"=""2890""";"=""AKSU ÇAMLICA RES""";0,99;157,42;27,78;3,9;;;;;0;3,56;"=""1""";
"=""API""";"=""WIND""";"=""2026-04-30T20:22:00+03:00""";"=""OA_YTM""";"=""AKSU RES""";"=""10928268862""";"=""2890""";"=""AKSU ÇAMLICA RES""";0,99;157,42;28,77;3,88;;;;;0;3,68;"=""1""";
"=""API""";"=""WIND""";"=""2026-04-30T20:23:00+03:00""";"=""OA_YTM""";"=""AKSU RES""";"=""10928268862""";"=""2890""";"=""AKSU ÇAMLICA RES""";0,99;157,42;28,77;4,01;;;;;0;3,68;"=""1""";
"=""API""";"=""WIND""";"=""2026-04-30T20:24:00+03:00""";"=""OA_YTM""";"=""AKSU RES""";"=""10928268862""";"=""2890""";"=""AKSU ÇAMLICA RES""";0,99;157,11;28,77;4,2;;;;;0;3,68;"=""1""";
"=""API""";"=""WIND""";"=""2026-04-30T20:25:00+03:00""";"=""OA_YTM""";"=""AKSU RES""";"=""10928268862""";"=""2890""";"=""AKSU ÇAMLICA RES""";0,99;157,11;30,76;4,65;;;;;0;3,94;"=""1""";
"=""API""";"=""WIND""";"=""2026-04-30T20:26:00+03:00""";"=""OA_YTM""";"=""AKSU RES""";"=""10928268862""";"=""2890""";"=""AKSU ÇAMLICA RES""";0,99;157,27;33,73;4,45;;;;;0;4,32;"=""1""";
"=""API""";"=""WIND""";"=""2026-04-30T20:27:00+03:00""";"=""OA_YTM""";"=""AKSU RES""";"=""10928268862""";"=""2890""";"=""AKSU ÇAMLICA RES""";0,99;157,47;32,74;4,83;;;;;0;4,19;"=""1""";
"=""API""";"=""WIND""";"=""2026-04-30T20:28:00+03:00""";"=""OA_YTM""";"=""AKSU RES""";"=""10928268862""";"=""2890""";"=""AKSU ÇAMLICA RES""";0,99;157,42;33,73;5,01;;;;;0;4,32;"=""1""";
"=""API""";"=""WIND""";"=""2026-04-30T20:29:00+03:00""";"=""OA_YTM""";"=""AKSU RES""";"=""10928268862""";"=""2890""";"=""AKSU ÇAMLICA RES""";0,99;157,52;32,74;4,87;;;;;0;4,19;"=""1""";
"=""API""";"=""WIND""";"=""2026-04-30T20:30:00+03:00""";"=""OA_YTM""";"=""AKSU RES""";"=""10928268862""";"=""2890""";"=""AKSU ÇAMLICA RES""";0,99;157,78;34,72;4,77;;;;;0;4,45;"=""1""";
"=""API""";"=""WIND""";"=""2026-04-30T20:31:00+03:00""";"=""OA_YTM""";"=""AKSU RES""";"=""10928268862""";"=""2890""";"=""AKSU ÇAMLICA RES""";0,99;157,78;31,75;5;;;;;0;4,07;"=""1""";
"=""API""";"=""WIND""";"=""2026-04-30T20:32:00+03:00""";"=""OA_YTM""";"=""AKSU RES""";"=""10928268862""";"=""2890""";"=""AKSU ÇAMLICA RES""";0,99;157,78;35,71;5,1;;;;;0;4,57;"=""1""";
"=""API""";"=""WIND""";"=""2026-04-30T20:33:00+03:00""";"=""OA_YTM""";"=""AKSU RES""";"=""10928268862""";"=""2890""";"=""AKSU ÇAMLICA RES""";0,99;157,78;36,71;5,1;;;;;0;4,7;"=""1""";
"=""API""";"=""WIND""";"=""2026-04-30T20:34:00+03:00""";"=""OA_YTM""";"=""AKSU RES""";"=""10928268862""";"=""2890""";"=""AKSU ÇAMLICA RES""";0,99;158,19;35,71;5,02;;;;;0;4,57;"=""1""";
"=""API""";"=""WIND""";"=""2026-04-30T20:35:00+03:00""";"=""OA_YTM""";"=""AKSU RES""";"=""10928268862""";"=""2890""";"=""AKSU ÇAMLICA RES""";0,99;158,09;37,7;5,36;;;;;0;4,83;"=""1""";
"=""API""";"=""WIND""";"=""2026-04-30T20:36:00+03:00""";"=""OA_YTM""";"=""AKSU RES""";"=""10928268862""";"=""2890""";"=""AKSU ÇAMLICA RES""";0,99;157,78;35,71;5;;;;;0;4,57;"=""1""";
"=""API""";"=""WIND""";"=""2026-04-30T20:37:00+03:00""";"=""OA_YTM""";"=""AKSU RES""";"=""10928268862""";"=""2890""";"=""AKSU ÇAMLICA RES""";0,99;157,58;35,71;5,08;;;;;0;4,57;"=""1""";
"=""API""";"=""WIND""";"=""2026-04-30T20:38:00+03:00""";"=""OA_YTM""";"=""AKSU RES""";"=""10928268862""";"=""2890""";"=""AKSU ÇAMLICA RES""";0,99;157,88;35,71;5,44;;;;;0;4,57;"=""1""";
"=""API""";"=""WIND""";"=""2026-04-30T20:39:00+03:00""";"=""OA_YTM""";"=""AKSU RES""";"=""10928268862""";"=""2890""";"=""AKSU ÇAMLICA RES""";0,99;157,58;36,71;4,76;;;;;0;4,7;"=""1""";
"=""API""";"=""WIND""";"=""2026-04-30T20:40:00+03:00""";"=""OA_YTM""";"=""AKSU RES""";"=""10928268862""";"=""2890""";"=""AKSU ÇAMLICA RES""";0,99;157,17;33,73;5,18;;;;;0;4,32;"=""1""";
"=""API""";"=""WIND""";"=""2026-04-30T20:41:00+03:00""";"=""OA_YTM""";"=""AKSU RES""";"=""10928268862""";"=""2890""";"=""AKSU ÇAMLICA RES""";0,99;157,47;34,72;4,59;;;;;0;4,45;"=""1""";
"=""API""";"=""WIND""";"=""2026-04-30T20:42:00+03:00""";"=""OA_YTM""";"=""AKSU RES""";"=""10928268862""";"=""2890""";"=""AKSU ÇAMLICA RES""";0,99;157,37;34,72;4,52;;;;;0;4,45;"=""1""";
"=""API""";"=""WIND""";"=""2026-04-30T20:43:00+03:00""";"=""OA_YTM""";"=""AKSU RES""";"=""10928268862""";"=""2890""";"=""AKSU ÇAMLICA RES""";0,99;158,19;34,72;5,08;;;;;0;4,45;"=""1""";
"=""API""";"=""WIND""";"=""2026-04-30T20:44:00+03:00""";"=""OA_YTM""";"=""AKSU RES""";"=""10928268862""";"=""2890""";"=""AKSU ÇAMLICA RES""";0,99;157,99;36,71;5,57;;;;;0;4,7;"=""1""";
"=""API""";"=""WIND""";"=""2026-04-30T20:45:00+03:00""";"=""OA_YTM""";"=""AKSU RES""";"=""10928268862""";"=""2890""";"=""AKSU ÇAMLICA RES""";0,99;158,35;35,71;4,86;;;;;0;4,57;"=""1""";
"=""API""";"=""WIND""";"=""2026-04-30T20:46:00+03:00""";"=""OA_YTM""";"=""AKSU RES""";"=""10928268862""";"=""2890""";"=""AKSU ÇAMLICA RES""";0,99;158,35;33,73;5,2;;;;;0;4,32;"=""1""";
"=""API""";"=""WIND""";"=""2026-04-30T20:47:00+03:00""";"=""OA_YTM""";"=""AKSU RES""";"=""10928268862""";"=""2890""";"=""AKSU ÇAMLICA RES""";0,99;158,24;34,72;4,8;;;;;0;4,45;"=""1""";
"=""API""";"=""WIND""";"=""2026-04-30T20:48:00+03:00""";"=""OA_YTM""";"=""AKSU RES""";"=""10928268862""";"=""2890""";"=""AKSU ÇAMLICA RES""";0,99;158,24;32,74;4,99;;;;;0;4,19;"=""1""";
"=""API""";"=""WIND""";"=""2026-04-30T20:49:00+03:00""";"=""OA_YTM""";"=""AKSU RES""";"=""10928268862""";"=""2890""";"=""AKSU ÇAMLICA RES""";0,99;158,24;32,74;5,02;;;;;0;4,19;"=""1""";
"=""API""";"=""WIND""";"=""2026-04-30T20:50:00+03:00""";"=""OA_YTM""";"=""AKSU RES""";"=""10928268862""";"=""2890""";"=""AKSU ÇAMLICA RES""";0,99;158,04;32,74;4,82;;;;;0;4,19;"=""1""";
"=""API""";"=""WIND""";"=""2026-04-30T20:51:00+03:00""";"=""OA_YTM""";"=""AKSU RES""";"=""10928268862""";"=""2890""";"=""AKSU ÇAMLICA RES""";0,99;158,04;32,74;4,83;;;;;0;4,19;"=""1""";
"=""API""";"=""WIND""";"=""2026-04-30T20:52:00+03:00""";"=""OA_YTM""";"=""AKSU RES""";"=""10928268862""";"=""2890""";"=""AKSU ÇAMLICA RES""";0,99;158,04;31,75;4,68;;;;;0;4,07;"=""1""";
"=""API""";"=""WIND""";"=""2026-04-30T20:53:00+03:00""";"=""OA_YTM""";"=""AKSU RES""";"=""10928268862""";"=""2890""";"=""AKSU ÇAMLICA RES""";0,99;158,24;32,74;4,5;;;;;0;4,19;"=""1""";
"=""API""";"=""WIND""";"=""2026-04-30T20:54:00+03:00""";"=""OA_YTM""";"=""AKSU RES""";"=""10928268862""";"=""2890""";"=""AKSU ÇAMLICA RES""";0,99;158,24;31,75;4,62;;;;;0;4,07;"=""1""";
"=""API""";"=""WIND""";"=""2026-04-30T20:55:00+03:00""";"=""OA_YTM""";"=""AKSU RES""";"=""10928268862""";"=""2890""";"=""AKSU ÇAMLICA RES""";0,99;158,45;30,76;4,41;;;;;0;3,94;"=""1""";
"=""API""";"=""WIND""";"=""2026-04-30T20:56:00+03:00""";"=""OA_YTM""";"=""AKSU RES""";"=""10928268862""";"=""2890""";"=""AKSU ÇAMLICA RES""";0,99;158,55;29,76;4,42;;;;;0;3,81;"=""1""";
"=""API""";"=""WIND""";"=""2026-04-30T20:57:00+03:00""";"=""OA_YTM""";"=""AKSU RES""";"=""10928268862""";"=""2890""";"=""AKSU ÇAMLICA RES""";0,99;158,65;32,74;4,53;;;;;0;4,19;"=""1""";
"=""API""";"=""WIND""";"=""2026-04-30T20:58:00+03:00""";"=""OA_YTM""";"=""AKSU RES""";"=""10928268862""";"=""2890""";"=""AKSU ÇAMLICA RES""";0,99;158,35;29,76;4,59;;;;;0;3,81;"=""1""";
"=""API""";"=""WIND""";"=""2026-04-30T20:59:00+03:00""";"=""OA_YTM""";"=""AKSU RES""";"=""10928268862""";"=""2890""";"=""AKSU ÇAMLICA RES""";0,99;158,65;30,76;4,28;;;;;0;3,94;"=""1""";
"=""API""";"=""WIND""";"=""2026-04-30T21:00:00+03:00""";"=""OA_YTM""";"=""AKSU RES""";"=""10928268862""";"=""2890""";"=""AKSU ÇAMLICA RES""";0,99;158,35;29,76;4,74;;;;;0;3,81;"=""1""";
"=""API""";"=""WIND""";"=""2026-04-30T21:01:00+03:00""";"=""OA_YTM""";"=""AKSU RES""";"=""10928268862""";"=""2890""";"=""AKSU ÇAMLICA RES""";0,99;158,24;29,76;4,09;;;;;0;3,81;"=""1""";
"=""API""";"=""WIND""";"=""2026-04-30T21:02:00+03:00""";"=""OA_YTM""";"=""AKSU RES""";"=""10928268862""";"=""2890""";"=""AKSU ÇAMLICA RES""";0,99;158,55;29,76;4,24;;;;;0;3,81;"=""1""";
"=""API""";"=""WIND""";"=""2026-04-30T21:03:00+03:00""";"=""OA_YTM""";"=""AKSU RES""";"=""10928268862""";"=""2890""";"=""AKSU ÇAMLICA RES""";0,99;158,14;27,78;4,05;;;;;0;3,56;"=""1""";
"=""API""";"=""WIND""";"=""2026-04-30T21:04:00+03:00""";"=""OA_YTM""";"=""AKSU RES""";"=""10928268862""";"=""2890""";"=""AKSU ÇAMLICA RES""";0,99;158,29;27,78;4,06;;;;;0;3,56;"=""1""";
"=""API""";"=""WIND""";"=""2026-04-30T21:05:00+03:00""";"=""OA_YTM""";"=""AKSU RES""";"=""10928268862""";"=""2890""";"=""AKSU ÇAMLICA RES""";0,99;158,65;27,78;4,01;;;;;0;3,56;"=""1""";
"=""API""";"=""WIND""";"=""2026-04-30T21:06:00+03:00""";"=""OA_YTM""";"=""AKSU RES""";"=""10928268862""";"=""2890""";"=""AKSU ÇAMLICA RES""";0,99;158,14;26,79;4,02;;;;;0;3,43;"=""1""";
"=""API""";"=""WIND""";"=""2026-04-30T21:07:00+03:00""";"=""OA_YTM""";"=""AKSU RES""";"=""10928268862""";"=""2890""";"=""AKSU ÇAMLICA RES""";0,99;158,35;27,78;4,16;;;;;0;3,56;"=""1""";
"=""API""";"=""WIND""";"=""2026-04-30T21:08:00+03:00""";"=""OA_YTM""";"=""AKSU RES""";"=""10928268862""";"=""2890""";"=""AKSU ÇAMLICA RES""";0,99;158,45;26,79;4,1;;;;;0;3,43;"=""1""";
"=""API""";"=""WIND""";"=""2026-04-30T21:09:00+03:00""";"=""OA_YTM""";"=""AKSU RES""";"=""10928268862""";"=""2890""";"=""AKSU ÇAMLICA RES""";0,99;158,35;27,78;4,1;;;;;0;3,56;"=""1""";
"=""API""";"=""WIND""";"=""2026-04-30T21:10:00+03:00""";"=""OA_YTM""";"=""AKSU RES""";"=""10928268862""";"=""2890""";"=""AKSU ÇAMLICA RES""";0,99;158,55;26,79;4,07;;;;;0;3,43;"=""1""";
"=""API""";"=""WIND""";"=""2026-04-30T21:11:00+03:00""";"=""OA_YTM""";"=""AKSU RES""";"=""10928268862""";"=""2890""";"=""AKSU ÇAMLICA RES""";0,99;158,65;26,79;3,9;;;;;0;3,43;"=""1""";
"=""API""";"=""WIND""";"=""2026-04-30T21:12:00+03:00""";"=""OA_YTM""";"=""AKSU RES""";"=""10928268862""";"=""2890""";"=""AKSU ÇAMLICA RES""";0,99;158,65;26,79;4,04;;;;;0;3,43;"=""1""";
"=""API""";"=""WIND""";"=""2026-04-30T21:13:00+03:00""";"=""OA_YTM""";"=""AKSU RES""";"=""10928268862""";"=""2890""";"=""AKSU ÇAMLICA RES""";0,99;158,76;27,78;3,86;;;;;0;3,56;"=""1""";
"=""API""";"=""WIND""";"=""2026-04-30T21:14:00+03:00""";"=""OA_YTM""";"=""AKSU RES""";"=""10928268862""";"=""2890""";"=""AKSU ÇAMLICA RES""";0,99;159,07;25,79;4,08;;;;;0;3,3;"=""1""";
"=""API""";"=""WIND""";"=""2026-04-30T21:15:00+03:00""";"=""OA_YTM""";"=""AKSU RES""";"=""10928268862""";"=""2890""";"=""AKSU ÇAMLICA RES""";0,99;159,17;26,79;3,81;;;;;0;3,43;"=""1""";
"=""API""";"=""WIND""";"=""2026-04-30T21:16:00+03:00""";"=""OA_YTM""";"=""AKSU RES""";"=""10928268862""";"=""2890""";"=""AKSU ÇAMLICA RES""";0,99;158,55;26,79;3,9;;;;;0;3,43;"=""1""";
"=""API""";"=""WIND""";"=""2026-04-30T21:17:00+03:00""";"=""OA_YTM""";"=""AKSU RES""";"=""10928268862""";"=""2890""";"=""AKSU ÇAMLICA RES""";0,99;158,35;27,78;4,03;;;;;0;3,56;"=""1""";
"=""API""";"=""WIND""";"=""2026-04-30T21:18:00+03:00""";"=""OA_YTM""";"=""AKSU RES""";"=""10928268862""";"=""2890""";"=""AKSU ÇAMLICA RES""";0,99;157,93;26,79;3,82;;;;;0;3,43;"=""1""";
"=""API""";"=""WIND""";"=""2026-04-30T21:19:00+03:00""";"=""OA_YTM""";"=""AKSU RES""";"=""10928268862""";"=""2890""";"=""AKSU ÇAMLICA RES""";0,99;158,04;27,78;4,14;;;;;0;3,56;"=""1""";
"=""API""";"=""WIND""";"=""2026-04-30T21:20:00+03:00""";"=""OA_YTM""";"=""AKSU RES""";"=""10928268862""";"=""2890""";"=""AKSU ÇAMLICA RES""";0,99;158,04;25,79;3,85;;;;;0;3,3;"=""1""";
"=""API""";"=""WIND""";"=""2026-04-30T21:21:00+03:00""";"=""OA_YTM""";"=""AKSU RES""";"=""10928268862""";"=""2890""";"=""AKSU ÇAMLICA RES""";0,99;158,35;24,8;3,68;;;;;0;3,18;"=""1""";
"=""API""";"=""WIND""";"=""2026-04-30T21:22:00+03:00""";"=""OA_YTM""";"=""AKSU RES""";"=""10928268862""";"=""2890""";"=""AKSU ÇAMLICA RES""";0,99;158,65;23,81;3,79;;;;;0;3,05;"=""1""";
"=""API""";"=""WIND""";"=""2026-04-30T21:23:00+03:00""";"=""OA_YTM""";"=""AKSU RES""";"=""10928268862""";"=""2890""";"=""AKSU ÇAMLICA RES""";0,99;158,35;24,8;3,55;;;;;0;3,18;"=""1""";
"=""API""";"=""WIND""";"=""2026-04-30T21:24:00+03:00""";"=""OA_YTM""";"=""AKSU RES""";"=""10928268862""";"=""2890""";"=""AKSU ÇAMLICA RES""";0,99;158,35;25,79;3,5;;;;;0;3,3;"=""1""";
"=""API""";"=""WIND""";"=""2026-04-30T21:25:00+03:00""";"=""OA_YTM""";"=""AKSU RES""";"=""10928268862""";"=""2890""";"=""AKSU ÇAMLICA RES""";0,99;158,35;26,79;3,55;;;;;0;3,43;"=""1""";
"=""API""";"=""WIND""";"=""2026-04-30T21:26:00+03:00""";"=""OA_YTM""";"=""AKSU RES""";"=""10928268862""";"=""2890""";"=""AKSU ÇAMLICA RES""";0,99;158,35;24,8;3,73;;;;;0;3,18;"=""1""";
"=""API""";"=""WIND""";"=""2026-04-30T21:27:00+03:00""";"=""OA_YTM""";"=""AKSU RES""";"=""10928268862""";"=""2890""";"=""AKSU ÇAMLICA RES""";0,99;158,35;23,81;3,73;;;;;0;3,05;"=""1""";
"=""API""";"=""WIND""";"=""2026-04-30T21:28:00+03:00""";"=""OA_YTM""";"=""AKSU RES""";"=""10928268862""";"=""2890""";"=""AKSU ÇAMLICA RES""";0,99;158,45;24,8;3,79;;;;;0;3,18;"=""1""";
"=""API""";"=""WIND""";"=""2026-04-30T21:29:00+03:00""";"=""OA_YTM""";"=""AKSU RES""";"=""10928268862""";"=""2890""";"=""AKSU ÇAMLICA RES""";0,99;158,65;23,81;3,63;;;;;0;3,05;"=""1""";
"=""API""";"=""WIND""";"=""2026-04-30T21:30:00+03:00""";"=""OA_YTM""";"=""AKSU RES""";"=""10928268862""";"=""2890""";"=""AKSU ÇAMLICA RES""";0,99;158,86;23,81;3,39;;;;;0;3,05;"=""1""";
"=""API""";"=""WIND""";"=""2026-04-30T21:31:00+03:00""";"=""OA_YTM""";"=""AKSU RES""";"=""10928268862""";"=""2890""";"=""AKSU ÇAMLICA RES""";0,99;158,65;21,82;3,2;;;;;0;2,79;"=""1""";
"=""API""";"=""WIND""";"=""2026-04-30T21:32:00+03:00""";"=""OA_YTM""";"=""AKSU RES""";"=""10928268862""";"=""2890""";"=""AKSU ÇAMLICA RES""";0,99;158,35;21,82;3,17;;;;;0;2,79;"=""1""";
"=""API""";"=""WIND""";"=""2026-04-30T21:33:00+03:00""";"=""OA_YTM""";"=""AKSU RES""";"=""10928268862""";"=""2890""";"=""AKSU ÇAMLICA RES""";0,99;158,96;21,82;3,17;;;;;0;2,79;"=""1""";
"=""API""";"=""WIND""";"=""2026-04-30T21:34:00+03:00""";"=""OA_YTM""";"=""AKSU RES""";"=""10928268862""";"=""2890""";"=""AKSU ÇAMLICA RES""";0,99;159,07;19,84;3,06;;;;;0;2,54;"=""1""";
"=""API""";"=""WIND""";"=""2026-04-30T21:35:00+03:00""";"=""OA_YTM""";"=""AKSU RES""";"=""10928268862""";"=""2890""";"=""AKSU ÇAMLICA RES""";0,99;158,96;20,83;3,06;;;;;0;2,67;"=""1""";
"=""API""";"=""WIND""";"=""2026-04-30T21:36:00+03:00""";"=""OA_YTM""";"=""AKSU RES""";"=""10928268862""";"=""2890""";"=""AKSU ÇAMLICA RES""";0,99;158,96;20,83;3,09;;;;;0;2,67;"=""1""";
"=""API""";"=""WIND""";"=""2026-04-30T21:37:00+03:00""";"=""OA_YTM""";"=""AKSU RES""";"=""10928268862""";"=""2890""";"=""AKSU ÇAMLICA RES""";0,99;158,65;19,84;2,98;;;;;0;2,54;"=""1""";
"=""API""";"=""WIND""";"=""2026-04-30T21:38:00+03:00""";"=""OA_YTM""";"=""AKSU RES""";"=""10928268862""";"=""2890""";"=""AKSU ÇAMLICA RES""";0,99;158,65;21,82;2,98;;;;;0;2,79;"=""1""";
"=""API""";"=""WIND""";"=""2026-04-30T21:39:00+03:00""";"=""OA_YTM""";"=""AKSU RES""";"=""10928268862""";"=""2890""";"=""AKSU ÇAMLICA RES""";0,99;158,65;19,84;3,08;;;;;0;2,54;"=""1""";
"=""API""";"=""WIND""";"=""2026-04-30T21:40:00+03:00""";"=""OA_YTM""";"=""AKSU RES""";"=""10928268862""";"=""2890""";"=""AKSU ÇAMLICA RES""";0,99;158,65;20,83;2,91;;;;;0;2,67;"=""1""";
"=""API""";"=""WIND""";"=""2026-04-30T21:41:00+03:00""";"=""OA_YTM""";"=""AKSU RES""";"=""10928268862""";"=""2890""";"=""AKSU ÇAMLICA RES""";0,99;158,65;19,84;3,03;;;;;0;2,54;"=""1""";
"=""API""";"=""WIND""";"=""2026-04-30T21:42:00+03:00""";"=""OA_YTM""";"=""AKSU RES""";"=""10928268862""";"=""2890""";"=""AKSU ÇAMLICA RES""";0,99;158,35;19,84;2,86;;;;;0;2,54;"=""1""";
"=""API""";"=""WIND""";"=""2026-04-30T21:43:00+03:00""";"=""OA_YTM""";"=""AKSU RES""";"=""10928268862""";"=""2890""";"=""AKSU ÇAMLICA RES""";0,99;158,45;19,84;2,83;;;;;0;2,54;"=""1""";
"=""API""";"=""WIND""";"=""2026-04-30T21:44:00+03:00""";"=""OA_YTM""";"=""AKSU RES""";"=""10928268862""";"=""2890""";"=""AKSU ÇAMLICA RES""";0,99;158,35;17,86;2,74;;;;;0;2,29;"=""1""";
"=""API""";"=""WIND""";"=""2026-04-30T21:45:00+03:00""";"=""OA_YTM""";"=""AKSU RES""";"=""10928268862""";"=""2890""";"=""AKSU ÇAMLICA RES""";0,99;158,04;16,87;2,45;;;;;0;2,16;"=""1""";
"=""API""";"=""WIND""";"=""2026-04-30T21:46:00+03:00""";"=""OA_YTM""";"=""AKSU RES""";"=""10928268862""";"=""2890""";"=""AKSU ÇAMLICA RES""";0,99;158,24;16,87;2,45;;;;;0;2,16;"=""1""";
"=""API""";"=""WIND""";"=""2026-04-30T21:47:00+03:00""";"=""OA_YTM""";"=""AKSU RES""";"=""10928268862""";"=""2890""";"=""AKSU ÇAMLICA RES""";0,99;158,04;15,87;2,14;;;;;0;2,03;"=""1""";
"=""API""";"=""WIND""";"=""2026-04-30T21:48:00+03:00""";"=""OA_YTM""";"=""AKSU RES""";"=""10928268862""";"=""2890""";"=""AKSU ÇAMLICA RES""";0,99;158,35;16,87;2,21;;;;;0;2,16;"=""1""";
"=""API""";"=""WIND""";"=""2026-04-30T21:49:00+03:00""";"=""OA_YTM""";"=""AKSU RES""";"=""10928268862""";"=""2890""";"=""AKSU ÇAMLICA RES""";0,99;158,65;15,87;2,45;;;;;0;2,03;"=""1""";
"=""API""";"=""WIND""";"=""2026-04-30T21:50:00+03:00""";"=""OA_YTM""";"=""AKSU RES""";"=""10928268862""";"=""2890""";"=""AKSU ÇAMLICA RES""";0,99;158,35;15,87;2,3;;;;;0;2,03;"=""1""";
"=""API""";"=""WIND""";"=""2026-04-30T21:51:00+03:00""";"=""OA_YTM""";"=""AKSU RES""";"=""10928268862""";"=""2890""";"=""AKSU ÇAMLICA RES""";0,99;158,45;15,87;2,17;;;;;0;2,03;"=""1""";
"=""API""";"=""WIND""";"=""2026-04-30T21:52:00+03:00""";"=""OA_YTM""";"=""AKSU RES""";"=""10928268862""";"=""2890""";"=""AKSU ÇAMLICA RES""";0,99;158,65;15,87;2,19;;;;;0;2,03;"=""1""";
"=""API""";"=""WIND""";"=""2026-04-30T21:53:00+03:00""";"=""OA_YTM""";"=""AKSU RES""";"=""10928268862""";"=""2890""";"=""AKSU ÇAMLICA RES""";0,99;158,65;15,87;2,19;;;;;0;2,03;"=""1""";
"=""API""";"=""WIND""";"=""2026-04-30T21:54:00+03:00""";"=""OA_YTM""";"=""AKSU RES""";"=""10928268862""";"=""2890""";"=""AKSU ÇAMLICA RES""";0,99;158,45;14,88;2,33;;;;;0;1,9;"=""1""";
"=""API""";"=""WIND""";"=""2026-04-30T21:55:00+03:00""";"=""OA_YTM""";"=""AKSU RES""";"=""10928268862""";"=""2890""";"=""AKSU ÇAMLICA RES""";0,99;158,65;13,89;2,22;;;;;0;1,78;"=""1""";
"=""API""";"=""WIND""";"=""2026-04-30T21:56:00+03:00""";"=""OA_YTM""";"=""AKSU RES""";"=""10928268862""";"=""2890""";"=""AKSU ÇAMLICA RES""";0,99;158,91;12,9;2,1;;;;;0;1,65;"=""1""";
"=""API""";"=""WIND""";"=""2026-04-30T21:57:00+03:00""";"=""OA_YTM""";"=""AKSU RES""";"=""10928268862""";"=""2890""";"=""AKSU ÇAMLICA RES""";0,99;158,7;13,89;2,16;;;;;0;1,78;"=""1""";
"=""API""";"=""WIND""";"=""2026-04-30T21:58:00+03:00""";"=""OA_YTM""";"=""AKSU RES""";"=""10928268862""";"=""2890""";"=""AKSU ÇAMLICA RES""";0,99;158,6;13,89;2,12;;;;;0;1,78;"=""1""";
"=""API""";"=""WIND""";"=""2026-04-30T21:59:00+03:00""";"=""OA_YTM""";"=""AKSU RES""";"=""10928268862""";"=""2890""";"=""AKSU ÇAMLICA RES""";0,99;158,5;13,89;2,12;;;;;0;1,78;"=""1""";
"=""API""";"=""WIND""";"=""2026-04-30T22:00:00+03:00""";"=""OA_YTM""";"=""AKSU RES""";"=""10928268862""";"=""2890""";"=""AKSU ÇAMLICA RES""";0,99;158,4;12,9;2,07;;;;;0;1,65;"=""1""";
"=""API""";"=""WIND""";"=""2026-04-30T22:01:00+03:00""";"=""OA_YTM""";"=""AKSU RES""";"=""10928268862""";"=""2890""";"=""AKSU ÇAMLICA RES""";0,99;158,09;13,89;1,89;;;;;0;1,78;"=""1""";
"=""API""";"=""WIND""";"=""2026-04-30T22:02:00+03:00""";"=""OA_YTM""";"=""AKSU RES""";"=""10928268862""";"=""2890""";"=""AKSU ÇAMLICA RES""";0,99;157,78;13,89;2,14;;;;;0;1,78;"=""1""";
"=""API""";"=""WIND""";"=""2026-04-30T22:03:00+03:00""";"=""OA_YTM""";"=""AKSU RES""";"=""10928268862""";"=""2890""";"=""AKSU ÇAMLICA RES""";0,99;157,99;13,89;2,05;;;;;0;1,78;"=""1""";
"=""API""";"=""WIND""";"=""2026-04-30T22:04:00+03:00""";"=""OA_YTM""";"=""AKSU RES""";"=""10928268862""";"=""2890""";"=""AKSU ÇAMLICA RES""";0,99;157,78;13,89;2,05;;;;;0;1,78;"=""1""";
"=""API""";"=""WIND""";"=""2026-04-30T22:05:00+03:00""";"=""OA_YTM""";"=""AKSU RES""";"=""10928268862""";"=""2890""";"=""AKSU ÇAMLICA RES""";0,99;157,99;13,89;2,01;;;;;0;1,78;"=""1""";
"=""API""";"=""WIND""";"=""2026-04-30T22:06:00+03:00""";"=""OA_YTM""";"=""AKSU RES""";"=""10928268862""";"=""2890""";"=""AKSU ÇAMLICA RES""";0,99;157,78;13,89;1,92;;;;;0;1,78;"=""1""";
"=""API""";"=""WIND""";"=""2026-04-30T22:07:00+03:00""";"=""OA_YTM""";"=""AKSU RES""";"=""10928268862""";"=""2890""";"=""AKSU ÇAMLICA RES""";0,99;157,68;13,89;2,01;;;;;0;1,78;"=""1""";
"=""API""";"=""WIND""";"=""2026-04-30T22:08:00+03:00""";"=""OA_YTM""";"=""AKSU RES""";"=""10928268862""";"=""2890""";"=""AKSU ÇAMLICA RES""";0,99;157,73;13,89;2,09;;;;;0;1,78;"=""1""";
"=""API""";"=""WIND""";"=""2026-04-30T22:09:00+03:00""";"=""OA_YTM""";"=""AKSU RES""";"=""10928268862""";"=""2890""";"=""AKSU ÇAMLICA RES""";0,99;157,63;13,89;1,98;;;;;0;1,78;"=""1""";
"=""API""";"=""WIND""";"=""2026-04-30T22:10:00+03:00""";"=""OA_YTM""";"=""AKSU RES""";"=""10928268862""";"=""2890""";"=""AKSU ÇAMLICA RES""";0,99;157,73;13,89;2,13;;;;;0;1,78;"=""1""";
"=""API""";"=""WIND""";"=""2026-04-30T22:11:00+03:00""";"=""OA_YTM""";"=""AKSU RES""";"=""10928268862""";"=""2890""";"=""AKSU ÇAMLICA RES""";0,99;157,83;15,87;2,16;;;;;0;2,03;"=""1""";
"=""API""";"=""WIND""";"=""2026-04-30T22:12:00+03:00""";"=""OA_YTM""";"=""AKSU RES""";"=""10928268862""";"=""2890""";"=""AKSU ÇAMLICA RES""";0,99;157,83;15,87;2,22;;;;;0;2,03;"=""1""";
"=""API""";"=""WIND""";"=""2026-04-30T22:13:00+03:00""";"=""OA_YTM""";"=""AKSU RES""";"=""10928268862""";"=""2890""";"=""AKSU ÇAMLICA RES""";0,99;157,83;15,87;2,22;;;;;0;2,03;"=""1""";
"=""API""";"=""WIND""";"=""2026-04-30T22:14:00+03:00""";"=""OA_YTM""";"=""AKSU RES""";"=""10928268862""";"=""2890""";"=""AKSU ÇAMLICA RES""";0,99;157,52;15,87;2,27;;;;;0;2,03;"=""1""";
"=""API""";"=""WIND""";"=""2026-04-30T22:15:00+03:00""";"=""OA_YTM""";"=""AKSU RES""";"=""10928268862""";"=""2890""";"=""AKSU ÇAMLICA RES""";0,99;157,83;14,88;2,25;;;;;0;1,9;"=""1""";
"=""API""";"=""WIND""";"=""2026-04-30T22:16:00+03:00""";"=""OA_YTM""";"=""AKSU RES""";"=""10928268862""";"=""2890""";"=""AKSU ÇAMLICA RES""";0,99;157,94;15,87;2,25;;;;;0;2,03;"=""1""";
"=""API""";"=""WIND""";"=""2026-04-30T22:17:00+03:00""";"=""OA_YTM""";"=""AKSU RES""";"=""10928268862""";"=""2890""";"=""AKSU ÇAMLICA RES""";0,99;157,83;16,87;2,35;;;;;0;2,16;"=""1""";
"=""API""";"=""WIND""";"=""2026-04-30T22:18:00+03:00""";"=""OA_YTM""";"=""AKSU RES""";"=""10928268862""";"=""2890""";"=""AKSU ÇAMLICA RES""";0,99;157,83;16,87;2,39;;;;;0;2,16;"=""1""";
"=""API""";"=""WIND""";"=""2026-04-30T22:19:00+03:00""";"=""OA_YTM""";"=""AKSU RES""";"=""10928268862""";"=""2890""";"=""AKSU ÇAMLICA RES""";0,99;157,99;16,87;2,44;;;;;0;2,16;"=""1""";
"=""API""";"=""WIND""";"=""2026-04-30T22:20:00+03:00""";"=""OA_YTM""";"=""AKSU RES""";"=""10928268862""";"=""2890""";"=""AKSU ÇAMLICA RES""";0,99;157,99;16,87;2,63;;;;;0;2,16;"=""1""";
"=""API""";"=""WIND""";"=""2026-04-30T22:21:00+03:00""";"=""OA_YTM""";"=""AKSU RES""";"=""10928268862""";"=""2890""";"=""AKSU ÇAMLICA RES""";0,99;157,88;17,86;2,53;;;;;0;2,29;"=""1""";
"=""API""";"=""WIND""";"=""2026-04-30T22:22:00+03:00""";"=""OA_YTM""";"=""AKSU RES""";"=""10928268862""";"=""2890""";"=""AKSU ÇAMLICA RES""";0,99;157,99;17,86;2,51;;;;;0;2,29;"=""1""";
"=""API""";"=""WIND""";"=""2026-04-30T22:23:00+03:00""";"=""OA_YTM""";"=""AKSU RES""";"=""10928268862""";"=""2890""";"=""AKSU ÇAMLICA RES""";0,99;158,29;18,85;2,52;;;;;0;2,41;"=""1""";
"=""API""";"=""WIND""";"=""2026-04-30T22:24:00+03:00""";"=""OA_YTM""";"=""AKSU RES""";"=""10928268862""";"=""2890""";"=""AKSU ÇAMLICA RES""";0,99;158,09;18,85;2,76;;;;;0;2,41;"=""1""";
"=""API""";"=""WIND""";"=""2026-04-30T22:25:00+03:00""";"=""OA_YTM""";"=""AKSU RES""";"=""10928268862""";"=""2890""";"=""AKSU ÇAMLICA RES""";0,99;158,19;18,85;2,76;;;;;0;2,41;"=""1""";
"=""API""";"=""WIND""";"=""2026-04-30T22:26:00+03:00""";"=""OA_YTM""";"=""AKSU RES""";"=""10928268862""";"=""2890""";"=""AKSU ÇAMLICA RES""";0,99;158,09;17,86;2,73;;;;;0;2,29;"=""1""";
"=""API""";"=""WIND""";"=""2026-04-30T22:27:00+03:00""";"=""OA_YTM""";"=""AKSU RES""";"=""10928268862""";"=""2890""";"=""AKSU ÇAMLICA RES""";0,99;158,45;17,86;2,61;;;;;0;2,29;"=""1""";
"=""API""";"=""WIND""";"=""2026-04-30T22:28:00+03:00""";"=""OA_YTM""";"=""AKSU RES""";"=""10928268862""";"=""2890""";"=""AKSU ÇAMLICA RES""";0,99;158,76;18,85;2,67;;;;;0;2,41;"=""1""";
"=""API""";"=""WIND""";"=""2026-04-30T22:29:00+03:00""";"=""OA_YTM""";"=""AKSU RES""";"=""10928268862""";"=""2890""";"=""AKSU ÇAMLICA RES""";0,99;158,35;16,87;2,61;;;;;0;2,16;"=""1""";
"=""API""";"=""WIND""";"=""2026-04-30T22:30:00+03:00""";"=""OA_YTM""";"=""AKSU RES""";"=""10928268862""";"=""2890""";"=""AKSU ÇAMLICA RES""";0,99;158,45;17,86;2,59;;;;;0;2,29;"=""1""";
"=""API""";"=""WIND""";"=""2026-04-30T22:31:00+03:00""";"=""OA_YTM""";"=""AKSU RES""";"=""10928268862""";"=""2890""";"=""AKSU ÇAMLICA RES""";0,99;0;0;0;;;;;;;;
"=""API""";"=""WIND""";"=""2026-04-30T22:32:00+03:00""";"=""OA_YTM""";"=""AKSU RES""";"=""10928268862""";"=""2890""";"=""AKSU ÇAMLICA RES""";0,99;0;0;0;;;;;;;;
"=""API""";"=""WIND""";"=""2026-04-30T22:33:00+03:00""";"=""OA_YTM""";"=""AKSU RES""";"=""10928268862""";"=""2890""";"=""AKSU ÇAMLICA RES""";0,99;0;0;0;;;;;;;;
"=""API""";"=""WIND""";"=""2026-04-30T22:34:00+03:00""";"=""OA_YTM""";"=""AKSU RES""";"=""10928268862""";"=""2890""";"=""AKSU ÇAMLICA RES""";0,99;0;0;0;;;;;;;;
"=""API""";"=""WIND""";"=""2026-04-30T22:35:00+03:00""";"=""OA_YTM""";"=""AKSU RES""";"=""10928268862""";"=""2890""";"=""AKSU ÇAMLICA RES""";0,99;0;0;0;;;;;;;;
"=""API""";"=""WIND""";"=""2026-04-30T22:36:00+03:00""";"=""OA_YTM""";"=""AKSU RES""";"=""10928268862""";"=""2890""";"=""AKSU ÇAMLICA RES""";0,99;158,45;17,86;2,59;;;;;0;2,29;"=""1""";
"=""API""";"=""WIND""";"=""2026-04-30T22:37:00+03:00""";"=""OA_YTM""";"=""AKSU RES""";"=""10928268862""";"=""2890""";"=""AKSU ÇAMLICA RES""";0,99;158,45;17,86;2,59;;;;;0;2,29;"=""1""";
"=""API""";"=""WIND""";"=""2026-04-30T22:38:00+03:00""";"=""OA_YTM""";"=""AKSU RES""";"=""10928268862""";"=""2890""";"=""AKSU ÇAMLICA RES""";0,99;158,24;16,87;2,52;;;;;0;2,16;"=""1""";
"=""API""";"=""WIND""";"=""2026-04-30T22:39:00+03:00""";"=""OA_YTM""";"=""AKSU RES""";"=""10928268862""";"=""2890""";"=""AKSU ÇAMLICA RES""";0,99;158,24;16,87;2,52;;;;;0;2,16;"=""1""";
"=""API""";"=""WIND""";"=""2026-04-30T22:40:00+03:00""";"=""OA_YTM""";"=""AKSU RES""";"=""10928268862""";"=""2890""";"=""AKSU ÇAMLICA RES""";0,99;158,14;16,87;2,44;;;;;0;2,16;"=""1""";
"=""API""";"=""WIND""";"=""2026-04-30T22:41:00+03:00""";"=""OA_YTM""";"=""AKSU RES""";"=""10928268862""";"=""2890""";"=""AKSU ÇAMLICA RES""";0,99;158,14;15,87;2,35;;;;;0;2,03;"=""1""";
"=""API""";"=""WIND""";"=""2026-04-30T22:42:00+03:00""";"=""OA_YTM""";"=""AKSU RES""";"=""10928268862""";"=""2890""";"=""AKSU ÇAMLICA RES""";0,99;158,55;14,88;2,52;;;;;0;1,9;"=""1""";
"=""API""";"=""WIND""";"=""2026-04-30T22:43:00+03:00""";"=""OA_YTM""";"=""AKSU RES""";"=""10928268862""";"=""2890""";"=""AKSU ÇAMLICA RES""";0,99;158,24;14,88;2,52;;;;;0;1,9;"=""1""";
"=""API""";"=""WIND""";"=""2026-04-30T22:44:00+03:00""";"=""OA_YTM""";"=""AKSU RES""";"=""10928268862""";"=""2890""";"=""AKSU ÇAMLICA RES""";0,99;158,14;16,87;2,44;;;;;0;2,16;"=""1""";
"=""API""";"=""WIND""";"=""2026-04-30T22:45:00+03:00""";"=""OA_YTM""";"=""AKSU RES""";"=""10928268862""";"=""2890""";"=""AKSU ÇAMLICA RES""";0,99;158,55;12,9;2,07;;;;;0;1,65;"=""1""";
"=""API""";"=""WIND""";"=""2026-04-30T22:46:00+03:00""";"=""OA_YTM""";"=""AKSU RES""";"=""10928268862""";"=""2890""";"=""AKSU ÇAMLICA RES""";0,99;158,04;15,87;2,29;;;;;0;2,03;"=""1""";
"=""API""";"=""WIND""";"=""2026-04-30T22:47:00+03:00""";"=""OA_YTM""";"=""AKSU RES""";"=""10928268862""";"=""2890""";"=""AKSU ÇAMLICA RES""";0,99;158,24;11,91;1,7;;;;;0;1,52;"=""1""";
"=""API""";"=""WIND""";"=""2026-04-30T22:48:00+03:00""";"=""OA_YTM""";"=""AKSU RES""";"=""10928268862""";"=""2890""";"=""AKSU ÇAMLICA RES""";0,99;158,86;10,91;2,2;;;;;0;1,39;"=""1""";
"=""API""";"=""WIND""";"=""2026-04-30T22:49:00+03:00""";"=""OA_YTM""";"=""AKSU RES""";"=""10928268862""";"=""2890""";"=""AKSU ÇAMLICA RES""";0,99;158,76;10,91;1,75;;;;;0;1,39;"=""1""";
"=""API""";"=""WIND""";"=""2026-04-30T22:50:00+03:00""";"=""OA_YTM""";"=""AKSU RES""";"=""10928268862""";"=""2890""";"=""AKSU ÇAMLICA RES""";0,99;158,04;10,91;1,63;;;;;0;1,39;"=""1""";
"=""API""";"=""WIND""";"=""2026-04-30T22:51:00+03:00""";"=""OA_YTM""";"=""AKSU RES""";"=""10928268862""";"=""2890""";"=""AKSU ÇAMLICA RES""";0,99;158,45;12,9;1,7;;;;;0;1,65;"=""1""";
"=""API""";"=""WIND""";"=""2026-04-30T22:52:00+03:00""";"=""OA_YTM""";"=""AKSU RES""";"=""10928268862""";"=""2890""";"=""AKSU ÇAMLICA RES""";0,99;158,76;9,92;1,61;;;;;0;1,27;"=""1""";
"=""API""";"=""WIND""";"=""2026-04-30T22:53:00+03:00""";"=""OA_YTM""";"=""AKSU RES""";"=""10928268862""";"=""2890""";"=""AKSU ÇAMLICA RES""";0,99;158,65;10,91;1,48;;;;;0;1,39;"=""1""";
"=""API""";"=""WIND""";"=""2026-04-30T22:54:00+03:00""";"=""OA_YTM""";"=""AKSU RES""";"=""10928268862""";"=""2890""";"=""AKSU ÇAMLICA RES""";0,99;158,55;10,91;1,75;;;;;0;1,39;"=""1""";
"=""API""";"=""WIND""";"=""2026-04-30T22:55:00+03:00""";"=""OA_YTM""";"=""AKSU RES""";"=""10928268862""";"=""2890""";"=""AKSU ÇAMLICA RES""";0,99;158,76;10,91;1,75;;;;;0;1,39;"=""1""";
"=""API""";"=""WIND""";"=""2026-04-30T22:56:00+03:00""";"=""OA_YTM""";"=""AKSU RES""";"=""10928268862""";"=""2890""";"=""AKSU ÇAMLICA RES""";0,99;159,37;8,93;1,58;;;;;0;1,14;"=""1""";
"=""API""";"=""WIND""";"=""2026-04-30T22:57:00+03:00""";"=""OA_YTM""";"=""AKSU RES""";"=""10928268862""";"=""2890""";"=""AKSU ÇAMLICA RES""";0,99;158,86;9,92;1,35;;;;;0;1,27;"=""1""";
"=""API""";"=""WIND""";"=""2026-04-30T22:58:00+03:00""";"=""OA_YTM""";"=""AKSU RES""";"=""10928268862""";"=""2890""";"=""AKSU ÇAMLICA RES""";0,99;158,96;9,92;1,46;;;;;0;1,27;"=""1""";
"=""API""";"=""WIND""";"=""2026-04-30T22:59:00+03:00""";"=""OA_YTM""";"=""AKSU RES""";"=""10928268862""";"=""2890""";"=""AKSU ÇAMLICA RES""";0,99;159,06;9,92;1,46;;;;;0;1,27;"=""1""";
"=""API""";"=""WIND""";"=""2026-04-30T23:00:00+03:00""";"=""OA_YTM""";"=""AKSU RES""";"=""10928268862""";"=""2890""";"=""AKSU ÇAMLICA RES""";0,99;159,17;9,92;1,46;;;;;0;1,27;"=""1""";
"=""API""";"=""WIND""";"=""2026-04-30T23:01:00+03:00""";"=""OA_YTM""";"=""AKSU RES""";"=""10928268862""";"=""2890""";"=""AKSU ÇAMLICA RES""";0,99;158,24;9,92;1,38;;;;;0;1,27;"=""1""";
"=""API""";"=""WIND""";"=""2026-04-30T23:02:00+03:00""";"=""OA_YTM""";"=""AKSU RES""";"=""10928268862""";"=""2890""";"=""AKSU ÇAMLICA RES""";0,99;158,86;8,93;1,41;;;;;0;1,14;"=""1""";
"=""API""";"=""WIND""";"=""2026-04-30T23:03:00+03:00""";"=""OA_YTM""";"=""AKSU RES""";"=""10928268862""";"=""2890""";"=""AKSU ÇAMLICA RES""";0,99;158,86;9,92;1,28;;;;;0;1,27;"=""1""";
"=""API""";"=""WIND""";"=""2026-04-30T23:04:00+03:00""";"=""OA_YTM""";"=""AKSU RES""";"=""10928268862""";"=""2890""";"=""AKSU ÇAMLICA RES""";0,99;158,09;7,93;1,26;;;;;;;;
"=""API""";"=""WIND""";"=""2026-04-30T23:05:00+03:00""";"=""OA_YTM""";"=""AKSU RES""";"=""10928268862""";"=""2890""";"=""AKSU ÇAMLICA RES""";0,99;158,65;7,93;1,46;;;;;;;;
"=""API""";"=""WIND""";"=""2026-04-30T23:06:00+03:00""";"=""OA_YTM""";"=""AKSU RES""";"=""10928268862""";"=""2890""";"=""AKSU ÇAMLICA RES""";0,99;158,81;6,94;1,16;;;;;;;;
"=""API""";"=""WIND""";"=""2026-04-30T23:07:00+03:00""";"=""OA_YTM""";"=""AKSU RES""";"=""10928268862""";"=""2890""";"=""AKSU ÇAMLICA RES""";0,99;159,37;6,94;1,1;;;;;;;;
"=""API""";"=""WIND""";"=""2026-04-30T23:08:00+03:00""";"=""OA_YTM""";"=""AKSU RES""";"=""10928268862""";"=""2890""";"=""AKSU ÇAMLICA RES""";0,99;158,19;6,94;1,04;;;;;;;;
"=""API""";"=""WIND""";"=""2026-04-30T23:09:00+03:00""";"=""OA_YTM""";"=""AKSU RES""";"=""10928268862""";"=""2890""";"=""AKSU ÇAMLICA RES""";0,99;158,24;8,93;1,01;;;;;0;1,14;"=""0""";
"=""API""";"=""WIND""";"=""2026-04-30T23:10:00+03:00""";"=""OA_YTM""";"=""AKSU RES""";"=""10928268862""";"=""2890""";"=""AKSU ÇAMLICA RES""";0,99;159,06;8,93;1,01;;;;;0;1,14;"=""0""";
"=""API""";"=""WIND""";"=""2026-04-30T23:11:00+03:00""";"=""OA_YTM""";"=""AKSU RES""";"=""10928268862""";"=""2890""";"=""AKSU ÇAMLICA RES""";0,99;158,86;7,93;1,28;;;;;;;;
"=""API""";"=""WIND""";"=""2026-04-30T23:12:00+03:00""";"=""OA_YTM""";"=""AKSU RES""";"=""10928268862""";"=""2890""";"=""AKSU ÇAMLICA RES""";0,99;158,09;7,93;1,26;;;;;;;;
"=""API""";"=""WIND""";"=""2026-04-30T23:13:00+03:00""";"=""OA_YTM""";"=""AKSU RES""";"=""10928268862""";"=""2890""";"=""AKSU ÇAMLICA RES""";0,99;158,35;6,94;1,23;;;;;;;;
"=""API""";"=""WIND""";"=""2026-04-30T23:14:00+03:00""";"=""OA_YTM""";"=""AKSU RES""";"=""10928268862""";"=""2890""";"=""AKSU ÇAMLICA RES""";0,99;158,65;6,94;1,16;;;;;;;;
"=""API""";"=""WIND""";"=""2026-04-30T23:15:00+03:00""";"=""OA_YTM""";"=""AKSU RES""";"=""10928268862""";"=""2890""";"=""AKSU ÇAMLICA RES""";0,99;158,4;6,94;1,1;;;;;;;;
"=""API""";"=""WIND""";"=""2026-04-30T23:16:00+03:00""";"=""OA_YTM""";"=""AKSU RES""";"=""10928268862""";"=""2890""";"=""AKSU ÇAMLICA RES""";0,99;158,35;6,94;1,1;;;;;;;;
"=""API""";"=""WIND""";"=""2026-04-30T23:17:00+03:00""";"=""OA_YTM""";"=""AKSU RES""";"=""10928268862""";"=""2890""";"=""AKSU ÇAMLICA RES""";0,99;158,45;6,94;1,01;;;;;;;;
"=""API""";"=""WIND""";"=""2026-04-30T23:18:00+03:00""";"=""OA_YTM""";"=""AKSU RES""";"=""10928268862""";"=""2890""";"=""AKSU ÇAMLICA RES""";0,99;158,45;4,96;1,01;;;;;;;;
"=""API""";"=""WIND""";"=""2026-04-30T23:19:00+03:00""";"=""OA_YTM""";"=""AKSU RES""";"=""10928268862""";"=""2890""";"=""AKSU ÇAMLICA RES""";0,99;158,65;4,96;1,01;;;;;;;;
"=""API""";"=""WIND""";"=""2026-04-30T23:20:00+03:00""";"=""OA_YTM""";"=""AKSU RES""";"=""10928268862""";"=""2890""";"=""AKSU ÇAMLICA RES""";0,99;159,17;5,95;0,76;;;;;;;;
"=""API""";"=""WIND""";"=""2026-04-30T23:21:00+03:00""";"=""OA_YTM""";"=""AKSU RES""";"=""10928268862""";"=""2890""";"=""AKSU ÇAMLICA RES""";0,99;158,35;5,95;0,89;;;;;;;;
"=""API""";"=""WIND""";"=""2026-04-30T23:22:00+03:00""";"=""OA_YTM""";"=""AKSU RES""";"=""10928268862""";"=""2890""";"=""AKSU ÇAMLICA RES""";0,99;158,35;5,95;0,82;;;;;;;;
"=""API""";"=""WIND""";"=""2026-04-30T23:23:00+03:00""";"=""OA_YTM""";"=""AKSU RES""";"=""10928268862""";"=""2890""";"=""AKSU ÇAMLICA RES""";0,99;158,96;5,95;0,93;;;;;;;;
"=""API""";"=""WIND""";"=""2026-04-30T23:24:00+03:00""";"=""OA_YTM""";"=""AKSU RES""";"=""10928268862""";"=""2890""";"=""AKSU ÇAMLICA RES""";0,99;158,55;5,95;0,89;;;;;;;;
"=""API""";"=""WIND""";"=""2026-04-30T23:25:00+03:00""";"=""OA_YTM""";"=""AKSU RES""";"=""10928268862""";"=""2890""";"=""AKSU ÇAMLICA RES""";0,99;158,66;5,95;0,81;;;;;;;;
"=""API""";"=""WIND""";"=""2026-04-30T23:26:00+03:00""";"=""OA_YTM""";"=""AKSU RES""";"=""10928268862""";"=""2890""";"=""AKSU ÇAMLICA RES""";0,99;158,45;5,95;0,81;;;;;;;;
"=""API""";"=""WIND""";"=""2026-04-30T23:27:00+03:00""";"=""OA_YTM""";"=""AKSU RES""";"=""10928268862""";"=""2890""";"=""AKSU ÇAMLICA RES""";0,99;158,65;5,95;0,79;;;;;;;;
"=""API""";"=""WIND""";"=""2026-04-30T23:28:00+03:00""";"=""OA_YTM""";"=""AKSU RES""";"=""10928268862""";"=""2890""";"=""AKSU ÇAMLICA RES""";0,99;158,86;5,95;0,83;;;;;;;;
"=""API""";"=""WIND""";"=""2026-04-30T23:29:00+03:00""";"=""OA_YTM""";"=""AKSU RES""";"=""10928268862""";"=""2890""";"=""AKSU ÇAMLICA RES""";0,99;158,66;4,96;0,76;;;;;;;;
"=""API""";"=""WIND""";"=""2026-04-30T23:30:00+03:00""";"=""OA_YTM""";"=""AKSU RES""";"=""10928268862""";"=""2890""";"=""AKSU ÇAMLICA RES""";0,99;158,96;5,95;0,76;;;;;;;;
"=""API""";"=""WIND""";"=""2026-04-30T23:31:00+03:00""";"=""OA_YTM""";"=""AKSU RES""";"=""10928268862""";"=""2890""";"=""AKSU ÇAMLICA RES""";0,99;158,55;5,95;0,88;;;;;;;;
"=""API""";"=""WIND""";"=""2026-04-30T23:32:00+03:00""";"=""OA_YTM""";"=""AKSU RES""";"=""10928268862""";"=""2890""";"=""AKSU ÇAMLICA RES""";0,99;158,45;5,95;0,82;;;;;;;;
"=""API""";"=""WIND""";"=""2026-04-30T23:33:00+03:00""";"=""OA_YTM""";"=""AKSU RES""";"=""10928268862""";"=""2890""";"=""AKSU ÇAMLICA RES""";0,99;158,55;5,95;0,93;;;;;;;;
"=""API""";"=""WIND""";"=""2026-04-30T23:34:00+03:00""";"=""OA_YTM""";"=""AKSU RES""";"=""10928268862""";"=""2890""";"=""AKSU ÇAMLICA RES""";0,99;158,76;5,95;0,89;;;;;;;;
"=""API""";"=""WIND""";"=""2026-04-30T23:35:00+03:00""";"=""OA_YTM""";"=""AKSU RES""";"=""10928268862""";"=""2890""";"=""AKSU ÇAMLICA RES""";0,99;158,76;5,95;0,93;;;;;;;;
"=""API""";"=""WIND""";"=""2026-04-30T23:36:00+03:00""";"=""OA_YTM""";"=""AKSU RES""";"=""10928268862""";"=""2890""";"=""AKSU ÇAMLICA RES""";0,99;158,76;5,95;0,93;;;;;;;;
"=""API""";"=""WIND""";"=""2026-04-30T23:37:00+03:00""";"=""OA_YTM""";"=""AKSU RES""";"=""10928268862""";"=""2890""";"=""AKSU ÇAMLICA RES""";0,99;158,66;6,94;0,9;;;;;;;;
"=""API""";"=""WIND""";"=""2026-04-30T23:38:00+03:00""";"=""OA_YTM""";"=""AKSU RES""";"=""10928268862""";"=""2890""";"=""AKSU ÇAMLICA RES""";0,99;158,45;4,96;0,79;;;;;;;;
"=""API""";"=""WIND""";"=""2026-04-30T23:39:00+03:00""";"=""OA_YTM""";"=""AKSU RES""";"=""10928268862""";"=""2890""";"=""AKSU ÇAMLICA RES""";0,99;158,55;5,95;0,83;;;;;;;;
"=""API""";"=""WIND""";"=""2026-04-30T23:40:00+03:00""";"=""OA_YTM""";"=""AKSU RES""";"=""10928268862""";"=""2890""";"=""AKSU ÇAMLICA RES""";0,99;158,55;4,96;0,81;;;;;;;;
"=""API""";"=""WIND""";"=""2026-04-30T23:41:00+03:00""";"=""OA_YTM""";"=""AKSU RES""";"=""10928268862""";"=""2890""";"=""AKSU ÇAMLICA RES""";0,99;158,19;5,95;0,81;;;;;;;;
"=""API""";"=""WIND""";"=""2026-04-30T23:42:00+03:00""";"=""OA_YTM""";"=""AKSU RES""";"=""10928268862""";"=""2890""";"=""AKSU ÇAMLICA RES""";0,99;158,5;5,95;0,71;;;;;;;;
"=""API""";"=""WIND""";"=""2026-04-30T23:43:00+03:00""";"=""OA_YTM""";"=""AKSU RES""";"=""10928268862""";"=""2890""";"=""AKSU ÇAMLICA RES""";0,99;158,45;5,95;0,76;;;;;;;;
"=""API""";"=""WIND""";"=""2026-04-30T23:44:00+03:00""";"=""OA_YTM""";"=""AKSU RES""";"=""10928268862""";"=""2890""";"=""AKSU ÇAMLICA RES""";0,99;158,6;5,95;0,7;;;;;;;;
"=""API""";"=""WIND""";"=""2026-04-30T23:45:00+03:00""";"=""OA_YTM""";"=""AKSU RES""";"=""10928268862""";"=""2890""";"=""AKSU ÇAMLICA RES""";0,99;158,6;5,95;0,8;;;;;;;;
"=""API""";"=""WIND""";"=""2026-04-30T23:46:00+03:00""";"=""OA_YTM""";"=""AKSU RES""";"=""10928268862""";"=""2890""";"=""AKSU ÇAMLICA RES""";0,99;158,55;5,95;0,96;;;;;;;;
"=""API""";"=""WIND""";"=""2026-04-30T23:47:00+03:00""";"=""OA_YTM""";"=""AKSU RES""";"=""10928268862""";"=""2890""";"=""AKSU ÇAMLICA RES""";0,99;158,71;5,95;0,93;;;;;;;;
"=""API""";"=""WIND""";"=""2026-04-30T23:48:00+03:00""";"=""OA_YTM""";"=""AKSU RES""";"=""10928268862""";"=""2890""";"=""AKSU ÇAMLICA RES""";0,99;159,02;5,95;0,71;;;;;;;;
"=""API""";"=""WIND""";"=""2026-04-30T23:49:00+03:00""";"=""OA_YTM""";"=""AKSU RES""";"=""10928268862""";"=""2890""";"=""AKSU ÇAMLICA RES""";0,99;158,71;5,95;0,77;;;;;;;;
"=""API""";"=""WIND""";"=""2026-04-30T23:50:00+03:00""";"=""OA_YTM""";"=""AKSU RES""";"=""10928268862""";"=""2890""";"=""AKSU ÇAMLICA RES""";0,99;159,12;5,95;0,75;;;;;;;;
"=""API""";"=""WIND""";"=""2026-04-30T23:51:00+03:00""";"=""OA_YTM""";"=""AKSU RES""";"=""10928268862""";"=""2890""";"=""AKSU ÇAMLICA RES""";0,99;159,32;5,95;0,75;;;;;;;;
"=""API""";"=""WIND""";"=""2026-04-30T23:52:00+03:00""";"=""OA_YTM""";"=""AKSU RES""";"=""10928268862""";"=""2890""";"=""AKSU ÇAMLICA RES""";0,99;159,22;5,95;0,87;;;;;;;;
"=""API""";"=""WIND""";"=""2026-04-30T23:53:00+03:00""";"=""OA_YTM""";"=""AKSU RES""";"=""10928268862""";"=""2890""";"=""AKSU ÇAMLICA RES""";0,99;159,02;4,96;0,81;;;;;;;;
"=""API""";"=""WIND""";"=""2026-04-30T23:54:00+03:00""";"=""OA_YTM""";"=""AKSU RES""";"=""10928268862""";"=""2890""";"=""AKSU ÇAMLICA RES""";0,99;159,53;5,95;0,82;;;;;;;;
"=""API""";"=""WIND""";"=""2026-04-30T23:55:00+03:00""";"=""OA_YTM""";"=""AKSU RES""";"=""10928268862""";"=""2890""";"=""AKSU ÇAMLICA RES""";0,99;158,19;5,95;0,71;;;;;;;;
"=""API""";"=""WIND""";"=""2026-04-30T23:56:00+03:00""";"=""OA_YTM""";"=""AKSU RES""";"=""10928268862""";"=""2890""";"=""AKSU ÇAMLICA RES""";0,99;158,24;5,95;0,76;;;;;;;;
"=""API""";"=""WIND""";"=""2026-04-30T23:57:00+03:00""";"=""OA_YTM""";"=""AKSU RES""";"=""10928268862""";"=""2890""";"=""AKSU ÇAMLICA RES""";0,99;158,4;5,95;0,87;;;;;;;;
"=""API""";"=""WIND""";"=""2026-04-30T23:58:00+03:00""";"=""OA_YTM""";"=""AKSU RES""";"=""10928268862""";"=""2890""";"=""AKSU ÇAMLICA RES""";0,99;159,78;5,95;0,9;;;;;;;;
"=""API""";"=""WIND""";"=""2026-04-30T23:59:00+03:00""";"=""OA_YTM""";"=""AKSU RES""";"=""10928268862""";"=""2890""";"=""AKSU ÇAMLICA RES""";0,99;159,68;5,95;0,9;;;;;;;;