ID;SİSTEM TÜRÜ;TRAFO MERKEZİ;HAT Adı;HAT ID;ANALOG ÖLÇÜM;ÖLÇÜM NOKTASI ID;ÖLÇÜM NOKTASI FORMÜLASYONU
23240;SCADA;ADATOPRAKPINAR;154kV KOCAHACILI - ADATOPRAKPINAR EİH;5259;Reaktif Güç (MVAr);bca89f0b-f09e-4650-b86b-e71949fc68c1;(+1) ADATOPRK, 154, DDYKOCAH, Q
23677;SCADA;TEMELLİ;400kV ADA1 DGKÇ - TEMELLİ EİH;2179;Aktif Güç (MW);a58ac8fc-5b4e-45af-8aac-1840ce2efa0a;(+1) TEMELLI, 380, GEBZE-DG, P
23678;SCADA;TEMELLİ;400kV ADA1 DGKÇ - TEMELLİ EİH;2179;Reaktif Güç (MVAr);46eea6b4-0daa-4c93-82a2-e2a55ff7c4ed;(+1) TEMELLI, 380, GEBZE-DG, Q
26265;SCADA;ÇAYIRHAN TES;400kV ADAPAZARI - ÇAYIRHAN TES EİH;2182;Reaktif Güç (MVAr);0a053a14-8d68-4c8d-9d02-6f0b914b918c;(+1) CAYIRHA, 380, ADA-2, Q
26320;SCADA;ÇAYIRHAN TES;400kV ADAPAZARI - ÇAYIRHAN TES EİH;2182;Aktif Güç (MW);ff50afeb-aed7-4688-b07f-1d0414087907;(+1) CAYIRHA, 380, ADA-2, P
26083;SCADA;BEYPAZARI;154kV ÇAYIRHAN TES - BEYPAZARI EİH;2213;Reaktif Güç (MVAr);c58a51c4-9423-4165-bd12-3ec34c22748c;(+1) BEYPAZAR, 154, CAYIRHAN, Q
26082;SCADA;BEYPAZARI;154kV ÇAYIRHAN TES - BEYPAZARI EİH;2213;Aktif Güç (MW);32d464a6-ed71-4877-abe5-811121c8ebfe;(+1) BEYPAZAR, 154, CAYIRHAN, P
26478;SCADA;ÇAYIRHAN TES;154kV ÇAYIRHAN TES - BEYPAZARI EİH;2213;Aktif Güç (MW);4ed9bbb3-fe69-42f0-b235-e40bdda415c0;(+1) CAYIRHA, 154, BEYPAZAR, P
26486;SCADA;ÇAYIRHAN TES;154kV ÇAYIRHAN TES - BEYPAZARI EİH;2213;Reaktif Güç (MVAr);b25c4a9e-9f2c-4727-9c0f-dd1ccaf8a31a;(+1) CAYIRHA, 154, BEYPAZAR, Q
25513;SCADA;BAĞLUM;400kV SİNCAN - BAĞLUM EİH;2224;Reaktif Güç (MVAr);bfe58fed-1ca2-42d9-8c71-01aaed416e7d;(+1) BAGLUM, 380, SINCAN, Q
25509;SCADA;BAĞLUM;400kV SİNCAN - BAĞLUM EİH;2224;Aktif Güç (MW);01996321-dd3b-4855-93d8-e8ac5765dd1c;(+1) BAGLUM, 380, SINCAN, P
42004;SCADA;SİNCAN;400kV SİNCAN - BAĞLUM EİH;2224;Reaktif Güç (MVAr);e81f44be-34e4-43a0-9898-a11537c57916;(+1) SINCAN, 400, BAGLUM, Q
42005;SCADA;SİNCAN;400kV SİNCAN - BAĞLUM EİH;2224;Aktif Güç (MW);1353d19a-b0b5-45a1-8741-7d03cc8bc984;(+1) SINCAN, 400, BAGLUM, P
25890;SCADA;BALGAT;154kV SİNCAN - BALGAT EİH;2226;Aktif Güç (MW);203725e2-8d63-4eaa-92cd-219c48583b6c;(+1) BALGAT, 154, SINCAN, P
25892;SCADA;BALGAT;154kV SİNCAN - BALGAT EİH;2226;Reaktif Güç (MVAr);23390dc2-9364-4d38-b88b-e7120b30c18b;(+1) BALGAT, 154, SINCAN, Q
41984;SCADA;SİNCAN;154kV SİNCAN - BALGAT EİH;2226;Reaktif Güç (MVAr);f4110de9-191f-43a0-bd72-72a115b8985a;(+1) SINCAN, 154, BALGAT, Q
41985;SCADA;SİNCAN;154kV SİNCAN - BALGAT EİH;2226;Aktif Güç (MW);902e267d-5137-4b33-bb3f-387f2cb17971;(+1) SINCAN, 154, BALGAT, P
41997;SCADA;SİNCAN;154kV SİNCAN - ÜMİTKÖY EİH;2227;Aktif Güç (MW);a21a2051-69ca-4246-a4e6-083d9761024b;(+1) SINCAN, 154, UMITKOY, P
41996;SCADA;SİNCAN;154kV SİNCAN - ÜMİTKÖY EİH;2227;Reaktif Güç (MVAr);f54d35ff-709c-49f3-a850-d6b46312eeae;(+1) SINCAN, 154, UMITKOY, Q
25639;SCADA;ÜMİTKÖY;154kV SİNCAN - ÜMİTKÖY EİH;2227;Aktif Güç (MW);8aa60543-031e-4279-b7a6-dd2110d2620e;(+1) UMITKOY, 154, ANKARA2, P
25641;SCADA;ÜMİTKÖY;154kV SİNCAN - ÜMİTKÖY EİH;2227;Reaktif Güç (MVAr);57fbfba6-3274-4471-b37e-2ff248fb9ada;(+1) UMITKOY, 154, ANKARA2, Q
41965;SCADA;BAYMİNA DGKÇ;154kV TEMELLİ - BAYMİNA DGKÇ - III EİH;2239;Reaktif Güç (MVAr);a0cb70dd-2da3-4f95-a5e6-2851dd8e97f2;(-1) TEMELLI, 154, ANKDG-G1, Q
41966;SCADA;BAYMİNA DGKÇ;154kV TEMELLİ - BAYMİNA DGKÇ - III EİH;2239;Aktif Güç (MW);012cb66d-f2ae-417a-8ce3-de73ac25c252;(-1) TEMELLI, 154, ANKDG-G1, P
23779;SCADA;TEMELLİ;154kV TEMELLİ - BAYMİNA DGKÇ - III EİH;2239;Aktif Güç (MW);874796a7-2e8f-456b-8613-70141a30abba;(+1) TEMELLI, 154, ANKDG-ST, P
23781;SCADA;TEMELLİ;154kV TEMELLİ - BAYMİNA DGKÇ - III EİH;2239;Reaktif Güç (MVAr);0c2d441b-89e0-46f4-909c-ba03398327ef;(+1) TEMELLI, 154, ANKDG-ST, Q
41962;SCADA;BAYMİNA DGKÇ;154kV TEMELLİ - BAYMİNA DGKÇ - I EİH;2240;Aktif Güç (MW);b6a23955-c263-4245-80e4-5f4b1637439c;(-1) TEMELLI, 154, ANKDG-G2, P
41961;SCADA;BAYMİNA DGKÇ;154kV TEMELLİ - BAYMİNA DGKÇ - I EİH;2240;Reaktif Güç (MVAr);f349b590-f216-4e14-8cd2-0d07a7b0e5af;(-1) TEMELLI, 154, ANKDG-G2, Q
23776;SCADA;TEMELLİ;154kV TEMELLİ - BAYMİNA DGKÇ - I EİH;2240;Reaktif Güç (MVAr);a0cb70dd-2da3-4f95-a5e6-2851dd8e97f2;(+1) TEMELLI, 154, ANKDG-G1, Q
23670;SCADA;TEMELLİ;154kV TEMELLİ - BAYMİNA DGKÇ - I EİH;2240;Aktif Güç (MW);012cb66d-f2ae-417a-8ce3-de73ac25c252;(-1) TEMELLI, 154, ANKDG-G1, P
41963;SCADA;BAYMİNA DGKÇ;154kV TEMELLİ - BAYMİNA DGKÇ - II EİH;2243;Reaktif Güç (MVAr);0c2d441b-89e0-46f4-909c-ba03398327ef;(-1) TEMELLI, 154, ANKDG-ST, Q
41964;SCADA;BAYMİNA DGKÇ;154kV TEMELLİ - BAYMİNA DGKÇ - II EİH;2243;Aktif Güç (MW);874796a7-2e8f-456b-8613-70141a30abba;(-1) TEMELLI, 154, ANKDG-ST, P
23672;SCADA;TEMELLİ;154kV TEMELLİ - BAYMİNA DGKÇ - II EİH;2243;Reaktif Güç (MVAr);f349b590-f216-4e14-8cd2-0d07a7b0e5af;(+1) TEMELLI, 154, ANKDG-G2, Q
23671;SCADA;TEMELLİ;154kV TEMELLİ - BAYMİNA DGKÇ - II EİH;2243;Aktif Güç (MW);b6a23955-c263-4245-80e4-5f4b1637439c;(-1) TEMELLI, 154, ANKDG-G2, P
25561;SCADA;BAĞLUM;154kV BAĞLUM - HASKÖY - I EİH;2245;Aktif Güç (MW);af155940-1196-42d7-bf54-13874fc22d8d;(+1) BAGLUM, 154, HASKOY-1, P
25562;SCADA;BAĞLUM;154kV BAĞLUM - HASKÖY - I EİH;2245;Reaktif Güç (MVAr);50333fc0-c6fa-425f-bf06-e55c13b9d610;(+1) BAGLUM, 154, HASKOY-1, Q
26899;SCADA;HASKÖY;154kV BAĞLUM - HASKÖY - I EİH;2245;Reaktif Güç (MVAr);26db6929-d961-4c7c-8447-d75486470db5;(+1) HASKOY, 154, BAGLUM-1, Q
26898;SCADA;HASKÖY;154kV BAĞLUM - HASKÖY - I EİH;2245;Aktif Güç (MW);071d0d66-3fb1-468f-8390-7573636745a5;(+1) HASKOY, 154, BAGLUM-1, P
25678;SCADA;BAĞLUM;154kV BAĞLUM - ESENBOĞA - I EİH;2247;Reaktif Güç (MVAr);e1c6bb52-1fcd-485f-9a95-cc29606e709a;(+1) BAGLUM, 154, ESENBOGA1, Q
25749;SCADA;BAĞLUM;154kV BAĞLUM - ESENBOĞA - I EİH;2247;Aktif Güç (MW);e5e33773-19d7-434e-94b5-bb0bf72fd2a9;(+1) BAGLUM, 154, ESENBOGA1, P
27630;SCADA;ESENBOĞA;154kV BAĞLUM - ESENBOĞA - I EİH;2247;Reaktif Güç (MVAr);47a1b7ca-0dd0-46cb-8fb5-d91fbcdba176;(+1) ESENBOG, 154, BAGLUM-1, Q
27629;SCADA;ESENBOĞA;154kV BAĞLUM - ESENBOĞA - I EİH;2247;Aktif Güç (MW);bad5a267-7788-4854-b828-603bc8607cf8;(+1) ESENBOG, 154, BAGLUM-1, P
25679;SCADA;BAĞLUM;154kV BAĞLUM - ESENBOĞA - II EİH;2248;Aktif Güç (MW);a56df038-e55f-4a09-a8a3-90d706aac53d;(+1) BAGLUM, 154, ESENBOGA2, P
25753;SCADA;BAĞLUM;154kV BAĞLUM - ESENBOĞA - II EİH;2248;Reaktif Güç (MVAr);2b8d00fe-a3a3-4a1b-9eba-fa74e7edde71;(+1) BAGLUM, 154, ESENBOGA2, Q
27632;SCADA;ESENBOĞA;154kV BAĞLUM - ESENBOĞA - II EİH;2248;Reaktif Güç (MVAr);f7bc7480-4154-4be1-950e-e94b11ff5b31;(+1) ESENBOG, 154, BAGLUM-2, Q
27631;SCADA;ESENBOĞA;154kV BAĞLUM - ESENBOĞA - II EİH;2248;Aktif Güç (MW);b7709e26-2dae-49b4-8856-279795e60d35;(+1) ESENBOG, 154, BAGLUM-2, P
25663;SCADA;BAĞLUM;154kV BAĞLUM - HASKÖY - II EİH;2249;Aktif Güç (MW);cd8b5f03-a22b-4602-95db-927de02f5a86;(+1) BAGLUM, 154, HASKOY-2, P
25666;SCADA;BAĞLUM;154kV BAĞLUM - HASKÖY - II EİH;2249;Reaktif Güç (MVAr);635fdbc2-547c-478f-9425-6b236735280c;(+1) BAGLUM, 154, HASKOY-2, Q
26907;SCADA;HASKÖY;154kV BAĞLUM - HASKÖY - II EİH;2249;Reaktif Güç (MVAr);49ab9496-2ef7-496b-a91e-ce556dc31117;(+1) HASKOY, 154, BAGLUM-2, Q
26901;SCADA;HASKÖY;154kV BAĞLUM - HASKÖY - II EİH;2249;Aktif Güç (MW);3da760d5-2bad-4040-97bc-6258194f62ee;(+1) HASKOY, 154, BAGLUM-2, P
25176;SCADA;ANKARA SANAYİ;154kV ANKARA SANAYİ - MACUNKÖY EİH;2255;Aktif Güç (MW);16f26523-4952-4b93-8142-9d7b7bb16417;(+1) ANKARASA, 154, MACUNKOY, P
25178;SCADA;ANKARA SANAYİ;154kV ANKARA SANAYİ - MACUNKÖY EİH;2255;Reaktif Güç (MVAr);60e5af33-15c5-4398-86c0-6978ca5ab5c8;(+1) ANKARASA, 154, MACUNKOY, Q
26162;SCADA;MACUNKÖY;154kV ANKARA SANAYİ - MACUNKÖY EİH;2255;Aktif Güç (MW);a29cab1d-5038-494f-afb9-a0da8b2a11b5;(+1) MACUNKOY, 154, ANKARASAN, P
26164;SCADA;MACUNKÖY;154kV ANKARA SANAYİ - MACUNKÖY EİH;2255;Reaktif Güç (MVAr);ff3ecd97-0e7b-4fb5-8d5b-75a4167d65a3;(+1) MACUNKOY, 154, ANKARASAN, Q
25182;SCADA;ANKARA SANAYİ;154kV ANKARA SANAYİ - OSTİM OSB EİH;2256;Aktif Güç (MW);5f229307-9134-4a58-8d9e-7cd8cbae13da;(+1) ANKARASA, 154, OSTIM_OSB, P
25187;SCADA;ANKARA SANAYİ;154kV ANKARA SANAYİ - OSTİM OSB EİH;2256;Reaktif Güç (MVAr);a93502f2-edfa-4f24-9f73-cc310919b7f5;(+1) ANKARASA, 154, OSTIM_OSB, Q
27660;SCADA;OSTİM OSB;154kV ANKARA SANAYİ - OSTİM OSB EİH;2256;Reaktif Güç (MVAr);d6d9f3fa-ae28-42a6-9df6-51e310f1446a;(+1) OSTIMOSB, 154, ANKARASANAYI, Q
26624;SCADA;OSTİM OSB;154kV ANKARA SANAYİ - OSTİM OSB EİH;2256;Aktif Güç (MW);47bc10da-0571-4128-a374-a85e7819ec86;(+1) OSTIMOSB, 154, ANKARASANAYI, P
25882;SCADA;BALGAT;154kV BALGAT - MALTEPE EİH;2257;Aktif Güç (MW);6278526d-951f-42ef-a5f6-3b5f7f3d196f;(+1) BALGAT, 154, MALTEPE, P
25884;SCADA;BALGAT;154kV BALGAT - MALTEPE EİH;2257;Reaktif Güç (MVAr);9d06868c-cb1d-4491-b54c-541f366d46ba;(+1) BALGAT, 154, MALTEPE, Q
26471;SCADA;MALTEPE ANKARA;154kV BALGAT - MALTEPE EİH;2257;Reaktif Güç (MVAr);2ccecedb-cd78-4413-9a1c-1f33fe57769a;(+1) MALTEPE, 154, BALGAT, Q
26463;SCADA;MALTEPE ANKARA;154kV BALGAT - MALTEPE EİH;2257;Aktif Güç (MW);88862231-80ea-44d6-8680-5b29f44e40d0;(+1) MALTEPE, 154, BALGAT, P
42168;SCADA;BAŞTAŞ;154kV BAŞTAŞ - KIRIKKALE EİH;2259;Aktif Güç (MW);63e642c6-8118-4461-8d97-437788470c59;(+1) BASTAS, 154, KIRIKKAL, P
42167;SCADA;BAŞTAŞ;154kV BAŞTAŞ - KIRIKKALE EİH;2259;Reaktif Güç (MVAr);e3554614-81ed-4634-9f01-d0b16f071305;(+1) BASTAS, 154, KIRIKKAL, Q
24464;SCADA;KIRIKKALE;154kV BAŞTAŞ - KIRIKKALE EİH;2259;Reaktif Güç (MVAr);d49abc13-6e90-467b-859d-1a524d12e2aa;(+1) KIRIKKAL, 154, BASTAS, Q
24462;SCADA;KIRIKKALE;154kV BAŞTAŞ - KIRIKKALE EİH;2259;Aktif Güç (MW);77b188e8-e917-437e-afe3-2d9c9ce0ab09;(+1) KIRIKKAL, 154, BASTAS, P
26012;SCADA;BEYLİKKÖPRÜ;154kV BEYLİKKÖPRÜ - POLATLI EİH;2261;Aktif Güç (MW);a5174acc-ba04-4a53-a518-e5ee57b4befe;(+1) B.KOPRU, 154, POLATLI, P
26013;SCADA;BEYLİKKÖPRÜ;154kV BEYLİKKÖPRÜ - POLATLI EİH;2261;Reaktif Güç (MVAr);e9e02a73-9da7-444d-8b12-4969a0b59c98;(+1) B.KOPRU, 154, POLATLI, Q
26511;SCADA;POLATLI;154kV BEYLİKKÖPRÜ - POLATLI EİH;2261;Reaktif Güç (MVAr);2bc0d780-7a0a-4dc6-a3b7-fe0c03706977;(+1) POLATLI, 154, BEYKOPRU, Q
27047;SCADA;POLATLI;154kV BEYLİKKÖPRÜ - POLATLI EİH;2261;Aktif Güç (MW);0fe20931-9c9f-4471-88be-cc99f43113bc;(+1) POLATLI, 154, BEYKOPRU, P
26034;SCADA;BEYPAZARI;154kV BEYPAZARI - ETİ SODA EİH;2262;Reaktif Güç (MVAr);5019216e-a54a-4338-9b99-8699f7ea1109;(+1) BEYPAZAR, 154, ETI-SODA, Q
26017;SCADA;BEYPAZARI;154kV BEYPAZARI - ETİ SODA EİH;2262;Aktif Güç (MW);bd5ee613-4d64-4f31-b5b4-1e62dfddbaa0;(+1) BEYPAZAR, 154, ETI-SODA, P
27658;SCADA;ETİ SODA;154kV BEYPAZARI - ETİ SODA EİH;2262;Aktif Güç (MW);e161309a-e3a4-4d76-bb71-394082c792cb;(+1) ETI-SOD, 154, BEYPAZAR, P
27638;SCADA;ETİ SODA;154kV BEYPAZARI - ETİ SODA EİH;2262;Reaktif Güç (MVAr);c539e175-d11f-4138-bd99-cc7de0753cbf;(+1) ETI-SOD, 154, BEYPAZAR, Q
22084;SCADA;HACILAR;154kV HACILAR - KAPULUKAYA HES EİH;2265;Reaktif Güç (MVAr);393fc032-1c4b-46c9-8a9d-a7fb116677d8;(+1) HACILAR, 154, KAPULUKA, Q
22082;SCADA;HACILAR;154kV HACILAR - KAPULUKAYA HES EİH;2265;Aktif Güç (MW);91bd5d9e-a7e9-4e63-87d9-d9b3b314f1ff;(+1) HACILAR, 154, KAPULUKA, P
25212;SCADA;KAPULUKAYA HES;154kV HACILAR - KAPULUKAYA HES EİH;2265;Aktif Güç (MW);f8a64114-bd8a-4927-8b71-d02af4b786fe;(+1) KAPULUK, 154, HACILAR, P
25260;SCADA;KAPULUKAYA HES;154kV HACILAR - KAPULUKAYA HES EİH;2265;Reaktif Güç (MVAr);6a226f3e-3baf-4024-b5d3-ebb51c439eaa;(+1) KAPULUK, 154, HACILAR, Q
25175;SCADA;KALECİK;154kV KALECİK - KIRIKKALE EİH;2268;Aktif Güç (MW);41f1dbb7-9114-49d7-9573-d1c6d9dfdb3f;(+1) KALECIK, 154, KIRIKKAL, P
24744;SCADA;KALECİK;154kV KALECİK - KIRIKKALE EİH;2268;Reaktif Güç (MVAr);35c8ffeb-ae43-4783-b24c-af6c979bd13a;(+1) KALECIK, 154, KIRIKKAL, Q
24693;SCADA;KIRIKKALE;154kV KALECİK - KIRIKKALE EİH;2268;Aktif Güç (MW);5c629b1a-c36d-450d-b2be-df4420cce1f6;(+1) KIRIKKAL, 154, KALECIK, P
24696;SCADA;KIRIKKALE;154kV KALECİK - KIRIKKALE EİH;2268;Reaktif Güç (MVAr);3af64d7c-8057-4fe3-8fc7-11d06f275908;(+1) KIRIKKAL, 154, KALECIK, Q
26615;SCADA;ÇİMPOR;154kV KIRIKKALE - ÇİMPOR EİH;2270;Aktif Güç (MW);2f38aabf-9c4f-4f50-9b18-474a720ac2fc;(+1) CIMPOR, 154, K.KALE, P
26730;SCADA;ÇİMPOR;154kV KIRIKKALE - ÇİMPOR EİH;2270;Reaktif Güç (MVAr);6cfb3fe0-0ed1-4951-bdb6-48fe4f7455f1;(+1) CIMPOR, 154, K.KALE, Q
24682;SCADA;KIRIKKALE;154kV KIRIKKALE - ÇİMPOR EİH;2270;Aktif Güç (MW);22b85ff6-9006-411b-898d-ff3683fd0eee;(+1) KIRIKKAL, 154, CIMPOR, P
24684;SCADA;KIRIKKALE;154kV KIRIKKALE - ÇİMPOR EİH;2270;Reaktif Güç (MVAr);c201997f-0fd1-4b8e-b139-683278a48d60;(+1) KIRIKKAL, 154, CIMPOR, Q
26912;SCADA;HASKÖY;154kV MAMAK - HASKÖY EİH;2274;Reaktif Güç (MVAr);d82d8637-2184-4664-9b21-ae3faf691860;(+1) HASKOY, 154, MAMAK, Q
26911;SCADA;HASKÖY;154kV MAMAK - HASKÖY EİH;2274;Aktif Güç (MW);3e5a9171-94d5-4bf2-8793-230ed4f8ff27;(+1) HASKOY, 154, MAMAK, P
26683;SCADA;MAMAK;154kV MAMAK - HASKÖY EİH;2274;Reaktif Güç (MVAr);1281eab9-2038-4db0-a3bd-f65c8517c0af;(+1) MAMAK, 154, HASKOY, Q
26682;SCADA;MAMAK;154kV MAMAK - HASKÖY EİH;2274;Aktif Güç (MW);5c6d486d-df37-4b97-acb6-9668ef7fdec2;(+1) MAMAK, 154, HASKOY, P
41977;SCADA;KIRIKKALE;154kV KIRIKKALE -> KIZILIRMAK - KESİKKÖPRÜ HES EİH;2277;Reaktif Güç (MVAr);566304ef-8f07-4b17-b32a-c5abf0a234fa;(+1) KIRIKKAL, 154, KIZILIRM, Q
41976;SCADA;KIRIKKALE;154kV KIRIKKALE -> KIZILIRMAK - KESİKKÖPRÜ HES EİH;2277;Aktif Güç (MW);95720a48-dde5-432c-8173-b8542accb10a;(+1) KIRIKKAL, 154, KIZILIRM, P
26321;SCADA;KAYSERİ2;154kV KAYSERİ KAPASİTÖR - KAYSERİ2 - I EİH;2283;Reaktif Güç (MVAr);1d04c2db-0b69-40f2-8984-4703e3347a95;(+1) KAYSERI2, 154, KAPAS-H1, Q
26318;SCADA;KAYSERİ2;154kV KAYSERİ KAPASİTÖR - KAYSERİ2 - I EİH;2283;Aktif Güç (MW);037b899d-594c-4207-80ec-723b5eb4b532;(+1) KAYSERI2, 154, KAPAS-H1, P
24053;SCADA;KAYSERİ KAPASİTÖR;154kV KAYSERİ KAPASİTÖR - KAYSERİ2 - I EİH;2283;Aktif Güç (MW);2e362cff-5fa5-437a-ab88-b6b87dc3e1a1;(+1) KAYSERI, 154, KAYSER21, P
24056;SCADA;KAYSERİ KAPASİTÖR;154kV KAYSERİ KAPASİTÖR - KAYSERİ2 - I EİH;2283;Reaktif Güç (MVAr);e88153cc-dee0-4915-b973-89c6fdeb2f45;(+1) KAYSERI, 154, KAYSER21, Q
26326;SCADA;KAYSERİ2;154kV KAYSERİ KAPASİTÖR - KAYSERİ2 - II EİH;2284;Reaktif Güç (MVAr);8ce434e3-951a-40ab-aa79-28c820b077e1;(+1) KAYSERI2, 154, KAPAS-H2, Q
26323;SCADA;KAYSERİ2;154kV KAYSERİ KAPASİTÖR - KAYSERİ2 - II EİH;2284;Aktif Güç (MW);215afd26-360e-456a-b15f-1dbdde991b1c;(+1) KAYSERI2, 154, KAPAS-H2, P
23446;SCADA;KAYSERİ KAPASİTÖR;154kV KAYSERİ KAPASİTÖR - KAYSERİ2 - II EİH;2284;Reaktif Güç (MVAr);7adb48eb-7598-4ff9-b34d-6dc1e82d8b92;(+1) KAYSERI, 154, KAYSER22, Q
24057;SCADA;KAYSERİ KAPASİTÖR;154kV KAYSERİ KAPASİTÖR - KAYSERİ2 - II EİH;2284;Aktif Güç (MW);c1ca444c-6610-4b7c-9a82-d8977580c408;(+1) KAYSERI, 154, KAYSER22, P
26151;SCADA;KAYSERİ2;154kV KAYSERİ KAPASİTÖR - KAYSERİ2 - III EİH;2285;Reaktif Güç (MVAr);071f90b4-1405-4bc9-af28-67035f308da4;(+1) KAYSERI2, 154, KAPAS-H3, Q
26330;SCADA;KAYSERİ2;154kV KAYSERİ KAPASİTÖR - KAYSERİ2 - III EİH;2285;Aktif Güç (MW);8ad1f19b-1a79-422e-87ee-1dbcf0f56d64;(-1) KAYSERI, 154, KAYSER23, P
23447;SCADA;KAYSERİ KAPASİTÖR;154kV KAYSERİ KAPASİTÖR - KAYSERİ2 - III EİH;2285;Reaktif Güç (MVAr);7451c3d9-62a3-47c0-846d-ccb650d8500b;(+1) KAYSERI, 154, KAYSER23, Q
24058;SCADA;KAYSERİ KAPASİTÖR;154kV KAYSERİ KAPASİTÖR - KAYSERİ2 - III EİH;2285;Aktif Güç (MW);8ad1f19b-1a79-422e-87ee-1dbcf0f56d64;(+1) KAYSERI, 154, KAYSER23, P
23449;SCADA;KAYSERİ KAPASİTÖR;154kV KAYSERİ KAPASİTÖR - SIZIR EİH;2287;Reaktif Güç (MVAr);4f11f54c-258a-4131-821c-4ba923c02ad3;(+1) KAYSERI, 154, SIZIR, Q
23448;SCADA;KAYSERİ KAPASİTÖR;154kV KAYSERİ KAPASİTÖR - SIZIR EİH;2287;Aktif Güç (MW);c06515d7-6141-45cb-85cf-11da62b9fe80;(+1) KAYSERI, 154, SIZIR, P
25009;SCADA;SIZIR;154kV KAYSERİ KAPASİTÖR - SIZIR EİH;2287;Aktif Güç (MW);dbd700a7-3ea7-4b44-a0ea-19cd94bea97f;(+1) SIZIR, 154, KAYSRKAP, P
25012;SCADA;SIZIR;154kV KAYSERİ KAPASİTÖR - SIZIR EİH;2287;Reaktif Güç (MVAr);b446c1a4-ba55-4b33-ab28-065410f7bba8;(+1) SIZIR, 154, KAYSRKAP, Q
26256;SCADA;KAYSERİ2;154kV KAYSERİ2 - KAYSERİ3 EİH;2290;Aktif Güç (MW);9318f8f6-bd0f-4a49-8117-eefd1f8a0ea4;(+1) KAYSERI2, 154, KAYSERI3, P
26316;SCADA;KAYSERİ2;154kV KAYSERİ2 - KAYSERİ3 EİH;2290;Reaktif Güç (MVAr);0812df58-fc61-4c02-8314-41ef775657ef;(+1) KAYSERI2, 154, KAYSERI3, Q
26348;SCADA;KAYSERİ3;154kV KAYSERİ2 - KAYSERİ3 EİH;2290;Aktif Güç (MW);1b1ce649-2a80-4ae3-ab45-b50a8216a40d;(+1) KAYSERI3, 154, KAYSER2, P
26351;SCADA;KAYSERİ3;154kV KAYSERİ2 - KAYSERİ3 EİH;2290;Reaktif Güç (MVAr);38eee0a9-3793-46e7-b3d8-b1f3f7a09236;(+1) KAYSERI3, 154, KAYSER2, Q
26924;SCADA;ÇİNKUR;154kV KAYSERİ2 - ÇİNKUR EİH;2291;Aktif Güç (MW);48dd4202-e8fc-48a6-89b5-bc654963c038;(+1) CINKUR, 154, KAYSERI2, P
26618;SCADA;ÇİNKUR;154kV KAYSERİ2 - ÇİNKUR EİH;2291;Reaktif Güç (MVAr);2b189dc3-455f-404a-8b7a-c07a1bdde644;(+1) CINKUR, 154, KAYSERI2, Q
26244;SCADA;KAYSERİ2;154kV KAYSERİ2 - ÇİNKUR EİH;2291;Reaktif Güç (MVAr);5eaa23c7-28a7-49fa-8a9a-75dfb437b904;(+1) KAYSERI2, 154, CINKUR, Q
26243;SCADA;KAYSERİ2;154kV KAYSERİ2 - ÇİNKUR EİH;2291;Aktif Güç (MW);88a679a5-faa1-467b-babd-0e0dd3ecf949;(+1) KAYSERI2, 154, CINKUR, P
26621;SCADA;ÇİNKUR;154kV KAYSERİ3 - ÇİNKUR EİH;2295;Aktif Güç (MW);4cf3d059-c3d0-4503-980c-b5888cc82cd6;(+1) CINKUR, 154, KAYSERI3, P
26622;SCADA;ÇİNKUR;154kV KAYSERİ3 - ÇİNKUR EİH;2295;Reaktif Güç (MVAr);de895da4-dc47-47ba-beb4-30d656f50806;(+1) CINKUR, 154, KAYSERI3, Q
26355;SCADA;KAYSERİ3;154kV KAYSERİ3 - ÇİNKUR EİH;2295;Reaktif Güç (MVAr);abbc3f92-e608-41ee-82d4-a95db03804e1;(+1) KAYSERI3, 154, CINKUR, Q
26163;SCADA;KAYSERİ3;154kV KAYSERİ3 - ÇİNKUR EİH;2295;Aktif Güç (MW);0108b0d5-c97a-4163-b8da-c57716f06a83;(+1) KAYSERI3, 154, CINKUR, P
27051;SCADA;ÇUMRA;154kV KARATAY - ÇUMRA EİH;2297;Reaktif Güç (MVAr);8e962f71-3c76-4c81-960b-3abf2621a60e;(+1) CUMRA, 154, KARATAY, Q
27050;SCADA;ÇUMRA;154kV KARATAY - ÇUMRA EİH;2297;Aktif Güç (MW);ba3a1273-51fd-4fc7-bb41-c7f65a84ea5f;(+1) CUMRA, 154, KARATAY, P
22555;SCADA;KARATAY;154kV KARATAY - ÇUMRA EİH;2297;Reaktif Güç (MVAr);76b3521d-a736-410f-b425-03d9debe2684;(+1) KARATAY, 154, CUMRA, Q
22554;SCADA;KARATAY;154kV KARATAY - ÇUMRA EİH;2297;Aktif Güç (MW);29abcd2d-f1f7-492e-ae51-909fcf3eba98;(+1) KARATAY, 154, CUMRA, P
22551;SCADA;KARATAY;154kV KARATAY - KAYACIK - I EİH;2300;Reaktif Güç (MVAr);ff84089c-364b-43ca-bbb4-ec74dca2adb8;(+1) KARATAY, 154, KAYACIK1, Q
22550;SCADA;KARATAY;154kV KARATAY - KAYACIK - I EİH;2300;Aktif Güç (MW);ff12f1bb-7a6f-4937-be09-8f6732494c9c;(+1) KARATAY, 154, KAYACIK1, P
25772;SCADA;KAYACIK;154kV KARATAY - KAYACIK - I EİH;2300;Aktif Güç (MW);1509ee9a-550c-4461-b18d-f4bd91482503;(+1) KAYACIK, 154, KARATAY1, P
25683;SCADA;KAYACIK;154kV KARATAY - KAYACIK - I EİH;2300;Reaktif Güç (MVAr);708d2798-89a0-47d7-86c0-c192d7cda93e;(+1) KAYACIK, 154, KARATAY1, Q
22549;SCADA;KARATAY;154kV KARATAY - KAYACIK - II EİH;2301;Reaktif Güç (MVAr);1a2e812a-8efb-43ca-bbfa-2108422a8d19;(+1) KARATAY, 154, KAYACIK2, Q
22548;SCADA;KARATAY;154kV KARATAY - KAYACIK - II EİH;2301;Aktif Güç (MW);b3f6f8c2-6750-44d8-b288-8a14f1288108;(+1) KARATAY, 154, KAYACIK2, P
25776;SCADA;KAYACIK;154kV KARATAY - KAYACIK - II EİH;2301;Reaktif Güç (MVAr);af2e4502-7a9f-4124-a548-8aec45a22e82;(+1) KAYACIK, 154, KARATAY2, Q
25774;SCADA;KAYACIK;154kV KARATAY - KAYACIK - II EİH;2301;Aktif Güç (MW);5db01c3c-01c2-4749-910b-1ecb9096411a;(+1) KAYACIK, 154, KARATAY2, P
22545;SCADA;KARATAY;154kV KARATAY - KIZÖREN EİH;2302;Reaktif Güç (MVAr);f9ce70e7-2004-4348-8a62-b24fd1263db9;(+1) KARATAY, 154, KIZOREN, Q
22543;SCADA;KARATAY;154kV KARATAY - KIZÖREN EİH;2302;Aktif Güç (MW);36c19f1c-c4dd-4f65-a346-2fe37390437e;(+1) KARATAY, 154, KIZOREN, P
25732;SCADA;KIZÖREN;154kV KARATAY - KIZÖREN EİH;2302;Reaktif Güç (MVAr);75d72073-05d0-41ad-bc42-40efaf1fee0c;(+1) KIZOREN, 154, KARATAY, Q
25564;SCADA;KIZÖREN;154kV KARATAY - KIZÖREN EİH;2302;Aktif Güç (MW);83e234d3-bb38-4da5-9954-e2e77abd1ceb;(+1) KIZOREN, 154, KARATAY, P
22969;SCADA;EREĞLİ KONYA;154kV EREĞLİ - KARAPINAR EİH;2306;Aktif Güç (MW);b8e26615-e99c-4755-8c61-a5f88ac8b0a1;(+1) KONYAERE, 154, KARAPINA, P
38213;SCADA;EREĞLİ KONYA;154kV EREĞLİ - KARAPINAR EİH;2306;Reaktif Güç (MVAr);a1d2eaa6-f0fa-42db-818d-a7e2041e54a5;(+1) KONYAERE, 154, KARAPINA, Q
25651;SCADA;KARAPINAR;154kV EREĞLİ - KARAPINAR EİH;2306;Aktif Güç (MW);35e45bbd-8da0-4d76-91c9-ac92987c1049;(+1) KARAPINA, 154, EREGLI, P
25655;SCADA;KARAPINAR;154kV EREĞLİ - KARAPINAR EİH;2306;Reaktif Güç (MVAr);dd286057-08b9-45c2-8e53-217bfae15e87;(+1) KARAPINA, 154, EREGLI, Q
42152;SCADA;ALİBEY HÖYÜĞÜ;154kV ALİBEY HÖYÜĞÜ - ÇUMRA EİH;2308;Reaktif Güç (MVAr);5933ae76-d9a3-4bd5-a808-72e57a8e2844;(+1) A.HOYUGU, 154, CUMRA, Q
42153;SCADA;ALİBEY HÖYÜĞÜ;154kV ALİBEY HÖYÜĞÜ - ÇUMRA EİH;2308;Aktif Güç (MW);44d09007-1cbc-43b6-8d5e-ad65e12080d4;(+1) A.HOYUGU, 154, CUMRA, P
27043;SCADA;ÇUMRA;154kV ALİBEY HÖYÜĞÜ - ÇUMRA EİH;2308;Reaktif Güç (MVAr);dbe19e58-9f2c-4bc6-bdce-11d9019b6eaf;(+1) CUMRA, 154, ALIBEYHOYUGU, Q
27041;SCADA;ÇUMRA;154kV ALİBEY HÖYÜĞÜ - ÇUMRA EİH;2308;Aktif Güç (MW);fd212a25-759b-4219-83ed-2a2b322ee9d9;(+1) CUMRA, 154, ALIBEYHOYUGU, P
27046;SCADA;ÇUMRA;154kV ÇUMRA - GÜNEYSINIR EİH;2310;Reaktif Güç (MVAr);ccd5f23e-89d4-4c11-ba59-3f2d0eb1a949;(+1) CUMRA, 154, GUNEYSIN, Q
27045;SCADA;ÇUMRA;154kV ÇUMRA - GÜNEYSINIR EİH;2310;Aktif Güç (MW);3771a174-2d4e-4a07-9668-12d6bc262ebe;(+1) CUMRA, 154, GUNEYSIN, P
22062;SCADA;GÜNEYSINIR;154kV ÇUMRA - GÜNEYSINIR EİH;2310;Reaktif Güç (MVAr);61524699-7fa0-48a7-8c41-ccce796ed4ca;(+1) GUNEYSNR, 154, CUMRA, Q
22061;SCADA;GÜNEYSINIR;154kV ÇUMRA - GÜNEYSINIR EİH;2310;Aktif Güç (MW);d51a6a2e-e5bb-41f1-8ad9-45c86fd9dae6;(+1) GUNEYSNR, 154, CUMRA, P
21586;SCADA;YEŞİLHİSAR;400kV YEŞİLHİSAR - TEMELLİ - GÜNEY EİH;2317;Reaktif Güç (MVAr);82dd75aa-95e1-4728-9351-4ac8ad70cb46;(+1) YESILHIS, 380, AGACOREN-GUN, Q
21584;SCADA;YEŞİLHİSAR;400kV YEŞİLHİSAR - TEMELLİ - GÜNEY EİH;2317;Aktif Güç (MW);8eb54664-7d2d-4ede-a7e4-515e8ed3b231;(+1) YESILHIS, 380, AGACOREN-GUN, P
21581;SCADA;YEŞİLHİSAR;400kV YEŞİLHİSAR - TEMELLİ - KUZEY EİH;2318;Reaktif Güç (MVAr);56c166cd-d9ce-46b3-98dc-b9f435ee706b;(+1) YESILHIS, 380, AGACOREN-KUZ, Q
21580;SCADA;YEŞİLHİSAR;400kV YEŞİLHİSAR - TEMELLİ - KUZEY EİH;2318;Aktif Güç (MW);f74f5067-e2eb-4de6-85df-61723d02980f;(+1) YESILHIS, 380, AGACOREN-KUZ, P
26452;SCADA;ÇAMLICA1 HES;154kV YEŞİLHİSAR - ÇAMLICA1 HES EİH;2321;Aktif Güç (MW);b8821e4a-6ab3-4616-a906-f31b64a960fe;(+1) CAMLICA, 154, YESILHISAR, P
26456;SCADA;ÇAMLICA1 HES;154kV YEŞİLHİSAR - ÇAMLICA1 HES EİH;2321;Reaktif Güç (MVAr);158a6380-e475-4943-a532-7cb394dbdcfd;(+1) CAMLICA, 154, YESILHISAR, Q
21620;SCADA;YEŞİLHİSAR;154kV YEŞİLHİSAR - ÇAMLICA1 HES EİH;2321;Reaktif Güç (MVAr);717da293-7f56-4ab2-ad6c-535ff908a127;(+1) YESILHIS, 154, CAMLICA1, Q
21619;SCADA;YEŞİLHİSAR;154kV YEŞİLHİSAR - ÇAMLICA1 HES EİH;2321;Aktif Güç (MW);d92cd58d-fc73-4c20-8382-72c5ab718cce;(+1) YESILHIS, 154, CAMLICA1, P
27145;SCADA;DERİNKUYU;154kV YEŞİLHİSAR - DERİNKUYU EİH;2322;Aktif Güç (MW);e04c4190-72ee-43ac-88a5-e27d2d866a9a;(+1) DERINKU, 154, YESILHIS, P
27144;SCADA;DERİNKUYU;154kV YEŞİLHİSAR - DERİNKUYU EİH;2322;Reaktif Güç (MVAr);aeb89825-88d9-4658-bf0c-19555bbbae10;(+1) DERINKU, 154, YESILHIS, Q
21618;SCADA;YEŞİLHİSAR;154kV YEŞİLHİSAR - DERİNKUYU EİH;2322;Reaktif Güç (MVAr);81294f43-c190-42d1-a5f1-2c84770fcb52;(+1) YESILHIS, 154, DERINKUY, Q
21616;SCADA;YEŞİLHİSAR;154kV YEŞİLHİSAR - DERİNKUYU EİH;2322;Aktif Güç (MW);fa01bb1a-2f9b-4d35-8ca8-136319988959;(+1) YESILHIS, 154, DERINKUY, P
26612;SCADA;NİĞDE;154kV YEŞİLHİSAR - NİĞDE EİH;2323;Reaktif Güç (MVAr);3f46217d-6bbb-497f-b567-b21b70627a0f;(+1) NIGDE, 154, YESILHIS, Q
26814;SCADA;NİĞDE;154kV YEŞİLHİSAR - NİĞDE EİH;2323;Aktif Güç (MW);c7361b8b-f46b-489b-94fa-178974ca3f02;(+1) NIGDE, 154, YESILHIS, P
21613;SCADA;YEŞİLHİSAR;154kV YEŞİLHİSAR - NİĞDE EİH;2323;Aktif Güç (MW);4c9c2e4a-fca1-43a2-a715-cb0052d3a1b3;(+1) YESILHIS, 154, NIGDE, P
21615;SCADA;YEŞİLHİSAR;154kV YEŞİLHİSAR - NİĞDE EİH;2323;Reaktif Güç (MVAr);34582c31-3bd7-40ba-b32d-75aabd85641f;(+1) YESILHIS, 154, NIGDE, Q
24804;SCADA;SENDİREMEKE;154kV YEŞİLHİSAR - SENDİREMEKE EİH;2324;Reaktif Güç (MVAr);0c090e50-8f00-4447-b068-7e31d9e2cab2;(+1) SENDIRMK, 154, YESILHIS, Q
24799;SCADA;SENDİREMEKE;154kV YEŞİLHİSAR - SENDİREMEKE EİH;2324;Aktif Güç (MW);f5689c95-e80d-4bfe-99c7-0b8d19441676;(+1) SENDIRMK, 154, YESILHIS, P
21609;SCADA;YEŞİLHİSAR;154kV YEŞİLHİSAR - SENDİREMEKE EİH;2324;Reaktif Güç (MVAr);d2cec747-de75-4cb9-bf67-dd66e775b657;(+1) YESILHIS, 154, SENDIREM, Q
21611;SCADA;YEŞİLHİSAR;154kV YEŞİLHİSAR - SENDİREMEKE EİH;2324;Aktif Güç (MW);c4afe802-a494-475a-9c86-42f1e10c1fb4;(+1) YESILHIS, 154, SENDIREM, P
23506;SCADA;AKDAĞ MADENİ;154kV AKDAĞ MADENİ - SIZIR EİH;2325;Reaktif Güç (MVAr);5e52446d-275b-45b6-80a1-2862adf8237b;(+1) AKDAGMDN, 154, SIZIR, Q
23505;SCADA;AKDAĞ MADENİ;154kV AKDAĞ MADENİ - SIZIR EİH;2325;Aktif Güç (MW);7f34cd91-219f-4c38-8126-dd04ca0e370e;(+1) AKDAGMDN, 154, SIZIR, P
24949;SCADA;SIZIR;154kV AKDAĞ MADENİ - SIZIR EİH;2325;Reaktif Güç (MVAr);862a23d6-b61a-47d1-9d20-59f8bff5e33c;(+1) SIZIR, 154, AKDAGMDN, Q
24946;SCADA;SIZIR;154kV AKDAĞ MADENİ - SIZIR EİH;2325;Aktif Güç (MW);97f196aa-d504-4055-89d4-d536606bdbe7;(+1) SIZIR, 154, AKDAGMDN, P
25446;SCADA;BOĞAZLIYAN;154kV BOĞAZLIYAN - KALABA EİH;2326;Aktif Güç (MW);ed3dc295-17b9-4e10-9bcb-2f0564e56ffd;(+1) BOGAZLYN, 154, KALABA, P
26125;SCADA;BOĞAZLIYAN;154kV BOĞAZLIYAN - KALABA EİH;2326;Reaktif Güç (MVAr);cb0f5bae-e41c-4aef-9d2f-85be804ce58f;(+1) BOGAZLYN, 154, KALABA, Q
24910;SCADA;KALABA;154kV BOĞAZLIYAN - KALABA EİH;2326;Reaktif Güç (MVAr);cb0f5bae-e41c-4aef-9d2f-85be804ce58f;(+1) BOGAZLYN, 154, KALABA, Q
24901;SCADA;KALABA;154kV BOĞAZLIYAN - KALABA EİH;2326;Aktif Güç (MW);cbc80bf5-6c3f-4df2-95eb-e921798fdc31;(+1) KALABA, 154, BOGAZLYN, P
26332;SCADA;BOR;154kV BOR - NİĞDE OSB EİH;2334;Aktif Güç (MW);b8619d29-14e4-41f9-8ead-7ba0a545b215;(+1) BOR, 154, NIGDEOSB, P
26334;SCADA;BOR;154kV BOR - NİĞDE OSB EİH;2334;Reaktif Güç (MVAr);ded7c4a5-8911-4ebd-8742-5006a167d6d4;(+1) BOR, 154, NIGDEOSB, Q
26731;SCADA;NİĞDE OSB;154kV BOR - NİĞDE OSB EİH;2334;Reaktif Güç (MVAr);3a655a1f-e82b-4c95-a78c-47a614a1bf48;(+1) NIGDEOSB, 154, BOR, Q
26849;SCADA;NİĞDE OSB;154kV BOR - NİĞDE OSB EİH;2334;Aktif Güç (MW);49477405-e7f0-421e-a3f9-aa8f730ed65a;(+1) NIGDEOSB, 154, BOR, P
26484;SCADA;CİHANBEYLİ;154kV CİHANBEYLİ - KULU EİH;2336;Reaktif Güç (MVAr);6cba533c-2f21-432e-92dc-c80952bddf93;(+1) CIHANBEY, 154, KULU, Q
26482;SCADA;CİHANBEYLİ;154kV CİHANBEYLİ - KULU EİH;2336;Aktif Güç (MW);3a95527b-285b-495c-abd0-dc996d398519;(+1) CIHANBEY, 154, KULU, P
25786;SCADA;KULU;154kV CİHANBEYLİ - KULU EİH;2336;Reaktif Güç (MVAr);4b2f981c-2cc1-40d0-8420-8eaa74e1453e;(+1) KULU, 154, CIHANBEY, Q
25785;SCADA;KULU;154kV CİHANBEYLİ - KULU EİH;2336;Aktif Güç (MW);d9bd8154-7dfa-4f1c-87d3-92f9ad22ce8d;(+1) KULU, 154, CIHANBEY, P
26921;SCADA;ÇİNKUR;154kV ÇİNKUR - YAMULA HES EİH;2338;Aktif Güç (MW);1ac733cc-c23b-472f-9dcc-7627fa5dff77;(+1) CINKUR, 154, YAMULA, P
26922;SCADA;ÇİNKUR;154kV ÇİNKUR - YAMULA HES EİH;2338;Reaktif Güç (MVAr);0bcf65b9-8bdf-405b-8d88-c68dab5e36da;(+1) CINKUR, 154, YAMULA, Q
25845;SCADA;YAMULA HES;154kV ÇİNKUR - YAMULA HES EİH;2338;Aktif Güç (MW);95329efd-d60c-424b-8dd1-d9fc024cb3b0;(+1) YAMULA, 154, CINKUR, P
8909;SCADA;YAMULA HES;154kV ÇİNKUR - YAMULA HES EİH;2338;Reaktif Güç (MVAr);4ed5dfce-7382-41d7-97c2-d601e3e039c2;(+1) YAMULA, 154, CINKUR, Q
26514;SCADA;DERİNKUYU;154kV DERİNKUYU - MİSLİOVA EİH;2340;Aktif Güç (MW);e5d7fde2-6549-4305-b4ca-9eedac74ff8b;(+1) DERINKU, 154, MISLIOVA, P
27077;SCADA;DERİNKUYU;154kV DERİNKUYU - MİSLİOVA EİH;2340;Reaktif Güç (MVAr);5cd8146f-89a7-4825-921b-b0277158b2e6;(+1) DERINKU, 154, MISLIOVA, Q
26613;SCADA;MİSLİOVA;154kV DERİNKUYU - MİSLİOVA EİH;2340;Aktif Güç (MW);2f19c0ed-535a-4815-9166-e080f2e7b6aa;(+1) MISLIOVA, 154, DERINKUY, P
26818;SCADA;MİSLİOVA;154kV DERİNKUYU - MİSLİOVA EİH;2340;Reaktif Güç (MVAr);5a4272c8-490a-4199-a021-8eb5d6a87f9c;(+1) MISLIOVA, 154, DERINKUY, Q
24802;SCADA;KIRŞEHİR;154kV KIRŞEHİR - PETLAS EİH;2341;Reaktif Güç (MVAr);afca576e-d9cc-4812-97fc-52ec132553e3;(+1) KIRSEHI, 154, PETLAS, Q
24726;SCADA;KIRŞEHİR;154kV KIRŞEHİR - PETLAS EİH;2341;Aktif Güç (MW);183e24ee-2fc9-43cc-8279-e67d48880d04;(+1) KIRSEHI, 154, PETLAS, P
27021;SCADA;PETLAS;154kV KIRŞEHİR - PETLAS EİH;2341;Reaktif Güç (MVAr);bd9c15cb-f4d3-4569-bd8f-19398b250557;(+1) PETLAS, 154, KIRSEHIR, Q
27019;SCADA;PETLAS;154kV KIRŞEHİR - PETLAS EİH;2341;Aktif Güç (MW);d275aa0f-4c7b-44de-a411-4acd269777a3;(+1) PETLAS, 154, KIRSEHIR, P
26724;SCADA;MİSLİOVA;154kV MİSLİOVA - NİĞDE EİH;2343;Reaktif Güç (MVAr);e15d8f78-6fdc-4e6b-b14e-51b604670ae4;(+1) MISLIOVA, 154, NIGDE, Q
26824;SCADA;MİSLİOVA;154kV MİSLİOVA - NİĞDE EİH;2343;Aktif Güç (MW);f9425fd2-e486-46bc-b7c1-22c827524d03;(+1) MISLIOVA, 154, NIGDE, P
26811;SCADA;NİĞDE;154kV MİSLİOVA - NİĞDE EİH;2343;Reaktif Güç (MVAr);3059dde2-ce15-4cdd-b1eb-d0aa0a98fd52;(+1) NIGDE, 154, MISLIOVA, Q
26810;SCADA;NİĞDE;154kV MİSLİOVA - NİĞDE EİH;2343;Aktif Güç (MW);2d3ebbe3-5707-4b5a-9258-40e2108398da;(+1) NIGDE, 154, MISLIOVA, P
26722;SCADA;NİĞDE;154kV NİĞDE - NİĞDE OSB EİH;2344;Reaktif Güç (MVAr);af30e12d-2b35-44e2-bf55-27be262920b7;(+1) NIGDE, 154, NIGDEOSB, Q
26610;SCADA;NİĞDE;154kV NİĞDE - NİĞDE OSB EİH;2344;Aktif Güç (MW);cc5db0d4-389c-4372-90c1-4eb49b844fff;(+1) NIGDE, 154, NIGDEOSB, P
26733;SCADA;NİĞDE OSB;154kV NİĞDE - NİĞDE OSB EİH;2344;Aktif Güç (MW);2f228cc1-8bdd-424a-9025-4cdb95179bc5;(+1) NIGDEOSB, 154, NIGDE, P
26900;SCADA;NİĞDE OSB;154kV NİĞDE - NİĞDE OSB EİH;2344;Reaktif Güç (MVAr);863fd2f2-d821-4e9e-8401-1b99a8825174;(+1) NIGDEOSB, 154, NIGDE, Q
25017;SCADA;SIZIR;154kV ŞARKIŞLA - SIZIR EİH;2346;Reaktif Güç (MVAr);c4c3e877-552d-41cb-b0f1-86f159e418c0;(+1) SIZIR, 154, SARKISLA, Q
25014;SCADA;SIZIR;154kV ŞARKIŞLA - SIZIR EİH;2346;Aktif Güç (MW);2b0d7ddd-3706-4d89-a167-6753568da96e;(+1) SIZIR, 154, SARKISLA, P
36038;SCADA;ŞARKIŞLA;154kV ŞARKIŞLA - SIZIR EİH;2346;Reaktif Güç (MVAr);881cd4db-04d2-478b-8b98-9363babd685f;(+1) SARKISLA, 154, SIZIR, Q
36037;SCADA;ŞARKIŞLA;154kV ŞARKIŞLA - SIZIR EİH;2346;Aktif Güç (MW);103ecac0-8e13-4874-b642-509f2538bc4a;(+1) SARKISLA, 154, SIZIR, P
26208;SCADA;YİBİTAŞ;154kV YİBİTAŞ - YOZGAT EİH;2351;Reaktif Güç (MVAr);5c4335dc-5abe-4733-bb16-fb2ba633a939;(+1) YIBITAS, 154, YOZGAT, Q
9161;SCADA;YİBİTAŞ;154kV YİBİTAŞ - YOZGAT EİH;2351;Aktif Güç (MW);749ef585-a36c-4064-a58d-bdbbf2ed94d8;(+1) YIBITAS, 154, YOZGAT, P
26234;SCADA;YOZGAT;154kV YİBİTAŞ - YOZGAT EİH;2351;Aktif Güç (MW);6864f3b3-6ebb-4ad9-a270-d41cdb3da430;(+1) YOZGAT, 154, YIBITAS, P
26236;SCADA;YOZGAT;154kV YİBİTAŞ - YOZGAT EİH;2351;Reaktif Güç (MVAr);a5fed36c-f20c-4621-896b-65b5fc4becdf;(+1) YOZGAT, 154, YIBITAS, Q
38132;SCADA;DDY A.PINARBAŞI;154kV DDY A.PINARBAŞI - KARATAY EİH;2360;Aktif Güç (MW);e70e1d74-67d2-4726-8531-e6656c1c4aec;(+1) DDYPINAR, 154, KARATAY, P
38129;SCADA;DDY A.PINARBAŞI;154kV DDY A.PINARBAŞI - KARATAY EİH;2360;Reaktif Güç (MVAr);eb389a97-5f74-4a7d-b156-612485ebc660;(+1) DDYPINAR, 154, KARATAY, Q
22784;SCADA;KARATAY;154kV DDY A.PINARBAŞI - KARATAY EİH;2360;Reaktif Güç (MVAr);4ceb4eeb-824c-410c-a4a9-8fd16e662944;(+1) KARATAY, 154, DDYPINARBASI, Q
22782;SCADA;KARATAY;154kV DDY A.PINARBAŞI - KARATAY EİH;2360;Aktif Güç (MW);2d2ce2a5-a1eb-4008-8daf-828c7aa8bd66;(+1) KARATAY, 154, DDYPINARBASI, P
26132;SCADA;BOĞAZLIYAN;154kV BOĞAZLIYAN - SORGUN EİH;2363;Reaktif Güç (MVAr);30b0a853-cb19-401c-a7fb-9e4c22876412;(+1) BOGAZLYN, 154, SORGUN, Q
25918;SCADA;BOĞAZLIYAN;154kV BOĞAZLIYAN - SORGUN EİH;2363;Aktif Güç (MW);e120da4e-5d28-4b62-b806-a9deee090238;(+1) BOGAZLYN, 154, SORGUN, P
25054;SCADA;SORGUN;154kV BOĞAZLIYAN - SORGUN EİH;2363;Aktif Güç (MW);a103120e-1ba9-4c05-9e78-a32a21d8a1b6;(+1) SORGUN, 154, BOGAZLYN, P
25057;SCADA;SORGUN;154kV BOĞAZLIYAN - SORGUN EİH;2363;Reaktif Güç (MVAr);e397e51a-0a0a-418b-865b-eafa2372cc7c;(+1) SORGUN, 154, BOGAZLYN, Q
24801;SCADA;AKSU RES;154kV ÇAMLICA1 HES - AKSU RES EİH;2383;Aktif Güç (MW);06ce0587-81ec-440d-81ec-09a55c95550d;(+1) AKSURES, 154, CAMLICA, P
24803;SCADA;AKSU RES;154kV ÇAMLICA1 HES - AKSU RES EİH;2383;Reaktif Güç (MVAr);c46c8404-a55a-414d-8412-982bbcd8e21c;(+1) AKSURES, 154, CAMLICA, Q
26179;SCADA;ÇAMLICA1 HES;154kV ÇAMLICA1 HES - AKSU RES EİH;2383;Aktif Güç (MW);7ecb6381-0a0c-4f87-8c83-eafa686386ed;(+1) CAMLICA, 154, AKSURES, P
26181;SCADA;ÇAMLICA1 HES;154kV ÇAMLICA1 HES - AKSU RES EİH;2383;Reaktif Güç (MVAr);2a3cc798-e7b4-448d-b615-12b4a8ae7f4e;(+1) CAMLICA, 154, AKSURES, Q
26182;SCADA;ÇAMLICA1 HES;154kV ÇAMLICA1 HES - ÇAMLICA3 HES EİH;2384;Aktif Güç (MW);014c76b0-4515-4bab-b50f-1c198cd5a42d;(+1) CAMLICA, 154, CAMLICA3, P
26448;SCADA;ÇAMLICA1 HES;154kV ÇAMLICA1 HES - ÇAMLICA3 HES EİH;2384;Reaktif Güç (MVAr);cdc595a6-0871-4c5c-bc66-1ac7b54b7f9a;(+1) CAMLICA, 154, CAMLICA3, Q
37230;SCADA;ÇAMLICA3 HES;154kV ÇAMLICA1 HES - ÇAMLICA3 HES EİH;2384;Reaktif Güç (MVAr);2c06b5fe-6e6f-4c80-abb5-e612908396a6;(+1) CAMLICA, 154, CAMLICA1, Q
37231;SCADA;ÇAMLICA3 HES;154kV ÇAMLICA1 HES - ÇAMLICA3 HES EİH;2384;Aktif Güç (MW);22b212df-2ad8-4044-8478-d5258e21e151;(+1) CAMLICA, 154, CAMLICA1, P
26789;SCADA;KEPEZKAYA HAVZA;154kV KEPEZKAYA HAVZA - KEPEZKAYA HES EİH;2385;Reaktif Güç (MVAr);a9a0dbfa-8e3f-400c-80eb-4ccffd4dcf54;(+1) KEPEZKA, 154, KEPEZHES, Q
26788;SCADA;KEPEZKAYA HAVZA;154kV KEPEZKAYA HAVZA - KEPEZKAYA HES EİH;2385;Aktif Güç (MW);9ad38e04-9655-4862-b838-6d8160cdaad1;(+1) KEPEZKA, 154, KEPEZHES, P
37243;SCADA;KEPEZKAYA HES;154kV KEPEZKAYA HAVZA - KEPEZKAYA HES EİH;2385;Reaktif Güç (MVAr);4ace618b-f37d-4bf1-a206-4914ce0eca02;(+1) KPZKAYH, 154, KEPEZKAY, Q
37245;SCADA;KEPEZKAYA HES;154kV KEPEZKAYA HAVZA - KEPEZKAYA HES EİH;2385;Aktif Güç (MW);32cc9deb-e940-4d8f-a7ca-3450f815ed4f;(+1) KPZKAYH, 154, KEPEZKAY, P
26007;SCADA;BEYLİKKÖPRÜ;154kV BEYLİKKÖPRÜ - DDY SAZAK EİH;2386;Aktif Güç (MW);7048b0c7-5ac5-460b-99e9-260773ba2930;(+1) B.KOPRU, 154, DDYSAZAK, P
26009;SCADA;BEYLİKKÖPRÜ;154kV BEYLİKKÖPRÜ - DDY SAZAK EİH;2386;Reaktif Güç (MVAr);4ad604cd-0121-46c6-8ed4-12d4d7d0de0a;(+1) B.KOPRU, 154, DDYSAZAK, Q
43499;SCADA;DDY SAZAK;154kV BEYLİKKÖPRÜ - DDY SAZAK EİH;2386;Aktif Güç (MW);8163b8cd-3de3-4de7-8b62-40cfb413bc99;(+1) DDYSAZAK, 154, BEYLIKKO, P
43498;SCADA;DDY SAZAK;154kV BEYLİKKÖPRÜ - DDY SAZAK EİH;2386;Reaktif Güç (MVAr);4ca2d3f5-bc96-4e64-a4d4-517f2a97e7b6;(+1) DDYSAZAK, 154, BEYLIKKO, Q
26004;SCADA;BEYLİKKÖPRÜ;154kV BEYLİKKÖPRÜ - DDY BEYLİKKÖPRÜ EİH;2387;Aktif Güç (MW);189a6770-a56c-4330-ad0b-cf0c1be3ab83;(+1) B.KOPRU, 154, DDYBEYLIKKOP, P
26005;SCADA;BEYLİKKÖPRÜ;154kV BEYLİKKÖPRÜ - DDY BEYLİKKÖPRÜ EİH;2387;Reaktif Güç (MVAr);dddcd87a-919e-4f3d-b3e7-46ce06a55a1e;(+1) B.KOPRU, 154, DDYBEYLIKKOP, Q
43482;SCADA;DDY BEYLİKKÖPRÜ;154kV BEYLİKKÖPRÜ - DDY BEYLİKKÖPRÜ EİH;2387;Aktif Güç (MW);da87d148-8c7b-4259-a3e6-0a043acebbf5;(+1) DDYBEYLI, 154, BEYLIKKO, P
43481;SCADA;DDY BEYLİKKÖPRÜ;154kV BEYLİKKÖPRÜ - DDY BEYLİKKÖPRÜ EİH;2387;Reaktif Güç (MVAr);f9c5c20e-4308-4f91-bd04-79f60fffb426;(+1) DDYBEYLI, 154, BEYLIKKO, Q
23684;SCADA;GÖKÇEKAYA HES;400kV ESKİŞEHİR3 - GÖKÇEKAYA HES EİH;2391;Aktif Güç (MW);fd027666-1f39-4780-bc1f-486aad687a27;(+1) GOKCEKA, 380, ESKISEH3, P
24151;SCADA;GÖKÇEKAYA HES;400kV ESKİŞEHİR3 - GÖKÇEKAYA HES EİH;2391;Reaktif Güç (MVAr);47386aeb-1f7e-4dd5-a033-823eed7048e0;(+1) GOKCEKA, 380, ESKISEH3, Q
42003;SCADA;SİNCAN;400kV OSMANCA - SİNCAN EİH;2393;Aktif Güç (MW);64a14f61-8090-4eee-b371-8a7e89c7fa16;(+1) SINCAN, 400, OSMANCA, P
42002;SCADA;SİNCAN;400kV OSMANCA - SİNCAN EİH;2393;Reaktif Güç (MVAr);9dd542bd-e01e-493f-b39c-5c476b24fdf8;(+1) SINCAN, 400, OSMANCA, Q
23509;SCADA;AKDAĞ MADENİ;154kV AKDAĞ MADENİ - ARTOVA ÇİMENTO EİH;2408;Reaktif Güç (MVAr);62fd8c13-149e-4642-82fc-e38c86b49a92;(+1) AKDAGMDN, 154, ARTOVACM, Q
23507;SCADA;AKDAĞ MADENİ;154kV AKDAĞ MADENİ - ARTOVA ÇİMENTO EİH;2408;Aktif Güç (MW);f9570166-51e2-4ca6-b100-b08e77fd0fb3;(+1) AKDAGMDN, 154, ARTOVACM, P
25046;SCADA;SİVRİHİSAR;154kV SİVRİHİSAR - EMİRDAĞ EİH;2500;Reaktif Güç (MVAr);a5725dc2-9d33-4edc-bb69-8f5664c2cb17;(+1) SIVRIHIS, 154, EMIRDAG, Q
25044;SCADA;SİVRİHİSAR;154kV SİVRİHİSAR - EMİRDAĞ EİH;2500;Aktif Güç (MW);c8aef884-9d4b-46d1-8b93-e43676b4ffc6;(+1) SIVRIHIS, 154, EMIRDAG, P
25517;SCADA;BAĞLUM;400kV BAĞLUM - KAYABAŞI EİH;2576;Aktif Güç (MW);1665f084-81de-418c-ad22-29708aac5433;(+1) BAGLUM, 380, KAYABASI, P
25531;SCADA;BAĞLUM;400kV BAĞLUM - KAYABAŞI EİH;2576;Reaktif Güç (MVAr);2476aa63-d0b6-4533-b528-481ec7cdc409;(+1) BAGLUM, 380, KAYABASI, Q
26014;SCADA;BEYLİKKÖPRÜ;154kV BEYLİKKÖPRÜ - SİVRİHİSAR EİH;2596;Aktif Güç (MW);cb132bb2-32ad-4ddd-8d6f-3ecc34388805;(+1) B.KOPRU, 154, SIVRIHISAR, P
26015;SCADA;BEYLİKKÖPRÜ;154kV BEYLİKKÖPRÜ - SİVRİHİSAR EİH;2596;Reaktif Güç (MVAr);593f906e-1782-4183-9e5d-eb6a25061036;(+1) B.KOPRU, 154, SIVRIHISAR, Q
25038;SCADA;SİVRİHİSAR;154kV BEYLİKKÖPRÜ - SİVRİHİSAR EİH;2596;Aktif Güç (MW);a9df9911-8328-4af7-9e55-9e8f46c6ff36;(+1) SIVRIHIS, 154, BEYLIKKO, P
25040;SCADA;SİVRİHİSAR;154kV BEYLİKKÖPRÜ - SİVRİHİSAR EİH;2596;Reaktif Güç (MVAr);e89f842e-4ede-400a-a83a-912bf942dd04;(+1) SIVRIHIS, 154, BEYLIKKO, Q
25881;SCADA;YENİCE HES;154kV ESKİŞEHİR2 - YENİCE HES EİH;2719;Aktif Güç (MW);c6475b3f-2e91-4a8d-a3ae-3b8df98a79a1;(+1) YENICE, 154, E.SEHIR2, P
25883;SCADA;YENİCE HES;154kV ESKİŞEHİR2 - YENİCE HES EİH;2719;Reaktif Güç (MVAr);78952198-e0f0-4b12-939f-5ce491eef910;(+1) YENICE, 154, E.SEHIR2, Q
25398;SCADA;KARAMAN;154kV KARAMAN - GEZENDE HES EİH;2884;Aktif Güç (MW);6f98c2f9-6bbf-40ab-8510-40167a68e99c;(+1) KARAMAN, 154, GEZENDE, P
25400;SCADA;KARAMAN;154kV KARAMAN - GEZENDE HES EİH;2884;Reaktif Güç (MVAr);045ae791-fb0d-43ac-b0d3-2e4dd71ff9ec;(+1) KARAMAN, 154, GEZENDE, Q
24388;SCADA;KESİKKÖPRÜ HES;154kV KESİKKÖPRÜ HES -> ATAKALE RES - KIZILIRMAK EİH;3017;Reaktif Güç (MVAr);fde2c306-0c36-47b9-862e-ed6865a34677;(+1) K.KOPRU, 154, KIZ-KIRI, Q
27191;SCADA;KESİKKÖPRÜ HES;154kV KESİKKÖPRÜ HES -> ATAKALE RES - KIZILIRMAK EİH;3017;Aktif Güç (MW);401cff12-55bb-4ecf-9c19-ddf0fd7bc5ce;(+1) K.KOPRU, 154, KIZ-KIRI, P
27189;SCADA;KESİKKÖPRÜ HES;154kV KESİKKÖPRÜ HES -> KIRIKKALE - KIZILIRMAK EİH;3018;Reaktif Güç (MVAr);984b35ea-f879-459d-be4a-5d15ddcd28c0;(-1) K.KOPRU, 154, KIZ-ATAK, Q
27190;SCADA;KESİKKÖPRÜ HES;154kV KESİKKÖPRÜ HES -> KIRIKKALE - KIZILIRMAK EİH;3018;Aktif Güç (MW);e406c8a9-007e-4e5a-8b92-66393968836c;(+1) K.KOPRU, 154, KIZ-ATAK, P
26249;SCADA;ÇAYIRHAN TES;400kV ÇAYIRHAN TES - SİNCAN EİH;3149;Aktif Güç (MW);a07864c8-8935-40b4-8c07-db0ef1507d96;(+1) CAYIRHA, 380, SINCAN, P
26253;SCADA;ÇAYIRHAN TES;400kV ÇAYIRHAN TES - SİNCAN EİH;3149;Reaktif Güç (MVAr);8525dec0-36cd-4060-a3a1-a44b86644306;(+1) CAYIRHA, 380, SINCAN, Q
41999;SCADA;SİNCAN;400kV ÇAYIRHAN TES - SİNCAN EİH;3149;Aktif Güç (MW);b50407e1-bc2d-4fb8-8535-f297415bbd7e;(+1) SINCAN, 400, CAYIRHAN, P
41998;SCADA;SİNCAN;400kV ÇAYIRHAN TES - SİNCAN EİH;3149;Reaktif Güç (MVAr);ab051e9d-1d48-4a7e-9ef9-c16ec4dd8d55;(+1) SINCAN, 400, CAYIRHAN, Q
24822;SCADA;İNCEK;154kV TEMELLİ - İNCEK EİH;3193;Aktif Güç (MW);82012318-9b93-4e5c-9c29-d9607b83d26d;(+1) INCEK, 154, TEMELLI, P
24823;SCADA;İNCEK;154kV TEMELLİ - İNCEK EİH;3193;Reaktif Güç (MVAr);7d60ce8a-8838-4f40-9ebf-60c3e24d1159;(+1) INCEK, 154, TEMELLI, Q
23673;SCADA;TEMELLİ;154kV TEMELLİ - İNCEK EİH;3193;Reaktif Güç (MVAr);6e763441-4341-4701-9b24-fa628b78cb82;(+1) TEMELLI, 154, INCEK, Q
23784;SCADA;TEMELLİ;154kV TEMELLİ - İNCEK EİH;3193;Aktif Güç (MW);617042b4-6d61-41ae-953d-a11f3300884a;(+1) TEMELLI, 154, INCEK, P
26496;SCADA;ÇAYIRHAN TES;154kV ÇAYIRHAN TES - ETİ SODA EİH;3432;Aktif Güç (MW);2c9095a2-da79-4b9b-bc55-30895b19f28d;(+1) CAYIRHA, 154, ETI-SODA, P
26678;SCADA;ÇAYIRHAN TES;154kV ÇAYIRHAN TES - ETİ SODA EİH;3432;Reaktif Güç (MVAr);c21d8056-e91a-4af1-94eb-71e27948b256;(+1) CAYIRHA, 154, ETI-SODA, Q
27640;SCADA;ETİ SODA;154kV ÇAYIRHAN TES - ETİ SODA EİH;3432;Reaktif Güç (MVAr);a7b65d67-8d5d-416e-9461-8107543ae892;(+1) ETI-SOD, 154, CAYIRHAN, Q
27639;SCADA;ETİ SODA;154kV ÇAYIRHAN TES - ETİ SODA EİH;3432;Aktif Güç (MW);97acd3cf-bf35-457a-b812-95044200809a;(+1) ETI-SOD, 154, CAYIRHAN, P
23597;SCADA;TEMELLİ;400kV TEMELLİ - YEŞİLHİSAR - GÜNEY EİH;3433;Aktif Güç (MW);eed09e0b-4cc9-4f8f-88df-37331c436282;(+1) TEMELLI, 380, YESILHISAR-G, P
23598;SCADA;TEMELLİ;400kV TEMELLİ - YEŞİLHİSAR - GÜNEY EİH;3433;Reaktif Güç (MVAr);96db5265-6d42-40e9-a7ee-695a7d1a05d3;(+1) TEMELLI, 380, YESILHISAR-G, Q
23600;SCADA;TEMELLİ;400kV TEMELLİ - YEŞİLHİSAR - KUZEY EİH;3435;Reaktif Güç (MVAr);ed1a0620-b275-4787-9b2f-48856ec14155;(+1) TEMELLI, 380, YESILHISAR-K, Q
23599;SCADA;TEMELLİ;400kV TEMELLİ - YEŞİLHİSAR - KUZEY EİH;3435;Aktif Güç (MW);6a3bb442-e105-48ff-812e-3137afbc41c4;(+1) TEMELLI, 380, YESILHISAR-K, P
21601;SCADA;YEŞİLHİSAR;400kV YEŞİLHİSAR - ATATÜRK - KUZEY EİH;3436;Aktif Güç (MW);a95265e7-80a2-43c1-b730-136b67d3aa6f;(+1) YESILHIS, 380, GOKSUNG, P
21604;SCADA;YEŞİLHİSAR;400kV YEŞİLHİSAR - ATATÜRK - KUZEY EİH;3436;Reaktif Güç (MVAr);c8eea3b1-2aa9-435c-a28b-7bd22fe75c40;(+1) YESILHIS, 380, GOKSUNK, Q
38427;SCADA;YEŞİLHİSAR;400kV YEŞİLHİSAR - ATATÜRK - GÜNEY EİH;3437;Aktif Güç (MW);a95265e7-80a2-43c1-b730-136b67d3aa6f;(+1) YESILHIS, 380, GOKSUNG, P
38426;SCADA;YEŞİLHİSAR;400kV YEŞİLHİSAR - ATATÜRK - GÜNEY EİH;3437;Reaktif Güç (MVAr);2449371e-788a-4675-aae3-9ec93f3537b1;(+1) YESILHIS, 380, GOKSUNG, Q
21446;SCADA;YEŞİLHİSAR;400kV YEŞİLHİSAR - TUFANBEYLİ TES EİH;3573;Aktif Güç (MW);a6aed9fc-6229-442d-a889-d54fd4dd54d9;(+1) YESILHIS, 380, TUFANTES, P
21567;SCADA;YEŞİLHİSAR;400kV YEŞİLHİSAR - TUFANBEYLİ TES EİH;3573;Reaktif Güç (MVAr);5d3d3c91-a2f9-4289-aa28-b16b35c09c6f;(+1) YESILHIS, 380, TUFANTES, Q
22967;SCADA;EREĞLİ KONYA;400kV EREĞLİ -> SEYDİŞEHİR - ADANA EİH;3580;Aktif Güç (MW);3ffbe598-8d3e-4fed-a316-325ce5b76aac;(+1) KONYAERE, 380, ADA-SEYD, P
22968;SCADA;EREĞLİ KONYA;400kV EREĞLİ -> SEYDİŞEHİR - ADANA EİH;3580;Reaktif Güç (MVAr);9f724dba-cd82-4ecc-b6cc-60e61564fa1d;(+1) KONYAERE, 380, ADA-SEYD, Q
24784;SCADA;AKSARAY OSB;154kV TÜMOSAN - AKSARAY OSB EİH;3603;Reaktif Güç (MVAr);fea48b7c-2686-403c-90ae-76b1a8c3891c;(+1) AKSRYOSB, 154, TUMOSAN, Q
37971;SCADA;AKSARAY OSB;154kV TÜMOSAN - AKSARAY OSB EİH;3603;Aktif Güç (MW);4c8914a2-d2ec-4bc5-a3c6-321c92e2d6bb;(+1) AKSRYOSB, 154, TUMOSAN, P
25521;SCADA;TÜMOSAN;154kV TÜMOSAN - AKSARAY OSB EİH;3603;Reaktif Güç (MVAr);25a2664a-86ae-4dab-827a-faf07ca1da9f;(+1) TUMOSAN, 154, AKSARAYOSB, Q
25520;SCADA;TÜMOSAN;154kV TÜMOSAN - AKSARAY OSB EİH;3603;Aktif Güç (MW);648e94d0-0439-4493-92b4-c52b7c5f8146;(+1) TUMOSAN, 154, AKSARAYOSB, P
25496;SCADA;AVANOS2;154kV PETLAS - AVANOS2 EİH;3632;Reaktif Güç (MVAr);409d9530-4176-495b-9f36-7b2889fb408b;(+1) AVANOS-2, 154, PETLAS, Q
25432;SCADA;AVANOS2;154kV PETLAS - AVANOS2 EİH;3632;Aktif Güç (MW);e724dccc-a347-4fc1-9c54-c3726723f3d2;(+1) AVANOS-2, 154, PETLAS, P
27024;SCADA;PETLAS;154kV PETLAS - AVANOS2 EİH;3632;Reaktif Güç (MVAr);0d92d3fd-bec5-4fa9-bc84-117da4cbbe2b;(+1) PETLAS, 154, AVANOS-2, Q
27023;SCADA;PETLAS;154kV PETLAS - AVANOS2 EİH;3632;Aktif Güç (MW);33d877d5-ce4e-4176-a3e0-f4e1b8d7b5f0;(+1) PETLAS, 154, AVANOS-2, P
25424;SCADA;AVANOS2;154kV GEYCEK RES - AVANOS2 - II EİH;3634;Reaktif Güç (MVAr);e48a6084-1b11-46f4-9f8a-573cabf4dbe5;(+1) AVANOS-2, 154, GEYCEK-2, Q
25420;SCADA;AVANOS2;154kV GEYCEK RES - AVANOS2 - II EİH;3634;Aktif Güç (MW);50c83aa6-099f-4b16-8236-14b55d77375f;(+1) AVANOS-2, 154, GEYCEK-2, P
22052;SCADA;GEYCEK RES;154kV GEYCEK RES - AVANOS2 - II EİH;3634;Aktif Güç (MW);668d2547-88d8-4283-a4eb-c34cad4109ca;(+1) GEYCEK, 154, AVANOS-2, P
22054;SCADA;GEYCEK RES;154kV GEYCEK RES - AVANOS2 - II EİH;3634;Reaktif Güç (MVAr);cb9bdff8-05b4-42c9-98f8-bba296db458e;(+1) GEYCEK, 154, AVANOS-2, Q
25417;SCADA;AVANOS2;154kV GEYCEK RES - AVANOS2 - I EİH;3635;Reaktif Güç (MVAr);408f49b7-08bf-4ee0-83e0-6ea29f37bede;(+1) AVANOS-2, 154, GEYCEK-1, Q
25413;SCADA;AVANOS2;154kV GEYCEK RES - AVANOS2 - I EİH;3635;Aktif Güç (MW);afb5aed8-4cb0-472a-b282-064ea7f315ca;(+1) AVANOS-2, 154, GEYCEK-1, P
22050;SCADA;GEYCEK RES;154kV GEYCEK RES - AVANOS2 - I EİH;3635;Aktif Güç (MW);8d3661d5-0749-4d88-94d9-efa84fa24178;(+1) GEYCEK, 154, AVANOS-1, P
22051;SCADA;GEYCEK RES;154kV GEYCEK RES - AVANOS2 - I EİH;3635;Reaktif Güç (MVAr);08683a02-1468-43db-a19d-7c388cfca07a;(+1) GEYCEK, 154, AVANOS-1, Q
24251;SCADA;GÖKÇEKAYA HES;400kV AKSA GÖYNÜK TES - GÖKÇEKAYA HES EİH;3645;Reaktif Güç (MVAr);dfd01068-e603-4eb0-8322-a025971645ba;(+1) GOKCEKA, 380, AKSAGOYN, Q
24250;SCADA;GÖKÇEKAYA HES;400kV AKSA GÖYNÜK TES - GÖKÇEKAYA HES EİH;3645;Aktif Güç (MW);ee95eda4-a026-4646-aa87-f05ef33d1dfd;(+1) GOKCEKA, 380, AKSAGOYN, P
26170;SCADA;KAYSERİ3;154kV KAYSERİ3 - KAYSERİ4 EİH;3672;Reaktif Güç (MVAr);989417a2-90cf-4b33-93a8-2a78e93f877e;(+1) KAYSERI3, 154, KAYSER-4, Q
26369;SCADA;KAYSERİ3;154kV KAYSERİ3 - KAYSERİ4 EİH;3672;Aktif Güç (MW);29bce1d6-8b0c-4f03-b261-3c070f335776;(+1) KAYSERI3, 154, KAYSER-4, P
26180;SCADA;KAYSERİ4;154kV KAYSERİ3 - KAYSERİ4 EİH;3672;Reaktif Güç (MVAr);04cb3f16-1e3a-4046-99b2-a8bd2ec41c34;(+1) KAYSERI4, 154, KAYSERI3, Q
26178;SCADA;KAYSERİ4;154kV KAYSERİ3 - KAYSERİ4 EİH;3672;Aktif Güç (MW);a8a53706-4eb2-4dff-a22d-11a5a2ca21d1;(+1) KAYSERI4, 154, KAYSERI3, P
24807;SCADA;İMRAHOR;154kV YILDIZ - İMRAHOR EİH;3699;Reaktif Güç (MVAr);6386dcba-17bc-425b-9b45-abb46148fca1;(+1) IMRAHOR, 154, YILDIZ, Q
24805;SCADA;İMRAHOR;154kV YILDIZ - İMRAHOR EİH;3699;Aktif Güç (MW);6e6caf40-b16a-440a-950e-1ffaea1e19c2;(+1) IMRAHOR, 154, YILDIZ, P
26127;SCADA;YILDIZ;154kV YILDIZ - İMRAHOR EİH;3699;Aktif Güç (MW);16b76a2c-5ba4-463c-8eb6-649374757232;(+1) YILDIZY, 154, IMRAHOR, P
26129;SCADA;YILDIZ;154kV YILDIZ - İMRAHOR EİH;3699;Reaktif Güç (MVAr);dcf095ba-1659-4fc3-ab75-fb6bd258584e;(+1) YILDIZY, 154, IMRAHOR, Q
24592;SCADA;AKSARAY OSB;154kV DERİNKUYU - AKSARAY OSB EİH;3709;Reaktif Güç (MVAr);c9785cf5-fd51-4226-a51c-c018074e1e5a;(+1) AKSRYOSB, 154, DERINKUY, Q
24590;SCADA;AKSARAY OSB;154kV DERİNKUYU - AKSARAY OSB EİH;3709;Aktif Güç (MW);c5cbc7a4-96fe-4258-b2ac-e626d612a3c0;(+1) AKSRYOSB, 154, DERINKUY, P
27131;SCADA;DERİNKUYU;154kV DERİNKUYU - AKSARAY OSB EİH;3709;Aktif Güç (MW);7166be3f-059c-4162-b684-339d9d121809;(+1) DERINKU, 154, AKSARAYOSB, P
27132;SCADA;DERİNKUYU;154kV DERİNKUYU - AKSARAY OSB EİH;3709;Reaktif Güç (MVAr);1d290eb0-5b5e-4443-9487-c01826d1c960;(+1) DERINKU, 154, AKSARAYOSB, Q
38432;SCADA;YUNUS EMRE TES;400kV ADAPAZARI - YUNUS EMRE TES EİH;3710;Reaktif Güç (MVAr);3105577e-30dc-433d-919f-5bdb29c066d1;(+1) YUNUSEM, 380, ADAPAZAR, Q
38433;SCADA;YUNUS EMRE TES;400kV ADAPAZARI - YUNUS EMRE TES EİH;3710;Aktif Güç (MW);88d98ab0-c7c6-482a-85bf-f51801ac9d8b;(+1) YUNUSEM, 380, ADAPAZAR, P
23588;SCADA;TEMELLİ;400kV TEMELLİ - YUNUS EMRE TES EİH;3711;Aktif Güç (MW);ccefb2ce-6102-4ed1-8dc8-ab24d85d7f8d;(+1) TEMELLI, 380, YUNUSEMRE, P
23589;SCADA;TEMELLİ;400kV TEMELLİ - YUNUS EMRE TES EİH;3711;Reaktif Güç (MVAr);59584af7-a59e-4405-82e4-15de082f2429;(+1) TEMELLI, 380, YUNUSEMRE, Q
38435;SCADA;YUNUS EMRE TES;400kV TEMELLİ - YUNUS EMRE TES EİH;3711;Aktif Güç (MW);a8c26e66-c04f-48b6-8b10-5f032b1ac190;(+1) YUNUSEM, 380, TEMELLI, P
38434;SCADA;YUNUS EMRE TES;400kV TEMELLİ - YUNUS EMRE TES EİH;3711;Reaktif Güç (MVAr);7a7fb9c5-dd94-419b-b1f0-80869103245e;(+1) YUNUSEM, 380, TEMELLI, Q
25414;SCADA;KARAMAN;154kV KARAMAN - KEPEZKAYA HAVZA EİH;3774;Aktif Güç (MW);47acae88-20c3-448c-be12-2daccbeeb437;(+1) KARAMAN, 154, KEPEZKYA, P
25419;SCADA;KARAMAN;154kV KARAMAN - KEPEZKAYA HAVZA EİH;3774;Reaktif Güç (MVAr);4a7a4f81-60cf-4035-bae3-806b674c84c3;(+1) KARAMAN, 154, KEPEZKYA, Q
26839;SCADA;KEPEZKAYA HAVZA;154kV KARAMAN - KEPEZKAYA HAVZA EİH;3774;Reaktif Güç (MVAr);f59592c0-5995-4b85-aa92-c9b9f122fb4a;(+1) KEPEZKA, 154, KARAMAN, Q
26785;SCADA;KEPEZKAYA HAVZA;154kV KARAMAN - KEPEZKAYA HAVZA EİH;3774;Aktif Güç (MW);afa5f45e-3a56-4b8d-9a1f-dafac1305e7c;(+1) KEPEZKA, 154, KARAMAN, P
26337;SCADA;BOR;154kV BOR - TOROSLAR EİH;3884;Aktif Güç (MW);97adb5ba-13ad-4c3c-97cb-d02dd34d25cb;(+1) BOR, 154, TOROSLAR, P
26338;SCADA;BOR;154kV BOR - TOROSLAR EİH;3884;Reaktif Güç (MVAr);f44d57d1-c4f8-4bc8-bb4c-c9acb66eb4f0;(+1) BOR, 154, TOROSLAR, Q
25426;SCADA;KARAMAN;154kV KARAMAN - MUT RES EİH;3913;Reaktif Güç (MVAr);aa6200b5-b6c6-4952-8130-4321bf1334e6;(+1) KARAMAN, 154, MUTRES, Q
25423;SCADA;KARAMAN;154kV KARAMAN - MUT RES EİH;3913;Aktif Güç (MW);f177430b-cd7b-4880-9614-d775a267cb01;(+1) KARAMAN, 154, MUTRES, P
25030;SCADA;ALAKOVA;154kV KARATAY - ALAKOVA EİH;3965;Reaktif Güç (MVAr);4e6e8655-8b78-4b40-bd4c-dbdee8cd8296;(+1) ALAKOVA, 154, KARATAY, Q
25074;SCADA;ALAKOVA;154kV KARATAY - ALAKOVA EİH;3965;Aktif Güç (MW);17bed5dd-a29c-4df2-a549-dad0764400b0;(+1) ALAKOVA, 154, KARATAY, P
22781;SCADA;KARATAY;154kV KARATAY - ALAKOVA EİH;3965;Reaktif Güç (MVAr);11224453-ec5d-4b04-80a1-201b167b02c1;(+1) KARATAY, 154, ALAKOVA, Q
22556;SCADA;KARATAY;154kV KARATAY - ALAKOVA EİH;3965;Aktif Güç (MW);4fb4bea3-a74f-4b04-99b5-ff2e37718e44;(+1) KARATAY, 154, ALAKOVA, P
25181;SCADA;KALECİK;154kV KALECİK - YAKINKENT EİH;3980;Aktif Güç (MW);409fd207-50ca-4456-9eb7-1b4db285c2b5;(+1) KALECIK, 154, YAKINKEN, P
25186;SCADA;KALECİK;154kV KALECİK - YAKINKENT EİH;3980;Reaktif Güç (MVAr);94595c28-a1a1-4618-9dfb-08f715f8c344;(+1) KALECIK, 154, YAKINKEN, Q
27625;SCADA;ERYAMAN;154kV SİNCAN - ERYAMAN EİH;4058;Aktif Güç (MW);80d5594f-b9b2-4a5a-9dea-a0d0328ea88c;(+1) ERYAMAN, 154, SINCAN, P
24657;SCADA;ERYAMAN;154kV SİNCAN - ERYAMAN EİH;4058;Reaktif Güç (MVAr);7a4174eb-566d-4b41-8575-a24b0d98415f;(+1) ERYAMAN, 154, SINCAN, Q
41989;SCADA;SİNCAN;154kV SİNCAN - ERYAMAN EİH;4058;Aktif Güç (MW);ff2e4fa3-7c67-44e0-92df-a1892fae6718;(+1) SINCAN, 154, ERYAMAN, P
41988;SCADA;SİNCAN;154kV SİNCAN - ERYAMAN EİH;4058;Reaktif Güç (MVAr);36cd6115-5498-4541-a75c-4266b6c77ff5;(+1) SINCAN, 154, ERYAMAN, Q
25168;SCADA;ANKARA SANAYİ;154kV ANKARA SANAYİ - ERYAMAN EİH;4059;Aktif Güç (MW);f8aff3fb-57b2-446a-8a24-aca17de206e1;(+1) ANKARASA, 154, ERYAMAN, P
25170;SCADA;ANKARA SANAYİ;154kV ANKARA SANAYİ - ERYAMAN EİH;4059;Reaktif Güç (MVAr);d503aa6c-b2a2-4a39-90b8-aa02f1f35062;(+1) ANKARASA, 154, ERYAMAN, Q
27527;SCADA;ERYAMAN;154kV ANKARA SANAYİ - ERYAMAN EİH;4059;Aktif Güç (MW);a56b9352-37de-4e52-a471-30d008665b72;(+1) ERYAMAN, 154, ANKARASA, P
27340;SCADA;ERYAMAN;154kV ANKARA SANAYİ - ERYAMAN EİH;4059;Reaktif Güç (MVAr);32eafc04-c1a0-4ced-9e54-0f4e46ec189f;(+1) ERYAMAN, 154, ANKARASA, Q
25435;SCADA;BALGAT;154kV BALGAT - ÇİĞDEM EİH;4200;Reaktif Güç (MVAr);65427242-3737-4934-96ff-52594764f18c;(+1) BALGAT, 154, CIGDEMGIS, Q
25434;SCADA;BALGAT;154kV BALGAT - ÇİĞDEM EİH;4200;Aktif Güç (MW);a920e80a-585a-4891-b005-06bbf9cdf2e8;(+1) BALGAT, 154, CIGDEMGIS, P
26709;SCADA;ÇİĞDEM;154kV BALGAT - ÇİĞDEM EİH;4200;Aktif Güç (MW);da272915-d3df-4987-ad7c-fce319a2b88e;(+1) CIGDEM, 154, BALGAT, P
26711;SCADA;ÇİĞDEM;154kV BALGAT - ÇİĞDEM EİH;4200;Reaktif Güç (MVAr);1f74ceeb-7278-406d-a739-e79784585159;(+1) CIGDEM, 154, BALGAT, Q
26813;SCADA;NİĞDE;154kV NİĞDE - NİĞDE ÇİMSA EİH;4221;Reaktif Güç (MVAr);f8e0ef92-540b-4a04-b037-1540730ecca7;(+1) NIGDE, 154, NIGDECIM, Q
26812;SCADA;NİĞDE;154kV NİĞDE - NİĞDE ÇİMSA EİH;4221;Aktif Güç (MW);2a3dcae8-5151-4659-890b-1e8163095054;(+1) NIGDE, 154, NIGDECIM, P
26725;SCADA;NİĞDE ÇİMSA;154kV NİĞDE - NİĞDE ÇİMSA EİH;4221;Reaktif Güç (MVAr);aefaa63b-abe9-4ea9-9498-49900b2aab70;(+1) NIGDECIM, 154, NIGDETM, Q
26828;SCADA;NİĞDE ÇİMSA;154kV NİĞDE - NİĞDE ÇİMSA EİH;4221;Aktif Güç (MW);30728d8e-19d0-4780-b549-c9179796476a;(+1) NIGDECIM, 154, NIGDETM, P
43495;SCADA;DDY KOCAHACILI;154kV POLATLI - DDY KOCAHACILI EİH;4243;Aktif Güç (MW);7fb322f6-0d86-4a3f-8a26-6baca410c565;(+1) DDYKOCAH, 154, POLATLI, P
43494;SCADA;DDY KOCAHACILI;154kV POLATLI - DDY KOCAHACILI EİH;4243;Reaktif Güç (MVAr);d1e438f1-c230-42bb-aae6-48e80ca8b586;(+1) DDYKOCAH, 154, POLATLI, Q
27053;SCADA;POLATLI;154kV POLATLI - DDY KOCAHACILI EİH;4243;Reaktif Güç (MVAr);4d970962-e7d3-4ca0-bb5c-97cb71641c7f;(+1) POLATLI, 154, DDYKOCAHACIL, Q
27052;SCADA;POLATLI;154kV POLATLI - DDY KOCAHACILI EİH;4243;Aktif Güç (MW);6fb1efd1-3862-425f-9618-1c50db2a6d6a;(+1) POLATLI, 154, DDYKOCAHACIL, P
26224;SCADA;KAYSERİ1;154kV KAYSERİ3 - KAYSERİ1 EİH;4293;Aktif Güç (MW);45655c46-2d9f-4a3b-9b0b-ee470a99b238;(+1) KAYSERI1, 154, KAYSERI3, P
26225;SCADA;KAYSERİ1;154kV KAYSERİ3 - KAYSERİ1 EİH;4293;Reaktif Güç (MVAr);5d82ff4a-a742-4394-9009-4d24310b6297;(+1) KAYSERI1, 154, KAYSERI3, Q
26364;SCADA;KAYSERİ3;154kV KAYSERİ3 - KAYSERİ1 EİH;4293;Aktif Güç (MW);68111e02-ae43-4b3b-bf01-9dfe3bb206d6;(+1) KAYSERI3, 154, KAYSERI1, P
26168;SCADA;KAYSERİ3;154kV KAYSERİ3 - KAYSERİ1 EİH;4293;Reaktif Güç (MVAr);758a1e0c-7051-40ec-8a9a-c7e171560ec9;(+1) KAYSERI3, 154, KAYSERI1, Q
26215;SCADA;KAYSERİ1;154kV KAYSERİ2 - KAYSERİ1 EİH;4294;Aktif Güç (MW);8a521155-6d5d-46ff-929f-81a7028da385;(+1) KAYSERI1, 154, KAYSERI2, P
26221;SCADA;KAYSERİ1;154kV KAYSERİ2 - KAYSERİ1 EİH;4294;Reaktif Güç (MVAr);6f574cf1-e8b9-4be4-9629-f235b68b2fa4;(+1) KAYSERI1, 154, KAYSERI2, Q
26148;SCADA;KAYSERİ2;154kV KAYSERİ2 - KAYSERİ1 EİH;4294;Aktif Güç (MW);b8b2be55-ef3e-4d03-81cf-23f1c1c8b5ce;(+1) KAYSERI2, 154, KAYSERI1, P
26254;SCADA;KAYSERİ2;154kV KAYSERİ2 - KAYSERİ1 EİH;4294;Reaktif Güç (MVAr);7e44a7ea-0f9f-4c23-8d5b-79799113d66c;(+1) KAYSERI2, 154, KAYSERI1, Q
23165;SCADA;KIRIKKALE DGKÇ;400kV KIRIKKALE DGKÇ - KAYABAŞI EİH;4295;Aktif Güç (MW);771b84d0-2a37-49a1-9627-2643eb56eff6;(+1) KIRIKDG, 380, KAYABASI, P
22813;SCADA;KIRIKKALE DGKÇ;400kV KIRIKKALE DGKÇ - KAYABAŞI EİH;4295;Reaktif Güç (MVAr);78ce44d2-42d4-4a07-bcef-0c507375087d;(+1) KIRIKDG, 380, KAYABASI, Q
26740;SCADA;ORTAKÖY;154kV TÜMOSAN - ORTAKÖY EİH;4297;Aktif Güç (MW);b3eb4f2b-93ef-488c-8be8-d9d914114fc0;(+1) ORTAKOY, 154, TUMOSAN, P
26741;SCADA;ORTAKÖY;154kV TÜMOSAN - ORTAKÖY EİH;4297;Reaktif Güç (MVAr);0eec0b95-633d-4f5e-b2bb-12979df61234;(+1) ORTAKOY, 154, TUMOSAN, Q
25527;SCADA;TÜMOSAN;154kV TÜMOSAN - ORTAKÖY EİH;4297;Aktif Güç (MW);96ed450d-a88a-4e1e-9ad1-fdca024853e4;(+1) TUMOSAN, 154, ORTAKOY, P
25532;SCADA;TÜMOSAN;154kV TÜMOSAN - ORTAKÖY EİH;4297;Reaktif Güç (MVAr);7445c171-7a38-4f0e-aad9-04208fff4842;(+1) TUMOSAN, 154, ORTAKOY, Q
25743;SCADA;BAĞLUM;154kV BAĞLUM - MACUNKÖY - I EİH;4317;Aktif Güç (MW);7a1f0119-a773-435c-8d56-5fa5d62425d3;(+1) BAGLUM, 154, MACUNKOY1, P
25746;SCADA;BAĞLUM;154kV BAĞLUM - MACUNKÖY - I EİH;4317;Reaktif Güç (MVAr);78f89c98-9e30-4842-8fea-15848bf4c37b;(+1) BAGLUM, 154, MACUNKOY1, Q
26362;SCADA;MACUNKÖY;154kV BAĞLUM - MACUNKÖY - I EİH;4317;Aktif Güç (MW);56a20782-c553-4afe-8448-25c7aa5d2053;(+1) MACUNKOY, 154, BAGLUM1, P
26270;SCADA;MACUNKÖY;154kV BAĞLUM - MACUNKÖY - I EİH;4317;Reaktif Güç (MVAr);7e783a61-362e-44a4-891c-0c849107bab1;(+1) MACUNKOY, 154, BAGLUM1, Q
25730;SCADA;BAĞLUM;154kV BAĞLUM - OVACIK - I EİH;4318;Aktif Güç (MW);cfa1a09f-6279-4470-ba66-496536509bce;(+1) BAGLUM, 154, OVACIK-1, P
25566;SCADA;BAĞLUM;154kV BAĞLUM - OVACIK - I EİH;4318;Reaktif Güç (MVAr);f4503150-a8e0-48d9-bd82-c8d038924dcc;(+1) BAGLUM, 154, OVACIK-1, Q
26933;SCADA;OVACIK;154kV BAĞLUM - OVACIK - I EİH;4318;Reaktif Güç (MVAr);01cf0c32-633b-48d6-aa20-cb9aefc45851;(+1) OVACIK, 154, BAGLUM-1, Q
26932;SCADA;OVACIK;154kV BAĞLUM - OVACIK - I EİH;4318;Aktif Güç (MW);3c224e88-6952-4236-8700-5ba238495dd0;(+1) OVACIK, 154, BAGLUM-1, P
25739;SCADA;BAĞLUM;154kV BAĞLUM - OVACIK - II EİH;4320;Reaktif Güç (MVAr);6c26ceba-71dd-4e50-b623-5f293b53959e;(+1) BAGLUM, 154, OVACIK-2, Q
25737;SCADA;BAĞLUM;154kV BAĞLUM - OVACIK - II EİH;4320;Aktif Güç (MW);8be3623e-afbc-4576-a19e-e8cbafc99f76;(+1) BAGLUM, 154, OVACIK-2, P
26934;SCADA;OVACIK;154kV BAĞLUM - OVACIK - II EİH;4320;Aktif Güç (MW);874ebb8c-e3eb-4cd1-b512-c318ef8d1281;(+1) OVACIK, 154, BAGLUM-2, P
26935;SCADA;OVACIK;154kV BAĞLUM - OVACIK - II EİH;4320;Reaktif Güç (MVAr);cbb1957d-98ff-4ebf-bff4-2223df703db1;(+1) OVACIK, 154, BAGLUM-2, Q
24951;SCADA;AKYURT;154kV ESENBOĞA - AKYURT EİH;4321;Reaktif Güç (MVAr);8e209151-e040-4017-b52b-f031338a1bbc;(+1) AKYURT, 154, ESENBOGA, Q
24948;SCADA;AKYURT;154kV ESENBOĞA - AKYURT EİH;4321;Aktif Güç (MW);a8df8d3f-a383-43f9-8b98-63318b131746;(+1) AKYURT, 154, ESENBOGA, P
27633;SCADA;ESENBOĞA;154kV ESENBOĞA - AKYURT EİH;4321;Aktif Güç (MW);129be331-395d-4b83-a2e9-0832fdee5b0a;(+1) ESENBOG, 154, AKYURT, P
27616;SCADA;ESENBOĞA;154kV ESENBOĞA - AKYURT EİH;4321;Reaktif Güç (MVAr);6b7ac2fa-125f-41d7-990c-69a30770c6bc;(+1) ESENBOG, 154, AKYURT, Q
25070;SCADA;AKYURT;154kV KALECİK - AKYURT EİH;4322;Aktif Güç (MW);5da26dd9-6200-4b55-975e-1c88efc24e45;(+1) AKYURT, 154, KALECIK, P
25071;SCADA;AKYURT;154kV KALECİK - AKYURT EİH;4322;Reaktif Güç (MVAr);76592e78-1b1b-4c85-8152-54dd35f5bb54;(+1) AKYURT, 154, KALECIK, Q
25165;SCADA;KALECİK;154kV KALECİK - AKYURT EİH;4322;Reaktif Güç (MVAr);ff4c8b8b-1bb2-4987-afa8-93c6917e28b9;(+1) KALECIK, 154, AKYURT, Q
25194;SCADA;KALECİK;154kV KALECİK - AKYURT EİH;4322;Aktif Güç (MW);42c17057-c20a-4a39-ba79-c7e12fb1866f;(+1) KALECIK, 154, AKYURT, P
24732;SCADA;KIRŞEHİR;154kV KIRŞEHİR - YERKÖY EİH;4357;Aktif Güç (MW);d13de74a-dc4a-41cf-a7a8-339952ed65da;(+1) KIRSEHI, 154, YERKOY, P
24815;SCADA;KIRŞEHİR;154kV KIRŞEHİR - YERKÖY EİH;4357;Reaktif Güç (MVAr);13ac3d55-8855-4309-bc7c-a7fd5d86b69f;(+1) KIRSEHI, 154, YERKOY, Q
26106;SCADA;YERKÖY;154kV KIRŞEHİR - YERKÖY EİH;4357;Reaktif Güç (MVAr);98f113a6-e0fb-4bc5-bfce-256e5bf62fee;(+1) YERKOY, 154, KIRSEHIR, Q
26102;SCADA;YERKÖY;154kV KIRŞEHİR - YERKÖY EİH;4357;Aktif Güç (MW);beba1faa-d52b-48ef-82ce-b394e23b63cb;(+1) YERKOY, 154, KIRSEHIR, P
26110;SCADA;YERKÖY;154kV YİBİTAŞ - YERKÖY EİH;4358;Reaktif Güç (MVAr);13ac3d55-8855-4309-bc7c-a7fd5d86b69f;(+1) KIRSEHI, 154, YERKOY, Q
26108;SCADA;YERKÖY;154kV YİBİTAŞ - YERKÖY EİH;4358;Aktif Güç (MW);ba4a95d3-934e-4431-b674-47185978647f;(+1) YERKOY, 154, YIBITAS, P
26203;SCADA;YİBİTAŞ;154kV YİBİTAŞ - YERKÖY EİH;4358;Aktif Güç (MW);4bdf1924-361d-4626-9611-ca4305d49cce;(+1) YIBITAS, 154, YERKOY, P
9158;SCADA;YİBİTAŞ;154kV YİBİTAŞ - YERKÖY EİH;4358;Reaktif Güç (MVAr);00b9f6e0-b4e1-4532-baa7-a04b6fb4aa90;(+1) YIBITAS, 154, YERKOY, Q
23450;SCADA;KAYSERİ KAPASİTÖR;154kV KAYSERİ KAPASİTÖR - TALAS - I EİH;4365;Aktif Güç (MW);27e9d325-82e2-46ae-aba3-b52548b72e7f;(+1) KAYSERI, 154, TALAS1, P
24059;SCADA;KAYSERİ KAPASİTÖR;154kV KAYSERİ KAPASİTÖR - TALAS - I EİH;4365;Reaktif Güç (MVAr);0adc1131-954e-4799-92e3-f18a7ca7a817;(+1) KAYSERI, 154, TALAS1, Q
25179;SCADA;TALAS;154kV KAYSERİ KAPASİTÖR - TALAS - I EİH;4365;Reaktif Güç (MVAr);19bef67d-976c-4565-bb9e-f645e09aaabf;(+1) TALAS, 154, KAYS_KP1, Q
25200;SCADA;TALAS;154kV KAYSERİ KAPASİTÖR - TALAS - I EİH;4365;Aktif Güç (MW);faef8388-46f6-4766-b8e3-f52a72fbb795;(+1) TALAS, 154, KAYS_KP1, P
23451;SCADA;KAYSERİ KAPASİTÖR;154kV KAYSERİ KAPASİTÖR - TALAS - II EİH;4366;Reaktif Güç (MVAr);39c75c4d-81bb-4392-af72-f477ee98c5bc;(+1) KAYSERI, 154, TALAS2, Q
24027;SCADA;KAYSERİ KAPASİTÖR;154kV KAYSERİ KAPASİTÖR - TALAS - II EİH;4366;Aktif Güç (MW);876fc63c-9b45-4c1b-8524-7605ec665d98;(+1) KAYSERI, 154, TALAS2, P
25183;SCADA;TALAS;154kV KAYSERİ KAPASİTÖR - TALAS - II EİH;4366;Aktif Güç (MW);e0497c90-a4a4-4a98-9c2c-1702a0e87c3f;(+1) TALAS, 154, KAYS_KP2, P
24745;SCADA;TALAS;154kV KAYSERİ KAPASİTÖR - TALAS - II EİH;4366;Reaktif Güç (MVAr);d2e5c8b2-f2da-48f9-9100-1e20a517db1d;(+1) TALAS, 154, KAYS_KP2, Q
27338;SCADA;ERKİLET;154kV KAYSERİ3 - ERKİLET EİH;4424;Reaktif Güç (MVAr);9c559fc0-a810-42c9-8b6b-9c9aa2c21644;(+1) ERKILET, 154, KAYSERI3, Q
27337;SCADA;ERKİLET;154kV KAYSERİ3 - ERKİLET EİH;4424;Aktif Güç (MW);41ecac27-4cca-414e-aded-094f28c93025;(+1) ERKILET, 154, KAYSERI3, P
26358;SCADA;KAYSERİ3;154kV KAYSERİ3 - ERKİLET EİH;4424;Aktif Güç (MW);cd3a08e8-6aaa-443d-91fa-aabc9a78fd6c;(+1) KAYSERI3, 154, ERKILET, P
26166;SCADA;KAYSERİ3;154kV KAYSERİ3 - ERKİLET EİH;4424;Reaktif Güç (MVAr);09ed68cf-2e77-42ea-be3b-b7da24821468;(+1) KAYSERI3, 154, ERKILET, Q
27336;SCADA;ERKİLET;154kV KAYSERİ2 - ERKİLET EİH;4425;Reaktif Güç (MVAr);4f78d14f-954c-4bb6-bb10-3483d9844a4a;(+1) ERKILET, 154, KAYSERI2, Q
27335;SCADA;ERKİLET;154kV KAYSERİ2 - ERKİLET EİH;4425;Aktif Güç (MW);8fea57ce-946c-447b-9dce-b1ca0baf4c04;(+1) ERKILET, 154, KAYSERI2, P
26245;SCADA;KAYSERİ2;154kV KAYSERİ2 - ERKİLET EİH;4425;Aktif Güç (MW);8742a840-5e81-4cde-a96f-909dfc3f0b41;(+1) KAYSERI2, 154, ERKILET, P
26246;SCADA;KAYSERİ2;154kV KAYSERİ2 - ERKİLET EİH;4425;Reaktif Güç (MVAr);b39e9185-4bed-47e5-aef0-eb8b67f4960e;(+1) KAYSERI2, 154, ERKILET, Q
22274;SCADA;HACILAR;154kV HACILAR - KIRIKKALE EİH;4446;Reaktif Güç (MVAr);7fbad892-101c-4731-8274-31baa6f82f5e;(+1) HACILAR, 154, KIRIKKLA, Q
22394;SCADA;HACILAR;154kV HACILAR - KIRIKKALE EİH;4446;Aktif Güç (MW);c1ee2b28-f8e5-4b90-a31c-69eb1c884f86;(+1) HACILAR, 154, KIRIKKLA, P
24689;SCADA;KIRIKKALE;154kV HACILAR - KIRIKKALE EİH;4446;Reaktif Güç (MVAr);da96eb8e-63c1-4686-9bb3-e0cb3b393a7e;(+1) KIRIKKAL, 154, HACILAR, Q
24687;SCADA;KIRIKKALE;154kV HACILAR - KIRIKKALE EİH;4446;Aktif Güç (MW);ce636122-c576-481d-8e7b-b193a846e1c8;(+1) KIRIKKAL, 154, HACILAR, P
22085;SCADA;HACILAR;154kV HACILAR - KIRDEMİR EİH;4447;Aktif Güç (MW);f87757d6-0f25-4298-9c97-fc0746fc5536;(+1) HACILAR, 154, KIRDEMIR, P
22087;SCADA;HACILAR;154kV HACILAR - KIRDEMİR EİH;4447;Reaktif Güç (MVAr);63d8d27a-5048-4aca-ab55-56e14fcf5a04;(+1) HACILAR, 154, KIRDEMIR, Q
24444;SCADA;KIRDEMİR;154kV HACILAR - KIRDEMİR EİH;4447;Aktif Güç (MW);ec3f61c7-6cb2-469c-ad0a-5a34e37dd907;(+1) KIRDEMI, 154, HACILAR, P
24448;SCADA;KIRDEMİR;154kV HACILAR - KIRDEMİR EİH;4447;Reaktif Güç (MVAr);404244a3-3f20-48ce-9313-3a5fb3b2f505;(+1) KIRDEMI, 154, HACILAR, Q
24265;SCADA;GÖLBAŞI;400kV GÖLBAŞI - İÇ ANADOLU DGKÇ EİH;4468;Aktif Güç (MW);4e2e44e2-03bd-4ebc-be6f-d08959f88a5a;(+1) GOLBASI, 400, ICANADOL, P
24266;SCADA;GÖLBAŞI;400kV GÖLBAŞI - İÇ ANADOLU DGKÇ EİH;4468;Reaktif Güç (MVAr);d73dd139-46c3-4bd3-9ce8-970cc15a249e;(+1) GOLBASI, 400, ICANADOL, Q
23200;SCADA;İÇ ANADOLU DGKÇ;400kV GÖLBAŞI - İÇ ANADOLU DGKÇ EİH;4468;Reaktif Güç (MVAr);f9a464fc-ceab-49af-96e5-b66134345a3b;(+1) ICANADO, 380, GOLBASI, Q
23269;SCADA;İÇ ANADOLU DGKÇ;400kV GÖLBAŞI - İÇ ANADOLU DGKÇ EİH;4468;Aktif Güç (MW);6d272e1f-3b34-49c7-961c-d2a18eff136f;(+1) ICANADO, 380, GOLBASI, P
24150;SCADA;GÖKÇEKAYA HES;400kV GÖKÇEKAYA HES - GÖLBAŞI EİH;4469;Reaktif Güç (MVAr);2b41c021-8b92-4eb2-93a5-d09198e33540;(+1) GOKCEKA, 380, GOLBASI, Q
24149;SCADA;GÖKÇEKAYA HES;400kV GÖKÇEKAYA HES - GÖLBAŞI EİH;4469;Aktif Güç (MW);ebee59ea-62d4-4cb2-a14c-e7abea4f7e8d;(+1) GOKCEKA, 380, GOLBASI, P
24263;SCADA;GÖLBAŞI;400kV GÖKÇEKAYA HES - GÖLBAŞI EİH;4469;Aktif Güç (MW);312b6d76-8e96-44e9-98e9-986a3b495d62;(+1) GOLBASI, 400, G.KAYA-1, P
24264;SCADA;GÖLBAŞI;400kV GÖKÇEKAYA HES - GÖLBAŞI EİH;4469;Reaktif Güç (MVAr);e1732648-262c-4f60-bd8f-e6f2e5cd3c36;(+1) GOLBASI, 400, G.KAYA-1, Q
42008;SCADA;SİNCAN;400kV SİNCAN - TEMELLİ EİH;4470;Reaktif Güç (MVAr);7912c1ca-051b-4503-8494-89e5805eae6a;(+1) SINCAN, 400, TEMELLI, Q
42009;SCADA;SİNCAN;400kV SİNCAN - TEMELLİ EİH;4470;Aktif Güç (MW);0f35280e-b0a5-47ad-a6c9-cfe1d8866d93;(+1) SINCAN, 400, TEMELLI, P
23590;SCADA;TEMELLİ;400kV SİNCAN - TEMELLİ EİH;4470;Aktif Güç (MW);ddcd0f8c-c0df-48cb-b925-7c9366aee45b;(+1) TEMELLI, 380, SINCAN, P
23591;SCADA;TEMELLİ;400kV SİNCAN - TEMELLİ EİH;4470;Reaktif Güç (MVAr);03281fe2-2cda-4edf-97c5-7f8ce63cba50;(+1) TEMELLI, 380, SINCAN, Q
26680;SCADA;ÇAYIRHAN TES;154kV ÇAYIRHAN TES - KARGI HES EİH;4471;Aktif Güç (MW);0f545cf8-98a0-489c-9786-c1f8ee9e6c33;(+1) CAYIRHA, 154, KARGIHES, P
26681;SCADA;ÇAYIRHAN TES;154kV ÇAYIRHAN TES - KARGI HES EİH;4471;Reaktif Güç (MVAr);5305a6ee-5607-49f3-a92e-0e97577adb30;(+1) CAYIRHA, 154, KARGIHES, Q
25760;SCADA;KARGI HES;154kV ÇAYIRHAN TES - KARGI HES EİH;4471;Aktif Güç (MW);e8f68226-3b4a-4ecb-96d2-98d631ace25a;(+1) KARGIHS, 154, CAYIRHAN, P
25762;SCADA;KARGI HES;154kV ÇAYIRHAN TES - KARGI HES EİH;4471;Reaktif Güç (MVAr);174f351a-da1c-4896-bf6c-43a84b8f632d;(+1) KARGIHS, 154, CAYIRHAN, Q
21593;SCADA;YEŞİLHİSAR;400kV YEŞİLHİSAR - KOZAN HAVZA - I EİH;4492;Aktif Güç (MW);6f40e0d8-9060-4ca3-bd44-5fefb1f4b90f;(+1) YESILHIS, 380, KOZAN1, P
21595;SCADA;YEŞİLHİSAR;400kV YEŞİLHİSAR - KOZAN HAVZA - I EİH;4492;Reaktif Güç (MVAr);187ac1f5-a97f-4214-ab81-ba2b1f317f8f;(+1) YESILHIS, 380, KOZAN1, Q
25537;SCADA;KONYA ÇİMENTO;154kV YAZIR - KONYA ÇİMENTO EİH;4493;Aktif Güç (MW);6d9c2997-2dbb-4059-b0b0-4d78d77fc11c;(+1) KONYA_CI, 154, YAZIR, P
25541;SCADA;KONYA ÇİMENTO;154kV YAZIR - KONYA ÇİMENTO EİH;4493;Reaktif Güç (MVAr);5de1625b-3621-49a7-a33e-006f627925f6;(+1) KONYA_CI, 154, YAZIR, Q
25872;SCADA;YAZIR;154kV YAZIR - KONYA ÇİMENTO EİH;4493;Aktif Güç (MW);6cf3554d-b0cd-42d5-86f6-cd05d8373526;(+1) YAZIR, 154, KONYACIM, P
25873;SCADA;YAZIR;154kV YAZIR - KONYA ÇİMENTO EİH;4493;Reaktif Güç (MVAr);c8a2db2f-e4dd-49b7-b488-1ffbcd6c3b8c;(+1) YAZIR, 154, KONYACIM, Q
25189;SCADA;ANKARA SANAYİ;154kV SİNCAN - ANKARA SANAYİ EİH;4495;Aktif Güç (MW);fafe93b5-c069-4096-8f97-566531fae4cb;(+1) ANKARASA, 154, SINCAN-1, P
25202;SCADA;ANKARA SANAYİ;154kV SİNCAN - ANKARA SANAYİ EİH;4495;Reaktif Güç (MVAr);91370e07-2e55-46b7-b469-e2c148c9851f;(+1) ANKARASA, 154, SINCAN-1, Q
41981;SCADA;SİNCAN;154kV SİNCAN - ANKARA SANAYİ EİH;4495;Aktif Güç (MW);2010557e-bfd7-4678-91be-b6f43d00b9da;(+1) SINCAN, 154, ANK-SAN, P
41980;SCADA;SİNCAN;154kV SİNCAN - ANKARA SANAYİ EİH;4495;Reaktif Güç (MVAr);3d7d6f18-b4d4-4e07-8708-4afc2ada7bfa;(+1) SINCAN, 154, ANK-SAN, Q
26679;SCADA;KAZAN DGKÇ;154kV SİNCAN - KAZAN DGKÇ EİH;4496;Reaktif Güç (MVAr);2780e6e3-a73d-4b49-901f-7e9c1aeb2ea1;(+1) KAZANDG, 154, SINCANTM, Q
26676;SCADA;KAZAN DGKÇ;154kV SİNCAN - KAZAN DGKÇ EİH;4496;Aktif Güç (MW);5342cc88-1a97-4c40-a286-7cf20f57e046;(+1) KAZANDG, 154, SINCANTM, P
41993;SCADA;SİNCAN;154kV SİNCAN - KAZAN DGKÇ EİH;4496;Aktif Güç (MW);1ef7ac1f-566f-413e-a65f-d3ee8e9e6c54;(+1) SINCAN, 154, KAZANDG, P
41991;SCADA;SİNCAN;154kV SİNCAN - KAZAN DGKÇ EİH;4496;Reaktif Güç (MVAr);c8833ce3-446a-4439-b24b-3a62d47d0957;(+1) SINCAN, 154, KAZANDG, Q
25171;SCADA;ANKARA SANAYİ;154kV ANKARA SANAYİ - KAZAN DGKÇ EİH;4497;Aktif Güç (MW);6c629b49-bd8f-477b-86a5-ac2d1f157b6b;(+1) ANKARASA, 154, KAZAN_DGKCS, P
25172;SCADA;ANKARA SANAYİ;154kV ANKARA SANAYİ - KAZAN DGKÇ EİH;4497;Reaktif Güç (MVAr);64a862ff-459d-4f1a-b406-a11e055fc856;(+1) ANKARASA, 154, KAZAN_DGKCS, Q
26668;SCADA;KAZAN DGKÇ;154kV ANKARA SANAYİ - KAZAN DGKÇ EİH;4497;Aktif Güç (MW);d6561edc-4303-4929-b0c3-c2ec8632112e;(+1) KAZANDG, 154, SANAYITM, P
26670;SCADA;KAZAN DGKÇ;154kV ANKARA SANAYİ - KAZAN DGKÇ EİH;4497;Reaktif Güç (MVAr);b1c1e25a-3200-4073-b70b-13370ac4ded0;(+1) KAZANDG, 154, SANAYITM, Q
26206;SCADA;BOR;154kV BOR - BOR OSB EİH;4521;Aktif Güç (MW);e7efe6fe-ded5-4cc5-b269-49c8c3a3a89c;(+1) BOR, 154, BOROSB, P
26207;SCADA;BOR;154kV BOR - BOR OSB EİH;4521;Reaktif Güç (MVAr);843bfd1f-f898-4d5c-b7a8-9ee845cc28b2;(+1) BOR, 154, BOROSB, Q
26349;SCADA;BOR OSB;154kV BOR - BOR OSB EİH;4521;Aktif Güç (MW);7626a510-3d75-49d7-82cc-d3acef11199c;(+1) BOROSB, 154, BOR, P
26352;SCADA;BOR OSB;154kV BOR - BOR OSB EİH;4521;Reaktif Güç (MVAr);64fc552e-725a-4913-a737-f77f80aa1c59;(+1) BOROSB, 154, BOR, Q
26353;SCADA;BOR OSB;154kV TÜMOSAN - BOR OSB EİH;4522;Aktif Güç (MW);e5bfc197-e393-4335-8fe3-43d34a2bbf4c;(+1) BOROSB, 154, TUMOSAN, P
26356;SCADA;BOR OSB;154kV TÜMOSAN - BOR OSB EİH;4522;Reaktif Güç (MVAr);cb82e26a-7a1c-41f6-a988-3ad6db669eb3;(+1) BOROSB, 154, TUMOSAN, Q
25519;SCADA;TÜMOSAN;154kV TÜMOSAN - BOR OSB EİH;4522;Reaktif Güç (MVAr);aee98c0d-b6a4-4993-989c-2a62d3e16468;(+1) TUMOSAN, 154, BOROSB, Q
25512;SCADA;TÜMOSAN;154kV TÜMOSAN - BOR OSB EİH;4522;Aktif Güç (MW);ba422e9e-b552-4bb0-b874-5ced8f8c4030;(+1) TUMOSAN, 154, BOROSB, P
24600;SCADA;AKSU RES;154kV YAHYALI BAK RES - AKSU RES EİH;4524;Reaktif Güç (MVAr);85a9a040-8b25-4f6b-b94e-42b91716a2c3;(+1) AKSURES, 154, YAHYALI, Q
24806;SCADA;AKSU RES;154kV YAHYALI BAK RES - AKSU RES EİH;4524;Aktif Güç (MW);996e4935-e681-4af3-a9cc-c0c4ef05a116;(+1) AKSU-RES, 154, YAHYALI, P
25758;SCADA;YAHYALI BAK RES;154kV YAHYALI BAK RES - AKSU RES EİH;4524;Aktif Güç (MW);febc2bc3-6156-444b-a47a-7743788a6249;(+1) YAHYALBE, 154, AKSURES, P
25759;SCADA;YAHYALI BAK RES;154kV YAHYALI BAK RES - AKSU RES EİH;4524;Reaktif Güç (MVAr);c1dacf1d-d663-4e5d-9e80-74c964257a9e;(+1) YAHYALBE, 154, AKSURES, Q
26093;SCADA;KURTKAYASI RES;154kV YAHYALI BAK RES - KURTKAYASI RES EİH;4526;Reaktif Güç (MVAr);4eea694f-8e39-4760-b5ff-5bbab4d846ad;(+1) KURTKAYA, 154, YAHYALI, Q
26092;SCADA;KURTKAYASI RES;154kV YAHYALI BAK RES - KURTKAYASI RES EİH;4526;Aktif Güç (MW);843d7b1f-d22b-4b8b-909f-e64c28cffcd8;(+1) KURTKAYA, 154, YAHYALI, P
25763;SCADA;YAHYALI BAK RES;154kV YAHYALI BAK RES - KURTKAYASI RES EİH;4526;Reaktif Güç (MVAr);a0814bd7-19f2-4d61-93d4-de79fe555920;(+1) YAHYALBE, 154, KURTKAYA, Q
25761;SCADA;YAHYALI BAK RES;154kV YAHYALI BAK RES - KURTKAYASI RES EİH;4526;Aktif Güç (MW);ff675594-1fcb-4c83-a0e8-7889ac039586;(+1) YAHYALBE, 154, KURTKAYA, P
27666;SCADA;PINARBAŞI;154kV PINARBAŞI - ELBİSTAN TES EİH;4536;Reaktif Güç (MVAr);50f61808-708e-4671-9c2e-09fbdb5e84d4;(-1) PINARBAS, 154, ELBIST-A, Q
27011;SCADA;PINARBAŞI;154kV PINARBAŞI - ELBİSTAN TES EİH;4536;Aktif Güç (MW);ca383e05-1f22-4bde-ab1a-6887cc98d3c0;(+1) PINARBAS, 154, ELBIST-A, P
27020;SCADA;PINARBAŞI;154kV ŞARKIŞLA - PINARBAŞI EİH;4537;Reaktif Güç (MVAr);8c0ff4f7-c3ed-40cc-bd8b-a1d1412cd9c3;(-1) PINARBAS, 154, SARKISLA, Q
27018;SCADA;PINARBAŞI;154kV ŞARKIŞLA - PINARBAŞI EİH;4537;Aktif Güç (MW);038e51b1-dfc6-4c99-9251-acee672802a6;(+1) PINARBAS, 154, SARKISLA, P
36036;SCADA;ŞARKIŞLA;154kV ŞARKIŞLA - PINARBAŞI EİH;4537;Reaktif Güç (MVAr);8fd2435e-0126-4c63-bdbb-11f0a078e2dc;(+1) SARKISLA, 154, PINARBAS, Q
36035;SCADA;ŞARKIŞLA;154kV ŞARKIŞLA - PINARBAŞI EİH;4537;Aktif Güç (MW);992b337a-fe4d-4886-9fd9-b23f07d7dfdb;(+1) SARKISLA, 154, PINARBAS, P
25415;SCADA;BAĞLUM;400kV BAĞLUM - KURŞUNLU - I EİH;4599;Reaktif Güç (MVAr);b5374981-f65a-482b-b454-735052b7f692;(+1) BAGLUM, 380, KURSUNLU-1, Q
25405;SCADA;BAĞLUM;400kV BAĞLUM - KURŞUNLU - I EİH;4599;Aktif Güç (MW);b9adedf9-cdc5-4289-ab71-bbc0b9d72aab;(+1) BAGLUM, 380, KURSUNLU-1, P
25385;SCADA;BAĞLUM;400kV BAĞLUM - KURŞUNLU - II EİH;4600;Aktif Güç (MW);4df527b9-7a36-4c56-b03c-97009670b795;(+1) BAGLUM, 380, KURSUNLU-2, P
25391;SCADA;BAĞLUM;400kV BAĞLUM - KURŞUNLU - II EİH;4600;Reaktif Güç (MVAr);5661af2c-2ea3-4744-9d5c-ad2f9b04a67b;(+1) BAGLUM, 380, KURSUNLU-2, Q
23164;SCADA;KIRIKKALE DGKÇ;400kV SİNCAN - KIRIKKALE DGKÇ EİH;4601;Reaktif Güç (MVAr);1110d112-5118-42fe-b45f-10e2437b6e30;(+1) KIRIKDG, 380, SINCAN, Q
22811;SCADA;KIRIKKALE DGKÇ;400kV SİNCAN - KIRIKKALE DGKÇ EİH;4601;Aktif Güç (MW);d6f7529b-302c-4830-a4d7-c3895e7c1ffa;(+1) KIRIKDG, 380, SINCAN, P
42007;SCADA;SİNCAN;400kV SİNCAN - KIRIKKALE DGKÇ EİH;4601;Aktif Güç (MW);0c7ac670-b3db-4a41-aea2-b5cbab38f81a;(+1) SINCAN, 400, KIRIKKALEDG, P
42006;SCADA;SİNCAN;400kV SİNCAN - KIRIKKALE DGKÇ EİH;4601;Reaktif Güç (MVAr);9fdb8a8d-ae92-44cf-92c1-eeaaccaca2fc;(+1) SINCAN, 400, KIRIKKALEDG, Q
23192;SCADA;İÇ ANADOLU DGKÇ;400kV KIRIKKALE DGKÇ - İÇ ANADOLU DGKÇ EİH;4605;Aktif Güç (MW);c8056eea-7049-410c-b0db-f0fb29a0a009;(+1) ICANADO, 380, K.KALEDG, P
23194;SCADA;İÇ ANADOLU DGKÇ;400kV KIRIKKALE DGKÇ - İÇ ANADOLU DGKÇ EİH;4605;Reaktif Güç (MVAr);5cc545a0-1067-4abf-99d6-c0542b2e0eb5;(+1) ICANADO, 380, K.KALEDG, Q
22812;SCADA;KIRIKKALE DGKÇ;400kV KIRIKKALE DGKÇ - İÇ ANADOLU DGKÇ EİH;4605;Aktif Güç (MW);c9de1f4e-13bc-4dca-90d5-a6cb5891419e;(+1) KIRIKDG, 380, ICANADOL, P
23043;SCADA;KIRIKKALE DGKÇ;400kV KIRIKKALE DGKÇ - İÇ ANADOLU DGKÇ EİH;4605;Reaktif Güç (MVAr);cfcf54bc-1654-440a-9134-fd06583118f2;(+1) KIRIKDG, 380, ICANADOL, Q
24261;SCADA;GÖLBAŞI;400kV GÖLBAŞI - KAYAŞ EİH;4637;Aktif Güç (MW);4571aaba-b5e8-4aa8-9ad7-280e7129009d;(+1) GOLBASI, 400, KAYAS, P
24262;SCADA;GÖLBAŞI;400kV GÖLBAŞI - KAYAŞ EİH;4637;Reaktif Güç (MVAr);61824638-0434-474e-a588-5bc128b8325a;(+1) GOLBASI, 400, KAYAS, Q
28473;SCADA;KAYAŞ;400kV GÖLBAŞI - KAYAŞ EİH;4637;Aktif Güç (MW);89958ea6-dd7a-4c28-bf0c-dbbf9a6baec8;(+1) KAYAS, 380, GOLBASI1, P
23421;SCADA;KAYAŞ;400kV GÖLBAŞI - KAYAŞ EİH;4637;Reaktif Güç (MVAr);24043147-5b18-447c-9af7-edaeca62db8f;(+1) KAYAS, 380, GOLBASI1, Q
42166;SCADA;BAŞTAŞ;154kV BAŞTAŞ - KAYAŞ EİH;4638;Aktif Güç (MW);d84e984d-3784-4f61-8aeb-18843e081187;(+1) BASTAS, 154, KAYAS, P
42165;SCADA;BAŞTAŞ;154kV BAŞTAŞ - KAYAŞ EİH;4638;Reaktif Güç (MVAr);80d1468c-b4d4-4acb-88dc-656364895d6c;(+1) BASTAS, 154, KAYAS, Q
23422;SCADA;KAYAŞ;154kV BAŞTAŞ - KAYAŞ EİH;4638;Aktif Güç (MW);1df77157-6f24-4ab4-8cfc-a9a6a2efdec4;(+1) KAYAS, 154, BASTAS, P
23437;SCADA;KAYAŞ;154kV BAŞTAŞ - KAYAŞ EİH;4638;Reaktif Güç (MVAr);0a3c19cb-c820-4d69-8518-376440e9216d;(+1) KAYAS, 154, BASTAS, Q
26895;SCADA;ÇİMPOR;154kV ÇİMPOR - KAYAŞ EİH;4639;Reaktif Güç (MVAr);07d0535e-bd15-491c-961c-de8cb790c4b6;(+1) CIMPOR, 154, KAYAS, Q
26848;SCADA;ÇİMPOR;154kV ÇİMPOR - KAYAŞ EİH;4639;Aktif Güç (MW);8edaba4a-d0e3-42f4-bde7-0830c629a796;(+1) CIMPOR, 154, KAYAS, P
23438;SCADA;KAYAŞ;154kV ÇİMPOR - KAYAŞ EİH;4639;Reaktif Güç (MVAr);735a7866-b058-4dad-b278-801bcc91463e;(+1) KAYAS, 154, CIMPOR, Q
23666;SCADA;KAYAŞ;154kV ÇİMPOR - KAYAŞ EİH;4639;Aktif Güç (MW);809a2c78-fcb7-4044-a0a3-fa8b664222c3;(+1) KAYAS, 154, CIMPOR, P
23554;SCADA;KAYAŞ;154kV MAMAK - KAYAŞ - II EİH;4641;Aktif Güç (MW);06ac7257-92aa-4ca6-9f4c-23730fcdc1d5;(+1) KAYAS, 154, MAMAK2, P
23555;SCADA;KAYAŞ;154kV MAMAK - KAYAŞ - II EİH;4641;Reaktif Güç (MVAr);753d6204-4d6b-4e36-834f-dd0c7e8d9377;(+1) KAYAS, 154, MAMAK2, Q
26691;SCADA;MAMAK;154kV MAMAK - KAYAŞ - II EİH;4641;Reaktif Güç (MVAr);cc272389-a92b-4000-ae7f-57b81a3e2414;(+1) MAMAK, 154, KAYAS-2, Q
26607;SCADA;MAMAK;154kV MAMAK - KAYAŞ - II EİH;4641;Aktif Güç (MW);7b5f9c93-71dd-4f59-a859-b1977221740e;(+1) MAMAK, 154, KAYAS-2, P
24837;SCADA;İMRAHOR;154kV İMRAHOR - KAYAŞ - I EİH;4642;Aktif Güç (MW);56cbe1e3-b6f0-416a-aac8-08924361f354;(+1) IMRAHOR, 154, KAYAS-1, P
24786;SCADA;İMRAHOR;154kV İMRAHOR - KAYAŞ - I EİH;4642;Reaktif Güç (MVAr);abad1f10-e8b0-4628-9600-a0db8bab70c3;(+1) IMRAHOR, 154, KAYAS-1, Q
23549;SCADA;KAYAŞ;154kV İMRAHOR - KAYAŞ - I EİH;4642;Aktif Güç (MW);6f8cded7-5c7f-42f6-a067-0a0c4f220a26;(+1) KAYAS, 154, IMRAHOR1, P
23551;SCADA;KAYAŞ;154kV İMRAHOR - KAYAŞ - I EİH;4642;Reaktif Güç (MVAr);f31b9ae8-1184-4943-8ad4-480ffd89b645;(+1) KAYAS, 154, IMRAHOR1, Q
24800;SCADA;İMRAHOR;154kV İMRAHOR - KAYAŞ - II EİH;4643;Reaktif Güç (MVAr);72d8c19f-9acc-411e-8c2e-0ca2f15a91c5;(+1) IMRAHOR, 154, KAYAS-2, Q
24791;SCADA;İMRAHOR;154kV İMRAHOR - KAYAŞ - II EİH;4643;Aktif Güç (MW);85069447-93f1-46be-9bcf-55bd5d3ecbfc;(+1) IMRAHOR, 154, KAYAS-2, P
23667;SCADA;KAYAŞ;154kV İMRAHOR - KAYAŞ - II EİH;4643;Aktif Güç (MW);e654cf77-35bb-4023-9f83-db65e354ba69;(+1) KAYAS, 154, IMRAHOR2, P
23553;SCADA;KAYAŞ;154kV İMRAHOR - KAYAŞ - II EİH;4643;Reaktif Güç (MVAr);2e67f713-3a12-43cc-b2e2-b2a71646bb52;(+1) KAYAS, 154, IMRAHOR2, Q
23419;SCADA;KAYAŞ;400kV KIRIKKALE DGKÇ - KAYAŞ - I EİH;4648;Aktif Güç (MW);42b84995-543a-4c25-93c0-078d4006bebf;(+1) KAYAS, 380, KIRIKKALDG1, P
23420;SCADA;KAYAŞ;400kV KIRIKKALE DGKÇ - KAYAŞ - I EİH;4648;Reaktif Güç (MVAr);d4405268-6be7-40c9-b9ff-9164b90454b0;(+1) KAYAS, 380, KIRIKKALDG1, Q
23167;SCADA;KIRIKKALE DGKÇ;400kV KIRIKKALE DGKÇ - KAYAŞ - I EİH;4648;Aktif Güç (MW);32f0ead6-3ffc-423e-8b8a-7d2774429f38;(+1) KIRIKDG, 380, KAYAS-1, P
23168;SCADA;KIRIKKALE DGKÇ;400kV KIRIKKALE DGKÇ - KAYAŞ - I EİH;4648;Reaktif Güç (MVAr);3b73055b-ce53-46b0-b496-b6eab82ca730;(+1) KIRIKDG, 380, KAYAS-1, Q
23418;SCADA;KAYAŞ;400kV KIRIKKALE DGKÇ - KAYAŞ - II EİH;4649;Reaktif Güç (MVAr);5a4a4e2b-93bd-4faf-a1d5-448b6062fc1b;(+1) KAYAS, 380, KIRIKKALDG2, Q
23417;SCADA;KAYAŞ;400kV KIRIKKALE DGKÇ - KAYAŞ - II EİH;4649;Aktif Güç (MW);b176765a-2d77-41ba-a6dc-04b60c2872ce;(+1) KAYAS, 380, KIRIKKALDG2, P
23166;SCADA;KIRIKKALE DGKÇ;400kV KIRIKKALE DGKÇ - KAYAŞ - II EİH;4649;Reaktif Güç (MVAr);27b9a73b-c598-4c5f-9e8f-f04d6470586f;(+1) KIRIKDG, 380, KAYAS-2, Q
22406;SCADA;KIRIKKALE DGKÇ;400kV KIRIKKALE DGKÇ - KAYAŞ - II EİH;4649;Aktif Güç (MW);809e5f03-d036-4c57-8743-af8e3fb4bcf5;(+1) KIRIKDG, 380, KAYAS-2, P
27059;SCADA;POLATLI;154kV TEMELLİ - POLATLI EİH;4653;Reaktif Güç (MVAr);e9816ae8-ebf5-49d1-b71f-b1d02f51b2b2;(+1) POLATLI, 154, TEMELLI, Q
27058;SCADA;POLATLI;154kV TEMELLİ - POLATLI EİH;4653;Aktif Güç (MW);029b6a89-324f-4248-8c99-79dbe085ee1c;(+1) POLATLI, 154, TEMELLI, P
23675;SCADA;TEMELLİ;154kV TEMELLİ - POLATLI EİH;4653;Aktif Güç (MW);2ce004bc-298b-4d77-a278-6679a0ea802d;(+1) TEMELLI, 154, POLATLI1-ddy, P
23792;SCADA;TEMELLİ;154kV TEMELLİ - POLATLI EİH;4653;Reaktif Güç (MVAr);ae545112-eddb-46ae-85cd-badc17ece544;(+1) TEMELLI, 154, POLATLI1-ddy, Q
27149;SCADA;POLATLI ÇİMENTO;154kV TEMELLİ - POLATLI ÇİMENTO EİH;4654;Reaktif Güç (MVAr);578d47b5-9fea-455c-8a17-f4b135c9f9b6;(+1) POLATLIC, 154, POLATLI, Q
27146;SCADA;POLATLI ÇİMENTO;154kV TEMELLİ - POLATLI ÇİMENTO EİH;4654;Aktif Güç (MW);2b5cba2f-d35a-4499-82f7-d216f9d6bd0c;(+1) POLATLIC, 154, TEMELLI, P
23674;SCADA;TEMELLİ;154kV TEMELLİ - POLATLI ÇİMENTO EİH;4654;Reaktif Güç (MVAr);914d5534-d506-4430-9fc1-6e8ca0e618bf;(+1) TEMELLI, 154, POLATLICIMEN, Q
23788;SCADA;TEMELLİ;154kV TEMELLİ - POLATLI ÇİMENTO EİH;4654;Aktif Güç (MW);f5908a54-7ee8-426f-bbd2-e249bb0e1dd0;(+1) TEMELLI, 154, POLATLICIMEN, P
26513;SCADA;POLATLI;154kV POLATLI - POLATLI ÇİMENTO EİH;4655;Aktif Güç (MW);4af747d0-7ff6-460d-a321-7fab765d1b65;(+1) POLATLI, 154, POLATLICIMEN, P
27057;SCADA;POLATLI;154kV POLATLI - POLATLI ÇİMENTO EİH;4655;Reaktif Güç (MVAr);1c33f606-665b-4a82-8a91-3e0db8c73be0;(+1) POLATLI, 154, POLATLICIMEN, Q
27142;SCADA;POLATLI ÇİMENTO;154kV POLATLI - POLATLI ÇİMENTO EİH;4655;Reaktif Güç (MVAr);578d47b5-9fea-455c-8a17-f4b135c9f9b6;(+1) POLATLIC, 154, POLATLI, Q
27140;SCADA;POLATLI ÇİMENTO;154kV POLATLI - POLATLI ÇİMENTO EİH;4655;Aktif Güç (MW);9ade1822-a6d8-49ef-a25c-c723bc9231fd;(+1) POLATLIC, 154, POLATLI, P
21588;SCADA;YEŞİLHİSAR;400kV YEŞİLHİSAR - KOZAN HAVZA - II EİH;4687;Aktif Güç (MW);c00d01a1-2630-48f5-a318-4500a8befc6c;(+1) YESILHIS, 380, KOZAN2, P
21591;SCADA;YEŞİLHİSAR;400kV YEŞİLHİSAR - KOZAN HAVZA - II EİH;4687;Reaktif Güç (MVAr);6a05d316-c5e8-4c9f-83a8-b6f86ff1e576;(+1) YESILHIS, 380, KOZAN2, Q
26431;SCADA;BÜSAN;154kV BÜSAN - KARATAY EİH;4740;Aktif Güç (MW);5c4a56b5-41e1-4693-a497-7a0b630dc09b;(+1) BUSAN, 154, KARATAY, P
26433;SCADA;BÜSAN;154kV BÜSAN - KARATAY EİH;4740;Reaktif Güç (MVAr);d3a2efed-2e07-492d-bcd5-a7b1938aa246;(+1) BUSAN, 154, KARATAY, Q
22790;SCADA;KARATAY;154kV BÜSAN - KARATAY EİH;4740;Reaktif Güç (MVAr);760438df-63ad-4332-ab2c-08b35584fc7b;(+1) KARATAY, 154, BUSAN, Q
22786;SCADA;KARATAY;154kV BÜSAN - KARATAY EİH;4740;Aktif Güç (MW);ad33e263-6009-47ae-b850-20ae108be5e7;(+1) KARATAY, 154, BUSAN, P
25084;SCADA;ALTINEKİN;154kV CİHANBEYLİ - ALTINEKİN EİH;4834;Aktif Güç (MW);d722805a-06ce-434c-acbf-9dcbce28da3e;(+1) ALTINEKN, 154, CIHANBEY, P
25133;SCADA;ALTINEKİN;154kV CİHANBEYLİ - ALTINEKİN EİH;4834;Reaktif Güç (MVAr);23b03667-f471-4caa-8011-f39053b75af8;(+1) ALTINEKN, 154, CIHANBEY, Q
26461;SCADA;CİHANBEYLİ;154kV CİHANBEYLİ - ALTINEKİN EİH;4834;Aktif Güç (MW);2a74ec7d-c294-48e8-8bb2-34454e557d95;(+1) CIHANBEY, 154, ALTNEKIN, P
26468;SCADA;CİHANBEYLİ;154kV CİHANBEYLİ - ALTINEKİN EİH;4834;Reaktif Güç (MVAr);1f520679-2b1b-42b5-9eb8-1761866cc369;(+1) CIHANBEY, 154, ALTNEKIN, Q
26434;SCADA;BÜSAN;154kV BÜSAN - KONYA OSB - I EİH;4838;Aktif Güç (MW);5ea79bac-4baf-41a5-a215-c1d48f93f026;(+1) BUSAN, 154, KONYAOS1, P
26436;SCADA;BÜSAN;154kV BÜSAN - KONYA OSB - I EİH;4838;Reaktif Güç (MVAr);47689824-5863-422c-a018-34ec15fa2ce4;(+1) BUSAN, 154, KONYAOS1, Q
25744;SCADA;KONYA OSB;154kV BÜSAN - KONYA OSB - I EİH;4838;Aktif Güç (MW);6d5221de-194f-4b76-aaa2-644743ada0e1;(+1) KONYAOSB, 154, BUSAN1, P
25676;SCADA;KONYA OSB;154kV BÜSAN - KONYA OSB - I EİH;4838;Reaktif Güç (MVAr);55d6b98b-9eed-4e1c-ba26-7bc1808b0357;(+1) KONYAOSB, 154, BUSAN1, Q
26438;SCADA;BÜSAN;154kV BÜSAN - KONYA OSB - II EİH;4839;Aktif Güç (MW);89684bd0-1d90-426e-910b-9471108edd29;(+1) BUSAN, 154, KONYAOS2, P
26439;SCADA;BÜSAN;154kV BÜSAN - KONYA OSB - II EİH;4839;Reaktif Güç (MVAr);09f0e647-33c4-4993-85cb-7bc8a653e2f9;(+1) BUSAN, 154, KONYAOS2, Q
25751;SCADA;KONYA OSB;154kV BÜSAN - KONYA OSB - II EİH;4839;Aktif Güç (MW);7c48d582-ba36-45df-9ad6-0402551153a5;(+1) KONYAOSB, 154, BUSAN2, P
25752;SCADA;KONYA OSB;154kV BÜSAN - KONYA OSB - II EİH;4839;Reaktif Güç (MVAr);26dbddac-5b8e-4316-a8f0-d5f269a3fccc;(+1) KONYAOSB, 154, BUSAN2, Q
25859;SCADA;BAĞLAR RES;154kV KAYACIK - BAĞLAR RES EİH;4840;Reaktif Güç (MVAr);b8fbb357-32ef-4bb1-9a81-9443e42940e5;(+1) BAGLARRE, 154, KAYACIK, Q
25858;SCADA;BAĞLAR RES;154kV KAYACIK - BAĞLAR RES EİH;4840;Aktif Güç (MW);253368a7-c41b-4637-9383-5fb9d0d30374;(+1) BAGLARRE, 154, KAYACIK, P
25778;SCADA;KAYACIK;154kV KAYACIK - BAĞLAR RES EİH;4840;Reaktif Güç (MVAr);e808af0b-18cb-42ae-a91a-bd275eb1aec0;(+1) KAYACIK, 154, BAGLAR, Q
25777;SCADA;KAYACIK;154kV KAYACIK - BAĞLAR RES EİH;4840;Aktif Güç (MW);fb827e66-f30e-4ef6-90b6-a28891a8e5a4;(+1) KAYACIK, 154, BAGLAR, P
25376;SCADA;ARDIÇLI RES;154kV BAĞLAR RES - ARDIÇLI RES EİH;4841;Aktif Güç (MW);26332173-a2c2-4ff8-b6b1-ff746501d985;(+1) ARDICLI, 154, BAGLAR, P
25377;SCADA;ARDIÇLI RES;154kV BAĞLAR RES - ARDIÇLI RES EİH;4841;Reaktif Güç (MVAr);8713d067-b2f9-4487-9e92-6cb63db89e7b;(+1) ARDICLI, 154, BAGLAR, Q
25855;SCADA;BAĞLAR RES;154kV BAĞLAR RES - ARDIÇLI RES EİH;4841;Aktif Güç (MW);d98c5c93-dc6c-499f-80ce-0ea0da341db6;(+1) BAGLARRE, 154, ARDICLI, P
25857;SCADA;BAĞLAR RES;154kV BAĞLAR RES - ARDIÇLI RES EİH;4841;Reaktif Güç (MVAr);b09be7f4-c310-4e3e-9034-b4a6fb0c7699;(+1) BAGLARRE, 154, ARDICLI, Q
25429;SCADA;AVANOS2;154kV NEVŞEHİR - AVANOS2 EİH;4909;Aktif Güç (MW);ffd77e77-df1c-4890-af56-5b7d3b960bdd;(+1) AVANOS-2, 154, NEVSEHIR, P
25494;SCADA;AVANOS2;154kV NEVŞEHİR - AVANOS2 EİH;4909;Reaktif Güç (MVAr);78d10c22-8a96-4c9a-9e27-d4398c909bc8;(+1) AVANOS-2, 154, NEVSEHIR, Q
26623;SCADA;NEVŞEHİR;154kV NEVŞEHİR - AVANOS2 EİH;4909;Reaktif Güç (MVAr);88bc7e43-c4db-450a-be56-150c32a586b4;(+1) NEVSEHIR, 154, AVANOS-2, Q
26620;SCADA;NEVŞEHİR;154kV NEVŞEHİR - AVANOS2 EİH;4909;Aktif Güç (MW);9785c3ad-899e-4ffc-9226-968fc41d14ad;(+1) NEVSEHIR, 154, AVANOS-2, P
26473;SCADA;KAZAN;154kV KAZAN - KAZAN DGKÇ EİH;4921;Aktif Güç (MW);a3d02a48-9657-4372-b6b5-0c1f4b45535a;(+1) KAZAN, 154, KAZANDG, P
26475;SCADA;KAZAN;154kV KAZAN - KAZAN DGKÇ EİH;4921;Reaktif Güç (MVAr);1d036806-112d-4e64-8d45-1f8bc7d56211;(+1) KAZAN, 154, KAZANDG, Q
26494;SCADA;KAZAN DGKÇ;154kV KAZAN - KAZAN DGKÇ EİH;4921;Reaktif Güç (MVAr);a47021a2-1f6b-4cca-9460-2e8e17dcc291;(+1) KAZANDG, 154, KAZANTM, Q
26672;SCADA;KAZAN DGKÇ;154kV KAZAN - KAZAN DGKÇ EİH;4921;Aktif Güç (MW);688ec87b-611a-48af-944e-fcecc71d21ce;(+1) KAZANDG, 154, KAZANTM, P
22977;SCADA;EREĞLİ KONYA;154kV YAYSUN GES - EREĞLİ KONYA EİH;4957;Aktif Güç (MW);042dfc93-156e-4104-b564-2109c7a6eeb3;(+1) KONYAERE, 154, YAYSUNGE, P
23155;SCADA;EREĞLİ KONYA;154kV YAYSUN GES - EREĞLİ KONYA EİH;4957;Reaktif Güç (MVAr);7c0d161e-b5e7-43cf-b032-5b2290e06300;(+1) KONYAERE, 154, YAYSUNGE, Q
25898;SCADA;YAYSUN GES;154kV YAYSUN GES - EREĞLİ KONYA EİH;4957;Reaktif Güç (MVAr);c5d27836-1d2f-4bb3-99f6-52482f80adc0;(-1) YAYSUNGE, 154, EREGLI, Q
25867;SCADA;YAYSUN GES;154kV YAYSUN GES - EREĞLİ KONYA EİH;4957;Aktif Güç (MW);793992b6-a182-4b67-9b44-6bf8d8e1d119;(+1) YAYSUNGE, 154, EREGLI, P
25731;SCADA;KARAPINAR;154kV KARATAY - KARAPINAR EİH;5004;Reaktif Güç (MVAr);d60b1ffd-201c-4ff8-a4c1-bfbf8bf611fa;(+1) KARAPINA, 154, KARATAY, Q
25667;SCADA;KARAPINAR;154kV KARATAY - KARAPINAR EİH;5004;Aktif Güç (MW);e903e7a7-2791-47af-ab0b-38f1dfeff8cd;(+1) KARAPINA, 154, KARATAY, P
22553;SCADA;KARATAY;154kV KARATAY - KARAPINAR EİH;5004;Reaktif Güç (MVAr);9c16f016-89fd-4896-b37d-dadb00676cb3;(+1) KARATAY, 154, KARAPINA, Q
22552;SCADA;KARATAY;154kV KARATAY - KARAPINAR EİH;5004;Aktif Güç (MW);1da9aa8d-a26c-482e-ad99-1ee9019c3fc3;(+1) KARATAY, 154, KARAPINA, P
27652;SCADA;EŞMEKAYA;154kV EŞMEKAYA - TÜMOSAN EİH;5046;Aktif Güç (MW);2a97d53a-82be-40a1-806d-237b4ff9e045;(+1) ESMEKAYA, 154, TUMOSAN, P
27618;SCADA;EŞMEKAYA;154kV EŞMEKAYA - TÜMOSAN EİH;5046;Reaktif Güç (MVAr);d22e91f5-ebed-4fb9-a9f1-a089b6ce2d49;(+1) ESMEKAYA, 154, TUMOSAN, Q
25523;SCADA;TÜMOSAN;154kV EŞMEKAYA - TÜMOSAN EİH;5046;Aktif Güç (MW);c948f4c5-c81f-47fc-bbc3-0f64f9862833;(+1) TUMOSAN, 154, ESMEKAYA, P
25525;SCADA;TÜMOSAN;154kV EŞMEKAYA - TÜMOSAN EİH;5046;Reaktif Güç (MVAr);f8e2847f-80f1-47ec-af75-87809aaaf386;(+1) TUMOSAN, 154, ESMEKAYA, Q
27649;SCADA;EŞMEKAYA;154kV EŞMEKAYA - KIZÖREN EİH;5047;Aktif Güç (MW);9af69c26-e734-4c06-ac46-b60668c3b490;(+1) ESMEKAYA, 154, KIZOREN, P
27650;SCADA;EŞMEKAYA;154kV EŞMEKAYA - KIZÖREN EİH;5047;Reaktif Güç (MVAr);76f7c3fd-f140-42e2-87f9-912c5ae0eebe;(+1) ESMEKAYA, 154, KIZOREN, Q
24611;SCADA;KIZÖREN;154kV EŞMEKAYA - KIZÖREN EİH;5047;Aktif Güç (MW);188b89bc-fbf4-410f-a4e5-ce99f2b21392;(+1) KIZOREN, 154, ESMEKAYA, P
25141;SCADA;KIZÖREN;154kV EŞMEKAYA - KIZÖREN EİH;5047;Reaktif Güç (MVAr);f824be7e-09bc-49ff-bcac-18625a9691c6;(+1) KIZOREN, 154, ESMEKAYA, Q
24259;SCADA;GÖLBAŞI;400kV GÖLBAŞI - SİNCAN EİH;5067;Aktif Güç (MW);5fd1911e-5ef8-49fa-9076-5bdfa194241e;(+1) GOLBASI, 400, ANKARA-21, P
24260;SCADA;GÖLBAŞI;400kV GÖLBAŞI - SİNCAN EİH;5067;Reaktif Güç (MVAr);9d7d1484-e627-4bbd-9df1-9596da15f3ba;(+1) GOLBASI, 400, ANKARA-21, Q
42000;SCADA;SİNCAN;400kV GÖLBAŞI - SİNCAN EİH;5067;Reaktif Güç (MVAr);e326b964-3a26-4957-9dc8-d4dcb68a0138;(+1) SINCAN, 400, GOLBASI, Q
42001;SCADA;SİNCAN;400kV GÖLBAŞI - SİNCAN EİH;5067;Aktif Güç (MW);95963c3b-0f13-48c2-a368-0d045d37d93a;(+1) SINCAN, 400, GOLBASI, P
24602;SCADA;HOTAMIŞ;154kV HOTAMIŞ - KARAPINAR EİH;5084;Aktif Güç (MW);75d433bc-4076-4003-8718-8a5c3ecfef79;(+1) HOTAMIS, 154, KARAPINA, P
8163;SCADA;HOTAMIŞ;154kV HOTAMIŞ - KARAPINAR EİH;5084;Reaktif Güç (MVAr);d6fa8a42-238a-488d-98aa-c8e1ae6be8ce;(+1) HOTAMIS, 154, KARAPINA, Q
25656;SCADA;KARAPINAR;154kV HOTAMIŞ - KARAPINAR EİH;5084;Aktif Güç (MW);63932786-6733-47b8-8985-9ab9cdbad837;(+1) KARAPINA, 154, HOTAMIS, P
25658;SCADA;KARAPINAR;154kV HOTAMIŞ - KARAPINAR EİH;5084;Reaktif Güç (MVAr);ad2e23d7-a42c-4203-aee6-7ab0a9d93b18;(+1) KARAPINA, 154, HOTAMIS, Q
22537;SCADA;KARATAY;400kV KARATAY - KONYA KUZEY EİH;5133;Reaktif Güç (MVAr);468be6ff-92be-4cf3-a90d-685b93c6bd5a;(+1) KARATAY, 380, KONYAKZY, Q
22536;SCADA;KARATAY;400kV KARATAY - KONYA KUZEY EİH;5133;Aktif Güç (MW);1b548d3c-3614-4ed0-b92d-bce43f1db5b4;(+1) KARATAY, 380, KONYAKZY, P
22327;SCADA;KONYA KUZEY;400kV KARATAY - KONYA KUZEY EİH;5133;Aktif Güç (MW);32000831-f18d-4fac-934d-b83d58e3a9f7;(+1) KONYA_KU, 380, KARATAY, P
22326;SCADA;KONYA KUZEY;400kV KARATAY - KONYA KUZEY EİH;5133;Reaktif Güç (MVAr);a382842e-a7d6-41fc-bb32-59de170a9c74;(+1) KONYA_KU, 380, KARATAY, Q
22321;SCADA;KONYA KUZEY;154kV LADİK - KONYA KUZEY - II EİH;5137;Reaktif Güç (MVAr);d298bca8-a09f-4ff3-a7f4-59df6ea13f60;(+1) KONYA_KU, 154, LADIK2, Q
22320;SCADA;KONYA KUZEY;154kV LADİK - KONYA KUZEY - II EİH;5137;Aktif Güç (MW);f7699aa1-c6ca-416e-85d9-e1b3d5325f61;(+1) KONYA_KU, 154, LADIK2, P
26149;SCADA;LADİK;154kV LADİK - KONYA KUZEY - II EİH;5137;Aktif Güç (MW);11b30b78-2094-4b92-8508-bbd1967d44c6;(+1) LADIK, 154, KONYAKZ2, P
26150;SCADA;LADİK;154kV LADİK - KONYA KUZEY - II EİH;5137;Reaktif Güç (MVAr);dc9841f6-dfdf-41bb-a49c-20911bc40f75;(+1) LADIK, 154, KONYAKZ2, Q
25134;SCADA;ALTINEKİN;154kV ALTINEKİN - KONYA KUZEY EİH;5138;Aktif Güç (MW);0e052abc-3508-4942-bfc6-a2257ca3472a;(+1) ALTINEKN, 154, KONYAKZY, P
25083;SCADA;ALTINEKİN;154kV ALTINEKİN - KONYA KUZEY EİH;5138;Reaktif Güç (MVAr);5717da04-0a7c-4d9c-b2e9-4f0233c6285e;(+1) ALTINEKN, 154, KONYAKZY, Q
29527;SCADA;KONYA KUZEY;154kV ALTINEKİN - KONYA KUZEY EİH;5138;Aktif Güç (MW);f632da58-aebb-4121-835a-ff8e68a161a2;(+1) KONYA_KU, 154, ALTINEKI, P
22515;SCADA;KONYA KUZEY;154kV ALTINEKİN - KONYA KUZEY EİH;5138;Reaktif Güç (MVAr);05ec6130-47fe-411e-8c09-01e6c703cda2;(+1) KONYA_KU, 154, ALTINEKI, Q
22323;SCADA;KONYA KUZEY;154kV LADİK - KONYA KUZEY - I EİH;5147;Reaktif Güç (MVAr);b6098902-ba10-4fec-86e0-374508e7aff6;(+1) KONYA_KU, 154, LADIK1, Q
22322;SCADA;KONYA KUZEY;154kV LADİK - KONYA KUZEY - I EİH;5147;Aktif Güç (MW);87d17289-9c3f-45dc-9699-5bf492964a4e;(+1) KONYA_KU, 154, LADIK1, P
26251;SCADA;LADİK;154kV LADİK - KONYA KUZEY - I EİH;5147;Reaktif Güç (MVAr);bced4623-c0aa-4dc4-948a-5bd97a1ad9fb;(+1) LADIK, 154, KONYAKZ1, Q
26248;SCADA;LADİK;154kV LADİK - KONYA KUZEY - I EİH;5147;Aktif Güç (MW);50600a5c-72f0-4784-8007-328e7a5a2602;(+1) LADIK, 154, KONYAKZ1, P
22399;SCADA;KONYA KUZEY;154kV KONYA KUZEY - KONYA OSB - I EİH;5148;Aktif Güç (MW);0a49da56-2ca0-48a8-8d54-9aa909d08c79;(+1) KONYA_KU, 154, KNYAOSB1, P
22510;SCADA;KONYA KUZEY;154kV KONYA KUZEY - KONYA OSB - I EİH;5148;Reaktif Güç (MVAr);703972e5-7ae1-4371-a974-4c33aec42789;(+1) KONYA_KU, 154, KNYAOSB1, Q
25768;SCADA;KONYA OSB;154kV KONYA KUZEY - KONYA OSB - I EİH;5148;Reaktif Güç (MVAr);f8aadb58-4590-4cf6-8b82-037d38fef015;(+1) KONYAOSB, 154, KONYAKZ1, Q
43290;SCADA;KONYA OSB;154kV KONYA KUZEY - KONYA OSB - I EİH;5148;Aktif Güç (MW);e0373d07-fe5b-46fc-b038-4a38fc1fab4c;(+1) KONYAOSB, 154, KONYAKZ1, P
22325;SCADA;KONYA KUZEY;154kV KONYA KUZEY - SELÇUKLU EİH;5154;Reaktif Güç (MVAr);63a3f681-17bb-4cf6-8c06-1dbc6bd0ae15;(+1) KONYA_KU, 154, SELCUKLU, Q
22324;SCADA;KONYA KUZEY;154kV KONYA KUZEY - SELÇUKLU EİH;5154;Aktif Güç (MW);a2f87c82-7d4a-45ca-b8ba-26b77918d0d6;(+1) KONYA_KU, 154, SELCUKLU, P
24720;SCADA;SELÇUKLU;154kV KONYA KUZEY - SELÇUKLU EİH;5154;Reaktif Güç (MVAr);3322c254-6f13-4fa4-986f-45a492477755;(+1) SELCUKLU, 154, KONYAKZY, Q
24721;SCADA;SELÇUKLU;154kV KONYA KUZEY - SELÇUKLU EİH;5154;Aktif Güç (MW);0a12cbd9-b16d-4974-a486-6bae07996382;(+1) SELCUKLU, 154, KONYAKZY, P
22509;SCADA;KONYA KUZEY;154kV KONYA KUZEY - KONYA OSB - II EİH;5155;Reaktif Güç (MVAr);d2a9c899-eac2-4484-924e-7d29be6d962a;(+1) KONYA_KU, 154, KNYAOSB2, Q
22508;SCADA;KONYA KUZEY;154kV KONYA KUZEY - KONYA OSB - II EİH;5155;Aktif Güç (MW);84b066c1-8e44-4338-834e-21eace75b8e3;(+1) KONYA_KU, 154, KNYAOSB2, P
43291;SCADA;KONYA OSB;154kV KONYA KUZEY - KONYA OSB - II EİH;5155;Aktif Güç (MW);f452b8c1-ad90-406b-823a-f2e88be9e70a;(+1) KONYAOSB, 154, KONYAKZ2, P
25572;SCADA;KONYA OSB;154kV KONYA KUZEY - KONYA OSB - II EİH;5155;Reaktif Güç (MVAr);6e862fe4-5c5c-499a-abf7-eeabe3d13086;(+1) KONYAOSB, 154, KONYAKZ2, Q
25782;SCADA;KAYACIK;154kV KAYACIK - KONYA KUZEY EİH;5156;Reaktif Güç (MVAr);aa768041-389f-4591-a855-e3684a05425c;(+1) KAYACIK, 154, KONYAKZY, Q
25779;SCADA;KAYACIK;154kV KAYACIK - KONYA KUZEY EİH;5156;Aktif Güç (MW);d1c3c52f-0340-46c9-b670-c8fb2bb802c0;(+1) KAYACIK, 154, KONYAKZY, P
22400;SCADA;KONYA KUZEY;154kV KAYACIK - KONYA KUZEY EİH;5156;Reaktif Güç (MVAr);15bf58c2-240b-48b1-ace1-526ed98e5dcd;(+1) KONYA_KU, 154, KAYACIK, Q
22511;SCADA;KONYA KUZEY;154kV KAYACIK - KONYA KUZEY EİH;5156;Aktif Güç (MW);11e03afc-3d75-4029-ac2c-bac2ab1782b7;(+1) KONYA_KU, 154, KAYACIK, P
27009;SCADA;ÖKSÜT MADENCİLİK;154kV SENDİREMEKE - ÖKSÜT MADENCİLİK EİH;5160;Aktif Güç (MW);132f4e92-c9eb-40ff-ba8a-1e07734f5b69;(+1) OKSUTTM, 154, SENDREME, P
26949;SCADA;ÖKSÜT MADENCİLİK;154kV SENDİREMEKE - ÖKSÜT MADENCİLİK EİH;5160;Reaktif Güç (MVAr);d96a1692-5004-48b7-842f-10fea8ca0e34;(+1) OKSUTTM, 154, SENDREME, Q
24795;SCADA;SENDİREMEKE;154kV SENDİREMEKE - ÖKSÜT MADENCİLİK EİH;5160;Aktif Güç (MW);6d0dd116-bcab-4573-a260-0c620ee468ba;(+1) SENDIRMK, 154, OKSUTMDN, P
24798;SCADA;SENDİREMEKE;154kV SENDİREMEKE - ÖKSÜT MADENCİLİK EİH;5160;Reaktif Güç (MVAr);15df1a82-5fdf-4d0f-a886-37ddad099476;(+1) SENDIRMK, 154, OKSUTMDN, Q
22319;SCADA;KONYA KUZEY;154kV YAZIR - KONYA KUZEY EİH;5164;Reaktif Güç (MVAr);8b300f0a-4e43-490f-ada8-4a8c5f95fb6e;(+1) KONYA_KU, 154, YAZIR, Q
24028;SCADA;KONYA KUZEY;154kV YAZIR - KONYA KUZEY EİH;5164;Aktif Güç (MW);f97e39f5-275e-4f43-bdea-2fc3d220e4f8;(+1) KONYA_KU, 154, YAZIR, P
25875;SCADA;YAZIR;154kV YAZIR - KONYA KUZEY EİH;5164;Reaktif Güç (MVAr);f0d0eb2a-8e4d-45b7-b4c8-7a699f785e5b;(+1) YAZIR, 154, KONYAKZY, Q
25874;SCADA;YAZIR;154kV YAZIR - KONYA KUZEY EİH;5164;Aktif Güç (MW);7ed90811-ca99-498d-a02d-630ca4d984fd;(+1) YAZIR, 154, KONYAKZY, P
27520;SCADA;ERENKÖY;154kV ERENKÖY - SELÇUKLU EİH;5171;Aktif Güç (MW);31824126-11c6-4e15-a322-af89bb4b3a30;(+1) ERENKOY, 154, SELCUKLU, P
27521;SCADA;ERENKÖY;154kV ERENKÖY - SELÇUKLU EİH;5171;Reaktif Güç (MVAr);55d5d108-ee5f-4885-8458-2c6d77c49050;(+1) ERENKOY, 154, SELCUKLU, Q
24722;SCADA;SELÇUKLU;154kV ERENKÖY - SELÇUKLU EİH;5171;Aktif Güç (MW);4d1c3d6a-5836-47b7-a3f5-57f399a0835d;(+1) SELCUKLU, 154, ERENKOY, P
24780;SCADA;SELÇUKLU;154kV ERENKÖY - SELÇUKLU EİH;5171;Reaktif Güç (MVAr);a647f2bb-2e0a-4cb8-9aaf-9d2c15cf7dee;(+1) SELCUKLU, 154, ERENKOY, Q
42122;SCADA;ADATOPRAKPINAR;154kV DDY ÇAYIRBAŞI - ADATOPRAKPINAR EİH;5258;Reaktif Güç (MVAr);46994273-94cd-453f-b9fc-9f5bfcd385f1;(-1) DDYCAYIR, 154, ADATOPRK, Q
42121;SCADA;ADATOPRAKPINAR;154kV DDY ÇAYIRBAŞI - ADATOPRAKPINAR EİH;5258;Aktif Güç (MW);0dac5cfb-d6e8-42f8-8654-3afddaa87b82;(-1) DDYCAYIR, 154, ADATOPRK, P
43486;SCADA;DDY ÇAYIRBAŞI;154kV DDY ÇAYIRBAŞI - ADATOPRAKPINAR EİH;5258;Aktif Güç (MW);0dac5cfb-d6e8-42f8-8654-3afddaa87b82;(+1) DDYCAYIR, 154, ADATOPRK, P
43485;SCADA;DDY ÇAYIRBAŞI;154kV DDY ÇAYIRBAŞI - ADATOPRAKPINAR EİH;5258;Reaktif Güç (MVAr);46994273-94cd-453f-b9fc-9f5bfcd385f1;(+1) DDYCAYIR, 154, ADATOPRK, Q
23237;SCADA;ADATOPRAKPINAR;154kV KOCAHACILI - ADATOPRAKPINAR EİH;5259;Aktif Güç (MW);f822aa2c-0411-4aac-96d2-247a1ea66d3b;(+1) ADATOPRK, 154, DDYKOCAH, P
43493;SCADA;DDY KOCAHACILI;154kV KOCAHACILI - ADATOPRAKPINAR EİH;5259;Aktif Güç (MW);7465d1c7-caf7-4d5c-9332-a026638738ca;(+1) DDYKOCAH, 154, ADATOPRAKPIN, P
43492;SCADA;DDY KOCAHACILI;154kV KOCAHACILI - ADATOPRAKPINAR EİH;5259;Reaktif Güç (MVAr);c94e3eb5-8256-425b-b2f4-b684e70b33f4;(+1) DDYKOCAH, 154, ADATOPRAKPIN, Q
25573;SCADA;YAHYALI BAK RES;154kV YAHYALI BAK RES - YAHYALI SANCAK RES EİH;5286;Reaktif Güç (MVAr);5979ec5f-311b-454d-9de8-fba7a18e109c;(+1) YAHYALBE, 154, YAHYALI, Q
25770;SCADA;YAHYALI BAK RES;154kV YAHYALI BAK RES - YAHYALI SANCAK RES EİH;5286;Aktif Güç (MW);4b21c2bd-3b82-401c-abb8-db6eb792c5ce;(+1) YAHYALBE, 154, YAHYALI, P
25687;SCADA;YAHYALI RES;154kV YAHYALI BAK RES - YAHYALI SANCAK RES EİH;5286;Reaktif Güç (MVAr);0a4afc51-e4ed-4372-a1fd-f18a58f9a401;(+1) SANCAKRE, 154, BAKENERJ, Q
25686;SCADA;YAHYALI RES;154kV YAHYALI BAK RES - YAHYALI SANCAK RES EİH;5286;Aktif Güç (MW);f05e58a1-1177-4f64-ac8a-30929934d4b2;(+1) SANCAKRE, 154, BAKENERJ, P
26950;SCADA;ÖKSÜT MADENCİLİK;154kV YAHYALI BAK RES - ÖKSÜT MADENCİLİK EİH;5288;Aktif Güç (MW);6daad511-95a3-42e8-bfe6-cb3141a2520b;(+1) OKSUTTM, 154, YAHYARBE, P
27010;SCADA;ÖKSÜT MADENCİLİK;154kV YAHYALI BAK RES - ÖKSÜT MADENCİLİK EİH;5288;Reaktif Güç (MVAr);22676627-fe0d-4f3b-be96-c84feefd9521;(+1) OKSUTTM, 154, YAHYARBE, Q
25680;SCADA;YAHYALI BAK RES;154kV YAHYALI BAK RES - ÖKSÜT MADENCİLİK EİH;5288;Reaktif Güç (MVAr);1267b310-0e17-4641-8801-77298399b5f6;(+1) YAHYALBE, 154, OKSUT, Q
25571;SCADA;YAHYALI BAK RES;154kV YAHYALI BAK RES - ÖKSÜT MADENCİLİK EİH;5288;Aktif Güç (MW);30c63a39-0580-4197-9d53-1c826d5d71ac;(+1) YAHYALBE, 154, OKSUT, P
32638;SCADA;KIZILIRMAK;154kV KIZILIRMAK -> KIRIKKALE - KESİKKÖPRÜ HES EİH;5327;Aktif Güç (MW);98255ef8-64a2-400f-a712-7b1159a9fc95;(+1) KIZILIRM, 154, KIRIKKAL, P
32652;SCADA;KIZILIRMAK;154kV KIZILIRMAK -> KIRIKKALE - KESİKKÖPRÜ HES EİH;5327;Reaktif Güç (MVAr);e0f577b7-a5ea-404a-82e3-d08020bb7a03;(+1) KIZILIRM, 154, KIRIKKAL, Q
24927;SCADA;KIZILIRMAK;154kV KIZILIRMAK - ŞEREFLİKOÇHİSAR EİH;5335;Aktif Güç (MW);92351449-ac99-428a-807c-211c83ea9cef;(+1) KIZILIRM, 154, SKOCHISA, P
24928;SCADA;KIZILIRMAK;154kV KIZILIRMAK - ŞEREFLİKOÇHİSAR EİH;5335;Reaktif Güç (MVAr);dbd01d7e-1d80-4960-b606-a1545f3d27a3;(+1) KIZILIRM, 154, SKOCHISA, Q
25617;SCADA;ŞEREFLİKOÇHİSAR;154kV KIZILIRMAK - ŞEREFLİKOÇHİSAR EİH;5335;Aktif Güç (MW);024ef306-29eb-4430-b10f-55a019b21fe9;(+1) S.KOCHIS, 154, KIZILIRM, P
25554;SCADA;ŞEREFLİKOÇHİSAR;154kV KIZILIRMAK - ŞEREFLİKOÇHİSAR EİH;5335;Reaktif Güç (MVAr);001d74a1-9f64-4aa1-aaca-8c3806fdf703;(+1) S.KOCHIS, 154, KIZILIRM, Q
24925;SCADA;KIZILIRMAK;154kV KIZILIRMAK - KULU EİH;5336;Reaktif Güç (MVAr);de12c168-b4ad-4c82-a1ce-c50b805937b6;(+1) KIZILIRM, 154, KULU, Q
24922;SCADA;KIZILIRMAK;154kV KIZILIRMAK - KULU EİH;5336;Aktif Güç (MW);a92a6a91-4f2c-4814-8711-8a3fabac19a1;(+1) KIZILIRM, 154, KULU, P
25850;SCADA;KULU;154kV KIZILIRMAK - KULU EİH;5336;Reaktif Güç (MVAr);da0eb9a8-d94c-48f5-841d-0a9907647d67;(+1) KULU, 154, KIZILIRM, Q
25848;SCADA;KULU;154kV KIZILIRMAK - KULU EİH;5336;Aktif Güç (MW);a161af43-7e4a-430a-9a08-b994cb0e058d;(+1) KULU, 154, KIZILIRM, P
26786;SCADA;HİRFANLI HES;154kV HİRFANLI HES - KIZILIRMAK - I EİH;5337;Aktif Güç (MW);71785a2a-c7de-4d3a-ac2e-8de4d52011d3;(+1) HIRFANLI, 154, KIZLRMK1, P
26797;SCADA;HİRFANLI HES;154kV HİRFANLI HES - KIZILIRMAK - I EİH;5337;Reaktif Güç (MVAr);3cd61990-4b40-44a1-805d-38ef0490aa40;(+1) HIRFANLI, 154, KIZLRMK1, Q
24736;SCADA;KIZILIRMAK;154kV HİRFANLI HES - KIZILIRMAK - I EİH;5337;Reaktif Güç (MVAr);0bcf1605-af7d-4045-8b99-a27ea48f6783;(+1) KIZILIRM, 154, HIRFANL1, Q
24900;SCADA;KIZILIRMAK;154kV HİRFANLI HES - KIZILIRMAK - I EİH;5337;Aktif Güç (MW);cc4fc0a5-ca94-46d9-b10f-0de97255783e;(+1) KIZILIRM, 154, HIRFANL1, P
26798;SCADA;HİRFANLI HES;154kV HİRFANLI HES - KIZILIRMAK - II EİH;5338;Aktif Güç (MW);4f6cf147-a705-4cc6-91cb-684119b0a2bf;(+1) HIRFANLI, 154, KIZLRMK2, P
26800;SCADA;HİRFANLI HES;154kV HİRFANLI HES - KIZILIRMAK - II EİH;5338;Reaktif Güç (MVAr);6281178d-83fa-4c93-a3ee-a5843fddb495;(+1) HIRFANLI, 154, KIZLRMK2, Q
24909;SCADA;KIZILIRMAK;154kV HİRFANLI HES - KIZILIRMAK - II EİH;5338;Aktif Güç (MW);df2a8209-e58d-449c-a665-e7fc323b191e;(+1) KIZILIRM, 154, HIRFANL2, P
24914;SCADA;KIZILIRMAK;154kV HİRFANLI HES - KIZILIRMAK - II EİH;5338;Reaktif Güç (MVAr);ee27033c-4755-4e75-8d03-f2678f8b77bc;(+1) KIZILIRM, 154, HIRFANL2, Q
24796;SCADA;KIRŞEHİR;154kV KIZILIRMAK - KIRŞEHİR EİH;5341;Aktif Güç (MW);91d91e04-21fa-4cb8-8425-ef4fd48bdda3;(+1) KIRSEHI, 154, KIZILRMK, P
24725;SCADA;KIRŞEHİR;154kV KIZILIRMAK - KIRŞEHİR EİH;5341;Reaktif Güç (MVAr);4101d29d-b2da-4316-98dd-42cc5de346e9;(+1) KIRSEHI, 154, KIZILRMK, Q
24918;SCADA;KIZILIRMAK;154kV KIZILIRMAK - KIRŞEHİR EİH;5341;Aktif Güç (MW);c9d382d1-f8f3-4233-a1d6-76f72e1cdb6d;(+1) KIZILIRM, 154, KIRSEHIR, P
24920;SCADA;KIZILIRMAK;154kV KIZILIRMAK - KIRŞEHİR EİH;5341;Reaktif Güç (MVAr);fe72afea-98f7-4b0f-960f-7a05992e5c69;(+1) KIZILIRM, 154, KIRSEHIR, Q
38133;SCADA;DDY A.PINARBAŞI;154kV DDY A.PINARBAŞI - MUTLU5 RES EİH;5358;Reaktif Güç (MVAr);be60b6f5-97bb-4878-b7b5-bdb84ccf9d56;(+1) DDYPINAR, 154, MUTLU_5_RES, Q
38134;SCADA;DDY A.PINARBAŞI;154kV DDY A.PINARBAŞI - MUTLU5 RES EİH;5358;Aktif Güç (MW);9fe48922-3f0b-457f-b240-37c544c72bf4;(+1) DDYPINAR, 154, MUTLU_5_RES, P
26906;SCADA;MUTLU5 RES;154kV DDY A.PINARBAŞI - MUTLU5 RES EİH;5358;Reaktif Güç (MVAr);68d65b72-065f-4fd3-a3f2-b974078f7669;(+1) MUTLU5RE, 154, DDYPINAR, Q
26904;SCADA;MUTLU5 RES;154kV DDY A.PINARBAŞI - MUTLU5 RES EİH;5358;Aktif Güç (MW);1584cc8c-8360-4cde-8eeb-ebe775f492f3;(+1) MUTLU5RE, 154, DDYPINAR, P
38138;SCADA;DDY GÖZLÜ;154kV DDY GÖZLÜ - MUTLU5 RES EİH;5359;Reaktif Güç (MVAr);48c9de34-3af5-4bf4-9e60-38d98ea92047;(+1) DDYGOZLU, 154, MUTLU_5_RES, Q
38139;SCADA;DDY GÖZLÜ;154kV DDY GÖZLÜ - MUTLU5 RES EİH;5359;Aktif Güç (MW);18b365c8-16be-481e-a364-1b0df6772be5;(+1) DDYGOZLU, 154, MUTLU_5_RES, P
26736;SCADA;MUTLU5 RES;154kV DDY GÖZLÜ - MUTLU5 RES EİH;5359;Reaktif Güç (MVAr);08781dd7-ff87-4307-b379-b4a2bb2b920c;(+1) MUTLU5RE, 154, DDYGOZLU, Q
26909;SCADA;MUTLU5 RES;154kV DDY GÖZLÜ - MUTLU5 RES EİH;5359;Aktif Güç (MW);affaac70-d139-465f-a7db-dca288d04560;(+1) MUTLU5RE, 154, DDYGOZLU, P
25662;SCADA;KARAPINAR;154kV KARAPINAR - KARAPINAR ACIGÖL GES - I EİH;5398;Reaktif Güç (MVAr);ac9d8fe9-cb49-4dce-883b-a4dc7dc02b4d;(+1) KARAPINA, 154, K.A.GES1, Q
25661;SCADA;KARAPINAR;154kV KARAPINAR - KARAPINAR ACIGÖL GES - I EİH;5398;Aktif Güç (MW);13bd0a22-1695-453a-a818-c61708ffac6f;(+1) KARAPINA, 154, K.A.GES1, P
25139;SCADA;KARAPINAR ACIGÖL GES;154kV KARAPINAR - KARAPINAR ACIGÖL GES - I EİH;5398;Reaktif Güç (MVAr);f94a28d7-e7e9-4383-a94a-2282e747dbe4;(+1) K.PINARG, 154, KARAPIN1, Q
25137;SCADA;KARAPINAR ACIGÖL GES;154kV KARAPINAR - KARAPINAR ACIGÖL GES - I EİH;5398;Aktif Güç (MW);1e466f0d-2d3b-4772-b583-6d9bf6b304c5;(+1) K.PINARG, 154, KARAPIN1, P
25665;SCADA;KARAPINAR;154kV KARAPINAR - KARAPINAR ACIGÖL GES - II EİH;5399;Reaktif Güç (MVAr);953b9df0-6def-47b6-8cbb-9b8f78ff0f26;(+1) KARAPINA, 154, K.A.GES2, Q
25664;SCADA;KARAPINAR;154kV KARAPINAR - KARAPINAR ACIGÖL GES - II EİH;5399;Aktif Güç (MW);e689bf6f-2b3d-49fe-a4a9-f8e7eddb430c;(+1) KARAPINA, 154, K.A.GES2, P
25147;SCADA;KARAPINAR ACIGÖL GES;154kV KARAPINAR - KARAPINAR ACIGÖL GES - II EİH;5399;Reaktif Güç (MVAr);d9b3b0fe-bc76-48ed-8010-6a31fd406d5b;(+1) K.PINARG, 154, KARAPIN2, Q
25143;SCADA;KARAPINAR ACIGÖL GES;154kV KARAPINAR - KARAPINAR ACIGÖL GES - II EİH;5399;Aktif Güç (MW);ede75dde-197d-4837-9eba-67ce832e4d72;(+1) K.PINARG, 154, KARAPIN2, P
8765;SCADA;KARAMAN OSB;154kV KARAMAN OSB - TEKSİN GES EİH;5400;Aktif Güç (MW);c326c55f-a7c8-43fa-b461-72004bef4045;(+1) KARAMANO, 154, TEKSINGE, P
25635;SCADA;KARAMAN OSB;154kV KARAMAN OSB - TEKSİN GES EİH;5400;Reaktif Güç (MVAr);7707d172-c2ed-4d93-851f-96143967aaa0;(+1) KARAMANO, 154, TEKSINGE, Q
25258;SCADA;TEKSİN GES;154kV KARAMAN OSB - TEKSİN GES EİH;5400;Reaktif Güç (MVAr);5472748e-3b12-4204-8f5f-31c750c73001;(+1) TEKSINGE, 154, KARAMANO, Q
25213;SCADA;TEKSİN GES;154kV KARAMAN OSB - TEKSİN GES EİH;5400;Aktif Güç (MW);feb2268a-b3f1-4a2d-ae7a-671f238a62b5;(+1) TEKSINGE, 154, KARAMANO, P
24904;SCADA;AKYEL 1 RES;154kV AKYEL 1 RES - TEKSİN GES EİH;5405;Reaktif Güç (MVAr);05979c2c-0c9d-4139-954d-a8cbc2c50970;(+1) AKYEL-1, 154, TEKSINGES, Q
24902;SCADA;AKYEL 1 RES;154kV AKYEL 1 RES - TEKSİN GES EİH;5405;Aktif Güç (MW);de538b99-bb59-4df3-abe5-85d296cadc4e;(+1) AKYEL-1, 154, TEKSINGES, P
25317;SCADA;TEKSİN GES;154kV AKYEL 1 RES - TEKSİN GES EİH;5405;Reaktif Güç (MVAr);2e60692d-4c6c-47b1-945b-64db816ff703;(+1) TEKSINGE, 154, AKYELRES, Q
25314;SCADA;TEKSİN GES;154kV AKYEL 1 RES - TEKSİN GES EİH;5405;Aktif Güç (MW);74665387-d1c4-48aa-8324-df15ed35ff9d;(+1) TEKSINGE, 154, AKYELRES, P
26143;SCADA;KUYULUKOYAK RES;154kV KUYULUKOYAK RES - LADİK EİH;5419;Aktif Güç (MW);3b209f74-b2e4-4a2b-b198-a4ae7f26368d;(+1) KUYULUKO, 154, LADIK, P
26121;SCADA;KUYULUKOYAK RES;154kV KUYULUKOYAK RES - LADİK EİH;5419;Reaktif Güç (MVAr);26f6e9eb-95ee-4365-b168-56a06b86ed27;(+1) KUYULUKO, 154, LADIK, Q
26262;SCADA;LADİK;154kV KUYULUKOYAK RES - LADİK EİH;5419;Aktif Güç (MW);e89de3e6-9772-4608-94d8-c83002e195eb;(+1) LADIK, 154, KUYULUKO, P
26317;SCADA;LADİK;154kV KUYULUKOYAK RES - LADİK EİH;5419;Reaktif Güç (MVAr);2ebb8430-30b5-4742-80ca-d5c3521b769c;(+1) LADIK, 154, KUYULUKO, Q
26271;SCADA;ÇAMINBAŞI RES;154kV ÇAMINBAŞI RES - KUYULUKOYAK RES EİH;5436;Reaktif Güç (MVAr);4c5419ca-3604-4195-9ca3-d4b5dcfec694;(+1) CAMINBAS, 154, KUYULUKR, Q
26370;SCADA;ÇAMINBAŞI RES;154kV ÇAMINBAŞI RES - KUYULUKOYAK RES EİH;5436;Aktif Güç (MW);e9a596e7-7b7a-4503-8693-898d87cde051;(+1) CAMINBAS, 154, KUYULUKR, P
26042;SCADA;KUYULUKOYAK RES;154kV ÇAMINBAŞI RES - KUYULUKOYAK RES EİH;5436;Reaktif Güç (MVAr);5eaa4d49-d43b-4910-8713-e776856615f1;(+1) KUYULUKO, 154, CAMINBAS, Q
26114;SCADA;KUYULUKOYAK RES;154kV ÇAMINBAŞI RES - KUYULUKOYAK RES EİH;5436;Aktif Güç (MW);d780a641-32ce-4d89-8a24-31034c917510;(+1) KUYULUKO, 154, CAMINBAS, P
22075;SCADA;GÜRSÖĞÜT HES;154kV KARGI HES - GÜRSÖĞÜT HES EİH;5474;Aktif Güç (MW);8f84cc26-a735-49d1-bf9c-b7f7b9732e42;(+1) GURSOGUT, 154, KARGIHES, P
22076;SCADA;GÜRSÖĞÜT HES;154kV KARGI HES - GÜRSÖĞÜT HES EİH;5474;Reaktif Güç (MVAr);6c5a35aa-27d5-481e-aeca-f20c05f9de05;(+1) GURSOGUT, 154, KARGIHES, Q
25766;SCADA;KARGI HES;154kV KARGI HES - GÜRSÖĞÜT HES EİH;5474;Reaktif Güç (MVAr);2b7eeae3-c4da-4a05-ba1f-7114a55e7bee;(+1) KARGIHS, 154, GURSOGUT, Q
25765;SCADA;KARGI HES;154kV KARGI HES - GÜRSÖĞÜT HES EİH;5474;Aktif Güç (MW);eda59a30-7091-4d64-8888-5322eb219d0b;(+1) KARGIHS, 154, GURSOGUT, P
25386;SCADA;ATAKALE RES;154kV HACILAR - ATAKALE RES EİH;5479;Aktif Güç (MW);a236fe41-e795-4724-957d-6c802e01d3e4;(+1) ATAKALE, 154, HACILAR, P
25388;SCADA;ATAKALE RES;154kV HACILAR - ATAKALE RES EİH;5479;Reaktif Güç (MVAr);5b3ed602-5420-4e1f-89b1-0d94cac01dd5;(+1) ATAKALE, 154, HACILAR, Q
22081;SCADA;HACILAR;154kV HACILAR - ATAKALE RES EİH;5479;Reaktif Güç (MVAr);b2c0c8f6-be23-4f2f-a974-63492d20c4e4;(+1) HACILAR, 154, ATAKALERES, Q
22080;SCADA;HACILAR;154kV HACILAR - ATAKALE RES EİH;5479;Aktif Güç (MW);e1de9eec-c369-49e0-8783-708f802fb767;(+1) HACILAR, 154, ATAKALERES, P
25148;SCADA;ALTINOVA;154kV DDY ÇAYIRBAŞI - ALTINOVA EİH;5493;Reaktif Güç (MVAr);3d68d712-952a-492c-9915-8088a0af218f;(+1) ALTINOVA, 154, DDYCAYIR, Q
25146;SCADA;ALTINOVA;154kV DDY ÇAYIRBAŞI - ALTINOVA EİH;5493;Aktif Güç (MW);a2884cf9-1a7d-4f83-afe1-41a3fa3a37e4;(+1) ALTINOVA, 154, DDYCAYIR, P
43487;SCADA;DDY ÇAYIRBAŞI;154kV DDY ÇAYIRBAŞI - ALTINOVA EİH;5493;Reaktif Güç (MVAr);f4f6a0bf-dbd4-4e8a-a0cc-4a9d2b69be78;(+1) DDYCAYIR, 154, ALTINOVA, Q
43488;SCADA;DDY ÇAYIRBAŞI;154kV DDY ÇAYIRBAŞI - ALTINOVA EİH;5493;Aktif Güç (MW);937ad0fd-dd9f-4330-ab93-aeed1bb1668a;(+1) DDYCAYIR, 154, ALTINOVA, P
25144;SCADA;ALTINOVA;154kV ALTINOVA - YUNAK EİH;5495;Reaktif Güç (MVAr);0a06f2b0-e823-4e94-834c-57bd4c29fcae;(+1) ALTINOVA, 154, YUNAK, Q
25142;SCADA;ALTINOVA;154kV ALTINOVA - YUNAK EİH;5495;Aktif Güç (MW);99688e3e-b3aa-4853-8884-957fd79eaabc;(+1) ALTINOVA, 154, YUNAK, P
32649;SCADA;KIZILIRMAK;154kV KIZILIRMAK -> ATAKALE RES - KESİKKÖPRÜ HES EİH;5517;Reaktif Güç (MVAr);30e81ff3-46b6-4155-8e74-58ef7a21a25e;(+1) KIZILIRM, 154, ATAKALE, Q
32647;SCADA;KIZILIRMAK;154kV KIZILIRMAK -> ATAKALE RES - KESİKKÖPRÜ HES EİH;5517;Aktif Güç (MW);c4b98ef2-d744-425f-93b2-1dcb04fb104c;(+1) KIZILIRM, 154, ATAKALE, P
25394;SCADA;ATAKALE RES;154kV ATAKALE RES -> KESİKKÖPRÜ HES - KIZILIRMAK EİH;5518;Reaktif Güç (MVAr);f17b7397-280b-4aa8-89ae-87c950b9c271;(+1) ATAKALE, 154, KESIKKOP, Q
25392;SCADA;ATAKALE RES;154kV ATAKALE RES -> KESİKKÖPRÜ HES - KIZILIRMAK EİH;5518;Aktif Güç (MW);f6b5fe96-51d6-43be-946d-b03b1cf1c1d5;(+1) ATAKALE, 154, KESIKKOP, P
22063;SCADA;GÜNEYSINIR;154kV GÜNEYSINIR - MAVİ HES EİH;5531;Aktif Güç (MW);184f4c2c-c54a-489b-8986-4d4ec16f1874;(+1) GUNEYSNR, 154, MAVIHES, P
22064;SCADA;GÜNEYSINIR;154kV GÜNEYSINIR - MAVİ HES EİH;5531;Reaktif Güç (MVAr);42133e6f-bf4e-4009-9c18-3a33310d63e6;(+1) GUNEYSNR, 154, MAVIHES, Q
33127;SCADA;MAVİ HES;154kV GÜNEYSINIR - MAVİ HES EİH;5531;Reaktif Güç (MVAr);0bfbc9e2-ba90-4246-b483-07ad574ccddf;(+1) MAVI_HES, 154, GUNEYSIN, Q
26508;SCADA;MAVİ HES;154kV GÜNEYSINIR - MAVİ HES EİH;5531;Aktif Güç (MW);ea9c8341-6ef8-4c25-9b7b-ad0b411a4279;(+1) MAVI_HES, 154, GUNEYSIN, P
27557;SCADA;EMİRLER;154kV EMİRLER - KULU EİH;5580;Aktif Güç (MW);95c5530d-a2a4-40b8-9de4-e6990879c5ed;(+1) EMIRLER, 154, KULU, P
27559;SCADA;EMİRLER;154kV EMİRLER - KULU EİH;5580;Reaktif Güç (MVAr);f9c200fa-6f57-4785-8542-32b80c70d529;(+1) EMIRLER, 154, KULU, Q
25843;SCADA;KULU;154kV EMİRLER - KULU EİH;5580;Aktif Güç (MW);d861c028-13c2-4c33-8c79-1d1fb2b061f3;(+1) KULU, 154, EMIRLER, P
25846;SCADA;KULU;154kV EMİRLER - KULU EİH;5580;Reaktif Güç (MVAr);b3d70e44-d767-4b39-b40e-8f458f3e56a8;(+1) KULU, 154, EMIRLER, Q
27617;SCADA;EŞMEKAYA;154kV EŞMEKAYA - TUZGÖLÜ GEÇİCİ EİH;5600;Aktif Güç (MW);012b7e6d-2c68-42d2-933b-15f512d0f202;(+1) ESMEKAYA, 154, TUZGOLU, P
27651;SCADA;EŞMEKAYA;154kV EŞMEKAYA - TUZGÖLÜ GEÇİCİ EİH;5600;Reaktif Güç (MVAr);df973e07-982d-40af-92a7-25040b7ee463;(+1) ESMEKAYA, 154, TUZGOLU, Q
25402;SCADA;TUZGÖLÜ GEÇİCİ;154kV EŞMEKAYA - TUZGÖLÜ GEÇİCİ EİH;5600;Aktif Güç (MW);012b7e6d-2c68-42d2-933b-15f512d0f202;(-1) ESMEKAYA, 154, TUZGOLU, P
25408;SCADA;TUZGÖLÜ GEÇİCİ;154kV EŞMEKAYA - TUZGÖLÜ GEÇİCİ EİH;5600;Reaktif Güç (MVAr);df973e07-982d-40af-92a7-25040b7ee463;(+1) ESMEKAYA, 154, TUZGOLU, Q
38199;SCADA;DDY İZZETTİN;154kV KALECİK - DDY İZZETTİN EİH;5607;Aktif Güç (MW);f283ebaa-796a-4f0d-81ac-fd812ee69640;(+1) DDYIZZET, 154, KALECIK, P
38198;SCADA;DDY İZZETTİN;154kV KALECİK - DDY İZZETTİN EİH;5607;Reaktif Güç (MVAr);ac5ac6c5-b835-46b7-8491-bbcedeb4833a;(+1) DDYIZZET, 154, KALECIK, Q
25173;SCADA;KALECİK;154kV KALECİK - DDY İZZETTİN EİH;5607;Reaktif Güç (MVAr);4370f231-e416-4de2-b947-0efc9ac57da2;(+1) KALECIK, 154, DDYIZZET, Q
24741;SCADA;KALECİK;154kV KALECİK - DDY İZZETTİN EİH;5607;Aktif Güç (MW);8334cacb-afa6-4028-b6ee-c54906dfc437;(+1) KALECIK, 154, DDYIZZET, P
24438;SCADA;KARAPINAR MEKE GÖLÜ GES;400kV KARAPINAR MEKE GÖLÜ GES - KARATAY EİH;5627;Aktif Güç (MW);8d432216-f1fe-4ea0-8701-565ae6df6d0f;(+1) K.PINARG, 380, KARATAY, P
24435;SCADA;KARAPINAR MEKE GÖLÜ GES;400kV KARAPINAR MEKE GÖLÜ GES - KARATAY EİH;5627;Reaktif Güç (MVAr);52f7cb08-b64d-4d3a-b021-a1b0ca8f8bf1;(+1) K.PINARG, 380, KARATAY, Q
22539;SCADA;KARATAY;400kV KARAPINAR MEKE GÖLÜ GES - KARATAY EİH;5627;Reaktif Güç (MVAr);bfb41113-fe75-431d-aedc-2825325aecad;(+1) KARATAY, 380, KARAPINARGES, Q
22538;SCADA;KARATAY;400kV KARAPINAR MEKE GÖLÜ GES - KARATAY EİH;5627;Aktif Güç (MW);921de96a-fa4d-48f4-9bc9-9e518680ae55;(+1) KARATAY, 380, KARAPINARGES, P
24437;SCADA;KARAPINAR MEKE GÖLÜ GES;400kV KARAPINAR MEKE GÖLÜ GES - YEŞİLHİSAR EİH;5628;Reaktif Güç (MVAr);b4454e87-72e1-4608-bbfe-d5774831fc7c;(+1) K.PINARG, 380, YESILHSR, Q
24440;SCADA;KARAPINAR MEKE GÖLÜ GES;400kV KARAPINAR MEKE GÖLÜ GES - YEŞİLHİSAR EİH;5628;Aktif Güç (MW);dec614e3-c475-4538-9bf8-1db1f84215ba;(+1) K.PINARG, 380, YESILHSR, P
21596;SCADA;YEŞİLHİSAR;400kV KARAPINAR MEKE GÖLÜ GES - YEŞİLHİSAR EİH;5628;Aktif Güç (MW);d2813ebf-f6b0-424d-98d2-50c926aff5be;(+1) YESILHIS, 380, KARAPINARGES, P
21597;SCADA;YEŞİLHİSAR;400kV KARAPINAR MEKE GÖLÜ GES - YEŞİLHİSAR EİH;5628;Reaktif Güç (MVAr);e2975f28-d870-499f-a2dd-00a7ff915442;(+1) YESILHIS, 380, KARAPINARGES, Q
24472;SCADA;AKKÖPRÜ;154kV AKKÖPRÜ - HASKÖY EİH;5648;Reaktif Güç (MVAr);a31c35ea-9fb4-4733-8cad-cd45c5910b4f;(+1) AKKOPGIS, 154, HASKOY, Q
24471;SCADA;AKKÖPRÜ;154kV AKKÖPRÜ - HASKÖY EİH;5648;Aktif Güç (MW);afb04ab4-0d95-49c7-924d-6d37b7c3906f;(+1) AKKOPGIS, 154, HASKOY, P
26897;SCADA;HASKÖY;154kV AKKÖPRÜ - HASKÖY EİH;5648;Aktif Güç (MW);a4214ab4-f563-4ca0-a641-f2aa0f543456;(+1) HASKOY, 154, AKKOPRU, P
26896;SCADA;HASKÖY;154kV AKKÖPRÜ - HASKÖY EİH;5648;Reaktif Güç (MVAr);72665704-fd57-4a70-b567-3b996d10788b;(+1) HASKOY, 154, AKKOPRU, Q
24476;SCADA;AKKÖPRÜ;154kV AKKÖPRÜ - MACUNKÖY - II EİH;5649;Aktif Güç (MW);ff93e4c2-c041-40cd-8cd4-2256eb6dc83a;(+1) AKKOPGIS, 154, MACUNKO2, P
24477;SCADA;AKKÖPRÜ;154kV AKKÖPRÜ - MACUNKÖY - II EİH;5649;Reaktif Güç (MVAr);9d88ee04-37e0-4e16-9489-a2bbe8bd2fdd;(+1) AKKOPGIS, 154, MACUNKO2, Q
26346;SCADA;MACUNKÖY;154kV AKKÖPRÜ - MACUNKÖY - II EİH;5649;Reaktif Güç (MVAr);a95a5748-e08f-49a2-814f-790345bc7ee5;(+1) MACUNKOY, 154, AKKOPGI2, Q
26344;SCADA;MACUNKÖY;154kV AKKÖPRÜ - MACUNKÖY - II EİH;5649;Aktif Güç (MW);bc46f783-3edb-4fbb-8713-03d71fda7e58;(+1) MACUNKOY, 154, AKKOPGI2, P
26837;SCADA;ÇİĞDEM;154kV ÜMİTKÖY - ÇİĞDEM EİH;5653;Aktif Güç (MW);afe10a70-46a7-45ec-9994-668183f57993;(+1) CIGDEM, 154, UMITKOY, P
26787;SCADA;ÇİĞDEM;154kV ÜMİTKÖY - ÇİĞDEM EİH;5653;Reaktif Güç (MVAr);e3263217-7b59-48ff-804a-1bed5c93a639;(+1) CIGDEM, 154, UMITKOY, Q
25660;SCADA;ÜMİTKÖY;154kV ÜMİTKÖY - ÇİĞDEM EİH;5653;Reaktif Güç (MVAr);0cd09fe7-c063-4aa1-9203-7114feea08d3;(+1) UMITKOY, 154, CIGDEMGIS, Q
25659;SCADA;ÜMİTKÖY;154kV ÜMİTKÖY - ÇİĞDEM EİH;5653;Aktif Güç (MW);2ca5aae5-0d37-4088-b10e-a14eed4ed639;(+1) UMITKOY, 154, CIGDEMGIS, P
25442;SCADA;BİLKENT;154kV ÜMİTKÖY - BİLKENT EİH;5654;Aktif Güç (MW);2770ff8a-89eb-4d5a-9432-cc102c8add52;(+1) BILKENTG, 154, UMITKOY, P
25443;SCADA;BİLKENT;154kV ÜMİTKÖY - BİLKENT EİH;5654;Reaktif Güç (MVAr);a36b9f0d-4a22-45f8-8e8d-db06178aaac8;(+1) BILKENTG, 154, UMITKOY, Q
25669;SCADA;ÜMİTKÖY;154kV ÜMİTKÖY - BİLKENT EİH;5654;Reaktif Güç (MVAr);3dfb2982-5ffd-4287-8eaf-94e6f55df06c;(+1) UMITKOY, 154, BILKENTGIS, Q
25654;SCADA;ÜMİTKÖY;154kV ÜMİTKÖY - BİLKENT EİH;5654;Aktif Güç (MW);eb21484c-8c8a-473a-84ea-30541a788801;(+1) UMITKOY, 154, BILKENTGIS, P
26096;SCADA;BİLKENT;154kV ÇİĞDEM - BİLKENT EİH;5655;Reaktif Güç (MVAr);9a9c7e37-3dce-456f-993f-d8a2843ea529;(+1) BILKENTG, 154, CIGDEM, Q
26095;SCADA;BİLKENT;154kV ÇİĞDEM - BİLKENT EİH;5655;Aktif Güç (MW);e2399714-87dc-415c-b4cb-f1b7469b61ef;(+1) BILKENTG, 154, CIGDEM, P
26712;SCADA;ÇİĞDEM;154kV ÇİĞDEM - BİLKENT EİH;5655;Aktif Güç (MW);02f95310-1def-47f0-81a6-3ba7dd318979;(+1) CIGDEM, 154, BILKENTGIS, P
26714;SCADA;ÇİĞDEM;154kV ÇİĞDEM - BİLKENT EİH;5655;Reaktif Güç (MVAr);ee26097e-1f44-4a8f-a11c-b0db1835ef7e;(+1) CIGDEM, 154, BILKENTGIS, Q
22955;SCADA;BOZOK;400kV İÇ ANADOLU DGKÇ - BOZOK EİH;5677;Reaktif Güç (MVAr);02c5ea42-8752-4eb0-92d1-96d7467b64cc;(+1) BOZOKTM, 380, ICANADOLUDG, Q
22954;SCADA;BOZOK;400kV İÇ ANADOLU DGKÇ - BOZOK EİH;5677;Aktif Güç (MW);d28a4615-c063-4c24-86af-86fedcf494e6;(+1) BOZOKTM, 380, ICANADOLUDG, P
23197;SCADA;İÇ ANADOLU DGKÇ;400kV İÇ ANADOLU DGKÇ - BOZOK EİH;5677;Aktif Güç (MW);48d87d71-7ed7-4ae5-88a0-e324067272f8;(+1) ICANADO, 380, BOZOK, P
23268;SCADA;İÇ ANADOLU DGKÇ;400kV İÇ ANADOLU DGKÇ - BOZOK EİH;5677;Reaktif Güç (MVAr);705a55da-6653-4c34-b48d-3e9e0993fb69;(+1) ICANADO, 380, BOZOK, Q
24478;SCADA;AKKÖPRÜ;154kV AKKÖPRÜ - MALTEPE EİH;5686;Aktif Güç (MW);c55ae78a-143d-44b0-a70a-dbed31a5f91f;(+1) AKKOPGIS, 154, MALTEPE, P
24480;SCADA;AKKÖPRÜ;154kV AKKÖPRÜ - MALTEPE EİH;5686;Reaktif Güç (MVAr);f8231683-9709-4519-acda-7e77ceafd937;(+1) AKKOPGIS, 154, MALTEPE, Q
26455;SCADA;MALTEPE ANKARA;154kV AKKÖPRÜ - MALTEPE EİH;5686;Aktif Güç (MW);848f8cbc-806a-47be-b071-ba5af9cc7af3;(+1) MALTEPE, 154, AKKOPRU, P
26459;SCADA;MALTEPE ANKARA;154kV AKKÖPRÜ - MALTEPE EİH;5686;Reaktif Güç (MVAr);8a9a003c-5e8b-4210-8e6b-88f0249ba352;(+1) MALTEPE, 154, AKKOPRU, Q
24562;SCADA;AKKÖPRÜ;154kV SİNCAN - AKKÖPRÜ EİH;5687;Aktif Güç (MW);619d0180-93e6-4539-9fbd-a5cc3622966f;(+1) AKKOPGIS, 154, SINCAN, P
24565;SCADA;AKKÖPRÜ;154kV SİNCAN - AKKÖPRÜ EİH;5687;Reaktif Güç (MVAr);3bf4509c-d47a-40aa-92bb-a10b2a70ed99;(+1) AKKOPGIS, 154, SINCAN, Q
41979;SCADA;SİNCAN;154kV SİNCAN - AKKÖPRÜ EİH;5687;Aktif Güç (MW);cc42e7a8-b53b-4aec-9f06-30d594677381;(+1) SINCAN, 154, AKKOPRU, P
41978;SCADA;SİNCAN;154kV SİNCAN - AKKÖPRÜ EİH;5687;Reaktif Güç (MVAr);d9a3431c-7a46-48bc-86cd-a74508f45d13;(+1) SINCAN, 154, AKKOPRU, Q
22979;SCADA;BOZOK;154kV BOZOK - YOZGAT - II EİH;5689;Aktif Güç (MW);246f5b7b-5b5d-4f49-9c8a-e1862bba3db9;(+1) BOZOKTM, 154, YOZGAT-2, P
22980;SCADA;BOZOK;154kV BOZOK - YOZGAT - II EİH;5689;Reaktif Güç (MVAr);57dc78fd-21e6-46f7-9db8-ba1627bf50e1;(+1) BOZOKTM, 154, YOZGAT-2, Q
26233;SCADA;YOZGAT;154kV BOZOK - YOZGAT - II EİH;5689;Reaktif Güç (MVAr);04d3ba1a-db14-4b9a-b54c-e204d667c7fa;(+1) YOZGAT, 154, BOZOK-2, Q
26230;SCADA;YOZGAT;154kV BOZOK - YOZGAT - II EİH;5689;Aktif Güç (MW);8343ab0d-cd5b-4a30-bb8e-9767fa108c1d;(+1) YOZGAT, 154, BOZOK-2, P
22958;SCADA;BOZOK;154kV BOZOK - SORGUN EİH;5690;Reaktif Güç (MVAr);1aab069e-ad25-4084-8bf6-a29866c0e765;(+1) BOZOKTM, 154, SORGUN, Q
22402;SCADA;BOZOK;154kV BOZOK - SORGUN EİH;5690;Aktif Güç (MW);299cb9a0-42f2-4171-98f6-bbc74717d900;(+1) BOZOKTM, 154, SORGUN, P
8475;SCADA;SORGUN;154kV BOZOK - SORGUN EİH;5690;Reaktif Güç (MVAr);55f4665c-fcfd-412a-a60e-c5137901f298;(+1) SORGUN, 154, BOZOK, Q
25059;SCADA;SORGUN;154kV BOZOK - SORGUN EİH;5690;Aktif Güç (MW);79766c45-b38a-4397-a2bf-6261c5ab5623;(+1) SORGUN, 154, BOZOK, P
22957;SCADA;BOZOK;154kV BOZOK - YOZGAT - I EİH;5693;Reaktif Güç (MVAr);3836d72a-4d03-45c4-835e-876d69f0024d;(+1) BOZOKTM, 154, YOZGAT-1, Q
22956;SCADA;BOZOK;154kV BOZOK - YOZGAT - I EİH;5693;Aktif Güç (MW);ca20dc9f-4ca7-42d5-9b42-8166cae87695;(+1) BOZOKTM, 154, YOZGAT-1, P
26228;SCADA;YOZGAT;154kV BOZOK - YOZGAT - I EİH;5693;Reaktif Güç (MVAr);159b3bf4-f630-4b9b-8270-f1c4979497d1;(+1) YOZGAT, 154, BOZOK-1, Q
26226;SCADA;YOZGAT;154kV BOZOK - YOZGAT - I EİH;5693;Aktif Güç (MW);dbbcbec0-2d26-4c32-9ed3-2bb6a2f2cec2;(+1) YOZGAT, 154, BOZOK-1, P
22978;SCADA;BOZOK;154kV BOZOK - ALACA EİH;5694;Aktif Güç (MW);8f167ea1-ceb2-464a-8084-e7b898cc9cfc;(+1) BOZOKTM, 154, ALACA, P
29360;SCADA;BOZOK;154kV BOZOK - ALACA EİH;5694;Reaktif Güç (MVAr);56422a42-7afa-427d-a60f-b0eafdc95a4a;(+1) BOZOKTM, 154, ALACA, Q
21847;SCADA;ÜRGÜP;400kV ÜRGÜP - ÇOBANBEYLİ EİH;5695;Reaktif Güç (MVAr);64bdb253-e53a-4a9e-8216-b8654b677233;(+1) URGUPTM, 400, COBANBEYLI, Q
21844;SCADA;ÜRGÜP;400kV ÜRGÜP - ÇOBANBEYLİ EİH;5695;Aktif Güç (MW);f5795324-3d9a-4d05-bd5e-1abd8ee2d807;(+1) URGUPTM, 400, COBANBEYLI, P
42013;SCADA;SİNCAN;400kV SİNCAN - ÜRGÜP - II EİH;5702;Aktif Güç (MW);fb4a00fe-b41a-4323-bcb5-24e48bdabf83;(+1) SINCAN, 400, URGUP-2, P
42012;SCADA;SİNCAN;400kV SİNCAN - ÜRGÜP - II EİH;5702;Reaktif Güç (MVAr);a3ade5ae-20c1-48ce-8684-b70bef3843bc;(+1) SINCAN, 400, URGUP-2, Q
21854;SCADA;ÜRGÜP;400kV SİNCAN - ÜRGÜP - II EİH;5702;Reaktif Güç (MVAr);0ff2d21f-9be2-463d-a2e8-438128999113;(+1) URGUPTM, 400, SINCAN-2, Q
21850;SCADA;ÜRGÜP;400kV SİNCAN - ÜRGÜP - II EİH;5702;Aktif Güç (MW);575d5d0b-59cf-4994-bbd6-c3a56714d4e7;(+1) URGUPTM, 400, SINCAN-2, P
27138;SCADA;DERİNKUYU;154kV DERİNKUYU - ÜRGÜP - I EİH;5704;Aktif Güç (MW);e0e9cad9-f148-4bc7-aad4-baea96b5f583;(+1) DERINKU, 154, URGUP1, P
27139;SCADA;DERİNKUYU;154kV DERİNKUYU - ÜRGÜP - I EİH;5704;Reaktif Güç (MVAr);bb985849-116c-422a-9622-c5ea126246b9;(+1) DERINKU, 154, URGUP1, Q
22053;SCADA;ÜRGÜP;154kV DERİNKUYU - ÜRGÜP - I EİH;5704;Aktif Güç (MW);748067ec-f937-47a9-b6d6-b5d64af41dca;(+1) URGUPTM, 154, DERINKU1, P
21942;SCADA;ÜRGÜP;154kV DERİNKUYU - ÜRGÜP - I EİH;5704;Reaktif Güç (MVAr);61d3c31a-0276-428d-8a9e-71c804581a7e;(+1) URGUPTM, 154, DERINKU1, Q
27143;SCADA;DERİNKUYU;154kV DERİNKUYU - ÜRGÜP - II EİH;5705;Reaktif Güç (MVAr);09f73dc0-7e22-41d9-b1bd-b2e3f1560862;(+1) DERINKU, 154, URGUP2, Q
27141;SCADA;DERİNKUYU;154kV DERİNKUYU - ÜRGÜP - II EİH;5705;Aktif Güç (MW);0228b255-d3fc-4808-bd05-a3bb0c742d96;(+1) DERINKU, 154, URGUP2, P
21941;SCADA;ÜRGÜP;154kV DERİNKUYU - ÜRGÜP - II EİH;5705;Reaktif Güç (MVAr);24a4cba6-536d-46bb-a311-8786b8b01cde;(+1) URGUPTM, 154, DERINKU2, Q
21939;SCADA;ÜRGÜP;154kV DERİNKUYU - ÜRGÜP - II EİH;5705;Aktif Güç (MW);f0ade9cd-ac49-457f-a998-298f803bb769;(+1) URGUPTM, 154, DERINKU2, P
26739;SCADA;ÇİNKUR;154kV ÇİNKUR - ÜRGÜP - II EİH;5709;Aktif Güç (MW);30e63cf7-a760-4246-b2b4-775d84714e4f;(+1) CINKUR, 154, URGUP-2, P
26920;SCADA;ÇİNKUR;154kV ÇİNKUR - ÜRGÜP - II EİH;5709;Reaktif Güç (MVAr);1265a133-03f3-4964-9db4-7f04c2ba3186;(+1) CINKUR, 154, URGUP-2, Q
22059;SCADA;ÜRGÜP;154kV ÇİNKUR - ÜRGÜP - II EİH;5709;Aktif Güç (MW);9a8d3df8-54c8-42f9-9b49-7d34a18af544;(+1) URGUPTM, 154, CINKUR2, P
21943;SCADA;ÜRGÜP;154kV ÇİNKUR - ÜRGÜP - II EİH;5709;Reaktif Güç (MVAr);1add1480-07eb-4448-82f1-3f1e520823e8;(+1) URGUPTM, 154, CINKUR2, Q
26914;SCADA;ÇİNKUR;154kV ÇİNKUR - ÜRGÜP - I EİH;5710;Aktif Güç (MW);dedae6b6-a26d-4291-b61a-f5fda3adcfa2;(+1) CINKUR, 154, URGUP-1, P
26917;SCADA;ÇİNKUR;154kV ÇİNKUR - ÜRGÜP - I EİH;5710;Reaktif Güç (MVAr);ea4fe46b-48ae-469b-a3e2-d8876d03aa34;(+1) CINKUR, 154, URGUP-1, Q
22065;SCADA;ÜRGÜP;154kV ÇİNKUR - ÜRGÜP - I EİH;5710;Reaktif Güç (MVAr);2de8be9c-d101-4bfd-b5ce-7530eed3719d;(+1) URGUPTM, 154, CINKUR1, Q
21944;SCADA;ÜRGÜP;154kV ÇİNKUR - ÜRGÜP - I EİH;5710;Aktif Güç (MW);989f2013-b21f-4fea-85ec-45d1cbb23cab;(+1) URGUPTM, 154, CINKUR1, P
26383;SCADA;KAYSERİ4;154kV KAYSERİ4 - ÜRGÜP EİH;5711;Reaktif Güç (MVAr);b72ab6eb-68b2-4a98-9a64-2ec2cd15cd10;(+1) KAYSERI4, 154, URGUP, Q
26379;SCADA;KAYSERİ4;154kV KAYSERİ4 - ÜRGÜP EİH;5711;Aktif Güç (MW);3dde8451-bee4-4516-9e2b-2f26c9d8163f;(+1) KAYSERI4, 154, URGUP, P
22047;SCADA;ÜRGÜP;154kV KAYSERİ4 - ÜRGÜP EİH;5711;Reaktif Güç (MVAr);ea03e029-9474-4036-9259-f3d48d550c6d;(+1) URGUPTM, 154, KAYSERI4, Q
21935;SCADA;ÜRGÜP;154kV KAYSERİ4 - ÜRGÜP EİH;5711;Aktif Güç (MW);768ad1f9-5890-4e95-9900-8c156f62821e;(+1) URGUPTM, 154, KAYSERI4, P
42011;SCADA;SİNCAN;400kV SİNCAN - ÜRGÜP - I EİH;5713;Aktif Güç (MW);13210e6a-a236-4a5e-a7ce-e7863946aa41;(+1) SINCAN, 400, URGUP-1, P
42010;SCADA;SİNCAN;400kV SİNCAN - ÜRGÜP - I EİH;5713;Reaktif Güç (MVAr);3f409569-d60c-43e2-943c-1cf9185e2d9e;(+1) SINCAN, 400, URGUP-1, Q
22045;SCADA;ÜRGÜP;400kV SİNCAN - ÜRGÜP - I EİH;5713;Reaktif Güç (MVAr);ca5409bd-b40a-4c41-b231-009983bf14ab;(+1) URGUPTM, 400, SINCAN-1, Q
21932;SCADA;ÜRGÜP;400kV SİNCAN - ÜRGÜP - I EİH;5713;Aktif Güç (MW);8e01efb1-3a41-4842-bddd-c1cbede5a301;(+1) URGUPTM, 400, SINCAN-1, P
25409;SCADA;AVANOS2;154kV BAYRAMHACILI HES - AVANOS2 EİH;5726;Reaktif Güç (MVAr);dcff60d2-a1fc-462c-ae63-1e0121e0bbad;(+1) AVANOS-2, 154, BAYRAM_HACIL, Q
25407;SCADA;AVANOS2;154kV BAYRAMHACILI HES - AVANOS2 EİH;5726;Aktif Güç (MW);73bc3d53-1d56-42da-a365-8424740407ff;(+1) AVANOS-2, 154, BAYRAM_HACIL, P
25992;SCADA;BAYRAMHACILI HES;154kV BAYRAMHACILI HES - AVANOS2 EİH;5726;Reaktif Güç (MVAr);9b2e4f4d-b6db-440e-9b88-d09a868ad6b6;(+1) B.HACILI, 154, AVANOS-2, Q
25991;SCADA;BAYRAMHACILI HES;154kV BAYRAMHACILI HES - AVANOS2 EİH;5726;Aktif Güç (MW);75921b46-b829-4df8-86e4-7d5eae9f0034;(+1) B.HACILI, 154, AVANOS-2, P
24917;SCADA;KALABA;154kV KALABA - ÜRGÜP EİH;5727;Aktif Güç (MW);3f09cdcd-adb8-493d-8ecf-21c89d3f5e91;(+1) KALABA, 154, URGUP, P
24919;SCADA;KALABA;154kV KALABA - ÜRGÜP EİH;5727;Reaktif Güç (MVAr);0cb34629-dac4-4d2f-94d2-7816e91bca6b;(+1) KALABA, 154, URGUP, Q
29407;SCADA;ÜRGÜP;154kV KALABA - ÜRGÜP EİH;5727;Aktif Güç (MW);ff4e9e9b-5fcb-4676-9b53-6a91b9104276;(+1) URGUPTM, 154, KALABA, P
21938;SCADA;ÜRGÜP;154kV KALABA - ÜRGÜP EİH;5727;Reaktif Güç (MVAr);9183cb76-cae9-4d9d-a340-d6737cddba47;(+1) URGUPTM, 154, KALABA, Q
43497;SCADA;DDY PAŞALI;154kV DDY PAŞALI - KALABA EİH;5728;Aktif Güç (MW);1c8a785b-785f-4469-9d56-1215c847dc98;(+1) DDYPASAL, 154, KALABA, P
43496;SCADA;DDY PAŞALI;154kV DDY PAŞALI - KALABA EİH;5728;Reaktif Güç (MVAr);4e49c601-6c7a-4b65-af5e-24299c47a8ef;(+1) DDYPASAL, 154, KALABA, Q
24605;SCADA;KALABA;154kV DDY PAŞALI - KALABA EİH;5728;Reaktif Güç (MVAr);7ce1997a-3990-4548-818d-0f40dc56c589;(+1) KALABA, 154, DDYPASAL, Q
8351;SCADA;KALABA;154kV DDY PAŞALI - KALABA EİH;5728;Aktif Güç (MW);1e7d7775-11fb-42ef-ab93-20e1bce153da;(+1) KALABA, 154, DDYPASAL, P
25431;SCADA;AVANOS2;154kV KAYSERİ KAPASİTÖR - AVANOS2 EİH;5741;Reaktif Güç (MVAr);8aa1267c-a8de-4f3b-b153-799bf103c052;(+1) AVANOS-2, 154, KAYSERI, Q
25428;SCADA;AVANOS2;154kV KAYSERİ KAPASİTÖR - AVANOS2 EİH;5741;Aktif Güç (MW);02a453bd-e21e-4182-b3a0-81671c929051;(+1) AVANOS-2, 154, KAYSERI, P
24045;SCADA;KAYSERİ KAPASİTÖR;154kV KAYSERİ KAPASİTÖR - AVANOS2 EİH;5741;Aktif Güç (MW);c6d8aa5c-53c2-4b20-9d41-99f525f452ae;(+1) KAYSERI, 154, AVANOS-2, P
24046;SCADA;KAYSERİ KAPASİTÖR;154kV KAYSERİ KAPASİTÖR - AVANOS2 EİH;5741;Reaktif Güç (MVAr);7e0bc20e-06de-4167-8bb5-5a85f3d18ffe;(+1) KAYSERI, 154, AVANOS-2, Q
27135;SCADA;DERİNKUYU;154kV DERİNKUYU - NEVŞEHİR EİH;5743;Aktif Güç (MW);b63bb96c-1287-4d13-900e-5f9add433d3b;(+1) DERINKU, 154, NEVSEHIR, P
27136;SCADA;DERİNKUYU;154kV DERİNKUYU - NEVŞEHİR EİH;5743;Reaktif Güç (MVAr);701d4865-5fd8-43b6-8d69-ebee7b088ff6;(+1) DERINKU, 154, NEVSEHIR, Q
26745;SCADA;NEVŞEHİR;154kV DERİNKUYU - NEVŞEHİR EİH;5743;Reaktif Güç (MVAr);d4866962-d6a8-4791-a432-edde77fd50a7;(+1) NEVSEHIR, 154, DERINKUYU, Q
26744;SCADA;NEVŞEHİR;154kV DERİNKUYU - NEVŞEHİR EİH;5743;Aktif Güç (MW);7b87a925-54a8-4212-ac46-a6a3b4a8205e;(+1) NEVSEHIR, 154, DERINKUYU, P
25518;SCADA;KARAMAN BES;154kV KARAMAN OSB - KARAMAN BES EİH;5753;Aktif Güç (MW);bffb2054-4b36-41dc-821c-be9477073204;(+1) KARMNBES, 154, KARAMANO, P
25522;SCADA;KARAMAN BES;154kV KARAMAN OSB - KARAMAN BES EİH;5753;Reaktif Güç (MVAr);38bcd0f8-e444-4e7d-a9c8-909e7595ffe8;(+1) KARMNBES, 154, KARAMANO, Q
25622;SCADA;KARAMAN OSB;154kV KARAMAN OSB - KARAMAN BES EİH;5753;Aktif Güç (MW);d238d0a8-1183-4170-904d-fd0da5b1b4e7;(+1) KARAMANO, 154, KARAMANBES, P
25625;SCADA;KARAMAN OSB;154kV KARAMAN OSB - KARAMAN BES EİH;5753;Reaktif Güç (MVAr);936df416-4a6d-4207-aed5-585050698f19;(+1) KARAMANO, 154, KARAMANBES, Q
22067;SCADA;GÜNEYSINIR;154kV HADİM - GÜNEYSINIR EİH;5758;Reaktif Güç (MVAr);635e40b2-439d-4e4c-b300-613199ab2525;(+1) GUNEYSNR, 154, HADIM, Q
22066;SCADA;GÜNEYSINIR;154kV HADİM - GÜNEYSINIR EİH;5758;Aktif Güç (MW);fb8cc1a3-8b89-4fac-a5b1-0e19aea734e0;(+1) GUNEYSNR, 154, HADIM, P
22287;SCADA;HADİM;154kV HADİM - GÜNEYSINIR EİH;5758;Reaktif Güç (MVAr);1d4ca5e4-a114-4f6f-8eaf-cf95b4c7671d;(+1) HADIM, 154, GUNEYSINIR, Q
22397;SCADA;HADİM;154kV HADİM - GÜNEYSINIR EİH;5758;Aktif Güç (MW);3f6e7439-477d-4421-aee1-bc3472239c9e;(+1) HADIM, 154, GUNEYSINIR, P
22288;SCADA;HADİM;154kV HADİM - KEPEZKAYA HAVZA EİH;5759;Aktif Güç (MW);070b6362-ad41-46f2-9a99-bfab98091062;(+1) HADIM, 154, KEPEZKAY, P
22289;SCADA;HADİM;154kV HADİM - KEPEZKAYA HAVZA EİH;5759;Reaktif Güç (MVAr);a0943787-029c-4f8b-823b-2bf382ccca66;(+1) HADIM, 154, KEPEZKAY, Q
26782;SCADA;KEPEZKAYA HAVZA;154kV HADİM - KEPEZKAYA HAVZA EİH;5759;Reaktif Güç (MVAr);632a149d-193d-4d7b-ad0c-aa2a0d6f8179;(+1) KEPEZKA, 154, HADIM, Q
26720;SCADA;KEPEZKAYA HAVZA;154kV HADİM - KEPEZKAYA HAVZA EİH;5759;Aktif Güç (MW);f49e376b-05e6-4370-8fae-9acac97dffa0;(+1) KEPEZKA, 154, HADIM, P
24474;SCADA;AKKÖPRÜ;154kV AKKÖPRÜ - MACUNKÖY - I EİH;5779;Aktif Güç (MW);79635a0c-887c-48f6-bfa4-0555560ff340;(+1) AKKOPGIS, 154, MACUNKO1, P
24475;SCADA;AKKÖPRÜ;154kV AKKÖPRÜ - MACUNKÖY - I EİH;5779;Reaktif Güç (MVAr);7a041cc2-e576-4eba-ab16-2be8d894c265;(+1) AKKOPGIS, 154, MACUNKO1, Q
26267;SCADA;MACUNKÖY;154kV AKKÖPRÜ - MACUNKÖY - I EİH;5779;Aktif Güç (MW);f03cd452-d53d-4d3c-bbe7-3f2dc2446920;(+1) MACUNKOY, 154, AKKOPGI1, P
26157;SCADA;MACUNKÖY;154kV AKKÖPRÜ - MACUNKÖY - I EİH;5779;Reaktif Güç (MVAr);384f5c2d-4951-4754-9eba-80e0be3300a6;(+1) MACUNKOY, 154, AKKOPGI1, Q
25404;SCADA;KARAMAN;154kV KARAMAN - KARAMAN OSB EİH;5782;Aktif Güç (MW);afa4c823-2cec-47d0-beb7-d828b2241ca8;(+1) KARAMAN, 154, KARAMAOSB, P
25410;SCADA;KARAMAN;154kV KARAMAN - KARAMAN OSB EİH;5782;Reaktif Güç (MVAr);c11e4593-9c8f-4930-96cb-9de1f8ef684c;(+1) KARAMAN, 154, KARAMAOSB, Q
25616;SCADA;KARAMAN OSB;154kV KARAMAN - KARAMAN OSB EİH;5782;Aktif Güç (MW);51e36798-b1d9-47c2-9fad-852b7158534b;(+1) KARAMANO, 154, KARAMAN, P
25619;SCADA;KARAMAN OSB;154kV KARAMAN - KARAMAN OSB EİH;5782;Reaktif Güç (MVAr);d856e105-08f5-46f1-844b-9c17494f45a3;(+1) KARAMANO, 154, KARAMAN, Q
29362;SCADA;BOZOK;400kV BOZOK - REŞADİYE EİH;5810;Reaktif Güç (MVAr);a816a0a5-3a4a-4d39-bc83-0ce488b64a9d;(+1) BOZOKTM, 380, RESADIYE, Q
29361;SCADA;BOZOK;400kV BOZOK - REŞADİYE EİH;5810;Aktif Güç (MW);fb82c106-3d46-4314-a393-c60cd3687e75;(+1) BOZOKTM, 380, RESADIYE, P
31803;SCADA;BAĞLAR RES;154kV BAĞLAR RES - KONYA KUZEY EİH;5818;Aktif Güç (MW);212c54d2-3f7d-401d-b5a0-6ad9aa08977d;(+1) BAGLARRE, 154, KONYAKZY, P
31804;SCADA;BAĞLAR RES;154kV BAĞLAR RES - KONYA KUZEY EİH;5818;Reaktif Güç (MVAr);12bc0ebe-bfcc-42d9-b535-da8f110db0d7;(+1) BAGLARRE, 154, KONYAKZY, Q
31805;SCADA;KONYA KUZEY;154kV BAĞLAR RES - KONYA KUZEY EİH;5818;Aktif Güç (MW);a4cab8a8-384a-45f2-bd73-cabd0499e8a0;(+1) KONYA_KU, 154, BAGLARRS, P
31806;SCADA;KONYA KUZEY;154kV BAĞLAR RES - KONYA KUZEY EİH;5818;Reaktif Güç (MVAr);1bb49f3c-7ca6-423f-85df-c8673718f66e;(+1) KONYA_KU, 154, BAGLARRS, Q
43483;SCADA;DDY ÇAYDOĞAN;154kV DDY ÇAYDOĞAN - YERKÖY EİH;5832;Reaktif Güç (MVAr);b9144d5d-3a69-4ed4-868a-063d8b7b99d3;(+1) DDYCAYDO, 154, YERKOY, Q
43484;SCADA;DDY ÇAYDOĞAN;154kV DDY ÇAYDOĞAN - YERKÖY EİH;5832;Aktif Güç (MW);82c7ab60-fb3e-40a2-9cd2-c63fc99d2210;(+1) DDYCAYDO, 154, YERKOY, P
33687;SCADA;YERKÖY;154kV DDY ÇAYDOĞAN - YERKÖY EİH;5832;Reaktif Güç (MVAr);0cb19181-9f82-4bc0-adce-d773e9729acc;(+1) YERKOY, 154, CAYDOGAN, Q
33686;SCADA;YERKÖY;154kV DDY ÇAYDOĞAN - YERKÖY EİH;5832;Aktif Güç (MW);cefa976a-add5-4442-84ff-01c27b9b043b;(+1) YERKOY, 154, CAYDOGAN, P
29405;SCADA;ÜRGÜP;400kV ÜRGÜP - ELBİSTAN TES EİH;5846;Reaktif Güç (MVAr);9fe060c9-5225-4f4a-a9f0-a5e072bbc3fc;(+1) URGUPTM, 400, ELBISTAN, Q
29404;SCADA;ÜRGÜP;400kV ÜRGÜP - ELBİSTAN TES EİH;5846;Aktif Güç (MW);0c5f0c91-d279-48b4-9fce-16babd4b30ae;(+1) URGUPTM, 400, ELBISTAN, P
29197;SCADA;GÖLBAŞI;400kV GÖLBAŞI - KAYSERİ KAPASİTÖR KUZEY EİH;5847;Reaktif Güç (MVAr);cfe4f1a8-9d4b-47bf-addf-015afadc120f;(+1) GOLBASI, 400, K.KAYSER, Q
29195;SCADA;GÖLBAŞI;400kV GÖLBAŞI - KAYSERİ KAPASİTÖR KUZEY EİH;5847;Aktif Güç (MW);b55a3335-882b-4923-bcdf-dd3f91676b64;(+1) GOLBASI, 400, K.KAYSER, P
29206;SCADA;KAYSERİ KAPASİTÖR;400kV GÖLBAŞI - KAYSERİ KAPASİTÖR KUZEY EİH;5847;Reaktif Güç (MVAr);0d79d932-8384-4f91-a290-9e39653545f1;(+1) KAYSERI, 380, GOLBASI-K, Q
29205;SCADA;KAYSERİ KAPASİTÖR;400kV GÖLBAŞI - KAYSERİ KAPASİTÖR KUZEY EİH;5847;Aktif Güç (MW);27190e4e-79a2-4526-9121-88a9b40c424b;(+1) KAYSERI, 380, GOLBASI-K, P
19286;SCADA;GÖLBAŞI;400kV GÖLBAŞI - KAYSERİ KAPASİTÖR GÜNEY EİH;5848;Reaktif Güç (MVAr);9a4aff5d-fb53-4e0f-a6f3-c003ae663571;(+1) GOLBASI, 400, G.KAYSER, Q
29192;SCADA;GÖLBAŞI;400kV GÖLBAŞI - KAYSERİ KAPASİTÖR GÜNEY EİH;5848;Aktif Güç (MW);8437775c-10d7-4e24-80ec-48605d7b502f;(+1) GOLBASI, 400, G.KAYSER, P
29204;SCADA;KAYSERİ KAPASİTÖR;400kV GÖLBAŞI - KAYSERİ KAPASİTÖR GÜNEY EİH;5848;Reaktif Güç (MVAr);0053f609-df5e-42e9-b127-63148eb08160;(+1) KAYSERI, 380, GOLBASI-G, Q
29203;SCADA;KAYSERİ KAPASİTÖR;400kV GÖLBAŞI - KAYSERİ KAPASİTÖR GÜNEY EİH;5848;Aktif Güç (MW);a9fe2bbb-d341-4f5a-9915-c081f4a95735;(+1) KAYSERI, 380, GOLBASI-G, P
41568;SCADA;KAYSERİ KAPASİTÖR;400kV KAYSERİ KAPASİTÖR - KEBAN ŞALT - I (KUZEY) EİH;5857;Reaktif Güç (MVAr);921dbeb5-5fb8-4b8b-ba05-ba0feb894c43;(+1) KAYSERI, 380, KEBAN-2K, Q
41567;SCADA;KAYSERİ KAPASİTÖR;400kV KAYSERİ KAPASİTÖR - KEBAN ŞALT - I (KUZEY) EİH;5857;Aktif Güç (MW);76eca8a5-2dc0-46a9-9bcb-61a2fb383b0d;(+1) KAYSERI, 380, KEBAN-2K, P
41565;SCADA;KAYSERİ KAPASİTÖR;400kV KAYSERİ KAPASİTÖR - KEBAN ŞALT - II (GÜNEY) EİH;5858;Aktif Güç (MW);e9ba9a06-d349-4d68-bc8f-bbe61b3b72fc;(+1) KAYSERI, 380, KEBAN-2G, P
41566;SCADA;KAYSERİ KAPASİTÖR;400kV KAYSERİ KAPASİTÖR - KEBAN ŞALT - II (GÜNEY) EİH;5858;Reaktif Güç (MVAr);8345d35e-7a18-40eb-9fd5-2535ba3dc41a;(+1) KAYSERI, 380, KEBAN-2G, Q
37189;SCADA;ERCİYES RES;154kV ERCİYES RES - YEŞİLHİSAR EİH;5889;Aktif Güç (MW);539d7f26-673c-4250-bd64-1aaa6dc5bf82;(+1) ERCIYESR, 154, YESILHIS, P
37188;SCADA;ERCİYES RES;154kV ERCİYES RES - YEŞİLHİSAR EİH;5889;Reaktif Güç (MVAr);b750fbc1-fd53-4b23-9e22-741644270d62;(+1) ERCIYESR, 154, YESILHIS, Q
38429;SCADA;YEŞİLHİSAR;154kV ERCİYES RES - YEŞİLHİSAR EİH;5889;Aktif Güç (MW);98739da5-5f69-41f0-bb89-99cd5cfda82d;(+1) YESILHIS, 154, ERCIYESRES, P
38428;SCADA;YEŞİLHİSAR;154kV ERCİYES RES - YEŞİLHİSAR EİH;5889;Reaktif Güç (MVAr);d47090d7-e170-495d-a021-c6d42f651bfc;(+1) YESILHIS, 154, ERCIYESRES, Q
38084;SCADA;ÇAMLICA1 HES;154kV ERCİYES RES - ÇAMLICA1 HES EİH;5890;Reaktif Güç (MVAr);acc70fc5-2088-4e44-904a-044bed43aaa2;(+1) CAMLICA, 154, ERCIYESR, Q
38085;SCADA;ÇAMLICA1 HES;154kV ERCİYES RES - ÇAMLICA1 HES EİH;5890;Aktif Güç (MW);2cac7a90-c600-419a-a8b5-f73bb08f607a;(+1) CAMLICA, 154, ERCIYESR, P
37190;SCADA;ERCİYES RES;154kV ERCİYES RES - ÇAMLICA1 HES EİH;5890;Reaktif Güç (MVAr);20a13b92-3007-418c-aed6-6efa565907c4;(+1) ERCIYESR, 154, CAMLICA1, Q
37191;SCADA;ERCİYES RES;154kV ERCİYES RES - ÇAMLICA1 HES EİH;5890;Aktif Güç (MW);7f6fe720-6e2e-47b1-8f55-205c176462ad;(+1) ERCIYESR, 154, CAMLICA1, P
41994;SCADA;SİNCAN;154kV SİNCAN - UZAY OSB EİH;5902;Reaktif Güç (MVAr);dbc11d4b-745f-4657-a555-535ecec8e247;(+1) SINCAN, 154, UZAYOSB, Q
41995;SCADA;SİNCAN;154kV SİNCAN - UZAY OSB EİH;5902;Aktif Güç (MW);2ad457c3-1f54-418b-b11a-25431c8ba5f5;(+1) SINCAN, 154, UZAYOSB, P
34854;SCADA;UZAY OSB;154kV SİNCAN - UZAY OSB EİH;5902;Aktif Güç (MW);2ad457c3-1f54-418b-b11a-25431c8ba5f5;(-1) SINCAN, 154, UZAYOSB, P
34855;SCADA;UZAY OSB;154kV SİNCAN - UZAY OSB EİH;5902;Reaktif Güç (MVAr);dbc11d4b-745f-4657-a555-535ecec8e247;(-1) SINCAN, 154, UZAYOSB, Q
38898;SCADA;KAZAN;154kV UZAY OSB - KAZAN EİH;5903;Reaktif Güç (MVAr);41c5eabe-38e4-45cb-b53d-1c0e8e25da44;(+1) KAZAN, 154, UZAYOSB, Q
38899;SCADA;KAZAN;154kV UZAY OSB - KAZAN EİH;5903;Aktif Güç (MW);1bad3be4-45c4-4555-90ad-8f542a4d9112;(+1) KAZAN, 154, UZAYOSB, P
34856;SCADA;UZAY OSB;154kV UZAY OSB - KAZAN EİH;5903;Aktif Güç (MW);1bad3be4-45c4-4555-90ad-8f542a4d9112;(-1) KAZAN, 154, UZAYOSB, P
34857;SCADA;UZAY OSB;154kV UZAY OSB - KAZAN EİH;5903;Reaktif Güç (MVAr);41c5eabe-38e4-45cb-b53d-1c0e8e25da44;(-1) KAZAN, 154, UZAYOSB, Q
37181;SCADA;DAĞYAKA ÇİMENTO;154kV KAZAN - DAĞYAKA ÇİMENTO EİH;5938;Reaktif Güç (MVAr);d6d99b46-73db-4d9c-bc35-27278acbb164;(+1) DAGYAKA, 154, KAZAN, Q
37182;SCADA;DAĞYAKA ÇİMENTO;154kV KAZAN - DAĞYAKA ÇİMENTO EİH;5938;Aktif Güç (MW);c1a3f123-e019-4089-907e-84afb5f6569d;(+1) DAGYAKA, 154, KAZAN, P
38900;SCADA;KAZAN;154kV KAZAN - DAĞYAKA ÇİMENTO EİH;5938;Reaktif Güç (MVAr);05579225-358e-4032-9aad-679d34dcbd53;(+1) KAZAN, 154, DAGYAKA, Q
38901;SCADA;KAZAN;154kV KAZAN - DAĞYAKA ÇİMENTO EİH;5938;Aktif Güç (MW);fd3f27cd-7cb7-4f4f-8423-2e8766c2f9be;(+1) KAZAN, 154, DAGYAKA, P
37993;SCADA;BAĞLUM;154kV BAĞLUM - DAĞYAKA ÇİMENTO EİH;5939;Aktif Güç (MW);89b4295e-1c24-407e-9acd-94db57a0a264;(+1) BAGLUM, 154, DAGYAKA, P
37992;SCADA;BAĞLUM;154kV BAĞLUM - DAĞYAKA ÇİMENTO EİH;5939;Reaktif Güç (MVAr);8b97615a-7bf8-4577-8c50-70e971ccbde9;(+1) BAGLUM, 154, DAGYAKA, Q
37172;SCADA;DAĞYAKA ÇİMENTO;154kV BAĞLUM - DAĞYAKA ÇİMENTO EİH;5939;Aktif Güç (MW);59d6d7e0-49c8-4893-a0d5-2d82ce985a00;(+1) DAGYAKA, 154, BAGLUM, P
37178;SCADA;DAĞYAKA ÇİMENTO;154kV BAĞLUM - DAĞYAKA ÇİMENTO EİH;5939;Reaktif Güç (MVAr);58572880-0bea-404d-a943-cff1f93ddd12;(+1) DAGYAKA, 154, BAGLUM, Q
36040;SCADA;ŞARKIŞLA;154kV ŞARKIŞLA - VOTORANTİM EİH;5959;Reaktif Güç (MVAr);bc553075-8fe1-4a1a-ab96-2ee51be94098;(+1) SARKISLA, 154, VOTORANT, Q
36039;SCADA;ŞARKIŞLA;154kV ŞARKIŞLA - VOTORANTİM EİH;5959;Aktif Güç (MW);a63c9630-d012-481c-a6ae-827c41b8e51e;(+1) SARKISLA, 154, VOTORANT, P
37994;SCADA;BAĞLUM;154kV BAĞLUM - MACUNKÖY - II EİH;6014;Reaktif Güç (MVAr);358432db-2476-464a-a717-c40bb283afc9;(+1) BAGLUM, 154, MACUNKOY2, Q
37995;SCADA;BAĞLUM;154kV BAĞLUM - MACUNKÖY - II EİH;6014;Aktif Güç (MW);8fb405a1-5b54-4745-a37e-6df1248e5417;(+1) BAGLUM, 154, MACUNKOY2, P
40080;SCADA;MACUNKÖY;154kV BAĞLUM - MACUNKÖY - II EİH;6014;Reaktif Güç (MVAr);c5f13868-5e9e-4ff9-bd4e-0ed0a848ad1a;(+1) MACUNKOY, 154, BAGLUM2, Q
40081;SCADA;MACUNKÖY;154kV BAĞLUM - MACUNKÖY - II EİH;6014;Aktif Güç (MW);1b77e196-18fa-46b1-be1d-d1ff3b0514a5;(+1) MACUNKOY, 154, BAGLUM2, P
40078;SCADA;MACUNKÖY;154kV MACUNKÖY - OSTİM OSB EİH;6015;Aktif Güç (MW);febc77fb-2930-4c54-9b51-763ed388e53b;(+1) MACUNKOY, 154, OSTIMOSB, P
40079;SCADA;MACUNKÖY;154kV MACUNKÖY - OSTİM OSB EİH;6015;Reaktif Güç (MVAr);1783b646-6f9b-4af2-8af1-79ef63dcbef0;(+1) MACUNKOY, 154, OSTIMOSB, Q
38235;SCADA;OSTİM OSB;154kV MACUNKÖY - OSTİM OSB EİH;6015;Reaktif Güç (MVAr);a550ad6c-e74f-4647-a971-275c1f04d403;(+1) OSTIMOSB, 154, MACUNKOY, Q
38236;SCADA;OSTİM OSB;154kV MACUNKÖY - OSTİM OSB EİH;6015;Aktif Güç (MW);ebda28a7-9e78-4fd1-b8bd-24eab6bb8fb5;(+1) OSTIMOSB, 154, MACUNKOY, P
39986;SCADA;BAĞLICA;154kV SİNCAN - BAĞLICA EİH;6043;Reaktif Güç (MVAr);5b74fba8-c07d-4936-bbd2-bd47e4b8cf2e;(+1) BAGLICAG, 154, ANKARA-2, Q
39985;SCADA;BAĞLICA;154kV SİNCAN - BAĞLICA EİH;6043;Aktif Güç (MW);880116b4-4b01-43cf-a09b-286b6ebab445;(+1) BAGLICAG, 154, ANKARA-2, P
41983;SCADA;SİNCAN;154kV SİNCAN - BAĞLICA EİH;6043;Aktif Güç (MW);3a8b70c0-ecdb-47b5-941d-b28d9d11c3b3;(+1) SINCAN, 154, BAGLICAGIS, P
41982;SCADA;SİNCAN;154kV SİNCAN - BAĞLICA EİH;6043;Reaktif Güç (MVAr);9579be94-2c06-4e63-9896-1081bedc7f4c;(+1) SINCAN, 154, BAGLICAGIS, Q
37872;SCADA;BAĞLICA;154kV ÜMİTKÖY - BAĞLICA EİH;6044;Reaktif Güç (MVAr);0c4a2e7b-c36f-4da0-b17d-ea29c801164c;(+1) BAGLICAG, 154, UMITKOY, Q
37871;SCADA;BAĞLICA;154kV ÜMİTKÖY - BAĞLICA EİH;6044;Aktif Güç (MW);fd521aaf-3a11-4bec-9f89-23315c526d05;(+1) BAGLICAG, 154, UMITKOY, P
38295;SCADA;ÜMİTKÖY;154kV ÜMİTKÖY - BAĞLICA EİH;6044;Reaktif Güç (MVAr);81852408-c805-4995-93f1-c268c2f25cdc;(+1) UMITKOY, 154, BAGLICAGIS, Q
38296;SCADA;ÜMİTKÖY;154kV ÜMİTKÖY - BAĞLICA EİH;6044;Aktif Güç (MW);3b99f063-0071-455e-b035-1fa31c41e431;(+1) UMITKOY, 154, BAGLICAGIS, P
38709;SCADA;BOR OSB;154kV BOR OSB - UĞURLU GES EİH;6049;Aktif Güç (MW);a6523df2-4845-4b71-8bed-6f0b1b8d76f9;(+1) BOROSB, 154, G4_BOR-2, P
38710;SCADA;BOR OSB;154kV BOR OSB - UĞURLU GES EİH;6049;Reaktif Güç (MVAr);aacc7298-884a-4bbc-b2e4-af6bac5f58e1;(+1) BOROSB, 154, G4_BOR-2, Q
39152;SCADA;UĞURLU GES;154kV BOR OSB - UĞURLU GES EİH;6049;Reaktif Güç (MVAr);c3fb9dd0-163d-4e94-972f-0465dfbc5234;(+1) UGURLUGE, 154, BOR_OSB, Q
39151;SCADA;UĞURLU GES;154kV BOR OSB - UĞURLU GES EİH;6049;Aktif Güç (MW);ef50e09c-9ed5-4707-a267-3cd77ba60bed;(+1) UGURLUGE, 154, BOR_OSB, P
39143;SCADA;SÖNMEZ GES;154kV UĞURLU GES - SÖNMEZ GES EİH;6058;Reaktif Güç (MVAr);ab12cbf8-e470-4af2-aa1a-5688f94d25e3;(+1) SONMEZGE, 154, G4_BOR-2, Q
39142;SCADA;SÖNMEZ GES;154kV UĞURLU GES - SÖNMEZ GES EİH;6058;Aktif Güç (MW);3ce37be9-d68e-4ed1-818e-1f40b25225e1;(+1) SONMEZGE, 154, G4_BOR-2, P
39154;SCADA;UĞURLU GES;154kV UĞURLU GES - SÖNMEZ GES EİH;6058;Reaktif Güç (MVAr);22974112-bb45-41f9-9338-80d07ece144b;(+1) UGURLUGE, 154, G4_BOR-3, Q
39153;SCADA;UĞURLU GES;154kV UĞURLU GES - SÖNMEZ GES EİH;6058;Aktif Güç (MW);f304753a-96de-4b56-b1ee-6f91d0f907a2;(+1) UGURLUGE, 154, G4_BOR-3, P
39773;SCADA;BOR;154kV BOR - SÖNMEZ GES EİH;6072;Aktif Güç (MW);98d7f150-9284-43c2-8862-30c050edbbba;(+1) BOR, 154, G4-BOR-3, P
39774;SCADA;BOR;154kV BOR - SÖNMEZ GES EİH;6072;Reaktif Güç (MVAr);3e02e5f7-5465-4086-bb2a-9feee34bc48b;(+1) BOR, 154, G4-BOR-3, Q
40058;SCADA;SÖNMEZ GES;154kV BOR - SÖNMEZ GES EİH;6072;Reaktif Güç (MVAr);88f003c7-4d38-41fc-8144-624ace90510d;(+1) SONMEZGE, 154, BOR, Q
40057;SCADA;SÖNMEZ GES;154kV BOR - SÖNMEZ GES EİH;6072;Aktif Güç (MW);3483efaa-5e69-4077-b8d7-1102e15fec1e;(+1) SONMEZGE, 154, BOR, P
39779;SCADA;ALTINOVA;154kV KOLUKISA - ALTINOVA EİH;6073;Aktif Güç (MW);f33a3459-c53e-4eaf-9f7c-1f4e5976abe7;(+1) ALTINOVA, 154, KOLUKISA, P
39780;SCADA;ALTINOVA;154kV KOLUKISA - ALTINOVA EİH;6073;Reaktif Güç (MVAr);2059736f-6056-41e1-a3d2-4322bcba7d41;(+1) ALTINOVA, 154, KOLUKISA, Q
39359;SCADA;KOLUKISA;154kV KOLUKISA - ALTINOVA EİH;6073;Aktif Güç (MW);11136c38-18c0-4615-9cc1-28e2f422656e;(+1) KOLUKISA, 154, ALTINOVA, P
42667;SCADA;KOLUKISA;154kV KOLUKISA - ALTINOVA EİH;6073;Reaktif Güç (MVAr);c8f2f5ab-62c1-45e9-bfa4-c2193a9c2fd9;(+1) KOLUKISA, 154, ALTINOVA, Q
43490;SCADA;DDY GÖZLÜ;154kV DDY GÖZLÜ - KOLUKISA EİH;6074;Aktif Güç (MW);8bdde33e-78b9-404a-93f1-2851a796f14b;(+1) DDYGOZLU, 154, KOLUKISA, P
43489;SCADA;DDY GÖZLÜ;154kV DDY GÖZLÜ - KOLUKISA EİH;6074;Reaktif Güç (MVAr);a59443ce-ba11-4c79-87bf-64803f0e7164;(+1) DDYGOZLU, 154, KOLUKISA, Q
39357;SCADA;KOLUKISA;154kV DDY GÖZLÜ - KOLUKISA EİH;6074;Aktif Güç (MW);0d8385a8-bda0-46d0-95d2-c2e01c6aeec8;(+1) KOLUKISA, 154, DDYGOZLU, P
39358;SCADA;KOLUKISA;154kV DDY GÖZLÜ - KOLUKISA EİH;6074;Reaktif Güç (MVAr);a1c1cbd5-b0f8-4e8e-8159-5cb9bdb0ec29;(+1) KOLUKISA, 154, DDYGOZLU, Q
41936;SCADA;AKYEL 1 RES;154kV KARAMAN RES - AKYEL 1 RES EİH;6096;Aktif Güç (MW);ed482a3a-e4bd-4728-97f6-1d63f0e04f8c;(+1) AKYEL-1, 154, KARAMANR, P
41937;SCADA;AKYEL 1 RES;154kV KARAMAN RES - AKYEL 1 RES EİH;6096;Reaktif Güç (MVAr);b8a67930-70ba-47bc-b08e-8c6af18d0608;(+1) AKYEL-1, 154, KARAMANR, Q
41947;SCADA;KARAMAN RES;154kV KARAMAN RES - AKYEL 1 RES EİH;6096;Aktif Güç (MW);ea12c2cb-71f7-4f37-a693-e2c7bb8d02ca;(+1) KARAMANR, 154, AKYEL-1, P
41946;SCADA;KARAMAN RES;154kV KARAMAN RES - AKYEL 1 RES EİH;6096;Reaktif Güç (MVAr);eb407289-328a-4822-8c25-ca1dc68430f0;(+1) KARAMANR, 154, AKYEL-1, Q
42688;SCADA;AYRANCI GEÇİCİ;154kV AYRANCI GEÇİCİ -> EREĞLİ - KARAMAN BES EİH;6098;Reaktif Güç (MVAr);55ea2070-619a-458a-9003-035a662c6757;(-1) AYRANCI, 31.5, swTRA, Q
42689;SCADA;AYRANCI GEÇİCİ;154kV AYRANCI GEÇİCİ -> EREĞLİ - KARAMAN BES EİH;6098;Aktif Güç (MW);a58d7431-1213-4b23-8b70-d42e30643fc2;(-1) AYRANCI, 31.5, swTRA, P
39958;SCADA;EREĞLİ KONYA;154kV EREĞLİ -> KARAMAN BES - AYRANCI GEÇİCİ EİH;6099;Reaktif Güç (MVAr);157452e3-ae9a-4b86-8f9c-aaabe95c1641;(+1) KONYAERE, 154, KARAMANBES, Q
39957;SCADA;EREĞLİ KONYA;154kV EREĞLİ -> KARAMAN BES - AYRANCI GEÇİCİ EİH;6099;Aktif Güç (MW);151f9a67-9196-4488-b063-eba4ea41bbc4;(+1) KONYAERE, 154, KARAMANBES, P
42693;SCADA;KARAMAN BES;154kV KARAMAN BES -> EREĞLİ - AYRANCI GEÇİCİ EİH;6100;Aktif Güç (MW);03bf0499-0261-4a1e-b9db-15315cc1233f;(+1) KARMNBES, 154, AYRANCI, P
42692;SCADA;KARAMAN BES;154kV KARAMAN BES -> EREĞLİ - AYRANCI GEÇİCİ EİH;6100;Reaktif Güç (MVAr);d18a9a77-8add-4e2c-9f4a-f5c62ed1daa1;(+1) KARMNBES, 154, AYRANCI, Q
40239;SCADA;KONYA KUZEY;400kV AFYON2 - KONYA KUZEY EİH;6134;Reaktif Güç (MVAr);751ae007-9099-46b2-a2d8-4c996f23bdd3;(+1) KONYA_KU, 380, AFYON-2, Q
40238;SCADA;KONYA KUZEY;400kV AFYON2 - KONYA KUZEY EİH;6134;Aktif Güç (MW);8a7f5dbf-ae05-4ed3-8c40-fe8526dc472e;(+1) KONYA_KU, 380, AFYON-2, P
40347;SCADA;BALGAT;154kV TEMELLİ - BALGAT EİH;6141;Aktif Güç (MW);00b3785a-fee0-46ff-b9fd-11f273011bc6;(+1) BALGAT, 154, TEMELLI, P
40348;SCADA;BALGAT;154kV TEMELLİ - BALGAT EİH;6141;Reaktif Güç (MVAr);3f9d75e3-fd1a-4b25-b20f-be68d4111505;(+1) BALGAT, 154, TEMELLI, Q
42672;SCADA;TEMELLİ;154kV TEMELLİ - BALGAT EİH;6141;Reaktif Güç (MVAr);3d2a3022-7b0c-48fd-a213-ba3a63f1951c;(+1) TEMELLI, 154, BALGAT, Q
42673;SCADA;TEMELLİ;154kV TEMELLİ - BALGAT EİH;6141;Aktif Güç (MW);225a0248-b26a-4128-86e8-096d2a955fd5;(+1) TEMELLI, 154, BALGAT, P
40352;SCADA;ÇİĞDEM;154kV İMRAHOR - ÇİĞDEM EİH;6142;Reaktif Güç (MVAr);32a6a6a9-e420-41b6-86f2-c0fd9908e7ea;(+1) CIGDEM, 154, IMRAHOR, Q
40351;SCADA;ÇİĞDEM;154kV İMRAHOR - ÇİĞDEM EİH;6142;Aktif Güç (MW);aa02ca1b-e4da-4f63-a781-7af0d22cc8c2;(+1) CIGDEM, 154, IMRAHOR, P
40349;SCADA;İMRAHOR;154kV İMRAHOR - ÇİĞDEM EİH;6142;Aktif Güç (MW);cd22d782-04c2-4cc0-b93f-dba5892553b1;(+1) IMRAHOR, 154, CIGDEMGIS, P
40350;SCADA;İMRAHOR;154kV İMRAHOR - ÇİĞDEM EİH;6142;Reaktif Güç (MVAr);7ca69c25-c849-452e-895d-3ab80cb5c97e;(+1) IMRAHOR, 154, CIGDEMGIS, Q
40423;SCADA;İNCEK;154kV YILDIZ - İNCEK EİH;6145;Reaktif Güç (MVAr);26f1070f-0124-4350-8534-b2038ced813f;(+1) YILDIZY, 154, INCEK, Q
40422;SCADA;İNCEK;154kV YILDIZ - İNCEK EİH;6145;Aktif Güç (MW);dd0fea7e-cd60-445e-9e2b-dde1249d6ed3;(+1) INCEK, 154, YILDIZ, P
40421;SCADA;YILDIZ;154kV YILDIZ - İNCEK EİH;6145;Reaktif Güç (MVAr);26f1070f-0124-4350-8534-b2038ced813f;(+1) YILDIZY, 154, INCEK, Q
40420;SCADA;YILDIZ;154kV YILDIZ - İNCEK EİH;6145;Aktif Güç (MW);d8cee981-b906-4963-a92c-d5c173e32889;(+1) YILDIZY, 154, INCEK, P
41970;SCADA;KAZAN;154kV KIZILCAHAMAM - KAZAN EİH;6165;Reaktif Güç (MVAr);2f18e3e4-ed40-4499-a795-84022ca09bbb;(+1) KAZAN, 154, KIZILCAHAMAM, Q
41971;SCADA;KAZAN;154kV KIZILCAHAMAM - KAZAN EİH;6165;Aktif Güç (MW);e79dde70-a633-4524-8873-548e8ed0b154;(+1) KAZAN, 154, KIZILCAHAMAM, P
41366;SCADA;KIZILCAHAMAM;154kV KIZILCAHAMAM - KAZAN EİH;6165;Reaktif Güç (MVAr);2f18e3e4-ed40-4499-a795-84022ca09bbb;(-1) KAZAN, 154, KIZILCAHAMAM, Q
41365;SCADA;KIZILCAHAMAM;154kV KIZILCAHAMAM - KAZAN EİH;6165;Aktif Güç (MW);e79dde70-a633-4524-8873-548e8ed0b154;(-1) KAZAN, 154, KIZILCAHAMAM, P
41121;SCADA;ERENKÖY;154kV ERENKÖY - MERAM GİS EİH;6202;Aktif Güç (MW);a188ae2c-51ec-4a87-82bd-65364cf60f2e;(+1) ERENKOY, 154, MERAMGIS, P
41122;SCADA;ERENKÖY;154kV ERENKÖY - MERAM GİS EİH;6202;Reaktif Güç (MVAr);e69572e8-b66d-411a-b2f4-1599f1ce8cc1;(+1) ERENKOY, 154, MERAMGIS, Q
41572;SCADA;MERAM GİS;154kV ERENKÖY - MERAM GİS EİH;6202;Reaktif Güç (MVAr);ced488a3-891e-4c3b-b7db-03696f5816e0;(+1) MERAMGIS, 154, ERENKOYG, Q
41571;SCADA;MERAM GİS;154kV ERENKÖY - MERAM GİS EİH;6202;Aktif Güç (MW);55129094-c7ce-4584-ad8b-815f33b33a23;(+1) MERAMGIS, 154, ERENKOYG, P
41584;SCADA;MERAM GİS;154kV YAZIR - MERAM GİS EİH;6203;Aktif Güç (MW);ce1b72a5-47f3-404a-a9ad-d8c40afd0593;(+1) MERAMGIS, 154, YAZIR, P
41585;SCADA;MERAM GİS;154kV YAZIR - MERAM GİS EİH;6203;Reaktif Güç (MVAr);60d40339-64bd-46ee-b584-68ec18e178f4;(+1) MERAMGIS, 154, YAZIR, Q
41123;SCADA;YAZIR;154kV YAZIR - MERAM GİS EİH;6203;Aktif Güç (MW);074ffd10-363e-45f8-98ae-20e6dc2c17f4;(+1) YAZIR, 154, MERAMGIS, P
41124;SCADA;YAZIR;154kV YAZIR - MERAM GİS EİH;6203;Reaktif Güç (MVAr);000ff65d-ced1-4273-9ab0-579e106a91fe;(+1) YAZIR, 154, MERAMGIS, Q
41831;SCADA;BEYYURDU RES;154kV ÇEKEREK HAVZA - BEYYURDU RES EİH;6264;Reaktif Güç (MVAr);76f6bc09-2d77-4d9d-a248-3aa5c3fcabca;(+1) BEYYURDU, 154, CEKEREKH, Q
41830;SCADA;BEYYURDU RES;154kV ÇEKEREK HAVZA - BEYYURDU RES EİH;6264;Aktif Güç (MW);74fc66eb-5e37-475b-8f84-089ab7dd4d6a;(+1) BEYYURDU, 154, CEKEREKH, P
41808;SCADA;ÇEKEREK HAVZA;154kV ÇEKEREK HAVZA - BEYYURDU RES EİH;6264;Aktif Güç (MW);6cb65809-c585-4fb4-bcf5-0f5a90f82297;(+1) CEKERKHV, 154, SORGUN, P
41809;SCADA;ÇEKEREK HAVZA;154kV ÇEKEREK HAVZA - BEYYURDU RES EİH;6264;Reaktif Güç (MVAr);2bf07f90-bd5c-47c0-be17-2f822814112f;(+1) CEKERKHV, 154, SORGUN, Q
41833;SCADA;BEYYURDU RES;154kV BEYYURDU RES - SORGUN EİH;6265;Reaktif Güç (MVAr);94b88fc1-c342-47b8-b4e0-608acdb6af93;(+1) BEYYURDU, 154, SORGUN, Q
41832;SCADA;BEYYURDU RES;154kV BEYYURDU RES - SORGUN EİH;6265;Aktif Güç (MW);20675deb-e5f5-4832-8eb9-9966c4afd5f7;(+1) BEYYURDU, 154, SORGUN, P
42671;SCADA;SORGUN;154kV BEYYURDU RES - SORGUN EİH;6265;Aktif Güç (MW);86f18091-dbca-4b45-86b8-061cdc1c7a3c;(+1) SORGUN, 154, BEYYURDURES, P
42670;SCADA;SORGUN;154kV BEYYURDU RES - SORGUN EİH;6265;Reaktif Güç (MVAr);ef22fcfe-5b10-41bd-8b1e-a26eebafdce2;(+1) SORGUN, 154, BEYYURDURES, Q
41658;SCADA;ORTAKÖY;154kV ORTAKÖY -> ATA RES - KÜTÜKLÜ GEÇİCİ EİH;6284;Aktif Güç (MW);9101b59d-bfa0-4fcd-8f0f-a1069d4d7ce4;(+1) ORTAKOY, 154, KUTUKLU-ATAR, P
41659;SCADA;ORTAKÖY;154kV ORTAKÖY -> ATA RES - KÜTÜKLÜ GEÇİCİ EİH;6284;Reaktif Güç (MVAr);13c5dd42-ab8a-4a6d-bf99-c40392bb5e1e;(+1) ORTAKOY, 154, KUTUKLU-ATAR, Q
42263;SCADA;KÜTÜKLÜ GEÇİCİ;154kV KÜTÜKLÜ GEÇİCİ -> ATA RES - ORTAKÖY EİH;6285;Reaktif Güç (MVAr);231cf735-044c-4c00-9e7f-8eca8dc7751c;(+1) KUTUKLU, 154, ORTAKOY, Q
42262;SCADA;KÜTÜKLÜ GEÇİCİ;154kV KÜTÜKLÜ GEÇİCİ -> ATA RES - ORTAKÖY EİH;6285;Aktif Güç (MW);a2c8c9a2-7ce0-43dc-a0a0-caebca817caa;(+1) KUTUKLU, 154, ORTAKOY, P
41931;SCADA;ATA RES;154kV ATA RES -> KÜTÜKLÜ GEÇİCİ - ORTAKÖY EİH;6286;Reaktif Güç (MVAr);47c037ed-8689-492d-a9dd-9a89a1d6be9b;(+1) R3ANKARA, 154, KUTUKLU-ORTA, Q
41930;SCADA;ATA RES;154kV ATA RES -> KÜTÜKLÜ GEÇİCİ - ORTAKÖY EİH;6286;Aktif Güç (MW);4d2a7dfc-89d0-4627-ba3e-52284a18281b;(+1) R3ANKARA, 154, KUTUKLU-ORTA, P
41933;SCADA;ATA RES;154kV ŞEREFLİKOÇHİSAR - ATA RES EİH;6287;Reaktif Güç (MVAr);0a9e52b3-7d36-46ce-95d3-6aa97ee8f691;(+1) R3ANKARA, 154, SKOCHSAR, Q
41932;SCADA;ATA RES;154kV ŞEREFLİKOÇHİSAR - ATA RES EİH;6287;Aktif Güç (MW);cb9b2593-3118-4069-b9b9-be41eb68b907;(+1) R3ANKARA, 154, SKOCHSAR, P
41661;SCADA;ŞEREFLİKOÇHİSAR;154kV ŞEREFLİKOÇHİSAR - ATA RES EİH;6287;Reaktif Güç (MVAr);89c0e130-6542-4bd4-8768-5d95b3b91571;(+1) S.KOCHIS, 154, ATARES, Q
41660;SCADA;ŞEREFLİKOÇHİSAR;154kV ŞEREFLİKOÇHİSAR - ATA RES EİH;6287;Aktif Güç (MW);fe5d6b03-8fa1-4068-9979-0825b8a05e1c;(+1) S.KOCHIS, 154, ATARES, P
41968;SCADA;BEYYURDU RES;154kV MENEKŞE RES - BEYYURDU RES EİH;6309;Reaktif Güç (MVAr);9a74723c-6186-409f-b781-6561bf637c08;(+1) BEYYURDU, 154, MENEKSERES, Q
41967;SCADA;BEYYURDU RES;154kV MENEKŞE RES - BEYYURDU RES EİH;6309;Aktif Güç (MW);d6d3b844-7e6c-4b9a-ab9d-2ea1608def07;(+1) BEYYURDU, 154, MENEKSERES, P
41888;SCADA;MENEKŞE RES;154kV MENEKŞE RES - BEYYURDU RES EİH;6309;Aktif Güç (MW);752192d9-54d6-44f1-bf12-6c86c23200a6;(+1) MENEKSER, 154, BEYYURDU, P
41889;SCADA;MENEKŞE RES;154kV MENEKŞE RES - BEYYURDU RES EİH;6309;Reaktif Güç (MVAr);77a1055b-f0f8-4545-8b25-d2d6ab714e9d;(+1) MENEKSER, 154, BEYYURDU, Q
42105;SCADA;ÇUMRA;154kV ÇUMRA - DİANA OTEL GES EİH;6338;Reaktif Güç (MVAr);ccfb695b-b694-4b7b-b368-00063c48a478;(+1) CUMRA, 154, DIANAGES, Q
42106;SCADA;ÇUMRA;154kV ÇUMRA - DİANA OTEL GES EİH;6338;Aktif Güç (MW);57fdc314-f966-4d9f-a269-de5388863215;(+1) CUMRA, 154, DIANAGES, P
42311;SCADA;DİANA OTEL GES;154kV ÇUMRA - DİANA OTEL GES EİH;6338;Reaktif Güç (MVAr);627c97ec-eceb-4b81-800e-fb53896dbc63;(+1) DIANAGES, 154, CUMRA, Q
42312;SCADA;DİANA OTEL GES;154kV ÇUMRA - DİANA OTEL GES EİH;6338;Aktif Güç (MW);f866e230-93ae-41fa-87da-3a79d088fb32;(+1) DIANAGES, 154, CUMRA, P
42313;SCADA;DİANA OTEL GES;154kV KARAMAN - DİANA OTEL GES EİH;6339;Reaktif Güç (MVAr);aac49f6a-076d-4180-b2d6-1e40a5110185;(+1) DIANAGES, 154, KARAMAN, Q
42314;SCADA;DİANA OTEL GES;154kV KARAMAN - DİANA OTEL GES EİH;6339;Aktif Güç (MW);41c6c2cb-64ea-42a6-94ed-f18c44cdc04d;(+1) DIANAGES, 154, KARAMAN, P
42108;SCADA;KARAMAN;154kV KARAMAN - DİANA OTEL GES EİH;6339;Aktif Güç (MW);e7eebe87-d7b9-4b2e-9a22-3b93c5fe3b29;(+1) KARAMAN, 154, DIANAGES, P
42107;SCADA;KARAMAN;154kV KARAMAN - DİANA OTEL GES EİH;6339;Reaktif Güç (MVAr);211bc845-dbb0-40ae-90f9-bb7810af1b82;(+1) KARAMAN, 154, DIANAGES, Q
42682;SCADA;ATAHAN GES;154kV YAYSUN GES - ATAHAN GES EİH;6368;Aktif Güç (MW);b8bb7948-cd8e-40ed-84cf-171d0bf3c8a8;(+1) G4BOR-1G, 154, YAYSUNGES, P
42681;SCADA;ATAHAN GES;154kV YAYSUN GES - ATAHAN GES EİH;6368;Reaktif Güç (MVAr);f7fe0223-cc9b-4a00-b199-56af97569675;(+1) G4BOR-1G, 154, YAYSUNGES, Q
42619;SCADA;YAYSUN GES;154kV YAYSUN GES - ATAHAN GES EİH;6368;Aktif Güç (MW);66361ce5-cdff-4208-9028-e0ed2a7e5fc0;(+1) YAYSUNGE, 154, ATAHANGS, P
42620;SCADA;YAYSUN GES;154kV YAYSUN GES - ATAHAN GES EİH;6368;Reaktif Güç (MVAr);cfcce415-9031-4a4c-a202-e8e16c8c1c4e;(+1) YAYSUNGE, 154, ATAHANGS, Q
42680;SCADA;ATAHAN GES;154kV ATAHAN GES - UĞURLU GES EİH;6369;Aktif Güç (MW);53a3afa4-b470-49fb-a7e6-8cff1b52da86;(+1) G4BOR-1G, 154, G4BOR-2GES, P
42679;SCADA;ATAHAN GES;154kV ATAHAN GES - UĞURLU GES EİH;6369;Reaktif Güç (MVAr);628f9161-f506-4429-bfc8-782ce7ae90c1;(+1) G4BOR-1G, 154, G4BOR-2GES, Q
42504;SCADA;UĞURLU GES;154kV ATAHAN GES - UĞURLU GES EİH;6369;Reaktif Güç (MVAr);515e86d4-f1a1-40ab-a1b5-8e531e453382;(+1) UGURLUGE, 154, G4_BOR-1, Q
42503;SCADA;UĞURLU GES;154kV ATAHAN GES - UĞURLU GES EİH;6369;Aktif Güç (MW);2d9e22f7-cc64-4faf-9e4a-e8b48b936301;(+1) UGURLUGE, 154, G4_BOR-1, P
42470;SCADA;ALAKOVA;154kV ALAKOVA - MERAM GİS EİH;6376;Aktif Güç (MW);aa38c49c-9c1e-4d12-9c87-56b4e34c63dd;(+1) ALAKOVA, 154, MERAMGIS, P
42471;SCADA;ALAKOVA;154kV ALAKOVA - MERAM GİS EİH;6376;Reaktif Güç (MVAr);4ad4f106-98da-43df-8cf0-cd594870e0ea;(+1) ALAKOVA, 154, MERAMGIS, Q
42669;SCADA;MERAM GİS;154kV ALAKOVA - MERAM GİS EİH;6376;Aktif Güç (MW);d76a8341-a4ee-460c-8012-7289e954a749;(+1) MERAMGIS, 154, ALAKOVA, P
42668;SCADA;MERAM GİS;154kV ALAKOVA - MERAM GİS EİH;6376;Reaktif Güç (MVAr);0bb14408-91aa-45bf-b6f8-03900e9a97ae;(+1) MERAMGIS, 154, ALAKOVA, Q
42665;SCADA;ÇAYIRHAN TES;154kV ÇAYIRHAN TES - NALLIHAN EİH;6391;Aktif Güç (MW);353deb9a-be6c-4437-9c17-1555cab193ea;(+1) CAYIRHA, 154, NALLIHAN, P
42666;SCADA;ÇAYIRHAN TES;154kV ÇAYIRHAN TES - NALLIHAN EİH;6391;Reaktif Güç (MVAr);f77b2424-eaea-423c-a293-a94ea53ac39d;(+1) CAYIRHA, 154, NALLIHAN, Q
42640;SCADA;NALLIHAN;154kV ÇAYIRHAN TES - NALLIHAN EİH;6391;Aktif Güç (MW);afadf5a2-364a-459e-8f9e-94bc2d1ae274;(+1) NALLIHAN, 154, CAYIRHAN, P
42639;SCADA;NALLIHAN;154kV ÇAYIRHAN TES - NALLIHAN EİH;6391;Reaktif Güç (MVAr);c6103b18-8a25-4b7e-aea9-a0de2626fc8f;(+1) NALLIHAN, 154, CAYIRHAN, Q
42647;SCADA;NALLIHAN;154kV SARIYAR HES - NALLIHAN - II EİH;6392;Aktif Güç (MW);be31dbb5-2543-4a5e-8b69-0020496b3830;(+1) NALLIHAN, 154, SARIYAR2, P
42648;SCADA;NALLIHAN;154kV SARIYAR HES - NALLIHAN - II EİH;6392;Reaktif Güç (MVAr);aa606c03-db0c-479e-a717-0acf04c6135e;(+1) NALLIHAN, 154, SARIYAR2, Q
42660;SCADA;SARIYAR HES;154kV SARIYAR HES - NALLIHAN - II EİH;6392;Aktif Güç (MW);a5298c09-a570-44d2-877b-f5d2865b7f8b;(+1) SARIYAR, 154, NALLIHAN-2, P
42661;SCADA;SARIYAR HES;154kV SARIYAR HES - NALLIHAN - II EİH;6392;Reaktif Güç (MVAr);63e0081c-5d6a-4c46-8da0-962fff82bd31;(+1) SARIYAR, 154, NALLIHAN-2, Q
42637;SCADA;NALLIHAN;154kV BOLU1 - NALLIHAN EİH;6393;Aktif Güç (MW);bc9938b7-9dec-4477-84de-57848357784a;(+1) NALLIHAN, 154, BOLU-1, P
42638;SCADA;NALLIHAN;154kV BOLU1 - NALLIHAN EİH;6393;Reaktif Güç (MVAr);fb69d77c-9610-41d5-ab8b-a72607661705;(+1) NALLIHAN, 154, BOLU-1, Q
42645;SCADA;NALLIHAN;154kV SARIYAR HES - NALLIHAN - I EİH;6394;Aktif Güç (MW);f9b2153e-cca9-4fc5-a8b9-341f22c2c7a2;(+1) NALLIHAN, 154, SARIYAR1, P
42646;SCADA;NALLIHAN;154kV SARIYAR HES - NALLIHAN - I EİH;6394;Reaktif Güç (MVAr);61938b85-9e70-4b6a-a3c9-ceeca1e80d10;(+1) NALLIHAN, 154, SARIYAR1, Q
42658;SCADA;SARIYAR HES;154kV SARIYAR HES - NALLIHAN - I EİH;6394;Aktif Güç (MW);a76b4a98-8f79-4298-9350-35f0a491cb56;(+1) SARIYAR, 154, NALLIHAN-1, P
42659;SCADA;SARIYAR HES;154kV SARIYAR HES - NALLIHAN - I EİH;6394;Reaktif Güç (MVAr);0308bdf9-e45b-40dd-bb12-eea2b1664176;(+1) SARIYAR, 154, NALLIHAN-1, Q
42643;SCADA;NALLIHAN;154kV MUDURNU - NALLIHAN EİH;6395;Aktif Güç (MW);f6d0b17a-d385-4da1-a256-27a7c623d07e;(+1) NALLIHAN, 154, MUDURNU, P
42644;SCADA;NALLIHAN;154kV MUDURNU - NALLIHAN EİH;6395;Reaktif Güç (MVAr);da4526e3-03ed-466a-bf80-98e5833fa5ac;(+1) NALLIHAN, 154, MUDURNU, Q
42642;SCADA;NALLIHAN;154kV MAV BİYOKÜTLE - NALLIHAN EİH;6396;Reaktif Güç (MVAr);3f9133fa-5a8c-40a5-a2d9-9dea3ec9ca43;(+1) NALLIHAN, 154, MAV-BIO, Q
42641;SCADA;NALLIHAN;154kV MAV BİYOKÜTLE - NALLIHAN EİH;6396;Aktif Güç (MW);6d78ef3c-58bb-4cca-8c6a-ba05e7c628bb;(+1) NALLIHAN, 154, MAV-BIO, P
42931;SCADA;İGA GES;400kV TEMELLİ - İGA GES EİH;6406;Reaktif Güç (MVAr);d39600a2-bce7-4307-b05e-6bebf722364f;(-1) IGAGES, 400, TEMELLI, Q
42932;SCADA;İGA GES;400kV TEMELLİ - İGA GES EİH;6406;Aktif Güç (MW);ed1a1ec7-82a1-4301-b68c-54f0a26e14f3;(+1) IGAGES, 400, TEMELLI, P
43507;SCADA;TEMELLİ;400kV TEMELLİ - İGA GES EİH;6406;Aktif Güç (MW);2ee7de58-a1a4-4c21-8e5b-6046ebe89bcc;(+1) TEMELLI, 380, IGAGES, P
43506;SCADA;TEMELLİ;400kV TEMELLİ - İGA GES EİH;6406;Reaktif Güç (MVAr);d13c3b31-5775-4241-b428-3cad4d2aa148;(+1) TEMELLI, 380, IGAGES, Q
42929;SCADA;İGA GES;400kV İGA GES - AFYON2 EİH;6407;Reaktif Güç (MVAr);fa173e74-cda3-4a87-8452-7c6e59bf1452;(+1) IGAGES, 400, AFYON-2, Q
42930;SCADA;İGA GES;400kV İGA GES - AFYON2 EİH;6407;Aktif Güç (MW);147d5ba7-5e37-4b26-bb7b-58e2cc05fc94;(+1) IGAGES, 400, AFYON-2, P
42891;SCADA;MAMAK;154kV MAMAK - KAYAŞ - I EİH;6408;Aktif Güç (MW);6b02021c-73ab-42ab-b282-7837eeaf5e6a;(+1) MAMAK, 154, KAYAS-1, P
42890;SCADA;MAMAK;154kV MAMAK - KAYAŞ - I EİH;6408;Reaktif Güç (MVAr);558e26aa-ab1e-402f-8b61-f5f8eff66770;(+1) MAMAK, 154, KAYAS-1, Q
42892;SCADA;KAYAŞ;154kV MAMAK - KAYAŞ - III EİH;6411;Reaktif Güç (MVAr);87adad45-27fa-4949-b664-41ddbf64099a;(+1) KAYAS, 154, MAMAK3, Q
42893;SCADA;KAYAŞ;154kV MAMAK - KAYAŞ - III EİH;6411;Aktif Güç (MW);3f280f1a-da7c-4482-a77e-ed62ebd842e7;(+1) KAYAS, 154, MAMAK3, P
42833;SCADA;MAMAK;154kV MAMAK - KAYAŞ - III EİH;6411;Reaktif Güç (MVAr);c1c17c8b-b87d-4a45-8802-28297d4db6f2;(+1) MAMAK, 154, KAYAS-3, Q
42832;SCADA;MAMAK;154kV MAMAK - KAYAŞ - III EİH;6411;Aktif Güç (MW);c977bea4-20e5-4a41-9a75-5e61cae11209;(+1) MAMAK, 154, KAYAS-3, P
43023;SCADA;ÇEKEREK HAVZA;154kV ÇEKEREK HAVZA - KARALIK RES EİH;6431;Reaktif Güç (MVAr);5aa67ed8-9114-4d37-a9e9-1f2307475381;(+1) CEKERKHV, 154, KARALIKRES, Q
43024;SCADA;ÇEKEREK HAVZA;154kV ÇEKEREK HAVZA - KARALIK RES EİH;6431;Aktif Güç (MW);7688dc36-66ed-4f3f-8a68-9649e13bb125;(+1) CEKERKHV, 154, KARALIKRES, P
43646;SCADA;KARALIK RES;154kV ÇEKEREK HAVZA - KARALIK RES EİH;6431;Aktif Güç (MW);173ae7f4-e4e2-4c9f-8126-d47906a014c2;(+1) KARALIKR, 154, CEKEREKHAVZA, P
43647;SCADA;KARALIK RES;154kV ÇEKEREK HAVZA - KARALIK RES EİH;6431;Reaktif Güç (MVAr);f1730e86-d991-4786-8cf6-bb7b34e500f8;(+1) KARALIKR, 154, CEKEREKHAVZA, Q
43480;SCADA;AKKÖPRÜ;154kV AKKÖPRÜ - KAYAŞ EİH;6432;Aktif Güç (MW);867043af-570d-43da-a48d-89a49f35f1fe;(+1) AKKOPGIS, 154, KAYAS, P
43479;SCADA;AKKÖPRÜ;154kV AKKÖPRÜ - KAYAŞ EİH;6432;Reaktif Güç (MVAr);84870ea1-5b85-499a-889c-1dd520b823ca;(+1) AKKOPGIS, 154, KAYAS, Q
43502;SCADA;KAYAŞ;154kV AKKÖPRÜ - KAYAŞ EİH;6432;Reaktif Güç (MVAr);1e8556aa-9006-494b-b967-c28743129cca;(+1) KAYAS, 154, AKKOPRU, Q
43503;SCADA;KAYAŞ;154kV AKKÖPRÜ - KAYAŞ EİH;6432;Aktif Güç (MW);aca9ccbc-b1dc-4ba4-9eb0-b9704e9a0320;(+1) KAYAS, 154, AKKOPRU, P
43472;SCADA;AYBASTI RES;154kV AYBASTI RES - KEPEZKAYA HAVZA EİH;6446;Reaktif Güç (MVAr);dc51ec3d-adbe-4494-8586-6430e3eccc74;(+1) R3KARAMA, 154, KEPEZKAY, Q
43473;SCADA;AYBASTI RES;154kV AYBASTI RES - KEPEZKAYA HAVZA EİH;6446;Aktif Güç (MW);5e99fd4a-02f0-47ea-b12a-e307237e39a5;(+1) R3KARAMA, 154, KEPEZKAY, P
43019;SCADA;KEPEZKAYA HAVZA;154kV AYBASTI RES - KEPEZKAYA HAVZA EİH;6446;Reaktif Güç (MVAr);8ece7970-c7f0-4637-b8eb-bbfa35b04c5b;(+1) KEPEZKA, 154, AYBASTI, Q
43020;SCADA;KEPEZKAYA HAVZA;154kV AYBASTI RES - KEPEZKAYA HAVZA EİH;6446;Aktif Güç (MW);b3a56953-07cb-485a-8df4-390926ff8837;(+1) KEPEZKA, 154, AYBASTI, P
43547;SCADA;ASELSAN MOBİL;154kV ASELSAN MOBİL - EMİRLER EİH;6448;Reaktif Güç (MVAr);e39b5130-26be-4c9a-91d9-b9a15893eb3f;(-1) EMIRLER, 154, ASELSANMBL, Q
43464;SCADA;ASELSAN MOBİL;154kV ASELSAN MOBİL - EMİRLER EİH;6448;Aktif Güç (MW);1485ad5f-369f-4400-80ae-349d102a2322;(-1) EMIRLER, 154, ASELSANMBL, P
43039;SCADA;EMİRLER;154kV ASELSAN MOBİL - EMİRLER EİH;6448;Reaktif Güç (MVAr);e39b5130-26be-4c9a-91d9-b9a15893eb3f;(+1) EMIRLER, 154, ASELSANMBL, Q
43040;SCADA;EMİRLER;154kV ASELSAN MOBİL - EMİRLER EİH;6448;Aktif Güç (MW);1485ad5f-369f-4400-80ae-349d102a2322;(+1) EMIRLER, 154, ASELSANMBL, P
43021;SCADA;BÜSAN;154kV BÜSAN - HOTAMIŞ EİH;6456;Reaktif Güç (MVAr);99e18e86-9373-4368-86ac-253ea88c80a7;(+1) BUSAN, 154, HOTAMIS, Q
43022;SCADA;BÜSAN;154kV BÜSAN - HOTAMIŞ EİH;6456;Aktif Güç (MW);13e32871-8d29-4608-bced-7d04c022a4c2;(+1) BUSAN, 154, HOTAMIS, P
42998;SCADA;HOTAMIŞ;154kV BÜSAN - HOTAMIŞ EİH;6456;Aktif Güç (MW);dc4d2880-0b41-406d-b4ba-e137efb87451;(+1) HOTAMIS, 154, BUSAN, P
42997;SCADA;HOTAMIŞ;154kV BÜSAN - HOTAMIŞ EİH;6456;Reaktif Güç (MVAr);436d41c8-069c-4606-ab61-c335e533bd27;(+1) HOTAMIS, 154, BUSAN, Q
43079;SCADA;SENDİREMEKE;154kV SENDİREMEKE -> TAKSAN - ÇİNKUR EİH;6463;Aktif Güç (MW);eb6bd1d4-9067-495e-b222-1f315dadd852;(+1) SENDIRMK, 154, TAKSAN, P
43078;SCADA;SENDİREMEKE;154kV SENDİREMEKE -> TAKSAN - ÇİNKUR EİH;6463;Reaktif Güç (MVAr);f54759c5-545b-4cad-ae8a-a2a545571989;(+1) SENDIRMK, 154, TAKSAN, Q
43077;SCADA;ÇİNKUR;154kV ÇİNKUR -> TAKSAN - SENDİREMEKE EİH;6464;Aktif Güç (MW);91b5313f-fbba-4dfd-8c2a-10436595c3a9;(+1) CINKUR, 154, TAKSAN, P
43076;SCADA;ÇİNKUR;154kV ÇİNKUR -> TAKSAN - SENDİREMEKE EİH;6464;Reaktif Güç (MVAr);aaa8a9ed-ca63-4643-943f-8ba8620399a8;(+1) CINKUR, 154, TAKSAN, Q
43080;SCADA;TAKSAN;154kV TAKSAN -> SENDİREMEKE - ÇİNKUR EİH;6465;Reaktif Güç (MVAr);4c75ed66-e9a6-4cf4-8417-d9f930b69f0f;(+1) TAKSAN, 154, SENDIREM, Q
43081;SCADA;TAKSAN;154kV TAKSAN -> SENDİREMEKE - ÇİNKUR EİH;6465;Aktif Güç (MW);49de0a3b-d055-4ede-8c1f-a58c7d311bc5;(+1) TAKSAN, 154, SENDIREM, P
43500;SCADA;KARATAY;400kV KARATAY - SEYDİŞEHİR (YENİ) EİH;6478;Reaktif Güç (MVAr);0be9c460-c686-4a08-b7d5-7c83570ddc10;(+1) KARATAY, 380, SEYDISEH, Q
43501;SCADA;KARATAY;400kV KARATAY - SEYDİŞEHİR (YENİ) EİH;6478;Aktif Güç (MW);76392279-6b71-473e-a730-3fd497983239;(+1) KARATAY, 380, SEYDISEH, P
43270;SCADA;ALİBEY HÖYÜĞÜ;154kV ALİBEY HÖYÜĞÜ - SEYDİŞEHİR (YENİ) EİH;6480;Aktif Güç (MW);ed4081b7-128b-49d5-b693-10329488a1ca;(+1) A.HOYUGU, 154, SEYDISEH, P
43271;SCADA;ALİBEY HÖYÜĞÜ;154kV ALİBEY HÖYÜĞÜ - SEYDİŞEHİR (YENİ) EİH;6480;Reaktif Güç (MVAr);c3f133d2-cef2-401d-8cc8-a007acdb37c7;(+1) A.HOYUGU, 154, SEYDISEH, Q
43504;SCADA;MERAM GİS;154kV MERAM GİS - SEYDİŞEHİR EİH;6482;Reaktif Güç (MVAr);07e58ff5-cf67-4c03-8d27-a1655884841d;(+1) MERAMGIS, 154, SEYDISEH, Q
43505;SCADA;MERAM GİS;154kV MERAM GİS - SEYDİŞEHİR EİH;6482;Aktif Güç (MW);a4933ca3-22b4-4185-b7d5-c6120a937bb0;(+1) MERAMGIS, 154, SEYDISEH, P
43820;SCADA;OYÇİM GES;154kV OYÇİM GES - SİNCAN EİH;6507;Reaktif Güç (MVAr);e516d409-340d-4e37-acf7-fd91d21c8dab;(+1) OYAKANKA, 154, SINCAN, Q
43819;SCADA;OYÇİM GES;154kV OYÇİM GES - SİNCAN EİH;6507;Aktif Güç (MW);40a46a78-d796-4360-98c8-f58cfa60bd36;(+1) OYAKANKA, 154, SINCAN, P
43818;SCADA;OYÇİM GES;154kV OYÇİM GES - BEYPAZARI EİH;6508;Reaktif Güç (MVAr);bcdf3c1c-e2f9-4113-977a-b63512a33988;(+1) OYAKANKA, 154, BEYPAZAR, Q
43817;SCADA;OYÇİM GES;154kV OYÇİM GES - BEYPAZARI EİH;6508;Aktif Güç (MW);39eeadf3-8671-4e13-99af-04870e571527;(+1) OYAKANKA, 154, BEYPAZAR, P
43894;SCADA;ALCI OSB MOBİL;154kV ALCI OSB MOBİL -> ÜMİTKÖY - TEMELLİ EİH;6553;Reaktif Güç (MVAr);e4b13885-2ba4-42f1-8da5-3e7d27f57e1c;(+1) ALCIOSB, 154, TEM-UMIT, Q
43892;SCADA;ALCI OSB MOBİL;154kV ALCI OSB MOBİL -> ÜMİTKÖY - TEMELLİ EİH;6553;Aktif Güç (MW);5bb55357-f374-4937-b402-b48c001a34fb;(+1) ALCIOSB, 154, TEM-UMIT, P
28915;SCADA;KAYSERİ KAPASİTÖR;400kV KAYSERİ KAPASİTÖR - ELBİSTAN TES EİH;2695;Reaktif Güç (MVAr);1b35e87d-e65e-4530-a75b-05ca22930eb9;(+1) KAYSERI, 380, ELBISTAN, Q
24036;SCADA;KAYSERİ KAPASİTÖR;400kV KAYSERİ KAPASİTÖR - ELBİSTAN TES EİH;2695;Aktif Güç (MW);7ee64927-e03f-42a8-9b27-e2e543a9531b;(+1) KAYSERI, 380, ELBISTAN, P
23794;SCADA;TEMELLİ;154kV TEMELLİ - ÜMİTKÖY - II EİH;2242;Aktif Güç (MW);da25ae1b-f343-4182-9178-0a63a004d08d;(+1) TEMELLI, 154, UMITKOY-2, P
23795;SCADA;TEMELLİ;154kV TEMELLİ - ÜMİTKÖY - II EİH;2242;Reaktif Güç (MVAr);62554721-fb70-487a-ae92-e853126a5242;(+1) TEMELLI, 154, UMITKOY-2, Q
25652;SCADA;ÜMİTKÖY;154kV TEMELLİ - ÜMİTKÖY - II EİH;2242;Reaktif Güç (MVAr);0abeecc2-d2e0-4938-8c8e-47fa01ff0af1;(+1) UMITKOY, 154, TEMELLI2, Q
25649;SCADA;ÜMİTKÖY;154kV TEMELLİ - ÜMİTKÖY - II EİH;2242;Aktif Güç (MW);5a643cab-236e-4e34-8bf4-aae7948d1166;(+1) UMITKOY, 154, TEMELLI2, P
