BYTM Adı;Ölçüm Zamanı;Bara ID;Bara Adı;TPYS Set;Kurulu Güç;Pmkud;MinMkud;Canlı Bara;Bara Set Üst Limit;Bara Set Alt Limit;Bara 1 Gerilim;Bara 1 Gerilim Kalite Detayı;Bara 2 Gerilim;Bara 2 Gerilim Kalite Detayı;Bara 3 Gerilim;Bara 3 Gerilim Kalite Detayı;Toplam Ünite Pgen Aktif (MW);Yardımcı Kaynak (MW);Yardımcı Kaynak (MVAr);Toplam Ünite Qgen Reaktif (MVAr);Toplam D.İ. MVar Limit;Toplam A.İ. MVar Limit;Devre Durumu;Yükümlülük Durumu;Bara Set Onay Durumu;D.İ. MVAR Onay;A.İ. MVAR Onay;Onay Durum
"OA_YTM";"29 Nis 2026 00:00:00";2114;"YAMULA HES 154";"159,00";"100,00";"25,50";"25,50";"159,61";"161,31";"156,69";"159,61";"Actual";"0,00";"Actual";"";"";"82,99";"";"";"-31,58";"-29,57";"55,78";"0";"0";"1";"-";"-";"-"
"OA_YTM";"29 Nis 2026 00:00:00";5532;"ACWA KIRIKKALE DGKÇ";"404,00";"927,40";"460,00";"217,00";"412,85";"410,00";"398,00";"412,85";"Actual";"411,73";"Actual";"";"";"0,00";"";"";"-0,75";"";"";"0";"0";"-";"-";"-";"-"
"OA_YTM";"29 Nis 2026 00:00:00";5453;"KARGI BARAJI VE HES";"157,00";"93,84";"0,00";"2,70";"155,77";"159,31";"154,69";"155,77";"Actual";"0,00";"Actual";"";"";"0,00";"";"";"-0,06";"";"";"0";"0";"-";"-";"-";"-"
"OA_YTM";"29 Nis 2026 00:00:00";6137;"KARAMAN BES";"158,00";"40,00";"10,75";"10,75";"160,48";"160,31";"155,69";"160,48";"Actual";"";"";"";"";"26,77";"10,00";"-0,01";"-9,61";"16,00";"22,00";"0";"0";"0";"-";"-";"-"
"OA_YTM";"29 Nis 2026 00:00:00";6011;"GÜRSÖĞÜT BARAJI ve HES";"156,00";"51,64";"3,00";"2,50";"156,54";"158,31";"153,69";"156,54";"Actual";"";"";"";"";"17,65";"";"";"12,67";"-7,64";"14,40";"0";"0";"1";"-";"-";"-"
"OA_YTM";"29 Nis 2026 00:00:00";2108;"SARIYAR 154";"159,00";"160,00";"0,00";"40,00";"155,81";"161,31";"156,69";"155,81";"Actual";"";"";"";"";"0,00";"";"";"-59,18";"";"";"0";"0";"-";"-";"-";"-"
"OA_YTM";"29 Nis 2026 00:00:00";2109;"YENİCE 154";"159,00";"36,97";"0,00";"3,00";"159,03";"161,31";"156,69";"159,03";"Actual";"";"";"";"";"11,66";"";"";"-0,76";"-1,11";"1,66";"0";"0";"1";"-";"-";"-"
"OA_YTM";"29 Nis 2026 00:00:00";2113;"ÇAMLICA HES 154";"159,00";"84,00";"22,00";"22,00";"159,47";"161,31";"156,69";"159,47";"Actual";"-0,62";"Actual";"";"";"56,41";"";"";"0,14";"-16,56";"24,41";"0";"0";"1";"-";"-";"-"
"OA_YTM";"29 Nis 2026 00:00:00";2111;"BAYMİNA 154";"158,00";"833,20";"440,00";"220,00";"158,74";"160,31";"155,69";"158,74";"Actual";"158,91";"Actual";"";"";"-0,27";"";"";"3,08";"";"";"0";"0";"-";"-";"-";"-"
"OA_YTM";"29 Nis 2026 00:00:00";2110;"BAYRAMHACILI 154";"157,00";"47,00";"14,10";"14,10";"158,03";"159,31";"154,69";"158,03";"Actual";"";"";"";"";"39,67";"";"";"-16,79";"-13,90";"26,21";"0";"0";"1";"-";"-";"-"
"OA_YTM";"29 Nis 2026 00:00:00";4952;"İÇ ANADOLU DGKÇ SANTRALİ";"404,00";"870,00";"0,00";"141,00";"408,14";"410,00";"398,00";"408,14";"Actual";"408,09";"Actual";"";"";"0,00";"";"";"-0,92";"";"";"0";"0";"-";"-";"-";"-"
"OA_YTM";"29 Nis 2026 00:00:00";2106;"KAPULUKAYA 154";"158,00";"54,00";"0,00";"13,00";"158,72";"160,31";"155,69";"158,72";"Actual";"";"";"";"";"-0,05";"";"";"-0,14";"";"";"0";"0";"-";"-";"-";"-"
"OA_YTM";"29 Nis 2026 00:00:00";2105;"HİRFANLI HES 154";"158,00";"128,00";"0,00";"20,00";"157,15";"160,31";"155,69";"157,15";"Actual";"";"";"";"";"0,49";"";"";"-1,49";"";"";"0";"0";"-";"-";"-";"-"
"OA_YTM";"29 Nis 2026 00:00:00";2104;"GÖKÇEKAYA 380";"404,00";"278,40";"0,00";"80,00";"402,94";"410,00";"398,00";"402,94";"Actual";"405,41";"Actual";"403,60";"Actual";"-1,47";"";"";"-1,47";"";"";"0";"0";"-";"-";"-";"-"
"OA_YTM";"29 Nis 2026 00:00:00";2112;"ÇAYIRHAN TES 380";"404,00";"620,00";"450,00";"90,00";"402,41";"410,00";"398,00";"402,41";"Actual";"456,00";"Invalid";"";"";"516,66";"";"";"103,28";"-55,80";"83,70";"0";"0";"1";"-";"-";"-"
"OA_YTM";"29 Nis 2026 00:00:00";5673;"KAZAN SODA DGKÇS";"159,00";"379,00";"0,00";"205,00";"159,49";"161,31";"156,69";"159,49";"Actual";"159,62";"Actual";"";"";"0,00";"";"";"-0,14";"";"";"0";"0";"-";"-";"-";"-"
"OA_YTM";"29 Nis 2026 00:00:00";6154;"YUNUS EMRE TES";"404,00";"145,00";"0,00";"35,00";"409,78";"410,00";"398,00";"409,78";"Actual";"";"";"";"";"-1,61";"";"";"-0,44";"";"";"0";"0";"-";"-";"-";"-"
"OA_YTM";"29 Nis 2026 00:00:00";2107;"KESİKKÖPRÜ 154";"158,00";"76,00";"0,00";"28,00";"162,28";"160,31";"155,69";"162,28";"Actual";"162,26";"Actual";"";"";"0,01";"";"";"0,04";"";"";"0";"0";"-";"-";"-";"-"
"OA_YTM";"29 Nis 2026 00:01:00";2114;"YAMULA HES 154";"159,00";"100,00";"25,50";"25,50";"159,06";"161,31";"156,69";"159,06";"Actual";"0,00";"Actual";"";"";"82,99";"";"";"-31,66";"-29,57";"55,78";"0";"0";"1";"-";"-";"-"
"OA_YTM";"29 Nis 2026 00:01:00";5532;"ACWA KIRIKKALE DGKÇ";"404,00";"927,40";"460,00";"217,00";"410,90";"410,00";"398,00";"410,90";"Actual";"409,23";"Actual";"";"";"0,21";"";"";"-0,95";"";"";"0";"0";"-";"-";"-";"-"
"OA_YTM";"29 Nis 2026 00:01:00";5453;"KARGI BARAJI VE HES";"157,00";"93,84";"0,00";"2,70";"154,50";"159,31";"154,69";"154,50";"Actual";"0,00";"Actual";"";"";"0,00";"";"";"-0,06";"";"";"0";"0";"-";"-";"-";"-"
"OA_YTM";"29 Nis 2026 00:01:00";6137;"KARAMAN BES";"158,00";"40,00";"10,75";"10,75";"160,47";"160,31";"155,69";"160,47";"Actual";"";"";"";"";"26,69";"10,00";"-0,01";"-9,48";"16,00";"22,00";"0";"0";"0";"-";"-";"-"
"OA_YTM";"29 Nis 2026 00:01:00";6011;"GÜRSÖĞÜT BARAJI ve HES";"156,00";"51,64";"3,00";"2,50";"154,30";"158,31";"153,69";"154,30";"Actual";"";"";"";"";"0,00";"";"";"0,00";"";"";"0";"0";"-";"-";"-";"-"
"OA_YTM";"29 Nis 2026 00:01:00";2108;"SARIYAR 154";"159,00";"160,00";"0,00";"40,00";"155,02";"161,31";"156,69";"155,02";"Actual";"";"";"";"";"0,00";"";"";"-59,15";"";"";"0";"0";"-";"-";"-";"-"
"OA_YTM";"29 Nis 2026 00:01:00";2109;"YENİCE 154";"159,00";"36,97";"0,00";"3,00";"158,58";"161,31";"156,69";"158,58";"Actual";"";"";"";"";"0,00";"";"";"0,77";"";"";"0";"0";"-";"-";"-";"-"
"OA_YTM";"29 Nis 2026 00:01:00";2113;"ÇAMLICA HES 154";"159,00";"84,00";"22,00";"22,00";"159,47";"161,31";"156,69";"159,47";"Actual";"-0,62";"Actual";"";"";"56,41";"";"";"0,42";"-16,56";"24,41";"0";"0";"1";"-";"-";"-"
"OA_YTM";"29 Nis 2026 00:01:00";2111;"BAYMİNA 154";"158,00";"833,20";"440,00";"220,00";"158,74";"160,31";"155,69";"158,74";"Actual";"158,97";"Actual";"";"";"-0,14";"";"";"3,08";"";"";"0";"0";"-";"-";"-";"-"
"OA_YTM";"29 Nis 2026 00:01:00";2110;"BAYRAMHACILI 154";"157,00";"47,00";"14,10";"14,10";"157,20";"159,31";"154,69";"157,20";"Actual";"";"";"";"";"39,53";"";"";"-16,00";"-13,90";"26,21";"0";"0";"1";"-";"-";"-"
"OA_YTM";"29 Nis 2026 00:01:00";4952;"İÇ ANADOLU DGKÇ SANTRALİ";"404,00";"870,00";"0,00";"141,00";"407,43";"410,00";"398,00";"407,43";"Actual";"407,39";"Actual";"";"";"0,00";"";"";"-0,92";"";"";"0";"0";"-";"-";"-";"-"
"OA_YTM";"29 Nis 2026 00:01:00";2106;"KAPULUKAYA 154";"158,00";"54,00";"0,00";"13,00";"158,98";"160,31";"155,69";"158,98";"Actual";"";"";"";"";"0,02";"";"";"-0,63";"";"";"0";"0";"-";"-";"-";"-"
"OA_YTM";"29 Nis 2026 00:01:00";2105;"HİRFANLI HES 154";"158,00";"128,00";"0,00";"20,00";"156,25";"160,31";"155,69";"156,25";"Actual";"";"";"";"";"0,49";"";"";"0,99";"";"";"0";"0";"-";"-";"-";"-"
"OA_YTM";"29 Nis 2026 00:01:00";2104;"GÖKÇEKAYA 380";"404,00";"278,40";"0,00";"80,00";"402,92";"410,00";"398,00";"402,92";"Actual";"405,64";"Actual";"403,48";"Actual";"-1,47";"";"";"-1,47";"";"";"0";"0";"-";"-";"-";"-"
"OA_YTM";"29 Nis 2026 00:01:00";2112;"ÇAYIRHAN TES 380";"404,00";"620,00";"450,00";"90,00";"401,99";"410,00";"398,00";"401,99";"Actual";"456,00";"Invalid";"";"";"515,98";"";"";"118,00";"-55,80";"83,70";"0";"0";"1";"-";"-";"-"
"OA_YTM";"29 Nis 2026 00:01:00";5673;"KAZAN SODA DGKÇS";"159,00";"379,00";"0,00";"205,00";"159,45";"161,31";"156,69";"159,45";"Actual";"159,17";"Actual";"";"";"-0,11";"";"";"-0,14";"";"";"0";"0";"-";"-";"-";"-"
"OA_YTM";"29 Nis 2026 00:01:00";6154;"YUNUS EMRE TES";"404,00";"145,00";"0,00";"35,00";"408,95";"410,00";"398,00";"408,95";"Actual";"";"";"";"";"-1,61";"";"";"-0,55";"";"";"0";"0";"-";"-";"-";"-"
"OA_YTM";"29 Nis 2026 00:01:00";2107;"KESİKKÖPRÜ 154";"158,00";"76,00";"0,00";"28,00";"162,12";"160,31";"155,69";"162,12";"Actual";"162,14";"Actual";"";"";"-0,03";"";"";"0,04";"";"";"0";"0";"-";"-";"-";"-"
"OA_YTM";"29 Nis 2026 00:02:00";2114;"YAMULA HES 154";"159,00";"100,00";"25,50";"25,50";"158,85";"161,31";"156,69";"158,85";"Actual";"0,00";"Actual";"";"";"82,91";"";"";"-31,58";"-29,57";"55,78";"0";"0";"1";"-";"-";"-"
"OA_YTM";"29 Nis 2026 00:02:00";5532;"ACWA KIRIKKALE DGKÇ";"404,00";"927,40";"460,00";"217,00";"411,73";"410,00";"398,00";"411,73";"Actual";"410,06";"Actual";"";"";"0,00";"";"";"-0,75";"";"";"0";"0";"-";"-";"-";"-"
"OA_YTM";"29 Nis 2026 00:02:00";5453;"KARGI BARAJI VE HES";"157,00";"93,84";"0,00";"2,70";"154,50";"159,31";"154,69";"154,50";"Actual";"0,00";"Actual";"";"";"0,00";"";"";"-0,06";"";"";"0";"0";"-";"-";"-";"-"
"OA_YTM";"29 Nis 2026 00:02:00";6137;"KARAMAN BES";"158,00";"40,00";"10,75";"10,75";"160,35";"160,31";"155,69";"160,35";"Actual";"";"";"";"";"26,89";"10,00";"-0,01";"-9,01";"16,00";"22,00";"0";"0";"0";"-";"-";"-"
"OA_YTM";"29 Nis 2026 00:02:00";6011;"GÜRSÖĞÜT BARAJI ve HES";"156,00";"51,64";"3,00";"2,50";"154,14";"158,31";"153,69";"154,14";"Actual";"";"";"";"";"0,00";"";"";"0,00";"";"";"0";"0";"-";"-";"-";"-"
"OA_YTM";"29 Nis 2026 00:02:00";2108;"SARIYAR 154";"159,00";"160,00";"0,00";"40,00";"155,02";"161,31";"156,69";"155,02";"Actual";"";"";"";"";"0,00";"";"";"-59,15";"";"";"0";"0";"-";"-";"-";"-"
"OA_YTM";"29 Nis 2026 00:02:00";2109;"YENİCE 154";"159,00";"36,97";"0,00";"3,00";"158,13";"161,31";"156,69";"158,13";"Actual";"";"";"";"";"0,00";"";"";"0,77";"";"";"0";"0";"-";"-";"-";"-"
"OA_YTM";"29 Nis 2026 00:02:00";2113;"ÇAMLICA HES 154";"159,00";"84,00";"22,00";"22,00";"158,79";"161,31";"156,69";"158,79";"Actual";"-0,62";"Actual";"";"";"56,45";"";"";"0,49";"-16,56";"24,41";"0";"0";"1";"-";"-";"-"
"OA_YTM";"29 Nis 2026 00:02:00";2111;"BAYMİNA 154";"158,00";"833,20";"440,00";"220,00";"158,35";"160,31";"155,69";"158,35";"Actual";"159,31";"Actual";"";"";"-0,27";"";"";"3,08";"";"";"0";"0";"-";"-";"-";"-"
"OA_YTM";"29 Nis 2026 00:02:00";2110;"BAYRAMHACILI 154";"157,00";"47,00";"14,10";"14,10";"157,20";"159,31";"154,69";"157,20";"Actual";"";"";"";"";"39,56";"";"";"-15,68";"-13,90";"26,21";"0";"0";"1";"-";"-";"-"
"OA_YTM";"29 Nis 2026 00:02:00";4952;"İÇ ANADOLU DGKÇ SANTRALİ";"404,00";"870,00";"0,00";"141,00";"406,69";"410,00";"398,00";"406,69";"Actual";"406,69";"Actual";"";"";"0,00";"";"";"-0,92";"";"";"0";"0";"-";"-";"-";"-"
"OA_YTM";"29 Nis 2026 00:02:00";2106;"KAPULUKAYA 154";"158,00";"54,00";"0,00";"13,00";"158,67";"160,31";"155,69";"158,67";"Actual";"";"";"";"";"-0,07";"";"";"0,59";"";"";"0";"0";"-";"-";"-";"-"
"OA_YTM";"29 Nis 2026 00:02:00";2105;"HİRFANLI HES 154";"158,00";"128,00";"0,00";"20,00";"156,25";"160,31";"155,69";"156,25";"Actual";"";"";"";"";"0,59";"";"";"1,07";"";"";"0";"0";"-";"-";"-";"-"
"OA_YTM";"29 Nis 2026 00:02:00";2104;"GÖKÇEKAYA 380";"404,00";"278,40";"0,00";"80,00";"402,05";"410,00";"398,00";"402,05";"Actual";"403,55";"Actual";"402,45";"Actual";"-1,47";"";"";"-1,16";"";"";"0";"0";"-";"-";"-";"-"
"OA_YTM";"29 Nis 2026 00:02:00";2112;"ÇAYIRHAN TES 380";"404,00";"620,00";"450,00";"90,00";"401,99";"410,00";"398,00";"401,99";"Actual";"456,00";"Invalid";"";"";"516,00";"";"";"122,20";"-55,80";"83,70";"0";"0";"1";"-";"-";"-"
"OA_YTM";"29 Nis 2026 00:02:00";5673;"KAZAN SODA DGKÇS";"159,00";"379,00";"0,00";"205,00";"159,15";"161,31";"156,69";"159,15";"Actual";"159,19";"Actual";"";"";"-0,11";"";"";"-0,14";"";"";"0";"0";"-";"-";"-";"-"
"OA_YTM";"29 Nis 2026 00:02:00";6154;"YUNUS EMRE TES";"404,00";"145,00";"0,00";"35,00";"408,95";"410,00";"398,00";"408,95";"Actual";"";"";"";"";"-1,61";"";"";"-0,44";"";"";"0";"0";"-";"-";"-";"-"
"OA_YTM";"29 Nis 2026 00:02:00";2107;"KESİKKÖPRÜ 154";"158,00";"76,00";"0,00";"28,00";"162,12";"160,31";"155,69";"162,12";"Actual";"162,14";"Actual";"";"";"-0,04";"";"";"0,03";"";"";"0";"0";"-";"-";"-";"-"
"OA_YTM";"29 Nis 2026 00:03:00";2114;"YAMULA HES 154";"159,00";"100,00";"25,50";"25,50";"159,12";"161,31";"156,69";"159,12";"Actual";"0,00";"Actual";"";"";"82,92";"";"";"-31,93";"-29,57";"55,78";"0";"0";"1";"-";"-";"-"
"OA_YTM";"29 Nis 2026 00:03:00";5532;"ACWA KIRIKKALE DGKÇ";"404,00";"927,40";"460,00";"217,00";"410,62";"410,00";"398,00";"410,62";"Actual";"409,51";"Actual";"";"";"0,00";"";"";"-0,75";"";"";"0";"0";"-";"-";"-";"-"
"OA_YTM";"29 Nis 2026 00:03:00";5453;"KARGI BARAJI VE HES";"157,00";"93,84";"0,00";"2,70";"154,50";"159,31";"154,69";"154,50";"Actual";"0,00";"Actual";"";"";"0,00";"";"";"-0,06";"";"";"0";"0";"-";"-";"-";"-"
"OA_YTM";"29 Nis 2026 00:03:00";6137;"KARAMAN BES";"158,00";"40,00";"10,75";"10,75";"160,07";"160,31";"155,69";"160,07";"Actual";"";"";"";"";"26,93";"10,00";"-0,01";"-8,64";"-14,40";"19,80";"0";"0";"1";"-";"-";"-"
"OA_YTM";"29 Nis 2026 00:03:00";6011;"GÜRSÖĞÜT BARAJI ve HES";"156,00";"51,64";"3,00";"2,50";"154,36";"158,31";"153,69";"154,36";"Actual";"";"";"";"";"0,00";"";"";"0,00";"";"";"0";"0";"-";"-";"-";"-"
"OA_YTM";"29 Nis 2026 00:03:00";2108;"SARIYAR 154";"159,00";"160,00";"0,00";"40,00";"155,02";"161,31";"156,69";"155,02";"Actual";"";"";"";"";"0,00";"";"";"-59,15";"";"";"0";"0";"-";"-";"-";"-"
"OA_YTM";"29 Nis 2026 00:03:00";2109;"YENİCE 154";"159,00";"36,97";"0,00";"3,00";"159,03";"161,31";"156,69";"159,03";"Actual";"";"";"";"";"0,05";"";"";"0,77";"";"";"0";"0";"-";"-";"-";"-"
"OA_YTM";"29 Nis 2026 00:03:00";2113;"ÇAMLICA HES 154";"159,00";"84,00";"22,00";"22,00";"158,79";"161,31";"156,69";"158,79";"Actual";"-0,62";"Actual";"";"";"56,50";"";"";"0,22";"-16,56";"24,41";"0";"0";"1";"-";"-";"-"
"OA_YTM";"29 Nis 2026 00:03:00";2111;"BAYMİNA 154";"158,00";"833,20";"440,00";"220,00";"158,06";"160,31";"155,69";"158,06";"Actual";"158,74";"Actual";"";"";"-0,27";"";"";"3,08";"";"";"0";"0";"-";"-";"-";"-"
"OA_YTM";"29 Nis 2026 00:03:00";2110;"BAYRAMHACILI 154";"157,00";"47,00";"14,10";"14,10";"157,20";"159,31";"154,69";"157,20";"Actual";"";"";"";"";"39,63";"";"";"-15,67";"-13,90";"26,21";"0";"0";"1";"-";"-";"-"
"OA_YTM";"29 Nis 2026 00:03:00";4952;"İÇ ANADOLU DGKÇ SANTRALİ";"404,00";"870,00";"0,00";"141,00";"407,43";"410,00";"398,00";"407,43";"Actual";"407,84";"Actual";"";"";"0,00";"";"";"-0,92";"";"";"0";"0";"-";"-";"-";"-"
"OA_YTM";"29 Nis 2026 00:03:00";2106;"KAPULUKAYA 154";"158,00";"54,00";"0,00";"13,00";"159,04";"160,31";"155,69";"159,04";"Actual";"";"";"";"";"0,01";"";"";"-0,05";"";"";"0";"0";"-";"-";"-";"-"
"OA_YTM";"29 Nis 2026 00:03:00";2105;"HİRFANLI HES 154";"158,00";"128,00";"0,00";"20,00";"156,25";"160,31";"155,69";"156,25";"Actual";"";"";"";"";"0,63";"";"";"1,24";"";"";"0";"0";"-";"-";"-";"-"
"OA_YTM";"29 Nis 2026 00:03:00";2104;"GÖKÇEKAYA 380";"404,00";"278,40";"0,00";"80,00";"402,60";"410,00";"398,00";"402,60";"Actual";"404,59";"Actual";"402,80";"Actual";"-1,47";"";"";"-1,47";"";"";"0";"0";"-";"-";"-";"-"
"OA_YTM";"29 Nis 2026 00:03:00";2112;"ÇAYIRHAN TES 380";"404,00";"620,00";"450,00";"90,00";"401,99";"410,00";"398,00";"401,99";"Actual";"456,00";"Invalid";"";"";"515,85";"";"";"119,70";"-55,80";"83,70";"0";"0";"1";"-";"-";"-"
"OA_YTM";"29 Nis 2026 00:03:00";5673;"KAZAN SODA DGKÇS";"159,00";"379,00";"0,00";"205,00";"159,19";"161,31";"156,69";"159,19";"Actual";"159,11";"Actual";"";"";"-0,11";"";"";"-0,14";"";"";"0";"0";"-";"-";"-";"-"
"OA_YTM";"29 Nis 2026 00:03:00";6154;"YUNUS EMRE TES";"404,00";"145,00";"0,00";"35,00";"409,09";"410,00";"398,00";"409,09";"Actual";"";"";"";"";"-1,61";"";"";"-0,55";"";"";"0";"0";"-";"-";"-";"-"
"OA_YTM";"29 Nis 2026 00:03:00";2107;"KESİKKÖPRÜ 154";"158,00";"76,00";"0,00";"28,00";"162,12";"160,31";"155,69";"162,12";"Actual";"162,14";"Actual";"";"";"0,00";"";"";"0,03";"";"";"0";"0";"-";"-";"-";"-"
"OA_YTM";"29 Nis 2026 00:04:00";2114;"YAMULA HES 154";"159,00";"100,00";"25,50";"25,50";"158,79";"161,31";"156,69";"158,79";"Actual";"0,00";"Actual";"";"";"82,92";"";"";"-31,50";"-29,57";"55,78";"0";"0";"1";"-";"-";"-"
"OA_YTM";"29 Nis 2026 00:04:00";5532;"ACWA KIRIKKALE DGKÇ";"404,00";"927,40";"460,00";"217,00";"410,06";"410,00";"398,00";"410,06";"Actual";"408,53";"Actual";"";"";"0,42";"";"";"-0,75";"";"";"0";"0";"-";"-";"-";"-"
"OA_YTM";"29 Nis 2026 00:04:00";5453;"KARGI BARAJI VE HES";"157,00";"93,84";"0,00";"2,70";"154,50";"159,31";"154,69";"154,50";"Actual";"0,00";"Actual";"";"";"0,00";"";"";"-0,06";"";"";"0";"0";"-";"-";"-";"-"
"OA_YTM";"29 Nis 2026 00:04:00";6137;"KARAMAN BES";"158,00";"40,00";"10,75";"10,75";"160,03";"160,31";"155,69";"160,03";"Actual";"";"";"";"";"26,72";"10,00";"-0,01";"-8,39";"-14,40";"19,80";"0";"0";"1";"-";"-";"-"
"OA_YTM";"29 Nis 2026 00:04:00";6011;"GÜRSÖĞÜT BARAJI ve HES";"156,00";"51,64";"3,00";"2,50";"153,72";"158,31";"153,69";"153,72";"Actual";"";"";"";"";"0,00";"";"";"0,00";"";"";"0";"0";"-";"-";"-";"-"
"OA_YTM";"29 Nis 2026 00:04:00";2108;"SARIYAR 154";"159,00";"160,00";"0,00";"40,00";"155,02";"161,31";"156,69";"155,02";"Actual";"";"";"";"";"0,00";"";"";"-59,15";"";"";"0";"0";"-";"-";"-";"-"
"OA_YTM";"29 Nis 2026 00:04:00";2109;"YENİCE 154";"159,00";"36,97";"0,00";"3,00";"158,36";"161,31";"156,69";"158,36";"Actual";"";"";"";"";"0,00";"";"";"0,77";"";"";"0";"0";"-";"-";"-";"-"
"OA_YTM";"29 Nis 2026 00:04:00";2113;"ÇAMLICA HES 154";"159,00";"84,00";"22,00";"22,00";"159,01";"161,31";"156,69";"159,01";"Actual";"-0,62";"Actual";"";"";"56,38";"";"";"0,32";"-16,56";"24,41";"0";"0";"1";"-";"-";"-"
"OA_YTM";"29 Nis 2026 00:04:00";2111;"BAYMİNA 154";"158,00";"833,20";"440,00";"220,00";"157,67";"160,31";"155,69";"157,67";"Actual";"158,35";"Actual";"";"";"-0,27";"";"";"3,08";"";"";"0";"0";"-";"-";"-";"-"
"OA_YTM";"29 Nis 2026 00:04:00";2110;"BAYRAMHACILI 154";"157,00";"47,00";"14,10";"14,10";"157,20";"159,31";"154,69";"157,20";"Actual";"";"";"";"";"39,56";"";"";"-15,18";"-13,90";"26,21";"0";"0";"1";"-";"-";"-"
"OA_YTM";"29 Nis 2026 00:04:00";4952;"İÇ ANADOLU DGKÇ SANTRALİ";"404,00";"870,00";"0,00";"141,00";"405,78";"410,00";"398,00";"405,78";"Actual";"405,55";"Actual";"";"";"0,00";"";"";"-0,92";"";"";"0";"0";"-";"-";"-";"-"
"OA_YTM";"29 Nis 2026 00:04:00";2106;"KAPULUKAYA 154";"158,00";"54,00";"0,00";"13,00";"158,72";"160,31";"155,69";"158,72";"Actual";"";"";"";"";"0,06";"";"";"0,46";"";"";"0";"0";"-";"-";"-";"-"
"OA_YTM";"29 Nis 2026 00:04:00";2105;"HİRFANLI HES 154";"158,00";"128,00";"0,00";"20,00";"156,25";"160,31";"155,69";"156,25";"Actual";"";"";"";"";"0,63";"";"";"1,16";"";"";"0";"0";"-";"-";"-";"-"
"OA_YTM";"29 Nis 2026 00:04:00";2104;"GÖKÇEKAYA 380";"404,00";"278,40";"0,00";"80,00";"400,88";"410,00";"398,00";"400,88";"Actual";"403,79";"Actual";"401,38";"Actual";"-1,47";"";"";"-1,47";"";"";"0";"0";"-";"-";"-";"-"
"OA_YTM";"29 Nis 2026 00:04:00";2112;"ÇAYIRHAN TES 380";"404,00";"620,00";"450,00";"90,00";"400,88";"410,00";"398,00";"400,88";"Actual";"456,00";"Invalid";"";"";"517,02";"";"";"138,27";"-55,80";"83,70";"0";"0";"1";"-";"-";"-"
"OA_YTM";"29 Nis 2026 00:04:00";5673;"KAZAN SODA DGKÇS";"159,00";"379,00";"0,00";"205,00";"158,57";"161,31";"156,69";"158,57";"Actual";"158,64";"Actual";"";"";"-0,11";"";"";"-0,14";"";"";"0";"0";"-";"-";"-";"-"
"OA_YTM";"29 Nis 2026 00:04:00";6154;"YUNUS EMRE TES";"404,00";"145,00";"0,00";"35,00";"407,14";"410,00";"398,00";"407,14";"Actual";"";"";"";"";"-1,61";"";"";"-0,55";"";"";"0";"0";"-";"-";"-";"-"
"OA_YTM";"29 Nis 2026 00:04:00";2107;"KESİKKÖPRÜ 154";"158,00";"76,00";"0,00";"28,00";"162,07";"160,31";"155,69";"162,07";"Actual";"162,14";"Actual";"";"";"-0,04";"";"";"0,03";"";"";"0";"0";"-";"-";"-";"-"
"OA_YTM";"29 Nis 2026 00:05:00";2114;"YAMULA HES 154";"159,00";"100,00";"25,50";"25,50";"158,63";"161,31";"156,69";"158,63";"Actual";"0,00";"Actual";"";"";"82,86";"";"";"-32,18";"-29,57";"55,78";"0";"0";"1";"-";"-";"-"
"OA_YTM";"29 Nis 2026 00:05:00";5532;"ACWA KIRIKKALE DGKÇ";"404,00";"927,40";"460,00";"217,00";"410,06";"410,00";"398,00";"410,06";"Actual";"408,53";"Actual";"";"";"0,21";"";"";"-0,75";"";"";"0";"0";"-";"-";"-";"-"
"OA_YTM";"29 Nis 2026 00:05:00";5453;"KARGI BARAJI VE HES";"157,00";"93,84";"0,00";"2,70";"153,82";"159,31";"154,69";"153,82";"Actual";"0,00";"Actual";"";"";"0,00";"";"";"-0,06";"";"";"0";"0";"-";"-";"-";"-"
"OA_YTM";"29 Nis 2026 00:05:00";6137;"KARAMAN BES";"158,00";"40,00";"10,75";"10,75";"160,18";"160,31";"155,69";"160,18";"Actual";"";"";"";"";"26,76";"10,00";"-0,01";"-9,08";"-14,40";"19,80";"0";"0";"1";"-";"-";"-"
"OA_YTM";"29 Nis 2026 00:05:00";6011;"GÜRSÖĞÜT BARAJI ve HES";"156,00";"51,64";"3,00";"2,50";"153,84";"158,31";"153,69";"153,84";"Actual";"";"";"";"";"0,00";"";"";"0,00";"";"";"0";"0";"-";"-";"-";"-"
"OA_YTM";"29 Nis 2026 00:05:00";2108;"SARIYAR 154";"159,00";"160,00";"0,00";"40,00";"154,91";"161,31";"156,69";"154,91";"Actual";"";"";"";"";"0,00";"";"";"-59,15";"";"";"0";"0";"-";"-";"-";"-"
"OA_YTM";"29 Nis 2026 00:05:00";2109;"YENİCE 154";"159,00";"36,97";"0,00";"3,00";"158,58";"161,31";"156,69";"158,58";"Actual";"";"";"";"";"0,00";"";"";"0,81";"";"";"0";"0";"-";"-";"-";"-"
"OA_YTM";"29 Nis 2026 00:05:00";2113;"ÇAMLICA HES 154";"159,00";"84,00";"22,00";"22,00";"158,56";"161,31";"156,69";"158,56";"Actual";"-0,62";"Actual";"";"";"56,48";"";"";"-0,05";"-16,56";"24,41";"0";"0";"1";"-";"-";"-"
"OA_YTM";"29 Nis 2026 00:05:00";2111;"BAYMİNA 154";"158,00";"833,20";"440,00";"220,00";"157,84";"160,31";"155,69";"157,84";"Actual";"158,40";"Actual";"";"";"-0,14";"";"";"3,08";"";"";"0";"0";"-";"-";"-";"-"
"OA_YTM";"29 Nis 2026 00:05:00";2110;"BAYRAMHACILI 154";"157,00";"47,00";"14,10";"14,10";"157,20";"159,31";"154,69";"157,20";"Actual";"";"";"";"";"39,63";"";"";"-14,82";"-13,90";"26,21";"0";"0";"1";"-";"-";"-"
"OA_YTM";"29 Nis 2026 00:05:00";4952;"İÇ ANADOLU DGKÇ SANTRALİ";"404,00";"870,00";"0,00";"141,00";"405,78";"410,00";"398,00";"405,78";"Actual";"405,59";"Actual";"";"";"0,00";"";"";"-0,92";"";"";"0";"0";"-";"-";"-";"-"
"OA_YTM";"29 Nis 2026 00:05:00";2106;"KAPULUKAYA 154";"158,00";"54,00";"0,00";"13,00";"158,37";"160,31";"155,69";"158,37";"Actual";"";"";"";"";"-0,09";"";"";"0,04";"";"";"0";"0";"-";"-";"-";"-"
"OA_YTM";"29 Nis 2026 00:05:00";2105;"HİRFANLI HES 154";"158,00";"128,00";"0,00";"20,00";"156,25";"160,31";"155,69";"156,25";"Actual";"";"";"";"";"0,63";"";"";"1,16";"";"";"0";"0";"-";"-";"-";"-"
"OA_YTM";"29 Nis 2026 00:05:00";2104;"GÖKÇEKAYA 380";"404,00";"278,40";"0,00";"80,00";"400,71";"410,00";"398,00";"400,71";"Actual";"403,31";"Actual";"401,29";"Actual";"-1,47";"";"";"-1,47";"";"";"0";"0";"-";"-";"-";"-"
"OA_YTM";"29 Nis 2026 00:05:00";2112;"ÇAYIRHAN TES 380";"404,00";"620,00";"450,00";"90,00";"400,88";"410,00";"398,00";"400,88";"Actual";"456,00";"Invalid";"";"";"517,01";"";"";"134,76";"-55,80";"83,70";"0";"0";"1";"-";"-";"-"
"OA_YTM";"29 Nis 2026 00:05:00";5673;"KAZAN SODA DGKÇS";"159,00";"379,00";"0,00";"205,00";"158,42";"161,31";"156,69";"158,42";"Actual";"158,55";"Actual";"";"";"-0,11";"";"";"-0,14";"";"";"0";"0";"-";"-";"-";"-"
"OA_YTM";"29 Nis 2026 00:05:00";6154;"YUNUS EMRE TES";"404,00";"145,00";"0,00";"35,00";"406,30";"410,00";"398,00";"406,30";"Actual";"";"";"";"";"-1,61";"";"";"-0,55";"";"";"0";"0";"-";"-";"-";"-"
"OA_YTM";"29 Nis 2026 00:05:00";2107;"KESİKKÖPRÜ 154";"158,00";"76,00";"0,00";"28,00";"162,07";"160,31";"155,69";"162,07";"Actual";"162,11";"Actual";"";"";"-0,02";"";"";"0,04";"";"";"0";"0";"-";"-";"-";"-"
"OA_YTM";"29 Nis 2026 00:06:00";2114;"YAMULA HES 154";"159,00";"100,00";"25,50";"25,50";"158,74";"161,31";"156,69";"158,74";"Actual";"0,00";"Actual";"";"";"82,97";"";"";"-32,02";"-29,57";"55,78";"0";"0";"1";"-";"-";"-"
"OA_YTM";"29 Nis 2026 00:06:00";5532;"ACWA KIRIKKALE DGKÇ";"404,00";"927,40";"460,00";"217,00";"410,76";"410,00";"398,00";"410,76";"Actual";"408,95";"Actual";"";"";"0,21";"";"";"-0,75";"";"";"0";"0";"-";"-";"-";"-"
"OA_YTM";"29 Nis 2026 00:06:00";5453;"KARGI BARAJI VE HES";"157,00";"93,84";"0,00";"2,70";"154,16";"159,31";"154,69";"154,16";"Actual";"0,00";"Actual";"";"";"0,00";"";"";"-0,06";"";"";"0";"0";"-";"-";"-";"-"
"OA_YTM";"29 Nis 2026 00:06:00";6137;"KARAMAN BES";"158,00";"40,00";"10,75";"10,75";"160,10";"160,31";"155,69";"160,10";"Actual";"";"";"";"";"26,88";"10,00";"-0,01";"-8,92";"-14,40";"19,80";"0";"0";"1";"-";"-";"-"
"OA_YTM";"29 Nis 2026 00:06:00";6011;"GÜRSÖĞÜT BARAJI ve HES";"156,00";"51,64";"3,00";"2,50";"153,86";"158,31";"153,69";"153,86";"Actual";"";"";"";"";"0,00";"";"";"0,00";"";"";"0";"0";"-";"-";"-";"-"
"OA_YTM";"29 Nis 2026 00:06:00";2108;"SARIYAR 154";"159,00";"160,00";"0,00";"40,00";"154,91";"161,31";"156,69";"154,91";"Actual";"";"";"";"";"0,00";"";"";"-59,15";"";"";"0";"0";"-";"-";"-";"-"
"OA_YTM";"29 Nis 2026 00:06:00";2109;"YENİCE 154";"159,00";"36,97";"0,00";"3,00";"159,03";"161,31";"156,69";"159,03";"Actual";"";"";"";"";"0,00";"";"";"0,82";"";"";"0";"0";"-";"-";"-";"-"
"OA_YTM";"29 Nis 2026 00:06:00";2113;"ÇAMLICA HES 154";"159,00";"84,00";"22,00";"22,00";"159,01";"161,31";"156,69";"159,01";"Actual";"-0,62";"Actual";"";"";"56,47";"";"";"-0,07";"-16,56";"24,41";"0";"0";"1";"-";"-";"-"
"OA_YTM";"29 Nis 2026 00:06:00";2111;"BAYMİNA 154";"158,00";"833,20";"440,00";"220,00";"157,61";"160,31";"155,69";"157,61";"Actual";"158,63";"Actual";"";"";"-0,27";"";"";"3,08";"";"";"0";"0";"-";"-";"-";"-"
"OA_YTM";"29 Nis 2026 00:06:00";2110;"BAYRAMHACILI 154";"157,00";"47,00";"14,10";"14,10";"157,20";"159,31";"154,69";"157,20";"Actual";"";"";"";"";"39,54";"";"";"-15,42";"-13,90";"26,21";"0";"0";"1";"-";"-";"-"
"OA_YTM";"29 Nis 2026 00:06:00";4952;"İÇ ANADOLU DGKÇ SANTRALİ";"404,00";"870,00";"0,00";"141,00";"405,72";"410,00";"398,00";"405,72";"Actual";"405,86";"Actual";"";"";"0,00";"";"";"-0,92";"";"";"0";"0";"-";"-";"-";"-"
"OA_YTM";"29 Nis 2026 00:06:00";2106;"KAPULUKAYA 154";"158,00";"54,00";"0,00";"13,00";"158,56";"160,31";"155,69";"158,56";"Actual";"";"";"";"";"-0,14";"";"";"0,23";"";"";"0";"0";"-";"-";"-";"-"
"OA_YTM";"29 Nis 2026 00:06:00";2105;"HİRFANLI HES 154";"158,00";"128,00";"0,00";"20,00";"156,25";"160,31";"155,69";"156,25";"Actual";"";"";"";"";"0,63";"";"";"1,24";"";"";"0";"0";"-";"-";"-";"-"
"OA_YTM";"29 Nis 2026 00:06:00";2104;"GÖKÇEKAYA 380";"404,00";"278,40";"0,00";"80,00";"401,56";"410,00";"398,00";"401,56";"Actual";"403,95";"Actual";"402,02";"Actual";"-1,47";"";"";"-1,47";"";"";"0";"0";"-";"-";"-";"-"
"OA_YTM";"29 Nis 2026 00:06:00";2112;"ÇAYIRHAN TES 380";"404,00";"620,00";"450,00";"90,00";"401,99";"410,00";"398,00";"401,99";"Actual";"456,00";"Invalid";"";"";"519,26";"";"";"133,48";"-55,80";"83,70";"0";"0";"1";"-";"-";"-"
"OA_YTM";"29 Nis 2026 00:06:00";5673;"KAZAN SODA DGKÇS";"159,00";"379,00";"0,00";"205,00";"158,70";"161,31";"156,69";"158,70";"Actual";"158,72";"Actual";"";"";"-0,11";"";"";"-0,14";"";"";"0";"0";"-";"-";"-";"-"
"OA_YTM";"29 Nis 2026 00:06:00";6154;"YUNUS EMRE TES";"404,00";"145,00";"0,00";"35,00";"407,42";"410,00";"398,00";"407,42";"Actual";"";"";"";"";"-1,61";"";"";"-0,44";"";"";"0";"0";"-";"-";"-";"-"
"OA_YTM";"29 Nis 2026 00:06:00";2107;"KESİKKÖPRÜ 154";"158,00";"76,00";"0,00";"28,00";"162,07";"160,31";"155,69";"162,07";"Actual";"162,11";"Actual";"";"";"-0,01";"";"";"0,02";"";"";"0";"0";"-";"-";"-";"-"
"OA_YTM";"29 Nis 2026 00:07:00";2114;"YAMULA HES 154";"159,00";"100,00";"25,50";"25,50";"158,68";"161,31";"156,69";"158,68";"Actual";"0,00";"Actual";"";"";"82,97";"";"";"-31,79";"-29,57";"55,78";"0";"0";"1";"-";"-";"-"
"OA_YTM";"29 Nis 2026 00:07:00";5532;"ACWA KIRIKKALE DGKÇ";"404,00";"927,40";"460,00";"217,00";"410,20";"410,00";"398,00";"410,20";"Actual";"408,53";"Actual";"";"";"0,21";"";"";"-0,75";"";"";"0";"0";"-";"-";"-";"-"
"OA_YTM";"29 Nis 2026 00:07:00";5453;"KARGI BARAJI VE HES";"157,00";"93,84";"0,00";"2,70";"154,16";"159,31";"154,69";"154,16";"Actual";"0,00";"Actual";"";"";"0,00";"";"";"-0,06";"";"";"0";"0";"-";"-";"-";"-"
"OA_YTM";"29 Nis 2026 00:07:00";6137;"KARAMAN BES";"158,00";"40,00";"10,75";"10,75";"160,21";"160,31";"155,69";"160,21";"Actual";"";"";"";"";"26,89";"10,00";"-0,01";"-8,58";"-14,40";"19,80";"0";"0";"1";"-";"-";"-"
"OA_YTM";"29 Nis 2026 00:07:00";6011;"GÜRSÖĞÜT BARAJI ve HES";"156,00";"51,64";"3,00";"2,50";"153,72";"158,31";"153,69";"153,72";"Actual";"";"";"";"";"0,00";"";"";"0,00";"";"";"0";"0";"-";"-";"-";"-"
"OA_YTM";"29 Nis 2026 00:07:00";2108;"SARIYAR 154";"159,00";"160,00";"0,00";"40,00";"154,35";"161,31";"156,69";"154,35";"Actual";"";"";"";"";"0,00";"";"";"-59,15";"";"";"0";"0";"-";"-";"-";"-"
"OA_YTM";"29 Nis 2026 00:07:00";2109;"YENİCE 154";"159,00";"36,97";"0,00";"3,00";"159,03";"161,31";"156,69";"159,03";"Actual";"";"";"";"";"0,00";"";"";"0,77";"";"";"0";"0";"-";"-";"-";"-"
"OA_YTM";"29 Nis 2026 00:07:00";2113;"ÇAMLICA HES 154";"159,00";"84,00";"22,00";"22,00";"158,56";"161,31";"156,69";"158,56";"Actual";"-0,62";"Actual";"";"";"56,41";"";"";"0,03";"-16,56";"24,41";"0";"0";"1";"-";"-";"-"
"OA_YTM";"29 Nis 2026 00:07:00";2111;"BAYMİNA 154";"158,00";"833,20";"440,00";"220,00";"157,50";"160,31";"155,69";"157,50";"Actual";"157,95";"Actual";"";"";"-0,27";"";"";"3,08";"";"";"0";"0";"-";"-";"-";"-"
"OA_YTM";"29 Nis 2026 00:07:00";2110;"BAYRAMHACILI 154";"157,00";"47,00";"14,10";"14,10";"157,20";"159,31";"154,69";"157,20";"Actual";"";"";"";"";"39,47";"";"";"-15,01";"-13,90";"26,21";"0";"0";"1";"-";"-";"-"
"OA_YTM";"29 Nis 2026 00:07:00";4952;"İÇ ANADOLU DGKÇ SANTRALİ";"404,00";"870,00";"0,00";"141,00";"405,78";"410,00";"398,00";"405,78";"Actual";"405,55";"Actual";"";"";"0,00";"";"";"-0,92";"";"";"0";"0";"-";"-";"-";"-"
"OA_YTM";"29 Nis 2026 00:07:00";2106;"KAPULUKAYA 154";"158,00";"54,00";"0,00";"13,00";"158,60";"160,31";"155,69";"158,60";"Actual";"";"";"";"";"-0,04";"";"";"-0,72";"";"";"0";"0";"-";"-";"-";"-"
"OA_YTM";"29 Nis 2026 00:07:00";2105;"HİRFANLI HES 154";"158,00";"128,00";"0,00";"20,00";"156,25";"160,31";"155,69";"156,25";"Actual";"";"";"";"";"0,59";"";"";"1,16";"";"";"0";"0";"-";"-";"-";"-"
"OA_YTM";"29 Nis 2026 00:07:00";2104;"GÖKÇEKAYA 380";"404,00";"278,40";"0,00";"80,00";"401,21";"410,00";"398,00";"401,21";"Actual";"403,27";"Actual";"401,67";"Actual";"-1,47";"";"";"-1,16";"";"";"0";"0";"-";"-";"-";"-"
"OA_YTM";"29 Nis 2026 00:07:00";2112;"ÇAYIRHAN TES 380";"404,00";"620,00";"450,00";"90,00";"400,60";"410,00";"398,00";"400,60";"Actual";"456,00";"Invalid";"";"";"514,97";"";"";"141,55";"-55,80";"83,70";"0";"0";"1";"-";"-";"-"
"OA_YTM";"29 Nis 2026 00:07:00";5673;"KAZAN SODA DGKÇS";"159,00";"379,00";"0,00";"205,00";"158,57";"161,31";"156,69";"158,57";"Actual";"158,55";"Actual";"";"";"-0,11";"";"";"-0,14";"";"";"0";"0";"-";"-";"-";"-"
"OA_YTM";"29 Nis 2026 00:07:00";6154;"YUNUS EMRE TES";"404,00";"145,00";"0,00";"35,00";"406,30";"410,00";"398,00";"406,30";"Actual";"";"";"";"";"-1,61";"";"";"-0,55";"";"";"0";"0";"-";"-";"-";"-"
"OA_YTM";"29 Nis 2026 00:07:00";2107;"KESİKKÖPRÜ 154";"158,00";"76,00";"0,00";"28,00";"162,03";"160,31";"155,69";"162,03";"Actual";"162,08";"Actual";"";"";"0,00";"";"";"0,02";"";"";"0";"0";"-";"-";"-";"-"
"OA_YTM";"29 Nis 2026 00:08:00";2114;"YAMULA HES 154";"159,00";"100,00";"25,50";"25,50";"158,96";"161,31";"156,69";"158,96";"Actual";"0,00";"Actual";"";"";"82,97";"";"";"-32,81";"-29,57";"55,78";"0";"0";"1";"-";"-";"-"
"OA_YTM";"29 Nis 2026 00:08:00";5532;"ACWA KIRIKKALE DGKÇ";"404,00";"927,40";"460,00";"217,00";"411,04";"410,00";"398,00";"411,04";"Actual";"410,20";"Actual";"";"";"0,00";"";"";"-0,95";"";"";"0";"0";"-";"-";"-";"-"
"OA_YTM";"29 Nis 2026 00:08:00";5453;"KARGI BARAJI VE HES";"157,00";"93,84";"0,00";"2,70";"154,16";"159,31";"154,69";"154,16";"Actual";"0,00";"Actual";"";"";"0,00";"";"";"-0,06";"";"";"0";"0";"-";"-";"-";"-"
"OA_YTM";"29 Nis 2026 00:08:00";6137;"KARAMAN BES";"158,00";"40,00";"10,75";"10,75";"160,44";"160,31";"155,69";"160,44";"Actual";"";"";"";"";"26,93";"10,00";"-0,01";"-9,10";"16,00";"22,00";"0";"0";"0";"-";"-";"-"
"OA_YTM";"29 Nis 2026 00:08:00";6011;"GÜRSÖĞÜT BARAJI ve HES";"156,00";"51,64";"3,00";"2,50";"154,35";"158,31";"153,69";"154,35";"Actual";"";"";"";"";"0,00";"";"";"0,00";"";"";"0";"0";"-";"-";"-";"-"
"OA_YTM";"29 Nis 2026 00:08:00";2108;"SARIYAR 154";"159,00";"160,00";"0,00";"40,00";"155,14";"161,31";"156,69";"155,14";"Actual";"";"";"";"";"0,00";"";"";"-59,15";"";"";"0";"0";"-";"-";"-";"-"
"OA_YTM";"29 Nis 2026 00:08:00";2109;"YENİCE 154";"159,00";"36,97";"0,00";"3,00";"158,58";"161,31";"156,69";"158,58";"Actual";"";"";"";"";"0,00";"";"";"0,81";"";"";"0";"0";"-";"-";"-";"-"
"OA_YTM";"29 Nis 2026 00:08:00";2113;"ÇAMLICA HES 154";"159,00";"84,00";"22,00";"22,00";"158,79";"161,31";"156,69";"158,79";"Actual";"-0,62";"Actual";"";"";"56,44";"";"";"-0,68";"-16,56";"24,41";"0";"0";"1";"-";"-";"-"
"OA_YTM";"29 Nis 2026 00:08:00";2111;"BAYMİNA 154";"158,00";"833,20";"440,00";"220,00";"158,46";"160,31";"155,69";"158,46";"Actual";"158,85";"Actual";"";"";"-0,27";"";"";"3,08";"";"";"0";"0";"-";"-";"-";"-"
"OA_YTM";"29 Nis 2026 00:08:00";2110;"BAYRAMHACILI 154";"157,00";"47,00";"14,10";"14,10";"157,20";"159,31";"154,69";"157,20";"Actual";"";"";"";"";"39,79";"";"";"-15,56";"-13,90";"26,21";"0";"0";"1";"-";"-";"-"
"OA_YTM";"29 Nis 2026 00:08:00";4952;"İÇ ANADOLU DGKÇ SANTRALİ";"404,00";"870,00";"0,00";"141,00";"407,88";"410,00";"398,00";"407,88";"Actual";"408,14";"Actual";"";"";"0,00";"";"";"-0,92";"";"";"0";"0";"-";"-";"-";"-"
"OA_YTM";"29 Nis 2026 00:08:00";2106;"KAPULUKAYA 154";"158,00";"54,00";"0,00";"13,00";"158,92";"160,31";"155,69";"158,92";"Actual";"";"";"";"";"-0,05";"";"";"0,43";"";"";"0";"0";"-";"-";"-";"-"
"OA_YTM";"29 Nis 2026 00:08:00";2105;"HİRFANLI HES 154";"158,00";"128,00";"0,00";"20,00";"156,25";"160,31";"155,69";"156,25";"Actual";"";"";"";"";"0,67";"";"";"1,16";"";"";"0";"0";"-";"-";"-";"-"
"OA_YTM";"29 Nis 2026 00:08:00";2104;"GÖKÇEKAYA 380";"404,00";"278,40";"0,00";"80,00";"402,55";"410,00";"398,00";"402,55";"Actual";"405,12";"Actual";"402,66";"Actual";"-1,47";"";"";"-1,47";"";"";"0";"0";"-";"-";"-";"-"
"OA_YTM";"29 Nis 2026 00:08:00";2112;"ÇAYIRHAN TES 380";"404,00";"620,00";"450,00";"90,00";"401,99";"410,00";"398,00";"401,99";"Actual";"456,00";"Invalid";"";"";"516,26";"";"";"116,80";"-55,80";"83,70";"0";"0";"1";"-";"-";"-"
"OA_YTM";"29 Nis 2026 00:08:00";5673;"KAZAN SODA DGKÇS";"159,00";"379,00";"0,00";"205,00";"159,30";"161,31";"156,69";"159,30";"Actual";"159,26";"Actual";"";"";"-0,11";"";"";"-0,14";"";"";"0";"0";"-";"-";"-";"-"
"OA_YTM";"29 Nis 2026 00:08:00";6154;"YUNUS EMRE TES";"404,00";"145,00";"0,00";"35,00";"408,95";"410,00";"398,00";"408,95";"Actual";"";"";"";"";"-1,61";"";"";"-0,44";"";"";"0";"0";"-";"-";"-";"-"
"OA_YTM";"29 Nis 2026 00:08:00";2107;"KESİKKÖPRÜ 154";"158,00";"76,00";"0,00";"28,00";"162,10";"160,31";"155,69";"162,10";"Actual";"162,14";"Actual";"";"";"-0,02";"";"";"0,04";"";"";"0";"0";"-";"-";"-";"-"
"OA_YTM";"29 Nis 2026 00:09:00";2114;"YAMULA HES 154";"159,00";"100,00";"25,50";"25,50";"158,24";"161,31";"156,69";"158,24";"Actual";"0,00";"Actual";"";"";"82,99";"";"";"-32,62";"-29,57";"55,78";"0";"0";"1";"-";"-";"-"
"OA_YTM";"29 Nis 2026 00:09:00";5532;"ACWA KIRIKKALE DGKÇ";"404,00";"927,40";"460,00";"217,00";"410,06";"410,00";"398,00";"410,06";"Actual";"408,67";"Actual";"";"";"0,21";"";"";"-0,99";"";"";"0";"0";"-";"-";"-";"-"
"OA_YTM";"29 Nis 2026 00:09:00";5453;"KARGI BARAJI VE HES";"157,00";"93,84";"0,00";"2,70";"154,16";"159,31";"154,69";"154,16";"Actual";"0,00";"Actual";"";"";"0,00";"";"";"-0,06";"";"";"0";"0";"-";"-";"-";"-"
"OA_YTM";"29 Nis 2026 00:09:00";6137;"KARAMAN BES";"158,00";"40,00";"10,75";"10,75";"160,15";"160,31";"155,69";"160,15";"Actual";"";"";"";"";"26,65";"10,00";"-0,01";"-8,38";"-14,40";"19,80";"0";"0";"1";"-";"-";"-"
"OA_YTM";"29 Nis 2026 00:09:00";6011;"GÜRSÖĞÜT BARAJI ve HES";"156,00";"51,64";"3,00";"2,50";"153,79";"158,31";"153,69";"153,79";"Actual";"";"";"";"";"0,00";"";"";"0,00";"";"";"0";"0";"-";"-";"-";"-"
"OA_YTM";"29 Nis 2026 00:09:00";2108;"SARIYAR 154";"159,00";"160,00";"0,00";"40,00";"153,96";"161,31";"156,69";"153,96";"Actual";"";"";"";"";"0,00";"";"";"-59,15";"";"";"0";"0";"-";"-";"-";"-"
"OA_YTM";"29 Nis 2026 00:09:00";2109;"YENİCE 154";"159,00";"36,97";"0,00";"3,00";"158,36";"161,31";"156,69";"158,36";"Actual";"";"";"";"";"0,00";"";"";"0,77";"";"";"0";"0";"-";"-";"-";"-"
"OA_YTM";"29 Nis 2026 00:09:00";2113;"ÇAMLICA HES 154";"159,00";"84,00";"22,00";"22,00";"158,56";"161,31";"156,69";"158,56";"Actual";"-0,62";"Actual";"";"";"56,44";"";"";"0,14";"-16,56";"24,41";"0";"0";"1";"-";"-";"-"
"OA_YTM";"29 Nis 2026 00:09:00";2111;"BAYMİNA 154";"158,00";"833,20";"440,00";"220,00";"157,95";"160,31";"155,69";"157,95";"Actual";"158,23";"Actual";"";"";"-0,21";"";"";"3,08";"";"";"0";"0";"-";"-";"-";"-"
"OA_YTM";"29 Nis 2026 00:09:00";2110;"BAYRAMHACILI 154";"157,00";"47,00";"14,10";"14,10";"157,16";"159,31";"154,69";"157,16";"Actual";"";"";"";"";"39,63";"";"";"-12,84";"-13,90";"26,21";"0";"0";"1";"-";"-";"-"
"OA_YTM";"29 Nis 2026 00:09:00";4952;"İÇ ANADOLU DGKÇ SANTRALİ";"404,00";"870,00";"0,00";"141,00";"405,64";"410,00";"398,00";"405,64";"Actual";"404,72";"Actual";"";"";"0,00";"";"";"-0,92";"";"";"0";"0";"-";"-";"-";"-"
"OA_YTM";"29 Nis 2026 00:09:00";2106;"KAPULUKAYA 154";"158,00";"54,00";"0,00";"13,00";"158,69";"160,31";"155,69";"158,69";"Actual";"";"";"";"";"0,00";"";"";"0,13";"";"";"0";"0";"-";"-";"-";"-"
"OA_YTM";"29 Nis 2026 00:09:00";2105;"HİRFANLI HES 154";"158,00";"128,00";"0,00";"20,00";"155,80";"160,31";"155,69";"155,80";"Actual";"";"";"";"";"0,63";"";"";"1,24";"";"";"0";"0";"-";"-";"-";"-"
"OA_YTM";"29 Nis 2026 00:09:00";2104;"GÖKÇEKAYA 380";"404,00";"278,40";"0,00";"80,00";"401,27";"410,00";"398,00";"401,27";"Actual";"404,24";"Actual";"401,35";"Actual";"-1,47";"";"";"-1,16";"";"";"0";"0";"-";"-";"-";"-"
"OA_YTM";"29 Nis 2026 00:09:00";2112;"ÇAYIRHAN TES 380";"404,00";"620,00";"450,00";"90,00";"400,74";"410,00";"398,00";"400,74";"Actual";"456,00";"Invalid";"";"";"513,75";"";"";"134,11";"-55,80";"83,70";"0";"0";"1";"-";"-";"-"
"OA_YTM";"29 Nis 2026 00:09:00";5673;"KAZAN SODA DGKÇS";"159,00";"379,00";"0,00";"205,00";"158,42";"161,31";"156,69";"158,42";"Actual";"158,87";"Actual";"";"";"-0,11";"";"";"-0,14";"";"";"0";"0";"-";"-";"-";"-"
"OA_YTM";"29 Nis 2026 00:09:00";6154;"YUNUS EMRE TES";"404,00";"145,00";"0,00";"35,00";"406,30";"410,00";"398,00";"406,30";"Actual";"";"";"";"";"-1,61";"";"";"-0,44";"";"";"0";"0";"-";"-";"-";"-"
"OA_YTM";"29 Nis 2026 00:09:00";2107;"KESİKKÖPRÜ 154";"158,00";"76,00";"0,00";"28,00";"161,96";"160,31";"155,69";"161,96";"Actual";"162,08";"Actual";"";"";"-0,01";"";"";"0,03";"";"";"0";"0";"-";"-";"-";"-"
"OA_YTM";"29 Nis 2026 00:10:00";2114;"YAMULA HES 154";"159,00";"100,00";"25,50";"25,50";"158,08";"161,31";"156,69";"158,08";"Actual";"0,00";"Actual";"";"";"82,91";"";"";"-30,31";"-29,57";"55,78";"0";"0";"1";"-";"-";"-"
"OA_YTM";"29 Nis 2026 00:10:00";5532;"ACWA KIRIKKALE DGKÇ";"404,00";"927,40";"460,00";"217,00";"407,00";"410,00";"398,00";"407,00";"Actual";"407,00";"Actual";"";"";"0,21";"";"";"-0,51";"";"";"0";"0";"-";"-";"-";"-"
"OA_YTM";"29 Nis 2026 00:10:00";5453;"KARGI BARAJI VE HES";"157,00";"93,84";"0,00";"2,70";"153,98";"159,31";"154,69";"153,98";"Actual";"0,00";"Actual";"";"";"0,00";"";"";"-0,06";"";"";"0";"0";"-";"-";"-";"-"
"OA_YTM";"29 Nis 2026 00:10:00";6137;"KARAMAN BES";"158,00";"40,00";"10,75";"10,75";"159,92";"160,31";"155,69";"159,92";"Actual";"";"";"";"";"26,16";"10,00";"-0,01";"-8,63";"-14,40";"19,80";"0";"0";"1";"-";"-";"-"
"OA_YTM";"29 Nis 2026 00:10:00";6011;"GÜRSÖĞÜT BARAJI ve HES";"156,00";"51,64";"3,00";"2,50";"153,14";"158,31";"153,69";"153,14";"Actual";"";"";"";"";"0,00";"";"";"0,00";"";"";"0";"0";"-";"-";"-";"-"
"OA_YTM";"29 Nis 2026 00:10:00";2108;"SARIYAR 154";"159,00";"160,00";"0,00";"40,00";"153,79";"161,31";"156,69";"153,79";"Actual";"";"";"";"";"0,00";"";"";"-59,15";"";"";"0";"0";"-";"-";"-";"-"
"OA_YTM";"29 Nis 2026 00:10:00";2109;"YENİCE 154";"159,00";"36,97";"0,00";"3,00";"158,36";"161,31";"156,69";"158,36";"Actual";"";"";"";"";"0,00";"";"";"0,77";"";"";"0";"0";"-";"-";"-";"-"
"OA_YTM";"29 Nis 2026 00:10:00";2113;"ÇAMLICA HES 154";"159,00";"84,00";"22,00";"22,00";"158,11";"161,31";"156,69";"158,11";"Actual";"-0,62";"Actual";"";"";"56,42";"";"";"-0,03";"-16,56";"24,41";"0";"0";"1";"-";"-";"-"
"OA_YTM";"29 Nis 2026 00:10:00";2111;"BAYMİNA 154";"158,00";"833,20";"440,00";"220,00";"157,33";"160,31";"155,69";"157,33";"Actual";"157,89";"Actual";"";"";"-0,27";"";"";"3,08";"";"";"0";"0";"-";"-";"-";"-"
"OA_YTM";"29 Nis 2026 00:10:00";2110;"BAYRAMHACILI 154";"157,00";"47,00";"14,10";"14,10";"156,33";"159,31";"154,69";"156,33";"Actual";"";"";"";"";"39,52";"";"";"-11,81";"-13,90";"26,21";"0";"0";"1";"-";"-";"-"
"OA_YTM";"29 Nis 2026 00:10:00";4952;"İÇ ANADOLU DGKÇ SANTRALİ";"404,00";"870,00";"0,00";"141,00";"402,35";"410,00";"398,00";"402,35";"Actual";"402,62";"Actual";"";"";"0,00";"";"";"-0,92";"";"";"0";"0";"-";"-";"-";"-"
"OA_YTM";"29 Nis 2026 00:10:00";2106;"KAPULUKAYA 154";"158,00";"54,00";"0,00";"13,00";"157,68";"160,31";"155,69";"157,68";"Actual";"";"";"";"";"-0,05";"";"";"0,67";"";"";"0";"0";"-";"-";"-";"-"
"OA_YTM";"29 Nis 2026 00:10:00";2105;"HİRFANLI HES 154";"158,00";"128,00";"0,00";"20,00";"155,80";"160,31";"155,69";"155,80";"Actual";"";"";"";"";"0,67";"";"";"1,16";"";"";"0";"0";"-";"-";"-";"-"
"OA_YTM";"29 Nis 2026 00:10:00";2104;"GÖKÇEKAYA 380";"404,00";"278,40";"0,00";"80,00";"399,85";"410,00";"398,00";"399,85";"Actual";"402,31";"Actual";"400,22";"Actual";"-1,47";"";"";"-1,47";"";"";"0";"0";"-";"-";"-";"-"
"OA_YTM";"29 Nis 2026 00:10:00";2112;"ÇAYIRHAN TES 380";"404,00";"620,00";"450,00";"90,00";"399,21";"410,00";"398,00";"399,21";"Actual";"456,00";"Invalid";"";"";"513,43";"";"";"157,46";"-55,80";"83,70";"0";"0";"1";"-";"-";"-"
"OA_YTM";"29 Nis 2026 00:10:00";5673;"KAZAN SODA DGKÇS";"159,00";"379,00";"0,00";"205,00";"158,01";"161,31";"156,69";"158,01";"Actual";"157,46";"Actual";"";"";"-0,11";"";"";"-0,14";"";"";"0";"0";"-";"-";"-";"-"
"OA_YTM";"29 Nis 2026 00:10:00";6154;"YUNUS EMRE TES";"404,00";"145,00";"0,00";"35,00";"404,50";"410,00";"398,00";"404,50";"Actual";"";"";"";"";"-1,61";"";"";"-0,44";"";"";"0";"0";"-";"-";"-";"-"
"OA_YTM";"29 Nis 2026 00:10:00";2107;"KESİKKÖPRÜ 154";"158,00";"76,00";"0,00";"28,00";"161,86";"160,31";"155,69";"161,86";"Actual";"161,96";"Actual";"";"";"-0,03";"";"";"0,03";"";"";"0";"0";"-";"-";"-";"-"
"OA_YTM";"29 Nis 2026 00:11:00";2114;"YAMULA HES 154";"159,00";"100,00";"25,50";"25,50";"157,86";"161,31";"156,69";"157,86";"Actual";"0,00";"Actual";"";"";"82,92";"";"";"-26,69";"-29,57";"55,78";"0";"0";"1";"-";"-";"-"
"OA_YTM";"29 Nis 2026 00:11:00";5532;"ACWA KIRIKKALE DGKÇ";"404,00";"927,40";"460,00";"217,00";"404,22";"410,00";"398,00";"404,22";"Actual";"404,08";"Actual";"";"";"0,00";"";"";"-0,75";"";"";"0";"0";"-";"-";"-";"-"
"OA_YTM";"29 Nis 2026 00:11:00";5453;"KARGI BARAJI VE HES";"157,00";"93,84";"0,00";"2,70";"153,48";"159,31";"154,69";"153,48";"Actual";"0,00";"Actual";"";"";"0,00";"";"";"-0,06";"";"";"0";"0";"-";"-";"-";"-"
"OA_YTM";"29 Nis 2026 00:11:00";6137;"KARAMAN BES";"158,00";"40,00";"10,75";"10,75";"159,87";"160,31";"155,69";"159,87";"Actual";"";"";"";"";"25,34";"10,00";"-0,01";"-7,82";"-14,40";"19,80";"0";"0";"1";"-";"-";"-"
"OA_YTM";"29 Nis 2026 00:11:00";6011;"GÜRSÖĞÜT BARAJI ve HES";"156,00";"51,64";"3,00";"2,50";"152,42";"158,31";"153,69";"152,42";"Actual";"";"";"";"";"0,00";"";"";"0,00";"";"";"0";"0";"-";"-";"-";"-"
"OA_YTM";"29 Nis 2026 00:11:00";2108;"SARIYAR 154";"159,00";"160,00";"0,00";"40,00";"153,23";"161,31";"156,69";"153,23";"Actual";"";"";"";"";"0,00";"";"";"-59,15";"";"";"0";"0";"-";"-";"-";"-"
"OA_YTM";"29 Nis 2026 00:11:00";2109;"YENİCE 154";"159,00";"36,97";"0,00";"3,00";"157,91";"161,31";"156,69";"157,91";"Actual";"";"";"";"";"0,00";"";"";"0,81";"";"";"0";"0";"-";"-";"-";"-"
"OA_YTM";"29 Nis 2026 00:11:00";2113;"ÇAMLICA HES 154";"159,00";"84,00";"22,00";"22,00";"158,11";"161,31";"156,69";"158,11";"Actual";"-0,62";"Actual";"";"";"56,42";"";"";"1,05";"-16,56";"24,41";"0";"0";"1";"-";"-";"-"
"OA_YTM";"29 Nis 2026 00:11:00";2111;"BAYMİNA 154";"158,00";"833,20";"440,00";"220,00";"156,26";"160,31";"155,69";"156,26";"Actual";"156,71";"Actual";"";"";"-0,27";"";"";"3,08";"";"";"0";"0";"-";"-";"-";"-"
"OA_YTM";"29 Nis 2026 00:11:00";2110;"BAYRAMHACILI 154";"157,00";"47,00";"14,10";"14,10";"156,33";"159,31";"154,69";"156,33";"Actual";"";"";"";"";"39,53";"";"";"-8,62";"-13,90";"26,21";"0";"0";"1";"-";"-";"-"
"OA_YTM";"29 Nis 2026 00:11:00";4952;"İÇ ANADOLU DGKÇ SANTRALİ";"404,00";"870,00";"0,00";"141,00";"399,99";"410,00";"398,00";"399,99";"Actual";"400,29";"Actual";"";"";"0,00";"";"";"-0,92";"";"";"0";"0";"-";"-";"-";"-"
"OA_YTM";"29 Nis 2026 00:11:00";2106;"KAPULUKAYA 154";"158,00";"54,00";"0,00";"13,00";"157,64";"160,31";"155,69";"157,64";"Actual";"";"";"";"";"0,08";"";"";"0,05";"";"";"0";"0";"-";"-";"-";"-"
"OA_YTM";"29 Nis 2026 00:11:00";2105;"HİRFANLI HES 154";"158,00";"128,00";"0,00";"20,00";"155,80";"160,31";"155,69";"155,80";"Actual";"";"";"";"";"0,63";"";"";"1,16";"";"";"0";"0";"-";"-";"-";"-"
"OA_YTM";"29 Nis 2026 00:11:00";2104;"GÖKÇEKAYA 380";"404,00";"278,40";"0,00";"80,00";"398,29";"410,00";"398,00";"398,29";"Actual";"400,78";"Actual";"398,87";"Actual";"-1,47";"";"";"-1,16";"";"";"0";"0";"-";"-";"-";"-"
"OA_YTM";"29 Nis 2026 00:11:00";2112;"ÇAYIRHAN TES 380";"404,00";"620,00";"450,00";"90,00";"399,21";"410,00";"398,00";"399,21";"Actual";"456,00";"Invalid";"";"";"511,84";"";"";"175,58";"-55,80";"83,70";"0";"0";"1";"-";"-";"-"
"OA_YTM";"29 Nis 2026 00:11:00";5673;"KAZAN SODA DGKÇS";"159,00";"379,00";"0,00";"205,00";"156,56";"161,31";"156,69";"156,56";"Actual";"156,73";"Actual";"";"";"-0,11";"";"";"-0,14";"";"";"0";"0";"-";"-";"-";"-"
"OA_YTM";"29 Nis 2026 00:11:00";6154;"YUNUS EMRE TES";"404,00";"145,00";"0,00";"35,00";"403,52";"410,00";"398,00";"403,52";"Actual";"";"";"";"";"-1,61";"";"";"-0,44";"";"";"0";"0";"-";"-";"-";"-"
"OA_YTM";"29 Nis 2026 00:11:00";2107;"KESİKKÖPRÜ 154";"158,00";"76,00";"0,00";"28,00";"161,83";"160,31";"155,69";"161,83";"Actual";"161,87";"Actual";"";"";"-0,01";"";"";"0,03";"";"";"0";"0";"-";"-";"-";"-"
"OA_YTM";"29 Nis 2026 00:12:00";2114;"YAMULA HES 154";"159,00";"100,00";"25,50";"25,50";"157,86";"161,31";"156,69";"157,86";"Actual";"0,00";"Actual";"";"";"82,97";"";"";"-28,39";"-29,57";"55,78";"0";"0";"1";"-";"-";"-"
"OA_YTM";"29 Nis 2026 00:12:00";5532;"ACWA KIRIKKALE DGKÇ";"404,00";"927,40";"460,00";"217,00";"407,28";"410,00";"398,00";"407,28";"Actual";"404,36";"Actual";"";"";"0,21";"";"";"-0,75";"";"";"0";"0";"-";"-";"-";"-"
"OA_YTM";"29 Nis 2026 00:12:00";5453;"KARGI BARAJI VE HES";"157,00";"93,84";"0,00";"2,70";"152,63";"159,31";"154,69";"152,63";"Actual";"0,00";"Actual";"";"";"0,00";"";"";"-0,06";"";"";"0";"0";"-";"-";"-";"-"
"OA_YTM";"29 Nis 2026 00:12:00";6137;"KARAMAN BES";"158,00";"40,00";"10,75";"10,75";"160,00";"160,31";"155,69";"160,00";"Actual";"";"";"";"";"25,22";"10,00";"-0,01";"-7,98";"-14,40";"19,80";"0";"0";"1";"-";"-";"-"
"OA_YTM";"29 Nis 2026 00:12:00";6011;"GÜRSÖĞÜT BARAJI ve HES";"156,00";"51,64";"3,00";"2,50";"152,59";"158,31";"153,69";"152,59";"Actual";"";"";"";"";"0,00";"";"";"0,00";"";"";"0";"0";"-";"-";"-";"-"
"OA_YTM";"29 Nis 2026 00:12:00";2108;"SARIYAR 154";"159,00";"160,00";"0,00";"40,00";"153,23";"161,31";"156,69";"153,23";"Actual";"";"";"";"";"0,00";"";"";"-59,15";"";"";"0";"0";"-";"-";"-";"-"
"OA_YTM";"29 Nis 2026 00:12:00";2109;"YENİCE 154";"159,00";"36,97";"0,00";"3,00";"157,91";"161,31";"156,69";"157,91";"Actual";"";"";"";"";"0,00";"";"";"0,81";"";"";"0";"0";"-";"-";"-";"-"
"OA_YTM";"29 Nis 2026 00:12:00";2113;"ÇAMLICA HES 154";"159,00";"84,00";"22,00";"22,00";"158,56";"161,31";"156,69";"158,56";"Actual";"-0,62";"Actual";"";"";"56,44";"";"";"-0,25";"-16,56";"24,41";"0";"0";"1";"-";"-";"-"
"OA_YTM";"29 Nis 2026 00:12:00";2111;"BAYMİNA 154";"158,00";"833,20";"440,00";"220,00";"156,09";"160,31";"155,69";"156,09";"Actual";"157,22";"Actual";"";"";"-0,27";"";"";"3,08";"";"";"0";"0";"-";"-";"-";"-"
"OA_YTM";"29 Nis 2026 00:12:00";2110;"BAYRAMHACILI 154";"157,00";"47,00";"14,10";"14,10";"157,14";"159,31";"154,69";"157,14";"Actual";"";"";"";"";"39,66";"";"";"-7,15";"-13,90";"26,21";"0";"0";"1";"-";"-";"-"
"OA_YTM";"29 Nis 2026 00:12:00";4952;"İÇ ANADOLU DGKÇ SANTRALİ";"404,00";"870,00";"0,00";"141,00";"401,87";"410,00";"398,00";"401,87";"Actual";"400,99";"Actual";"";"";"0,00";"";"";"-0,92";"";"";"0";"0";"-";"-";"-";"-"
"OA_YTM";"29 Nis 2026 00:12:00";2106;"KAPULUKAYA 154";"158,00";"54,00";"0,00";"13,00";"158,10";"160,31";"155,69";"158,10";"Actual";"";"";"";"";"0,13";"";"";"0,09";"";"";"0";"0";"-";"-";"-";"-"
"OA_YTM";"29 Nis 2026 00:12:00";2105;"HİRFANLI HES 154";"158,00";"128,00";"0,00";"20,00";"155,12";"160,31";"155,69";"155,12";"Actual";"";"";"";"";"0,67";"";"";"1,16";"";"";"0";"0";"-";"-";"-";"-"
"OA_YTM";"29 Nis 2026 00:12:00";2104;"GÖKÇEKAYA 380";"404,00";"278,40";"0,00";"80,00";"398,82";"410,00";"398,00";"398,82";"Actual";"401,20";"Actual";"399,42";"Actual";"-1,47";"";"";"-1,47";"";"";"0";"0";"-";"-";"-";"-"
"OA_YTM";"29 Nis 2026 00:12:00";2112;"ÇAYIRHAN TES 380";"404,00";"620,00";"450,00";"90,00";"399,21";"410,00";"398,00";"399,21";"Actual";"456,00";"Invalid";"";"";"510,18";"";"";"168,85";"-55,80";"83,70";"0";"0";"1";"-";"-";"-"
"OA_YTM";"29 Nis 2026 00:12:00";5673;"KAZAN SODA DGKÇS";"159,00";"379,00";"0,00";"205,00";"157,37";"161,31";"156,69";"157,37";"Actual";"157,29";"Actual";"";"";"-0,11";"";"";"-0,14";"";"";"0";"0";"-";"-";"-";"-"
"OA_YTM";"29 Nis 2026 00:12:00";6154;"YUNUS EMRE TES";"404,00";"145,00";"0,00";"35,00";"404,22";"410,00";"398,00";"404,22";"Actual";"";"";"";"";"-1,61";"";"";"-0,44";"";"";"0";"0";"-";"-";"-";"-"
"OA_YTM";"29 Nis 2026 00:12:00";2107;"KESİKKÖPRÜ 154";"158,00";"76,00";"0,00";"28,00";"161,80";"160,31";"155,69";"161,80";"Actual";"161,93";"Actual";"";"";"0,00";"";"";"0,04";"";"";"0";"0";"-";"-";"-";"-"
"OA_YTM";"29 Nis 2026 00:13:00";2114;"YAMULA HES 154";"159,00";"100,00";"25,50";"25,50";"158,24";"161,31";"156,69";"158,24";"Actual";"0,00";"Actual";"";"";"82,97";"";"";"-28,00";"-29,57";"55,78";"0";"0";"1";"-";"-";"-"
"OA_YTM";"29 Nis 2026 00:13:00";5532;"ACWA KIRIKKALE DGKÇ";"404,00";"927,40";"460,00";"217,00";"407,84";"410,00";"398,00";"407,84";"Actual";"407,14";"Actual";"";"";"0,21";"";"";"-0,75";"";"";"0";"0";"-";"-";"-";"-"
"OA_YTM";"29 Nis 2026 00:13:00";5453;"KARGI BARAJI VE HES";"157,00";"93,84";"0,00";"2,70";"153,39";"159,31";"154,69";"153,39";"Actual";"0,00";"Actual";"";"";"0,00";"";"";"-0,06";"";"";"0";"0";"-";"-";"-";"-"
"OA_YTM";"29 Nis 2026 00:13:00";6137;"KARAMAN BES";"158,00";"40,00";"10,75";"10,75";"160,15";"160,31";"155,69";"160,15";"Actual";"";"";"";"";"25,66";"10,00";"-0,01";"-8,64";"-14,40";"19,80";"0";"0";"1";"-";"-";"-"
"OA_YTM";"29 Nis 2026 00:13:00";6011;"GÜRSÖĞÜT BARAJI ve HES";"156,00";"51,64";"3,00";"2,50";"152,77";"158,31";"153,69";"152,77";"Actual";"";"";"";"";"0,00";"";"";"0,00";"";"";"0";"0";"-";"-";"-";"-"
"OA_YTM";"29 Nis 2026 00:13:00";2108;"SARIYAR 154";"159,00";"160,00";"0,00";"40,00";"154,02";"161,31";"156,69";"154,02";"Actual";"";"";"";"";"0,00";"";"";"-59,15";"";"";"0";"0";"-";"-";"-";"-"
"OA_YTM";"29 Nis 2026 00:13:00";2109;"YENİCE 154";"159,00";"36,97";"0,00";"3,00";"157,91";"161,31";"156,69";"157,91";"Actual";"";"";"";"";"0,00";"";"";"0,77";"";"";"0";"0";"-";"-";"-";"-"
"OA_YTM";"29 Nis 2026 00:13:00";2113;"ÇAMLICA HES 154";"159,00";"84,00";"22,00";"22,00";"158,11";"161,31";"156,69";"158,11";"Actual";"-0,62";"Actual";"";"";"56,42";"";"";"-0,35";"-16,56";"24,41";"0";"0";"1";"-";"-";"-"
"OA_YTM";"29 Nis 2026 00:13:00";2111;"BAYMİNA 154";"158,00";"833,20";"440,00";"220,00";"156,71";"160,31";"155,69";"156,71";"Actual";"157,67";"Actual";"";"";"-0,27";"";"";"3,08";"";"";"0";"0";"-";"-";"-";"-"
"OA_YTM";"29 Nis 2026 00:13:00";2110;"BAYRAMHACILI 154";"157,00";"47,00";"14,10";"14,10";"157,14";"159,31";"154,69";"157,14";"Actual";"";"";"";"";"39,78";"";"";"-10,05";"-13,90";"26,21";"0";"0";"1";"-";"-";"-"
"OA_YTM";"29 Nis 2026 00:13:00";4952;"İÇ ANADOLU DGKÇ SANTRALİ";"404,00";"870,00";"0,00";"141,00";"404,29";"410,00";"398,00";"404,29";"Actual";"404,45";"Actual";"";"";"0,00";"";"";"-0,92";"";"";"0";"0";"-";"-";"-";"-"
"OA_YTM";"29 Nis 2026 00:13:00";2106;"KAPULUKAYA 154";"158,00";"54,00";"0,00";"13,00";"157,79";"160,31";"155,69";"157,79";"Actual";"";"";"";"";"-0,02";"";"";"0,19";"";"";"0";"0";"-";"-";"-";"-"
"OA_YTM";"29 Nis 2026 00:13:00";2105;"HİRFANLI HES 154";"158,00";"128,00";"0,00";"20,00";"155,80";"160,31";"155,69";"155,80";"Actual";"";"";"";"";"0,59";"";"";"1,16";"";"";"0";"0";"-";"-";"-";"-"
"OA_YTM";"29 Nis 2026 00:13:00";2104;"GÖKÇEKAYA 380";"404,00";"278,40";"0,00";"80,00";"400,01";"410,00";"398,00";"400,01";"Actual";"402,53";"Actual";"400,45";"Actual";"-1,47";"";"";"-1,47";"";"";"0";"0";"-";"-";"-";"-"
"OA_YTM";"29 Nis 2026 00:13:00";2112;"ÇAYIRHAN TES 380";"404,00";"620,00";"450,00";"90,00";"400,18";"410,00";"398,00";"400,18";"Actual";"456,00";"Invalid";"";"";"511,04";"";"";"153,05";"-55,80";"83,70";"0";"0";"1";"-";"-";"-"
"OA_YTM";"29 Nis 2026 00:13:00";5673;"KAZAN SODA DGKÇS";"159,00";"379,00";"0,00";"205,00";"158,27";"161,31";"156,69";"158,27";"Actual";"157,70";"Actual";"";"";"-0,11";"";"";"-0,14";"";"";"0";"0";"-";"-";"-";"-"
"OA_YTM";"29 Nis 2026 00:13:00";6154;"YUNUS EMRE TES";"404,00";"145,00";"0,00";"35,00";"405,19";"410,00";"398,00";"405,19";"Actual";"";"";"";"";"-1,61";"";"";"-0,55";"";"";"0";"0";"-";"-";"-";"-"
"OA_YTM";"29 Nis 2026 00:13:00";2107;"KESİKKÖPRÜ 154";"158,00";"76,00";"0,00";"28,00";"161,86";"160,31";"155,69";"161,86";"Actual";"161,93";"Actual";"";"";"-0,01";"";"";"0,04";"";"";"0";"0";"-";"-";"-";"-"
"OA_YTM";"29 Nis 2026 00:14:00";2114;"YAMULA HES 154";"159,00";"100,00";"25,50";"25,50";"157,47";"161,31";"156,69";"157,47";"Actual";"0,00";"Actual";"";"";"82,97";"";"";"-27,65";"-29,57";"55,78";"0";"0";"1";"-";"-";"-"
"OA_YTM";"29 Nis 2026 00:14:00";5532;"ACWA KIRIKKALE DGKÇ";"404,00";"927,40";"460,00";"217,00";"403,94";"410,00";"398,00";"403,94";"Actual";"403,24";"Actual";"";"";"0,00";"";"";"-0,75";"";"";"0";"0";"-";"-";"-";"-"
"OA_YTM";"29 Nis 2026 00:14:00";5453;"KARGI BARAJI VE HES";"157,00";"93,84";"0,00";"2,70";"152,54";"159,31";"154,69";"152,54";"Actual";"0,00";"Actual";"";"";"0,00";"";"";"-0,06";"";"";"0";"0";"-";"-";"-";"-"
"OA_YTM";"29 Nis 2026 00:14:00";6137;"KARAMAN BES";"158,00";"40,00";"10,75";"10,75";"160,33";"160,31";"155,69";"160,33";"Actual";"";"";"";"";"26,14";"10,00";"-0,01";"-6,18";"16,00";"22,00";"0";"0";"0";"-";"-";"-"
"OA_YTM";"29 Nis 2026 00:14:00";6011;"GÜRSÖĞÜT BARAJI ve HES";"156,00";"51,64";"3,00";"2,50";"152,87";"158,31";"153,69";"152,87";"Actual";"";"";"";"";"0,00";"";"";"0,00";"";"";"0";"0";"-";"-";"-";"-"
"OA_YTM";"29 Nis 2026 00:14:00";2108;"SARIYAR 154";"159,00";"160,00";"0,00";"40,00";"153,23";"161,31";"156,69";"153,23";"Actual";"";"";"";"";"0,00";"";"";"-59,15";"";"";"0";"0";"-";"-";"-";"-"
"OA_YTM";"29 Nis 2026 00:14:00";2109;"YENİCE 154";"159,00";"36,97";"0,00";"3,00";"157,91";"161,31";"156,69";"157,91";"Actual";"";"";"";"";"0,00";"";"";"0,81";"";"";"0";"0";"-";"-";"-";"-"
"OA_YTM";"29 Nis 2026 00:14:00";2113;"ÇAMLICA HES 154";"159,00";"84,00";"22,00";"22,00";"157,66";"161,31";"156,69";"157,66";"Actual";"-0,62";"Actual";"";"";"56,42";"";"";"0,58";"-16,56";"24,41";"0";"0";"1";"-";"-";"-"
"OA_YTM";"29 Nis 2026 00:14:00";2111;"BAYMİNA 154";"158,00";"833,20";"440,00";"220,00";"156,09";"160,31";"155,69";"156,09";"Actual";"156,71";"Actual";"";"";"-0,27";"";"";"3,08";"";"";"0";"0";"-";"-";"-";"-"
"OA_YTM";"29 Nis 2026 00:14:00";2110;"BAYRAMHACILI 154";"157,00";"47,00";"14,10";"14,10";"157,07";"159,31";"154,69";"157,07";"Actual";"";"";"";"";"39,48";"";"";"-3,50";"-13,90";"26,21";"0";"0";"1";"-";"-";"-"
"OA_YTM";"29 Nis 2026 00:14:00";4952;"İÇ ANADOLU DGKÇ SANTRALİ";"404,00";"870,00";"0,00";"141,00";"399,60";"410,00";"398,00";"399,60";"Actual";"399,81";"Actual";"";"";"0,00";"";"";"-0,92";"";"";"0";"0";"-";"-";"-";"-"
"OA_YTM";"29 Nis 2026 00:14:00";2106;"KAPULUKAYA 154";"158,00";"54,00";"0,00";"13,00";"156,98";"160,31";"155,69";"156,98";"Actual";"";"";"";"";"-0,05";"";"";"0,01";"";"";"0";"0";"-";"-";"-";"-"
"OA_YTM";"29 Nis 2026 00:14:00";2105;"HİRFANLI HES 154";"158,00";"128,00";"0,00";"20,00";"154,90";"160,31";"155,69";"154,90";"Actual";"";"";"";"";"0,63";"";"";"1,16";"";"";"0";"0";"-";"-";"-";"-"
"OA_YTM";"29 Nis 2026 00:14:00";2104;"GÖKÇEKAYA 380";"404,00";"278,40";"0,00";"80,00";"398,91";"410,00";"398,00";"398,91";"Actual";"400,78";"Actual";"399,43";"Actual";"-1,47";"";"";"-1,47";"";"";"0";"0";"-";"-";"-";"-"
"OA_YTM";"29 Nis 2026 00:14:00";2112;"ÇAYIRHAN TES 380";"404,00";"620,00";"450,00";"90,00";"396,84";"410,00";"398,00";"396,84";"Actual";"456,00";"Invalid";"";"";"511,62";"";"";"183,83";"-55,80";"83,70";"0";"0";"0";"-";"-";"-"
"OA_YTM";"29 Nis 2026 00:14:00";5673;"KAZAN SODA DGKÇS";"159,00";"379,00";"0,00";"205,00";"157,14";"161,31";"156,69";"157,14";"Actual";"157,20";"Actual";"";"";"-0,11";"";"";"-0,14";"";"";"0";"0";"-";"-";"-";"-"
"OA_YTM";"29 Nis 2026 00:14:00";6154;"YUNUS EMRE TES";"404,00";"145,00";"0,00";"35,00";"401,99";"410,00";"398,00";"401,99";"Actual";"";"";"";"";"-1,61";"";"";"-0,55";"";"";"0";"0";"-";"-";"-";"-"
"OA_YTM";"29 Nis 2026 00:14:00";2107;"KESİKKÖPRÜ 154";"158,00";"76,00";"0,00";"28,00";"161,65";"160,31";"155,69";"161,65";"Actual";"161,72";"Actual";"";"";"-0,01";"";"";"0,04";"";"";"0";"0";"-";"-";"-";"-"
"OA_YTM";"29 Nis 2026 00:15:00";2114;"YAMULA HES 154";"159,00";"100,00";"25,50";"25,50";"159,23";"161,31";"156,69";"159,23";"Actual";"0,00";"Actual";"";"";"82,97";"";"";"-13,65";"-29,57";"55,78";"0";"0";"1";"-";"-";"-"
"OA_YTM";"29 Nis 2026 00:15:00";5532;"ACWA KIRIKKALE DGKÇ";"404,00";"927,40";"460,00";"217,00";"406,86";"410,00";"398,00";"406,86";"Actual";"404,22";"Actual";"";"";"0,21";"";"";"-0,75";"";"";"0";"0";"-";"-";"-";"-"
"OA_YTM";"29 Nis 2026 00:15:00";5453;"KARGI BARAJI VE HES";"157,00";"93,84";"0,00";"2,70";"152,54";"159,31";"154,69";"152,54";"Actual";"0,00";"Actual";"";"";"0,00";"";"";"-0,06";"";"";"0";"0";"-";"-";"-";"-"
"OA_YTM";"29 Nis 2026 00:15:00";6137;"KARAMAN BES";"158,00";"40,00";"10,75";"10,75";"160,28";"160,31";"155,69";"160,28";"Actual";"";"";"";"";"26,52";"10,00";"-0,01";"-6,33";"-14,40";"19,80";"0";"0";"1";"-";"-";"-"
"OA_YTM";"29 Nis 2026 00:15:00";6011;"GÜRSÖĞÜT BARAJI ve HES";"156,00";"51,64";"3,00";"2,50";"152,85";"158,31";"153,69";"152,85";"Actual";"";"";"";"";"0,00";"";"";"0,00";"";"";"0";"0";"-";"-";"-";"-"
"OA_YTM";"29 Nis 2026 00:15:00";2108;"SARIYAR 154";"159,00";"160,00";"0,00";"40,00";"153,23";"161,31";"156,69";"153,23";"Actual";"";"";"";"";"0,00";"";"";"-59,15";"";"";"0";"0";"-";"-";"-";"-"
"OA_YTM";"29 Nis 2026 00:15:00";2109;"YENİCE 154";"159,00";"36,97";"0,00";"3,00";"157,91";"161,31";"156,69";"157,91";"Actual";"";"";"";"";"0,00";"";"";"0,77";"";"";"0";"0";"-";"-";"-";"-"
"OA_YTM";"29 Nis 2026 00:15:00";2113;"ÇAMLICA HES 154";"159,00";"84,00";"22,00";"22,00";"158,11";"161,31";"156,69";"158,11";"Actual";"-0,62";"Actual";"";"";"56,42";"";"";"-0,73";"-16,56";"24,41";"0";"0";"1";"-";"-";"-"
"OA_YTM";"29 Nis 2026 00:15:00";2111;"BAYMİNA 154";"158,00";"833,20";"440,00";"220,00";"156,37";"160,31";"155,69";"156,37";"Actual";"157,89";"Actual";"";"";"-0,27";"";"";"3,08";"";"";"0";"0";"-";"-";"-";"-"
"OA_YTM";"29 Nis 2026 00:15:00";2110;"BAYRAMHACILI 154";"157,00";"47,00";"14,10";"14,10";"157,07";"159,31";"154,69";"157,07";"Actual";"";"";"";"";"39,66";"";"";"-7,33";"-13,90";"26,21";"0";"0";"1";"-";"-";"-"
"OA_YTM";"29 Nis 2026 00:15:00";4952;"İÇ ANADOLU DGKÇ SANTRALİ";"404,00";"870,00";"0,00";"141,00";"401,92";"410,00";"398,00";"401,92";"Actual";"401,43";"Actual";"";"";"0,00";"";"";"-0,92";"";"";"0";"0";"-";"-";"-";"-"
"OA_YTM";"29 Nis 2026 00:15:00";2106;"KAPULUKAYA 154";"158,00";"54,00";"0,00";"13,00";"158,15";"160,31";"155,69";"158,15";"Actual";"";"";"";"";"-0,10";"";"";"0,12";"";"";"0";"0";"-";"-";"-";"-"
"OA_YTM";"29 Nis 2026 00:15:00";2105;"HİRFANLI HES 154";"158,00";"128,00";"0,00";"20,00";"155,57";"160,31";"155,69";"155,57";"Actual";"";"";"";"";"0,63";"";"";"1,07";"";"";"0";"0";"-";"-";"-";"-"
"OA_YTM";"29 Nis 2026 00:15:00";2104;"GÖKÇEKAYA 380";"404,00";"278,40";"0,00";"80,00";"399,49";"410,00";"398,00";"399,49";"Actual";"401,96";"Actual";"399,81";"Actual";"-1,47";"";"";"-1,47";"";"";"0";"0";"-";"-";"-";"-"
"OA_YTM";"29 Nis 2026 00:15:00";2112;"ÇAYIRHAN TES 380";"404,00";"620,00";"450,00";"90,00";"398,79";"410,00";"398,00";"398,79";"Actual";"456,00";"Invalid";"";"";"509,78";"";"";"163,00";"-55,80";"83,70";"0";"0";"1";"-";"-";"-"
"OA_YTM";"29 Nis 2026 00:15:00";5673;"KAZAN SODA DGKÇS";"159,00";"379,00";"0,00";"205,00";"157,72";"161,31";"156,69";"157,72";"Actual";"157,65";"Actual";"";"";"-0,11";"";"";"-0,14";"";"";"0";"0";"-";"-";"-";"-"
"OA_YTM";"29 Nis 2026 00:15:00";6154;"YUNUS EMRE TES";"404,00";"145,00";"0,00";"35,00";"404,22";"410,00";"398,00";"404,22";"Actual";"";"";"";"";"-1,61";"";"";"-0,44";"";"";"0";"0";"-";"-";"-";"-"
"OA_YTM";"29 Nis 2026 00:15:00";2107;"KESİKKÖPRÜ 154";"158,00";"76,00";"0,00";"28,00";"161,78";"160,31";"155,69";"161,78";"Actual";"161,84";"Actual";"";"";"-0,01";"";"";"0,04";"";"";"0";"0";"-";"-";"-";"-"
"OA_YTM";"29 Nis 2026 00:16:00";2114;"YAMULA HES 154";"159,00";"100,00";"25,50";"25,50";"159,94";"161,31";"156,69";"159,94";"Actual";"0,00";"Actual";"";"";"82,97";"";"";"-10,09";"-29,57";"55,78";"0";"0";"1";"-";"-";"-"
"OA_YTM";"29 Nis 2026 00:16:00";5532;"ACWA KIRIKKALE DGKÇ";"404,00";"927,40";"460,00";"217,00";"406,86";"410,00";"398,00";"406,86";"Actual";"404,91";"Actual";"";"";"0,21";"";"";"-0,51";"";"";"0";"0";"-";"-";"-";"-"
"OA_YTM";"29 Nis 2026 00:16:00";5453;"KARGI BARAJI VE HES";"157,00";"93,84";"0,00";"2,70";"153,14";"159,31";"154,69";"153,14";"Actual";"0,00";"Actual";"";"";"0,00";"";"";"-0,06";"";"";"0";"0";"-";"-";"-";"-"
"OA_YTM";"29 Nis 2026 00:16:00";6137;"KARAMAN BES";"158,00";"40,00";"10,75";"10,75";"160,18";"160,31";"155,69";"160,18";"Actual";"";"";"";"";"26,62";"10,00";"-0,01";"-6,97";"-14,40";"19,80";"0";"0";"1";"-";"-";"-"
"OA_YTM";"29 Nis 2026 00:16:00";6011;"GÜRSÖĞÜT BARAJI ve HES";"156,00";"51,64";"3,00";"2,50";"152,35";"158,31";"153,69";"152,35";"Actual";"";"";"";"";"0,00";"";"";"0,00";"";"";"0";"0";"-";"-";"-";"-"
"OA_YTM";"29 Nis 2026 00:16:00";2108;"SARIYAR 154";"159,00";"160,00";"0,00";"40,00";"153,74";"161,31";"156,69";"153,74";"Actual";"";"";"";"";"0,00";"";"";"-59,15";"";"";"0";"0";"-";"-";"-";"-"
"OA_YTM";"29 Nis 2026 00:16:00";2109;"YENİCE 154";"159,00";"36,97";"0,00";"3,00";"157,91";"161,31";"156,69";"157,91";"Actual";"";"";"";"";"0,00";"";"";"0,77";"";"";"0";"0";"-";"-";"-";"-"
"OA_YTM";"29 Nis 2026 00:16:00";2113;"ÇAMLICA HES 154";"159,00";"84,00";"22,00";"22,00";"158,34";"161,31";"156,69";"158,34";"Actual";"-0,62";"Actual";"";"";"56,42";"";"";"-0,14";"-16,56";"24,41";"0";"0";"1";"-";"-";"-"
"OA_YTM";"29 Nis 2026 00:16:00";2111;"BAYMİNA 154";"158,00";"833,20";"440,00";"220,00";"156,43";"160,31";"155,69";"156,43";"Actual";"157,78";"Actual";"";"";"-0,27";"";"";"3,08";"";"";"0";"0";"-";"-";"-";"-"
"OA_YTM";"29 Nis 2026 00:16:00";2110;"BAYRAMHACILI 154";"157,00";"47,00";"14,10";"14,10";"156,33";"159,31";"154,69";"156,33";"Actual";"";"";"";"";"39,38";"";"";"-12,02";"-13,90";"26,21";"0";"0";"1";"-";"-";"-"
"OA_YTM";"29 Nis 2026 00:16:00";4952;"İÇ ANADOLU DGKÇ SANTRALİ";"404,00";"870,00";"0,00";"141,00";"401,43";"410,00";"398,00";"401,43";"Actual";"402,17";"Actual";"";"";"0,00";"";"";"-0,92";"";"";"0";"0";"-";"-";"-";"-"
"OA_YTM";"29 Nis 2026 00:16:00";2106;"KAPULUKAYA 154";"158,00";"54,00";"0,00";"13,00";"157,81";"160,31";"155,69";"157,81";"Actual";"";"";"";"";"-0,28";"";"";"0,10";"";"";"0";"0";"-";"-";"-";"-"
"OA_YTM";"29 Nis 2026 00:16:00";2105;"HİRFANLI HES 154";"158,00";"128,00";"0,00";"20,00";"155,57";"160,31";"155,69";"155,57";"Actual";"";"";"";"";"0,63";"";"";"1,16";"";"";"0";"0";"-";"-";"-";"-"
"OA_YTM";"29 Nis 2026 00:16:00";2104;"GÖKÇEKAYA 380";"404,00";"278,40";"0,00";"80,00";"398,90";"410,00";"398,00";"398,90";"Actual";"401,32";"Actual";"399,72";"Actual";"-1,47";"";"";"-1,16";"";"";"0";"0";"-";"-";"-";"-"
"OA_YTM";"29 Nis 2026 00:16:00";2112;"ÇAYIRHAN TES 380";"404,00";"620,00";"450,00";"90,00";"398,79";"410,00";"398,00";"398,79";"Actual";"456,00";"Invalid";"";"";"510,05";"";"";"162,50";"-55,80";"83,70";"0";"0";"1";"-";"-";"-"
"OA_YTM";"29 Nis 2026 00:16:00";5673;"KAZAN SODA DGKÇS";"159,00";"379,00";"0,00";"205,00";"157,40";"161,31";"156,69";"157,40";"Actual";"157,61";"Actual";"";"";"-0,11";"";"";"-0,14";"";"";"0";"0";"-";"-";"-";"-"
"OA_YTM";"29 Nis 2026 00:16:00";6154;"YUNUS EMRE TES";"404,00";"145,00";"0,00";"35,00";"404,22";"410,00";"398,00";"404,22";"Actual";"";"";"";"";"-1,61";"";"";"-0,44";"";"";"0";"0";"-";"-";"-";"-"
"OA_YTM";"29 Nis 2026 00:16:00";2107;"KESİKKÖPRÜ 154";"158,00";"76,00";"0,00";"28,00";"161,83";"160,31";"155,69";"161,83";"Actual";"161,93";"Actual";"";"";"-0,01";"";"";"0,04";"";"";"0";"0";"-";"-";"-";"-"
"OA_YTM";"29 Nis 2026 00:17:00";2114;"YAMULA HES 154";"159,00";"100,00";"25,50";"25,50";"159,39";"161,31";"156,69";"159,39";"Actual";"0,00";"Actual";"";"";"82,99";"";"";"-13,11";"-29,57";"55,78";"0";"0";"1";"-";"-";"-"
"OA_YTM";"29 Nis 2026 00:17:00";5532;"ACWA KIRIKKALE DGKÇ";"404,00";"927,40";"460,00";"217,00";"406,03";"410,00";"398,00";"406,03";"Actual";"404,08";"Actual";"";"";"0,00";"";"";"-0,75";"";"";"0";"0";"-";"-";"-";"-"
"OA_YTM";"29 Nis 2026 00:17:00";5453;"KARGI BARAJI VE HES";"157,00";"93,84";"0,00";"2,70";"153,14";"159,31";"154,69";"153,14";"Actual";"0,00";"Actual";"";"";"0,00";"";"";"-0,06";"";"";"0";"0";"-";"-";"-";"-"
"OA_YTM";"29 Nis 2026 00:17:00";6137;"KARAMAN BES";"158,00";"40,00";"10,75";"10,75";"160,24";"160,31";"155,69";"160,24";"Actual";"";"";"";"";"26,64";"10,00";"-0,01";"-6,59";"-14,40";"19,80";"0";"0";"1";"-";"-";"-"
"OA_YTM";"29 Nis 2026 00:17:00";6011;"GÜRSÖĞÜT BARAJI ve HES";"156,00";"51,64";"3,00";"2,50";"153,00";"158,31";"153,69";"153,00";"Actual";"";"";"";"";"0,00";"";"";"0,00";"";"";"0";"0";"-";"-";"-";"-"
"OA_YTM";"29 Nis 2026 00:17:00";2108;"SARIYAR 154";"159,00";"160,00";"0,00";"40,00";"153,68";"161,31";"156,69";"153,68";"Actual";"";"";"";"";"0,00";"";"";"-59,18";"";"";"0";"0";"-";"-";"-";"-"
"OA_YTM";"29 Nis 2026 00:17:00";2109;"YENİCE 154";"159,00";"36,97";"0,00";"3,00";"157,91";"161,31";"156,69";"157,91";"Actual";"";"";"";"";"0,00";"";"";"0,81";"";"";"0";"0";"-";"-";"-";"-"
"OA_YTM";"29 Nis 2026 00:17:00";2113;"ÇAMLICA HES 154";"159,00";"84,00";"22,00";"22,00";"158,56";"161,31";"156,69";"158,56";"Actual";"-0,62";"Actual";"";"";"56,42";"";"";"-0,36";"-16,56";"24,41";"0";"0";"1";"-";"-";"-"
"OA_YTM";"29 Nis 2026 00:17:00";2111;"BAYMİNA 154";"158,00";"833,20";"440,00";"220,00";"156,54";"160,31";"155,69";"156,54";"Actual";"156,88";"Actual";"";"";"-0,27";"";"";"3,08";"";"";"0";"0";"-";"-";"-";"-"
"OA_YTM";"29 Nis 2026 00:17:00";2110;"BAYRAMHACILI 154";"157,00";"47,00";"14,10";"14,10";"157,14";"159,31";"154,69";"157,14";"Actual";"";"";"";"";"39,59";"";"";"-8,70";"-13,90";"26,21";"0";"0";"1";"-";"-";"-"
"OA_YTM";"29 Nis 2026 00:17:00";4952;"İÇ ANADOLU DGKÇ SANTRALİ";"404,00";"870,00";"0,00";"141,00";"401,92";"410,00";"398,00";"401,92";"Actual";"402,62";"Actual";"";"";"0,00";"";"";"-0,92";"";"";"0";"0";"-";"-";"-";"-"
"OA_YTM";"29 Nis 2026 00:17:00";2106;"KAPULUKAYA 154";"158,00";"54,00";"0,00";"13,00";"157,64";"160,31";"155,69";"157,64";"Actual";"";"";"";"";"0,08";"";"";"1,38";"";"";"0";"0";"-";"-";"-";"-"
"OA_YTM";"29 Nis 2026 00:17:00";2105;"HİRFANLI HES 154";"158,00";"128,00";"0,00";"20,00";"154,90";"160,31";"155,69";"154,90";"Actual";"";"";"";"";"0,63";"";"";"1,16";"";"";"0";"0";"-";"-";"-";"-"
"OA_YTM";"29 Nis 2026 00:17:00";2104;"GÖKÇEKAYA 380";"404,00";"278,40";"0,00";"80,00";"399,30";"410,00";"398,00";"399,30";"Actual";"401,63";"Actual";"399,71";"Actual";"-1,47";"";"";"-1,47";"";"";"0";"0";"-";"-";"-";"-"
"OA_YTM";"29 Nis 2026 00:17:00";2112;"ÇAYIRHAN TES 380";"404,00";"620,00";"450,00";"90,00";"398,79";"410,00";"398,00";"398,79";"Actual";"456,00";"Invalid";"";"";"511,11";"";"";"164,87";"-55,80";"83,70";"0";"0";"1";"-";"-";"-"
"OA_YTM";"29 Nis 2026 00:17:00";5673;"KAZAN SODA DGKÇS";"159,00";"379,00";"0,00";"205,00";"157,59";"161,31";"156,69";"157,59";"Actual";"157,80";"Actual";"";"";"-0,11";"";"";"-0,14";"";"";"0";"0";"-";"-";"-";"-"
"OA_YTM";"29 Nis 2026 00:17:00";6154;"YUNUS EMRE TES";"404,00";"145,00";"0,00";"35,00";"403,80";"410,00";"398,00";"403,80";"Actual";"";"";"";"";"-1,61";"";"";"-0,44";"";"";"0";"0";"-";"-";"-";"-"
"OA_YTM";"29 Nis 2026 00:17:00";2107;"KESİKKÖPRÜ 154";"158,00";"76,00";"0,00";"28,00";"161,78";"160,31";"155,69";"161,78";"Actual";"161,84";"Actual";"";"";"0,00";"";"";"0,03";"";"";"0";"0";"-";"-";"-";"-"
"OA_YTM";"29 Nis 2026 00:18:00";2114;"YAMULA HES 154";"159,00";"100,00";"25,50";"25,50";"159,56";"161,31";"156,69";"159,56";"Actual";"0,00";"Actual";"";"";"82,92";"";"";"-15,28";"-29,57";"55,78";"0";"0";"1";"-";"-";"-"
"OA_YTM";"29 Nis 2026 00:18:00";5532;"ACWA KIRIKKALE DGKÇ";"404,00";"927,40";"460,00";"217,00";"407,70";"410,00";"398,00";"407,70";"Actual";"405,19";"Actual";"";"";"0,21";"";"";"-0,75";"";"";"0";"0";"-";"-";"-";"-"
"OA_YTM";"29 Nis 2026 00:18:00";5453;"KARGI BARAJI VE HES";"157,00";"93,84";"0,00";"2,70";"153,14";"159,31";"154,69";"153,14";"Actual";"0,00";"Actual";"";"";"0,00";"";"";"-0,06";"";"";"0";"0";"-";"-";"-";"-"
"OA_YTM";"29 Nis 2026 00:18:00";6137;"KARAMAN BES";"158,00";"40,00";"10,75";"10,75";"160,18";"160,31";"155,69";"160,18";"Actual";"";"";"";"";"26,65";"10,00";"-0,01";"-8,00";"-14,40";"19,80";"0";"0";"1";"-";"-";"-"
"OA_YTM";"29 Nis 2026 00:18:00";6011;"GÜRSÖĞÜT BARAJI ve HES";"156,00";"51,64";"3,00";"2,50";"153,07";"158,31";"153,69";"153,07";"Actual";"";"";"";"";"0,00";"";"";"0,00";"";"";"0";"0";"-";"-";"-";"-"
"OA_YTM";"29 Nis 2026 00:18:00";2108;"SARIYAR 154";"159,00";"160,00";"0,00";"40,00";"153,68";"161,31";"156,69";"153,68";"Actual";"";"";"";"";"0,00";"";"";"-59,15";"";"";"0";"0";"-";"-";"-";"-"
"OA_YTM";"29 Nis 2026 00:18:00";2109;"YENİCE 154";"159,00";"36,97";"0,00";"3,00";"157,91";"161,31";"156,69";"157,91";"Actual";"";"";"";"";"0,05";"";"";"0,82";"";"";"0";"0";"-";"-";"-";"-"
"OA_YTM";"29 Nis 2026 00:18:00";2113;"ÇAMLICA HES 154";"159,00";"84,00";"22,00";"22,00";"158,56";"161,31";"156,69";"158,56";"Actual";"-0,62";"Actual";"";"";"56,53";"";"";"-0,76";"-16,56";"24,41";"0";"0";"1";"-";"-";"-"
"OA_YTM";"29 Nis 2026 00:18:00";2111;"BAYMİNA 154";"158,00";"833,20";"440,00";"220,00";"157,10";"160,31";"155,69";"157,10";"Actual";"158,12";"Actual";"";"";"-0,14";"";"";"3,08";"";"";"0";"0";"-";"-";"-";"-"
"OA_YTM";"29 Nis 2026 00:18:00";2110;"BAYRAMHACILI 154";"157,00";"47,00";"14,10";"14,10";"156,39";"159,31";"154,69";"156,39";"Actual";"";"";"";"";"39,68";"";"";"-10,73";"-13,90";"26,21";"0";"0";"1";"-";"-";"-"
"OA_YTM";"29 Nis 2026 00:18:00";4952;"İÇ ANADOLU DGKÇ SANTRALİ";"404,00";"870,00";"0,00";"141,00";"402,39";"410,00";"398,00";"402,39";"Actual";"402,88";"Actual";"";"";"0,00";"";"";"-0,92";"";"";"0";"0";"-";"-";"-";"-"
"OA_YTM";"29 Nis 2026 00:18:00";2106;"KAPULUKAYA 154";"158,00";"54,00";"0,00";"13,00";"156,34";"160,31";"155,69";"156,34";"Actual";"";"";"";"";"0,03";"";"";"0,12";"";"";"0";"0";"-";"-";"-";"-"
"OA_YTM";"29 Nis 2026 00:18:00";2105;"HİRFANLI HES 154";"158,00";"128,00";"0,00";"20,00";"155,35";"160,31";"155,69";"155,35";"Actual";"";"";"";"";"0,63";"";"";"1,16";"";"";"0";"0";"-";"-";"-";"-"
"OA_YTM";"29 Nis 2026 00:18:00";2104;"GÖKÇEKAYA 380";"404,00";"278,40";"0,00";"80,00";"399,43";"410,00";"398,00";"399,43";"Actual";"401,64";"Actual";"400,17";"Actual";"-1,47";"";"";"-1,16";"";"";"0";"0";"-";"-";"-";"-"
"OA_YTM";"29 Nis 2026 00:18:00";2112;"ÇAYIRHAN TES 380";"404,00";"620,00";"450,00";"90,00";"398,79";"410,00";"398,00";"398,79";"Actual";"456,00";"Invalid";"";"";"512,77";"";"";"160,19";"-55,80";"83,70";"0";"0";"1";"-";"-";"-"
"OA_YTM";"29 Nis 2026 00:18:00";5673;"KAZAN SODA DGKÇS";"159,00";"379,00";"0,00";"205,00";"157,72";"161,31";"156,69";"157,72";"Actual";"157,84";"Actual";"";"";"-0,11";"";"";"-0,14";"";"";"0";"0";"-";"-";"-";"-"
"OA_YTM";"29 Nis 2026 00:18:00";6154;"YUNUS EMRE TES";"404,00";"145,00";"0,00";"35,00";"404,22";"410,00";"398,00";"404,22";"Actual";"";"";"";"";"-1,61";"";"";"-0,44";"";"";"0";"0";"-";"-";"-";"-"
"OA_YTM";"29 Nis 2026 00:18:00";2107;"KESİKKÖPRÜ 154";"158,00";"76,00";"0,00";"28,00";"161,92";"160,31";"155,69";"161,92";"Actual";"161,93";"Actual";"";"";"-0,03";"";"";"0,03";"";"";"0";"0";"-";"-";"-";"-"
"OA_YTM";"29 Nis 2026 00:19:00";2114;"YAMULA HES 154";"159,00";"100,00";"25,50";"25,50";"159,72";"161,31";"156,69";"159,72";"Actual";"0,00";"Actual";"";"";"82,97";"";"";"-15,72";"-29,57";"55,78";"0";"0";"1";"-";"-";"-"
"OA_YTM";"29 Nis 2026 00:19:00";5532;"ACWA KIRIKKALE DGKÇ";"404,00";"927,40";"460,00";"217,00";"407,70";"410,00";"398,00";"407,70";"Actual";"406,03";"Actual";"";"";"0,21";"";"";"-0,75";"";"";"0";"0";"-";"-";"-";"-"
"OA_YTM";"29 Nis 2026 00:19:00";5453;"KARGI BARAJI VE HES";"157,00";"93,84";"0,00";"2,70";"153,14";"159,31";"154,69";"153,14";"Actual";"0,00";"Actual";"";"";"0,00";"";"";"-0,06";"";"";"0";"0";"-";"-";"-";"-"
"OA_YTM";"29 Nis 2026 00:19:00";6137;"KARAMAN BES";"158,00";"40,00";"10,75";"10,75";"160,18";"160,31";"155,69";"160,18";"Actual";"";"";"";"";"26,00";"10,00";"-0,01";"-8,14";"-14,40";"19,80";"0";"0";"1";"-";"-";"-"
"OA_YTM";"29 Nis 2026 00:19:00";6011;"GÜRSÖĞÜT BARAJI ve HES";"156,00";"51,64";"3,00";"2,50";"153,20";"158,31";"153,69";"153,20";"Actual";"";"";"";"";"0,00";"";"";"0,00";"";"";"0";"0";"-";"-";"-";"-"
"OA_YTM";"29 Nis 2026 00:19:00";2108;"SARIYAR 154";"159,00";"160,00";"0,00";"40,00";"154,07";"161,31";"156,69";"154,07";"Actual";"";"";"";"";"0,00";"";"";"-59,15";"";"";"0";"0";"-";"-";"-";"-"
"OA_YTM";"29 Nis 2026 00:19:00";2109;"YENİCE 154";"159,00";"36,97";"0,00";"3,00";"157,91";"161,31";"156,69";"157,91";"Actual";"";"";"";"";"0,00";"";"";"0,77";"";"";"0";"0";"-";"-";"-";"-"
"OA_YTM";"29 Nis 2026 00:19:00";2113;"ÇAMLICA HES 154";"159,00";"84,00";"22,00";"22,00";"158,79";"161,31";"156,69";"158,79";"Actual";"-0,62";"Actual";"";"";"56,42";"";"";"-0,71";"-16,56";"24,41";"0";"0";"1";"-";"-";"-"
"OA_YTM";"29 Nis 2026 00:19:00";2111;"BAYMİNA 154";"158,00";"833,20";"440,00";"220,00";"157,61";"160,31";"155,69";"157,61";"Actual";"157,89";"Actual";"";"";"-0,27";"";"";"3,08";"";"";"0";"0";"-";"-";"-";"-"
"OA_YTM";"29 Nis 2026 00:19:00";2110;"BAYRAMHACILI 154";"157,00";"47,00";"14,10";"14,10";"157,16";"159,31";"154,69";"157,16";"NotRenew";"";"";"";"";"39,57";"";"";"-12,31";"-13,90";"26,21";"0";"0";"1";"-";"-";"-"
"OA_YTM";"29 Nis 2026 00:19:00";4952;"İÇ ANADOLU DGKÇ SANTRALİ";"404,00";"870,00";"0,00";"141,00";"404,23";"410,00";"398,00";"404,23";"Actual";"402,88";"Actual";"";"";"0,00";"";"";"-0,92";"";"";"0";"0";"-";"-";"-";"-"
"OA_YTM";"29 Nis 2026 00:19:00";2106;"KAPULUKAYA 154";"158,00";"54,00";"0,00";"13,00";"157,87";"160,31";"155,69";"157,87";"Actual";"";"";"";"";"0,06";"";"";"-0,58";"";"";"0";"0";"-";"-";"-";"-"
"OA_YTM";"29 Nis 2026 00:19:00";2105;"HİRFANLI HES 154";"158,00";"128,00";"0,00";"20,00";"155,35";"160,31";"155,69";"155,35";"Actual";"";"";"";"";"0,63";"";"";"1,16";"";"";"0";"0";"-";"-";"-";"-"
"OA_YTM";"29 Nis 2026 00:19:00";2104;"GÖKÇEKAYA 380";"404,00";"278,40";"0,00";"80,00";"399,69";"410,00";"398,00";"399,69";"Actual";"402,37";"Actual";"399,97";"Actual";"-1,47";"";"";"-1,47";"";"";"0";"0";"-";"-";"-";"-"
"OA_YTM";"29 Nis 2026 00:19:00";2112;"ÇAYIRHAN TES 380";"404,00";"620,00";"450,00";"90,00";"398,79";"410,00";"398,00";"398,79";"Actual";"456,00";"Invalid";"";"";"511,92";"";"";"149,55";"-55,80";"83,70";"0";"0";"1";"-";"-";"-"
"OA_YTM";"29 Nis 2026 00:19:00";5673;"KAZAN SODA DGKÇS";"159,00";"379,00";"0,00";"205,00";"158,02";"161,31";"156,69";"158,02";"Actual";"157,97";"Actual";"";"";"-0,11";"";"";"-0,14";"";"";"0";"0";"-";"-";"-";"-"
"OA_YTM";"29 Nis 2026 00:19:00";6154;"YUNUS EMRE TES";"404,00";"145,00";"0,00";"35,00";"406,03";"410,00";"398,00";"406,03";"Actual";"";"";"";"";"-1,61";"";"";"-0,55";"";"";"0";"0";"-";"-";"-";"-"
"OA_YTM";"29 Nis 2026 00:19:00";2107;"KESİKKÖPRÜ 154";"158,00";"76,00";"0,00";"28,00";"161,86";"160,31";"155,69";"161,86";"Actual";"161,97";"Actual";"";"";"-0,01";"";"";"0,04";"";"";"0";"0";"-";"-";"-";"-"
"OA_YTM";"29 Nis 2026 00:20:00";2114;"YAMULA HES 154";"159,00";"100,00";"25,50";"25,50";"159,34";"161,31";"156,69";"159,34";"Actual";"0,00";"Actual";"";"";"82,97";"";"";"-14,61";"-29,57";"55,78";"0";"0";"1";"-";"-";"-"
"OA_YTM";"29 Nis 2026 00:20:00";5532;"ACWA KIRIKKALE DGKÇ";"404,00";"927,40";"460,00";"217,00";"407,28";"410,00";"398,00";"407,28";"Actual";"404,36";"Actual";"";"";"0,00";"";"";"-0,75";"";"";"0";"0";"-";"-";"-";"-"
"OA_YTM";"29 Nis 2026 00:20:00";5453;"KARGI BARAJI VE HES";"157,00";"93,84";"0,00";"2,70";"153,48";"159,31";"154,69";"153,48";"Actual";"0,00";"Actual";"";"";"0,00";"";"";"-0,06";"";"";"0";"0";"-";"-";"-";"-"
"OA_YTM";"29 Nis 2026 00:20:00";6137;"KARAMAN BES";"158,00";"40,00";"10,75";"10,75";"159,99";"160,31";"155,69";"159,99";"Actual";"";"";"";"";"25,35";"10,00";"-0,01";"-8,23";"-14,40";"19,80";"0";"0";"1";"-";"-";"-"
"OA_YTM";"29 Nis 2026 00:20:00";6011;"GÜRSÖĞÜT BARAJI ve HES";"156,00";"51,64";"3,00";"2,50";"152,86";"158,31";"153,69";"152,86";"Actual";"";"";"";"";"0,00";"";"";"0,00";"";"";"0";"0";"-";"-";"-";"-"
"OA_YTM";"29 Nis 2026 00:20:00";2108;"SARIYAR 154";"159,00";"160,00";"0,00";"40,00";"153,57";"161,31";"156,69";"153,57";"Actual";"";"";"";"";"0,00";"";"";"-59,15";"";"";"0";"0";"-";"-";"-";"-"
"OA_YTM";"29 Nis 2026 00:20:00";2109;"YENİCE 154";"159,00";"36,97";"0,00";"3,00";"157,91";"161,31";"156,69";"157,91";"Actual";"";"";"";"";"0,00";"";"";"0,77";"";"";"0";"0";"-";"-";"-";"-"
"OA_YTM";"29 Nis 2026 00:20:00";2113;"ÇAMLICA HES 154";"159,00";"84,00";"22,00";"22,00";"158,34";"161,31";"156,69";"158,34";"Actual";"-0,62";"Actual";"";"";"56,42";"";"";"0,25";"-16,56";"24,41";"0";"0";"1";"-";"-";"-"
"OA_YTM";"29 Nis 2026 00:20:00";2111;"BAYMİNA 154";"158,00";"833,20";"440,00";"220,00";"157,05";"160,31";"155,69";"157,05";"Actual";"157,16";"Actual";"";"";"-0,27";"";"";"3,08";"";"";"0";"0";"-";"-";"-";"-"
"OA_YTM";"29 Nis 2026 00:20:00";2110;"BAYRAMHACILI 154";"157,00";"47,00";"14,10";"14,10";"156,33";"159,31";"154,69";"156,33";"Actual";"";"";"";"";"39,69";"";"";"-9,06";"-13,90";"26,21";"0";"0";"1";"-";"-";"-"
"OA_YTM";"29 Nis 2026 00:20:00";4952;"İÇ ANADOLU DGKÇ SANTRALİ";"404,00";"870,00";"0,00";"141,00";"401,87";"410,00";"398,00";"401,87";"Actual";"402,88";"Actual";"";"";"0,00";"";"";"-0,92";"";"";"0";"0";"-";"-";"-";"-"
"OA_YTM";"29 Nis 2026 00:20:00";2106;"KAPULUKAYA 154";"158,00";"54,00";"0,00";"13,00";"157,59";"160,31";"155,69";"157,59";"Actual";"";"";"";"";"0,02";"";"";"-0,17";"";"";"0";"0";"-";"-";"-";"-"
"OA_YTM";"29 Nis 2026 00:20:00";2105;"HİRFANLI HES 154";"158,00";"128,00";"0,00";"20,00";"155,35";"160,31";"155,69";"155,35";"Actual";"";"";"";"";"0,63";"";"";"1,16";"";"";"0";"0";"-";"-";"-";"-"
"OA_YTM";"29 Nis 2026 00:20:00";2104;"GÖKÇEKAYA 380";"404,00";"278,40";"0,00";"80,00";"399,29";"410,00";"398,00";"399,29";"Actual";"401,96";"Actual";"399,76";"Actual";"-1,47";"";"";"-1,16";"";"";"0";"0";"-";"-";"-";"-"
"OA_YTM";"29 Nis 2026 00:20:00";2112;"ÇAYIRHAN TES 380";"404,00";"620,00";"450,00";"90,00";"398,79";"410,00";"398,00";"398,79";"Actual";"456,00";"Invalid";"";"";"513,49";"";"";"166,49";"-55,80";"83,70";"0";"0";"1";"-";"-";"-"
"OA_YTM";"29 Nis 2026 00:20:00";5673;"KAZAN SODA DGKÇS";"159,00";"379,00";"0,00";"205,00";"157,48";"161,31";"156,69";"157,48";"Actual";"157,48";"Actual";"";"";"-0,11";"";"";"-0,14";"";"";"0";"0";"-";"-";"-";"-"
"OA_YTM";"29 Nis 2026 00:20:00";6154;"YUNUS EMRE TES";"404,00";"145,00";"0,00";"35,00";"403,80";"410,00";"398,00";"403,80";"Actual";"";"";"";"";"-1,61";"";"";"-0,44";"";"";"0";"0";"-";"-";"-";"-"
"OA_YTM";"29 Nis 2026 00:20:00";2107;"KESİKKÖPRÜ 154";"158,00";"76,00";"0,00";"28,00";"161,82";"160,31";"155,69";"161,82";"Actual";"161,84";"Actual";"";"";"-0,02";"";"";"0,03";"";"";"0";"0";"-";"-";"-";"-"
"OA_YTM";"29 Nis 2026 00:21:00";2114;"YAMULA HES 154";"159,00";"100,00";"25,50";"25,50";"159,61";"161,31";"156,69";"159,61";"Actual";"0,00";"Actual";"";"";"82,97";"";"";"-15,52";"-29,57";"55,78";"0";"0";"1";"-";"-";"-"
"OA_YTM";"29 Nis 2026 00:21:00";5532;"ACWA KIRIKKALE DGKÇ";"404,00";"927,40";"460,00";"217,00";"406,44";"410,00";"398,00";"406,44";"Actual";"406,17";"Actual";"";"";"0,21";"";"";"-0,75";"";"";"0";"0";"-";"-";"-";"-"
"OA_YTM";"29 Nis 2026 00:21:00";5453;"KARGI BARAJI VE HES";"157,00";"93,84";"0,00";"2,70";"153,48";"159,31";"154,69";"153,48";"Actual";"0,00";"Actual";"";"";"0,00";"";"";"-0,06";"";"";"0";"0";"-";"-";"-";"-"
"OA_YTM";"29 Nis 2026 00:21:00";6137;"KARAMAN BES";"158,00";"40,00";"10,75";"10,75";"160,02";"160,31";"155,69";"160,02";"Actual";"";"";"";"";"25,34";"10,00";"-0,01";"-8,57";"-14,40";"19,80";"0";"0";"1";"-";"-";"-"
"OA_YTM";"29 Nis 2026 00:21:00";6011;"GÜRSÖĞÜT BARAJI ve HES";"156,00";"51,64";"3,00";"2,50";"152,97";"158,31";"153,69";"152,97";"Actual";"";"";"";"";"0,00";"";"";"0,00";"";"";"0";"0";"-";"-";"-";"-"
"OA_YTM";"29 Nis 2026 00:21:00";2108;"SARIYAR 154";"159,00";"160,00";"0,00";"40,00";"154,02";"161,31";"156,69";"154,02";"Actual";"";"";"";"";"0,00";"";"";"-59,15";"";"";"0";"0";"-";"-";"-";"-"
"OA_YTM";"29 Nis 2026 00:21:00";2109;"YENİCE 154";"159,00";"36,97";"0,00";"3,00";"157,91";"161,31";"156,69";"157,91";"Actual";"";"";"";"";"0,00";"";"";"0,77";"";"";"0";"0";"-";"-";"-";"-"
"OA_YTM";"29 Nis 2026 00:21:00";2113;"ÇAMLICA HES 154";"159,00";"84,00";"22,00";"22,00";"158,56";"161,31";"156,69";"158,56";"Actual";"-0,62";"Actual";"";"";"56,47";"";"";"-0,08";"-16,56";"24,41";"0";"0";"1";"-";"-";"-"
"OA_YTM";"29 Nis 2026 00:21:00";2111;"BAYMİNA 154";"158,00";"833,20";"440,00";"220,00";"156,82";"160,31";"155,69";"156,82";"Actual";"157,44";"Actual";"";"";"-0,27";"";"";"3,08";"";"";"0";"0";"-";"-";"-";"-"
"OA_YTM";"29 Nis 2026 00:21:00";2110;"BAYRAMHACILI 154";"157,00";"47,00";"14,10";"14,10";"157,09";"159,31";"154,69";"157,09";"Actual";"";"";"";"";"39,61";"";"";"-11,20";"-13,90";"26,21";"0";"0";"1";"-";"-";"-"
"OA_YTM";"29 Nis 2026 00:21:00";4952;"İÇ ANADOLU DGKÇ SANTRALİ";"404,00";"870,00";"0,00";"141,00";"403,54";"410,00";"398,00";"403,54";"Actual";"402,88";"Actual";"";"";"0,00";"";"";"-0,92";"";"";"0";"0";"-";"-";"-";"-"
"OA_YTM";"29 Nis 2026 00:21:00";2106;"KAPULUKAYA 154";"158,00";"54,00";"0,00";"13,00";"157,67";"160,31";"155,69";"157,67";"Actual";"";"";"";"";"-0,03";"";"";"0,25";"";"";"0";"0";"-";"-";"-";"-"
"OA_YTM";"29 Nis 2026 00:21:00";2105;"HİRFANLI HES 154";"158,00";"128,00";"0,00";"20,00";"155,80";"160,31";"155,69";"155,80";"Actual";"";"";"";"";"0,67";"";"";"1,16";"";"";"0";"0";"-";"-";"-";"-"
"OA_YTM";"29 Nis 2026 00:21:00";2104;"GÖKÇEKAYA 380";"404,00";"278,40";"0,00";"80,00";"400,29";"410,00";"398,00";"400,29";"Actual";"402,42";"Actual";"400,86";"Actual";"-1,47";"";"";"-1,47";"";"";"0";"0";"-";"-";"-";"-"
"OA_YTM";"29 Nis 2026 00:21:00";2112;"ÇAYIRHAN TES 380";"404,00";"620,00";"450,00";"90,00";"398,79";"410,00";"398,00";"398,79";"Actual";"456,00";"Invalid";"";"";"513,92";"";"";"146,79";"-55,80";"83,70";"0";"0";"1";"-";"-";"-"
"OA_YTM";"29 Nis 2026 00:21:00";5673;"KAZAN SODA DGKÇS";"159,00";"379,00";"0,00";"205,00";"157,85";"161,31";"156,69";"157,85";"Actual";"157,89";"Actual";"";"";"-0,11";"";"";"-0,14";"";"";"0";"0";"-";"-";"-";"-"
"OA_YTM";"29 Nis 2026 00:21:00";6154;"YUNUS EMRE TES";"404,00";"145,00";"0,00";"35,00";"406,30";"410,00";"398,00";"406,30";"Actual";"";"";"";"";"-1,61";"";"";"-0,55";"";"";"0";"0";"-";"-";"-";"-"
"OA_YTM";"29 Nis 2026 00:21:00";2107;"KESİKKÖPRÜ 154";"158,00";"76,00";"0,00";"28,00";"161,86";"160,31";"155,69";"161,86";"Actual";"161,93";"Actual";"";"";"-0,03";"";"";"0,04";"";"";"0";"0";"-";"-";"-";"-"
"OA_YTM";"29 Nis 2026 00:22:00";2114;"YAMULA HES 154";"159,00";"100,00";"25,50";"25,50";"159,94";"161,31";"156,69";"159,94";"Actual";"0,00";"Actual";"";"";"82,91";"";"";"-16,02";"-29,57";"55,78";"0";"0";"1";"-";"-";"-"
"OA_YTM";"29 Nis 2026 00:22:00";5532;"ACWA KIRIKKALE DGKÇ";"404,00";"927,40";"460,00";"217,00";"409,23";"410,00";"398,00";"409,23";"Actual";"407,00";"Actual";"";"";"0,21";"";"";"-0,75";"";"";"0";"0";"-";"-";"-";"-"
"OA_YTM";"29 Nis 2026 00:22:00";5453;"KARGI BARAJI VE HES";"157,00";"93,84";"0,00";"2,70";"153,39";"159,31";"154,69";"153,39";"Actual";"0,00";"Actual";"";"";"0,00";"";"";"-0,06";"";"";"0";"0";"-";"-";"-";"-"
"OA_YTM";"29 Nis 2026 00:22:00";6137;"KARAMAN BES";"158,00";"40,00";"10,75";"10,75";"160,04";"160,31";"155,69";"160,04";"Actual";"";"";"";"";"25,20";"10,00";"-0,01";"-10,08";"-14,40";"19,80";"0";"0";"1";"-";"-";"-"
"OA_YTM";"29 Nis 2026 00:22:00";6011;"GÜRSÖĞÜT BARAJI ve HES";"156,00";"51,64";"3,00";"2,50";"153,42";"158,31";"153,69";"153,42";"Actual";"";"";"";"";"0,00";"";"";"0,00";"";"";"0";"0";"-";"-";"-";"-"
"OA_YTM";"29 Nis 2026 00:22:00";2108;"SARIYAR 154";"159,00";"160,00";"0,00";"40,00";"154,02";"161,31";"156,69";"154,02";"Actual";"";"";"";"";"0,00";"";"";"-59,15";"";"";"0";"0";"-";"-";"-";"-"
"OA_YTM";"29 Nis 2026 00:22:00";2109;"YENİCE 154";"159,00";"36,97";"0,00";"3,00";"158,36";"161,31";"156,69";"158,36";"Actual";"";"";"";"";"0,00";"";"";"0,81";"";"";"0";"0";"-";"-";"-";"-"
"OA_YTM";"29 Nis 2026 00:22:00";2113;"ÇAMLICA HES 154";"159,00";"84,00";"22,00";"22,00";"158,79";"161,31";"156,69";"158,79";"Actual";"-0,62";"Actual";"";"";"56,49";"";"";"-0,66";"-16,56";"24,41";"0";"0";"1";"-";"-";"-"
"OA_YTM";"29 Nis 2026 00:22:00";2111;"BAYMİNA 154";"158,00";"833,20";"440,00";"220,00";"157,84";"160,31";"155,69";"157,84";"Actual";"157,16";"Actual";"";"";"-0,16";"";"";"3,08";"";"";"0";"0";"-";"-";"-";"-"
"OA_YTM";"29 Nis 2026 00:22:00";2110;"BAYRAMHACILI 154";"157,00";"47,00";"14,10";"14,10";"157,09";"159,31";"154,69";"157,09";"Actual";"";"";"";"";"39,64";"";"";"-13,44";"-13,90";"26,21";"0";"0";"1";"-";"-";"-"
"OA_YTM";"29 Nis 2026 00:22:00";4952;"İÇ ANADOLU DGKÇ SANTRALİ";"404,00";"870,00";"0,00";"141,00";"404,23";"410,00";"398,00";"404,23";"Actual";"404,72";"Actual";"";"";"0,00";"";"";"-0,92";"";"";"0";"0";"-";"-";"-";"-"
"OA_YTM";"29 Nis 2026 00:22:00";2106;"KAPULUKAYA 154";"158,00";"54,00";"0,00";"13,00";"157,97";"160,31";"155,69";"157,97";"Actual";"";"";"";"";"-0,02";"";"";"-0,15";"";"";"0";"0";"-";"-";"-";"-"
"OA_YTM";"29 Nis 2026 00:22:00";2105;"HİRFANLI HES 154";"158,00";"128,00";"0,00";"20,00";"155,80";"160,31";"155,69";"155,80";"Actual";"";"";"";"";"0,63";"";"";"1,16";"";"";"0";"0";"-";"-";"-";"-"
"OA_YTM";"29 Nis 2026 00:22:00";2104;"GÖKÇEKAYA 380";"404,00";"278,40";"0,00";"80,00";"400,56";"410,00";"398,00";"400,56";"Actual";"403,15";"Actual";"401,03";"Actual";"-1,47";"";"";"-1,16";"";"";"0";"0";"-";"-";"-";"-"
"OA_YTM";"29 Nis 2026 00:22:00";2112;"ÇAYIRHAN TES 380";"404,00";"620,00";"450,00";"90,00";"400,74";"410,00";"398,00";"400,74";"Actual";"456,00";"Invalid";"";"";"514,28";"";"";"146,99";"-55,80";"83,70";"0";"0";"1";"-";"-";"-"
"OA_YTM";"29 Nis 2026 00:22:00";5673;"KAZAN SODA DGKÇS";"159,00";"379,00";"0,00";"205,00";"158,21";"161,31";"156,69";"158,21";"Actual";"158,59";"Actual";"";"";"-0,11";"";"";"-0,14";"";"";"0";"0";"-";"-";"-";"-"
"OA_YTM";"29 Nis 2026 00:22:00";6154;"YUNUS EMRE TES";"404,00";"145,00";"0,00";"35,00";"406,72";"410,00";"398,00";"406,72";"Actual";"";"";"";"";"-1,61";"";"";"-0,44";"";"";"0";"0";"-";"-";"-";"-"
"OA_YTM";"29 Nis 2026 00:22:00";2107;"KESİKKÖPRÜ 154";"158,00";"76,00";"0,00";"28,00";"161,95";"160,31";"155,69";"161,95";"Actual";"161,99";"Actual";"";"";"-0,02";"";"";"0,04";"";"";"0";"0";"-";"-";"-";"-"
"OA_YTM";"29 Nis 2026 00:23:00";2114;"YAMULA HES 154";"159,00";"100,00";"25,50";"25,50";"160,33";"161,31";"156,69";"160,33";"Actual";"0,00";"Actual";"";"";"82,95";"";"";"-15,53";"-29,57";"55,78";"0";"0";"1";"-";"-";"-"
"OA_YTM";"29 Nis 2026 00:23:00";5532;"ACWA KIRIKKALE DGKÇ";"404,00";"927,40";"460,00";"217,00";"408,81";"410,00";"398,00";"408,81";"Actual";"407,84";"Actual";"";"";"0,21";"";"";"-0,75";"";"";"0";"0";"-";"-";"-";"-"
"OA_YTM";"29 Nis 2026 00:23:00";5453;"KARGI BARAJI VE HES";"157,00";"93,84";"0,00";"2,70";"153,90";"159,31";"154,69";"153,90";"Actual";"0,00";"Actual";"";"";"0,00";"";"";"-0,06";"";"";"0";"0";"-";"-";"-";"-"
"OA_YTM";"29 Nis 2026 00:23:00";6137;"KARAMAN BES";"158,00";"40,00";"10,75";"10,75";"159,96";"160,31";"155,69";"159,96";"Actual";"";"";"";"";"25,32";"10,00";"-0,01";"-10,88";"-14,40";"19,80";"0";"0";"1";"-";"-";"-"
"OA_YTM";"29 Nis 2026 00:23:00";6011;"GÜRSÖĞÜT BARAJI ve HES";"156,00";"51,64";"3,00";"2,50";"153,40";"158,31";"153,69";"153,40";"Actual";"";"";"";"";"0,00";"";"";"0,00";"";"";"0";"0";"-";"-";"-";"-"
"OA_YTM";"29 Nis 2026 00:23:00";2108;"SARIYAR 154";"159,00";"160,00";"0,00";"40,00";"154,46";"161,31";"156,69";"154,46";"Actual";"";"";"";"";"0,00";"";"";"-59,15";"";"";"0";"0";"-";"-";"-";"-"
"OA_YTM";"29 Nis 2026 00:23:00";2109;"YENİCE 154";"159,00";"36,97";"0,00";"3,00";"158,36";"161,31";"156,69";"158,36";"Actual";"";"";"";"";"0,00";"";"";"0,77";"";"";"0";"0";"-";"-";"-";"-"
"OA_YTM";"29 Nis 2026 00:23:00";2113;"ÇAMLICA HES 154";"159,00";"84,00";"22,00";"22,00";"158,79";"161,31";"156,69";"158,79";"Actual";"-0,62";"Actual";"";"";"56,40";"";"";"-0,46";"-16,56";"24,41";"0";"0";"1";"-";"-";"-"
"OA_YTM";"29 Nis 2026 00:23:00";2111;"BAYMİNA 154";"158,00";"833,20";"440,00";"220,00";"157,72";"160,31";"155,69";"157,72";"Actual";"158,35";"Actual";"";"";"-0,14";"";"";"3,08";"";"";"0";"0";"-";"-";"-";"-"
"OA_YTM";"29 Nis 2026 00:23:00";2110;"BAYRAMHACILI 154";"157,00";"47,00";"14,10";"14,10";"157,09";"159,31";"154,69";"157,09";"Actual";"";"";"";"";"39,52";"";"";"-15,42";"-13,90";"26,21";"0";"0";"1";"-";"-";"-"
"OA_YTM";"29 Nis 2026 00:23:00";4952;"İÇ ANADOLU DGKÇ SANTRALİ";"404,00";"870,00";"0,00";"141,00";"404,54";"410,00";"398,00";"404,54";"Actual";"404,45";"Actual";"";"";"0,00";"";"";"-0,92";"";"";"0";"0";"-";"-";"-";"-"
"OA_YTM";"29 Nis 2026 00:23:00";2106;"KAPULUKAYA 154";"158,00";"54,00";"0,00";"13,00";"158,33";"160,31";"155,69";"158,33";"Actual";"";"";"";"";"-0,06";"";"";"0,91";"";"";"0";"0";"-";"-";"-";"-"
"OA_YTM";"29 Nis 2026 00:23:00";2105;"HİRFANLI HES 154";"158,00";"128,00";"0,00";"20,00";"155,80";"160,31";"155,69";"155,80";"Actual";"";"";"";"";"0,67";"";"";"1,16";"";"";"0";"0";"-";"-";"-";"-"
"OA_YTM";"29 Nis 2026 00:23:00";2104;"GÖKÇEKAYA 380";"404,00";"278,40";"0,00";"80,00";"400,25";"410,00";"398,00";"400,25";"Actual";"402,73";"Actual";"401,18";"Actual";"-1,47";"";"";"-1,47";"";"";"0";"0";"-";"-";"-";"-"
"OA_YTM";"29 Nis 2026 00:23:00";2112;"ÇAYIRHAN TES 380";"404,00";"620,00";"450,00";"90,00";"400,74";"410,00";"398,00";"400,74";"Actual";"456,00";"Invalid";"";"";"517,20";"";"";"141,68";"-55,80";"83,70";"0";"0";"1";"-";"-";"-"
"OA_YTM";"29 Nis 2026 00:23:00";5673;"KAZAN SODA DGKÇS";"159,00";"379,00";"0,00";"205,00";"158,42";"161,31";"156,69";"158,42";"Actual";"158,74";"Actual";"";"";"0,00";"";"";"-0,14";"";"";"0";"0";"-";"-";"-";"-"
"OA_YTM";"29 Nis 2026 00:23:00";6154;"YUNUS EMRE TES";"404,00";"145,00";"0,00";"35,00";"407,14";"410,00";"398,00";"407,14";"Actual";"";"";"";"";"-1,61";"";"";"-0,55";"";"";"0";"0";"-";"-";"-";"-"
"OA_YTM";"29 Nis 2026 00:23:00";2107;"KESİKKÖPRÜ 154";"158,00";"76,00";"0,00";"28,00";"162,01";"160,31";"155,69";"162,01";"Actual";"162,04";"Actual";"";"";"-0,02";"";"";"0,04";"";"";"0";"0";"-";"-";"-";"-"
"OA_YTM";"29 Nis 2026 00:24:00";2114;"YAMULA HES 154";"159,00";"100,00";"25,50";"25,50";"160,49";"161,31";"156,69";"160,49";"Actual";"0,00";"Actual";"";"";"82,95";"";"";"-17,59";"-29,57";"55,78";"0";"0";"1";"-";"-";"-"
"OA_YTM";"29 Nis 2026 00:24:00";5532;"ACWA KIRIKKALE DGKÇ";"404,00";"927,40";"460,00";"217,00";"409,92";"410,00";"398,00";"409,92";"Actual";"408,39";"Actual";"";"";"0,21";"";"";"-0,75";"";"";"0";"0";"-";"-";"-";"-"
"OA_YTM";"29 Nis 2026 00:24:00";5453;"KARGI BARAJI VE HES";"157,00";"93,84";"0,00";"2,70";"153,90";"159,31";"154,69";"153,90";"Actual";"0,00";"Actual";"";"";"0,00";"";"";"-0,06";"";"";"0";"0";"-";"-";"-";"-"
"OA_YTM";"29 Nis 2026 00:24:00";6137;"KARAMAN BES";"158,00";"40,00";"10,75";"10,75";"160,17";"160,31";"155,69";"160,17";"Actual";"";"";"";"";"25,30";"10,00";"-0,01";"-10,62";"-14,40";"19,80";"0";"0";"1";"-";"-";"-"
"OA_YTM";"29 Nis 2026 00:24:00";6011;"GÜRSÖĞÜT BARAJI ve HES";"156,00";"51,64";"3,00";"2,50";"153,69";"158,31";"153,69";"153,69";"Actual";"";"";"";"";"0,00";"";"";"0,00";"";"";"0";"0";"-";"-";"-";"-"
"OA_YTM";"29 Nis 2026 00:24:00";2108;"SARIYAR 154";"159,00";"160,00";"0,00";"40,00";"154,46";"161,31";"156,69";"154,46";"Actual";"";"";"";"";"0,00";"";"";"-59,15";"";"";"0";"0";"-";"-";"-";"-"
"OA_YTM";"29 Nis 2026 00:24:00";2109;"YENİCE 154";"159,00";"36,97";"0,00";"3,00";"159,26";"161,31";"156,69";"159,26";"Actual";"";"";"";"";"0,00";"";"";"0,77";"";"";"0";"0";"-";"-";"-";"-"
"OA_YTM";"29 Nis 2026 00:24:00";2113;"ÇAMLICA HES 154";"159,00";"84,00";"22,00";"22,00";"158,79";"161,31";"156,69";"158,79";"Actual";"-0,62";"Actual";"";"";"56,44";"";"";"-0,54";"-16,56";"24,41";"0";"0";"1";"-";"-";"-"
"OA_YTM";"29 Nis 2026 00:24:00";2111;"BAYMİNA 154";"158,00";"833,20";"440,00";"220,00";"157,78";"160,31";"155,69";"157,78";"Actual";"157,61";"Actual";"";"";"-0,27";"";"";"3,08";"";"";"0";"0";"-";"-";"-";"-"
"OA_YTM";"29 Nis 2026 00:24:00";2110;"BAYRAMHACILI 154";"157,00";"47,00";"14,10";"14,10";"157,09";"159,31";"154,69";"157,09";"Actual";"";"";"";"";"39,67";"";"";"-14,94";"-13,90";"26,21";"0";"0";"1";"-";"-";"-"
"OA_YTM";"29 Nis 2026 00:24:00";4952;"İÇ ANADOLU DGKÇ SANTRALİ";"404,00";"870,00";"0,00";"141,00";"405,78";"410,00";"398,00";"405,78";"Actual";"405,16";"Actual";"";"";"0,00";"";"";"-0,92";"";"";"0";"0";"-";"-";"-";"-"
"OA_YTM";"29 Nis 2026 00:24:00";2106;"KAPULUKAYA 154";"158,00";"54,00";"0,00";"13,00";"158,47";"160,31";"155,69";"158,47";"Actual";"";"";"";"";"-0,08";"";"";"0,86";"";"";"0";"0";"-";"-";"-";"-"
"OA_YTM";"29 Nis 2026 00:24:00";2105;"HİRFANLI HES 154";"158,00";"128,00";"0,00";"20,00";"155,80";"160,31";"155,69";"155,80";"Actual";"";"";"";"";"0,63";"";"";"1,16";"";"";"0";"0";"-";"-";"-";"-"
"OA_YTM";"29 Nis 2026 00:24:00";2104;"GÖKÇEKAYA 380";"404,00";"278,40";"0,00";"80,00";"401,24";"410,00";"398,00";"401,24";"Actual";"403,77";"Actual";"401,70";"Actual";"-1,47";"";"";"-1,47";"";"";"0";"0";"-";"-";"-";"-"
"OA_YTM";"29 Nis 2026 00:24:00";2112;"ÇAYIRHAN TES 380";"404,00";"620,00";"450,00";"90,00";"400,74";"410,00";"398,00";"400,74";"Actual";"456,00";"Invalid";"";"";"514,04";"";"";"139,37";"-55,80";"83,70";"0";"0";"1";"-";"-";"-"
"OA_YTM";"29 Nis 2026 00:24:00";5673;"KAZAN SODA DGKÇS";"159,00";"379,00";"0,00";"205,00";"158,66";"161,31";"156,69";"158,66";"Actual";"158,49";"Actual";"";"";"-0,11";"";"";"-0,14";"";"";"0";"0";"-";"-";"-";"-"
"OA_YTM";"29 Nis 2026 00:24:00";6154;"YUNUS EMRE TES";"404,00";"145,00";"0,00";"35,00";"407,14";"410,00";"398,00";"407,14";"Actual";"";"";"";"";"-1,61";"";"";"-0,55";"";"";"0";"0";"-";"-";"-";"-"
"OA_YTM";"29 Nis 2026 00:24:00";2107;"KESİKKÖPRÜ 154";"158,00";"76,00";"0,00";"28,00";"161,98";"160,31";"155,69";"161,98";"Actual";"162,02";"Actual";"";"";"-0,03";"";"";"0,03";"";"";"0";"0";"-";"-";"-";"-"
"OA_YTM";"29 Nis 2026 00:25:00";2114;"YAMULA HES 154";"159,00";"100,00";"25,50";"25,50";"160,60";"161,31";"156,69";"160,60";"Actual";"0,00";"Actual";"";"";"82,97";"";"";"-17,95";"-29,57";"55,78";"0";"0";"1";"-";"-";"-"
"OA_YTM";"29 Nis 2026 00:25:00";5532;"ACWA KIRIKKALE DGKÇ";"404,00";"927,40";"460,00";"217,00";"411,59";"410,00";"398,00";"411,59";"Actual";"410,34";"Actual";"";"";"0,42";"";"";"-0,75";"";"";"0";"0";"-";"-";"-";"-"
"OA_YTM";"29 Nis 2026 00:25:00";5453;"KARGI BARAJI VE HES";"157,00";"93,84";"0,00";"2,70";"153,90";"159,31";"154,69";"153,90";"Actual";"0,00";"Actual";"";"";"0,00";"";"";"-0,06";"";"";"0";"0";"-";"-";"-";"-"
"OA_YTM";"29 Nis 2026 00:25:00";6137;"KARAMAN BES";"158,00";"40,00";"10,75";"10,75";"160,29";"160,31";"155,69";"160,29";"Actual";"";"";"";"";"25,30";"10,00";"-0,01";"-10,62";"-14,40";"19,80";"0";"0";"1";"-";"-";"-"
"OA_YTM";"29 Nis 2026 00:25:00";6011;"GÜRSÖĞÜT BARAJI ve HES";"156,00";"51,64";"3,00";"2,50";"154,06";"158,31";"153,69";"154,06";"Actual";"";"";"";"";"0,00";"";"";"0,00";"";"";"0";"0";"-";"-";"-";"-"
"OA_YTM";"29 Nis 2026 00:25:00";2108;"SARIYAR 154";"159,00";"160,00";"0,00";"40,00";"155,25";"161,31";"156,69";"155,25";"Actual";"";"";"";"";"0,00";"";"";"-59,15";"";"";"0";"0";"-";"-";"-";"-"
"OA_YTM";"29 Nis 2026 00:25:00";2109;"YENİCE 154";"159,00";"36,97";"0,00";"3,00";"158,36";"161,31";"156,69";"158,36";"Actual";"";"";"";"";"0,00";"";"";"0,77";"";"";"0";"0";"-";"-";"-";"-"
"OA_YTM";"29 Nis 2026 00:25:00";2113;"ÇAMLICA HES 154";"159,00";"84,00";"22,00";"22,00";"158,79";"161,31";"156,69";"158,79";"Actual";"-0,62";"Actual";"";"";"56,40";"";"";"-1,00";"-16,56";"24,41";"0";"0";"1";"-";"-";"-"
"OA_YTM";"29 Nis 2026 00:25:00";2111;"BAYMİNA 154";"158,00";"833,20";"440,00";"220,00";"158,46";"160,31";"155,69";"158,46";"Actual";"158,18";"Actual";"";"";"-0,14";"";"";"3,08";"";"";"0";"0";"-";"-";"-";"-"
"OA_YTM";"29 Nis 2026 00:25:00";2110;"BAYRAMHACILI 154";"157,00";"47,00";"14,10";"14,10";"157,09";"159,31";"154,69";"157,09";"Actual";"";"";"";"";"39,55";"";"";"-15,13";"-13,90";"26,21";"0";"0";"1";"-";"-";"-"
"OA_YTM";"29 Nis 2026 00:25:00";4952;"İÇ ANADOLU DGKÇ SANTRALİ";"404,00";"870,00";"0,00";"141,00";"406,96";"410,00";"398,00";"406,96";"Actual";"406,69";"Actual";"";"";"0,00";"";"";"-0,92";"";"";"0";"0";"-";"-";"-";"-"
"OA_YTM";"29 Nis 2026 00:25:00";2106;"KAPULUKAYA 154";"158,00";"54,00";"0,00";"13,00";"158,26";"160,31";"155,69";"158,26";"Actual";"";"";"";"";"0,00";"";"";"-0,68";"";"";"0";"0";"-";"-";"-";"-"
"OA_YTM";"29 Nis 2026 00:25:00";2105;"HİRFANLI HES 154";"158,00";"128,00";"0,00";"20,00";"155,80";"160,31";"155,69";"155,80";"Actual";"";"";"";"";"0,67";"";"";"1,16";"";"";"0";"0";"-";"-";"-";"-"
"OA_YTM";"29 Nis 2026 00:25:00";2104;"GÖKÇEKAYA 380";"404,00";"278,40";"0,00";"80,00";"401,52";"410,00";"398,00";"401,52";"Actual";"404,45";"Actual";"401,78";"Actual";"-1,47";"";"";"-1,47";"";"";"0";"0";"-";"-";"-";"-"
"OA_YTM";"29 Nis 2026 00:25:00";2112;"ÇAYIRHAN TES 380";"404,00";"620,00";"450,00";"90,00";"401,85";"410,00";"398,00";"401,85";"Actual";"456,00";"Invalid";"";"";"511,99";"";"";"120,87";"-55,80";"83,70";"0";"0";"1";"-";"-";"-"
"OA_YTM";"29 Nis 2026 00:25:00";5673;"KAZAN SODA DGKÇS";"159,00";"379,00";"0,00";"205,00";"159,15";"161,31";"156,69";"159,15";"Actual";"158,57";"Actual";"";"";"-0,11";"";"";"-0,14";"";"";"0";"0";"-";"-";"-";"-"
"OA_YTM";"29 Nis 2026 00:25:00";6154;"YUNUS EMRE TES";"404,00";"145,00";"0,00";"35,00";"408,25";"410,00";"398,00";"408,25";"Actual";"";"";"";"";"-1,61";"";"";"-0,44";"";"";"0";"0";"-";"-";"-";"-"
"OA_YTM";"29 Nis 2026 00:25:00";2107;"KESİKKÖPRÜ 154";"158,00";"76,00";"0,00";"28,00";"162,05";"160,31";"155,69";"162,05";"Actual";"162,08";"Actual";"";"";"-0,02";"";"";"0,04";"";"";"0";"0";"-";"-";"-";"-"
"OA_YTM";"29 Nis 2026 00:26:00";2114;"YAMULA HES 154";"159,00";"100,00";"25,50";"25,50";"161,32";"161,31";"156,69";"161,32";"Actual";"0,00";"Actual";"";"";"82,97";"";"";"-18,83";"-29,57";"55,78";"0";"0";"0";"-";"-";"-"
"OA_YTM";"29 Nis 2026 00:26:00";5532;"ACWA KIRIKKALE DGKÇ";"404,00";"927,40";"460,00";"217,00";"414,38";"410,00";"398,00";"414,38";"Actual";"412,29";"Actual";"";"";"0,00";"";"";"-0,75";"";"";"0";"0";"-";"-";"-";"-"
"OA_YTM";"29 Nis 2026 00:26:00";5453;"KARGI BARAJI VE HES";"157,00";"93,84";"0,00";"2,70";"154,75";"159,31";"154,69";"154,75";"Actual";"0,00";"Actual";"";"";"0,00";"";"";"-0,06";"";"";"0";"0";"-";"-";"-";"-"
"OA_YTM";"29 Nis 2026 00:26:00";6137;"KARAMAN BES";"158,00";"40,00";"10,75";"10,75";"160,54";"160,31";"155,69";"160,54";"Actual";"";"";"";"";"25,25";"10,00";"-0,01";"-9,87";"16,00";"22,00";"0";"0";"0";"-";"-";"-"
"OA_YTM";"29 Nis 2026 00:26:00";6011;"GÜRSÖĞÜT BARAJI ve HES";"156,00";"51,64";"3,00";"2,50";"154,99";"158,31";"153,69";"154,99";"Actual";"";"";"";"";"0,00";"";"";"0,00";"";"";"0";"0";"-";"-";"-";"-"
"OA_YTM";"29 Nis 2026 00:26:00";2108;"SARIYAR 154";"159,00";"160,00";"0,00";"40,00";"155,92";"161,31";"156,69";"155,92";"Actual";"";"";"";"";"0,00";"";"";"-59,15";"";"";"0";"0";"-";"-";"-";"-"
"OA_YTM";"29 Nis 2026 00:26:00";2109;"YENİCE 154";"159,00";"36,97";"0,00";"3,00";"159,26";"161,31";"156,69";"159,26";"Actual";"";"";"";"";"0,05";"";"";"0,77";"";"";"0";"0";"-";"-";"-";"-"
"OA_YTM";"29 Nis 2026 00:26:00";2113;"ÇAMLICA HES 154";"159,00";"84,00";"22,00";"22,00";"159,92";"161,31";"156,69";"159,92";"Actual";"-0,62";"Actual";"";"";"56,40";"";"";"-0,85";"-16,56";"24,41";"0";"0";"1";"-";"-";"-"
"OA_YTM";"29 Nis 2026 00:26:00";2111;"BAYMİNA 154";"158,00";"833,20";"440,00";"220,00";"159,87";"160,31";"155,69";"159,87";"Actual";"159,70";"Actual";"";"";"-0,27";"";"";"3,08";"";"";"0";"0";"-";"-";"-";"-"
"OA_YTM";"29 Nis 2026 00:26:00";2110;"BAYRAMHACILI 154";"157,00";"47,00";"14,10";"14,10";"157,89";"159,31";"154,69";"157,89";"Actual";"";"";"";"";"39,65";"";"";"-17,30";"-13,90";"26,21";"0";"0";"1";"-";"-";"-"
"OA_YTM";"29 Nis 2026 00:26:00";4952;"İÇ ANADOLU DGKÇ SANTRALİ";"404,00";"870,00";"0,00";"141,00";"410,47";"410,00";"398,00";"410,47";"Actual";"409,94";"Actual";"";"";"0,00";"";"";"-0,92";"";"";"0";"0";"-";"-";"-";"-"
"OA_YTM";"29 Nis 2026 00:26:00";2106;"KAPULUKAYA 154";"158,00";"54,00";"0,00";"13,00";"159,53";"160,31";"155,69";"159,53";"Actual";"";"";"";"";"-0,03";"";"";"0,53";"";"";"0";"0";"-";"-";"-";"-"
"OA_YTM";"29 Nis 2026 00:26:00";2105;"HİRFANLI HES 154";"158,00";"128,00";"0,00";"20,00";"156,93";"160,31";"155,69";"156,93";"Actual";"";"";"";"";"0,59";"";"";"1,16";"";"";"0";"0";"-";"-";"-";"-"
"OA_YTM";"29 Nis 2026 00:26:00";2104;"GÖKÇEKAYA 380";"404,00";"278,40";"0,00";"80,00";"404,65";"410,00";"398,00";"404,65";"Actual";"406,87";"Actual";"404,69";"Actual";"-1,47";"";"";"-1,47";"";"";"0";"0";"-";"-";"-";"-"
"OA_YTM";"29 Nis 2026 00:26:00";2112;"ÇAYIRHAN TES 380";"404,00";"620,00";"450,00";"90,00";"403,66";"410,00";"398,00";"403,66";"Actual";"456,00";"Invalid";"";"";"514,21";"";"";"89,58";"-55,80";"83,70";"0";"0";"1";"-";"-";"-"
"OA_YTM";"29 Nis 2026 00:26:00";5673;"KAZAN SODA DGKÇS";"159,00";"379,00";"0,00";"205,00";"160,43";"161,31";"156,69";"160,43";"Actual";"160,62";"Actual";"";"";"-0,11";"";"";"-0,14";"";"";"0";"0";"-";"-";"-";"-"
"OA_YTM";"29 Nis 2026 00:26:00";6154;"YUNUS EMRE TES";"404,00";"145,00";"0,00";"35,00";"412,01";"410,00";"398,00";"412,01";"Actual";"";"";"";"";"-1,61";"";"";"-0,55";"";"";"0";"0";"-";"-";"-";"-"
"OA_YTM";"29 Nis 2026 00:26:00";2107;"KESİKKÖPRÜ 154";"158,00";"76,00";"0,00";"28,00";"162,28";"160,31";"155,69";"162,28";"Actual";"162,29";"Actual";"";"";"-0,01";"";"";"0,04";"";"";"0";"0";"-";"-";"-";"-"
"OA_YTM";"29 Nis 2026 00:27:00";2114;"YAMULA HES 154";"159,00";"100,00";"25,50";"25,50";"160,77";"161,31";"156,69";"160,77";"Actual";"0,00";"Actual";"";"";"82,97";"";"";"-23,83";"-29,57";"55,78";"0";"0";"1";"-";"-";"-"
"OA_YTM";"29 Nis 2026 00:27:00";5532;"ACWA KIRIKKALE DGKÇ";"404,00";"927,40";"460,00";"217,00";"413,96";"410,00";"398,00";"413,96";"Actual";"411,59";"Actual";"";"";"0,21";"";"";"-0,75";"";"";"0";"0";"-";"-";"-";"-"
"OA_YTM";"29 Nis 2026 00:27:00";5453;"KARGI BARAJI VE HES";"157,00";"93,84";"0,00";"2,70";"155,42";"159,31";"154,69";"155,42";"Actual";"0,00";"Actual";"";"";"0,00";"";"";"-0,06";"";"";"0";"0";"-";"-";"-";"-"
"OA_YTM";"29 Nis 2026 00:27:00";6137;"KARAMAN BES";"158,00";"40,00";"10,75";"10,75";"160,50";"160,31";"155,69";"160,50";"Actual";"";"";"";"";"25,06";"10,00";"-0,01";"-9,96";"16,00";"22,00";"0";"0";"0";"-";"-";"-"
"OA_YTM";"29 Nis 2026 00:27:00";6011;"GÜRSÖĞÜT BARAJI ve HES";"156,00";"51,64";"3,00";"2,50";"154,70";"158,31";"153,69";"154,70";"Actual";"";"";"";"";"0,00";"";"";"0,00";"";"";"0";"0";"-";"-";"-";"-"
"OA_YTM";"29 Nis 2026 00:27:00";2108;"SARIYAR 154";"159,00";"160,00";"0,00";"40,00";"155,92";"161,31";"156,69";"155,92";"Actual";"";"";"";"";"0,00";"";"";"-59,15";"";"";"0";"0";"-";"-";"-";"-"
"OA_YTM";"29 Nis 2026 00:27:00";2109;"YENİCE 154";"159,00";"36,97";"0,00";"3,00";"159,26";"161,31";"156,69";"159,26";"Actual";"";"";"";"";"0,00";"";"";"0,77";"";"";"0";"0";"-";"-";"-";"-"
"OA_YTM";"29 Nis 2026 00:27:00";2113;"ÇAMLICA HES 154";"159,00";"84,00";"22,00";"22,00";"159,47";"161,31";"156,69";"159,47";"Actual";"-0,62";"Actual";"";"";"56,44";"";"";"0,17";"-16,56";"24,41";"0";"0";"1";"-";"-";"-"
"OA_YTM";"29 Nis 2026 00:27:00";2111;"BAYMİNA 154";"158,00";"833,20";"440,00";"220,00";"159,31";"160,31";"155,69";"159,31";"Actual";"159,19";"Actual";"";"";"-0,27";"";"";"3,08";"";"";"0";"0";"-";"-";"-";"-"
"OA_YTM";"29 Nis 2026 00:27:00";2110;"BAYRAMHACILI 154";"157,00";"47,00";"14,10";"14,10";"157,89";"159,31";"154,69";"157,89";"Actual";"";"";"";"";"39,55";"";"";"-16,70";"-13,90";"26,21";"0";"0";"1";"-";"-";"-"
"OA_YTM";"29 Nis 2026 00:27:00";4952;"İÇ ANADOLU DGKÇ SANTRALİ";"404,00";"870,00";"0,00";"141,00";"409,32";"410,00";"398,00";"409,32";"Actual";"408,53";"Actual";"";"";"0,00";"";"";"-0,97";"";"";"0";"0";"-";"-";"-";"-"
"OA_YTM";"29 Nis 2026 00:27:00";2106;"KAPULUKAYA 154";"158,00";"54,00";"0,00";"13,00";"159,48";"160,31";"155,69";"159,48";"Actual";"";"";"";"";"-0,05";"";"";"-0,55";"";"";"0";"0";"-";"-";"-";"-"
"OA_YTM";"29 Nis 2026 00:27:00";2105;"HİRFANLI HES 154";"158,00";"128,00";"0,00";"20,00";"156,93";"160,31";"155,69";"156,93";"Actual";"";"";"";"";"0,67";"";"";"1,16";"";"";"0";"0";"-";"-";"-";"-"
"OA_YTM";"29 Nis 2026 00:27:00";2104;"GÖKÇEKAYA 380";"404,00";"278,40";"0,00";"80,00";"403,55";"410,00";"398,00";"403,55";"Actual";"406,39";"Actual";"404,26";"Actual";"-1,47";"";"";"-1,16";"";"";"0";"0";"-";"-";"-";"-"
"OA_YTM";"29 Nis 2026 00:27:00";2112;"ÇAYIRHAN TES 380";"404,00";"620,00";"450,00";"90,00";"403,66";"410,00";"398,00";"403,66";"Actual";"456,00";"Invalid";"";"";"511,34";"";"";"96,02";"-55,80";"83,70";"0";"0";"1";"-";"-";"-"
"OA_YTM";"29 Nis 2026 00:27:00";5673;"KAZAN SODA DGKÇS";"159,00";"379,00";"0,00";"205,00";"160,02";"161,31";"156,69";"160,02";"Actual";"159,94";"Actual";"";"";"-0,11";"";"";"-0,14";"";"";"0";"0";"-";"-";"-";"-"
"OA_YTM";"29 Nis 2026 00:27:00";6154;"YUNUS EMRE TES";"404,00";"145,00";"0,00";"35,00";"410,90";"410,00";"398,00";"410,90";"Actual";"";"";"";"";"-1,61";"";"";"-0,44";"";"";"0";"0";"-";"-";"-";"-"
"OA_YTM";"29 Nis 2026 00:27:00";2107;"KESİKKÖPRÜ 154";"158,00";"76,00";"0,00";"28,00";"162,28";"160,31";"155,69";"162,28";"Actual";"162,29";"Actual";"";"";"0,01";"";"";"0,04";"";"";"0";"0";"-";"-";"-";"-"
"OA_YTM";"29 Nis 2026 00:28:00";2114;"YAMULA HES 154";"159,00";"100,00";"25,50";"25,50";"159,23";"161,31";"156,69";"159,23";"Actual";"0,00";"Actual";"";"";"82,97";"";"";"-27,43";"-29,57";"55,78";"0";"0";"1";"-";"-";"-"
"OA_YTM";"29 Nis 2026 00:28:00";5532;"ACWA KIRIKKALE DGKÇ";"404,00";"927,40";"460,00";"217,00";"410,20";"410,00";"398,00";"410,20";"Actual";"407,97";"Actual";"";"";"0,21";"";"";"-0,51";"";"";"0";"0";"-";"-";"-";"-"
"OA_YTM";"29 Nis 2026 00:28:00";5453;"KARGI BARAJI VE HES";"157,00";"93,84";"0,00";"2,70";"154,83";"159,31";"154,69";"154,83";"Actual";"0,00";"Actual";"";"";"0,00";"";"";"-0,06";"";"";"0";"0";"-";"-";"-";"-"
"OA_YTM";"29 Nis 2026 00:28:00";6137;"KARAMAN BES";"158,00";"40,00";"10,75";"10,75";"159,95";"160,31";"155,69";"159,95";"Actual";"";"";"";"";"24,74";"10,00";"-0,01";"-12,57";"-14,40";"19,80";"0";"0";"1";"-";"-";"-"
"OA_YTM";"29 Nis 2026 00:28:00";6011;"GÜRSÖĞÜT BARAJI ve HES";"156,00";"51,64";"3,00";"2,50";"153,78";"158,31";"153,69";"153,78";"Actual";"";"";"";"";"0,00";"";"";"0,00";"";"";"0";"0";"-";"-";"-";"-"
"OA_YTM";"29 Nis 2026 00:28:00";2108;"SARIYAR 154";"159,00";"160,00";"0,00";"40,00";"154,86";"161,31";"156,69";"154,86";"Actual";"";"";"";"";"0,00";"";"";"-59,15";"";"";"0";"0";"-";"-";"-";"-"
"OA_YTM";"29 Nis 2026 00:28:00";2109;"YENİCE 154";"159,00";"36,97";"0,00";"3,00";"158,81";"161,31";"156,69";"158,81";"Actual";"";"";"";"";"0,00";"";"";"0,77";"";"";"0";"0";"-";"-";"-";"-"
"OA_YTM";"29 Nis 2026 00:28:00";2113;"ÇAMLICA HES 154";"159,00";"84,00";"22,00";"22,00";"158,79";"161,31";"156,69";"158,79";"Actual";"-0,62";"Actual";"";"";"56,44";"";"";"0,70";"-16,56";"24,41";"0";"0";"1";"-";"-";"-"
"OA_YTM";"29 Nis 2026 00:28:00";2111;"BAYMİNA 154";"158,00";"833,20";"440,00";"220,00";"157,78";"160,31";"155,69";"157,78";"Actual";"158,91";"Actual";"";"";"-0,27";"";"";"3,08";"";"";"0";"0";"-";"-";"-";"-"
"OA_YTM";"29 Nis 2026 00:28:00";2110;"BAYRAMHACILI 154";"157,00";"47,00";"14,10";"14,10";"157,07";"159,31";"154,69";"157,07";"Actual";"";"";"";"";"39,43";"";"";"-15,06";"-13,90";"26,21";"0";"0";"1";"-";"-";"-"
"OA_YTM";"29 Nis 2026 00:28:00";4952;"İÇ ANADOLU DGKÇ SANTRALİ";"404,00";"870,00";"0,00";"141,00";"405,47";"410,00";"398,00";"405,47";"Actual";"405,72";"Actual";"";"";"0,00";"";"";"-0,97";"";"";"0";"0";"-";"-";"-";"-"
"OA_YTM";"29 Nis 2026 00:28:00";2106;"KAPULUKAYA 154";"158,00";"54,00";"0,00";"13,00";"158,68";"160,31";"155,69";"158,68";"Actual";"";"";"";"";"-0,02";"";"";"-0,25";"";"";"0";"0";"-";"-";"-";"-"
"OA_YTM";"29 Nis 2026 00:28:00";2105;"HİRFANLI HES 154";"158,00";"128,00";"0,00";"20,00";"156,03";"160,31";"155,69";"156,03";"Actual";"";"";"";"";"0,63";"";"";"1,16";"";"";"0";"0";"-";"-";"-";"-"
"OA_YTM";"29 Nis 2026 00:28:00";2104;"GÖKÇEKAYA 380";"404,00";"278,40";"0,00";"80,00";"401,82";"410,00";"398,00";"401,82";"Actual";"404,23";"Actual";"402,12";"Actual";"-1,47";"";"";"-1,47";"";"";"0";"0";"-";"-";"-";"-"
"OA_YTM";"29 Nis 2026 00:28:00";2112;"ÇAYIRHAN TES 380";"404,00";"620,00";"450,00";"90,00";"401,02";"410,00";"398,00";"401,02";"Actual";"456,00";"Invalid";"";"";"510,00";"";"";"131,16";"-55,80";"83,70";"0";"0";"1";"-";"-";"-"
"OA_YTM";"29 Nis 2026 00:28:00";5673;"KAZAN SODA DGKÇS";"159,00";"379,00";"0,00";"205,00";"159,15";"161,31";"156,69";"159,15";"Actual";"158,91";"Actual";"";"";"-0,11";"";"";"-0,14";"";"";"0";"0";"-";"-";"-";"-"
"OA_YTM";"29 Nis 2026 00:28:00";6154;"YUNUS EMRE TES";"404,00";"145,00";"0,00";"35,00";"407,42";"410,00";"398,00";"407,42";"Actual";"";"";"";"";"-1,61";"";"";"-0,44";"";"";"0";"0";"-";"-";"-";"-"
"OA_YTM";"29 Nis 2026 00:28:00";2107;"KESİKKÖPRÜ 154";"158,00";"76,00";"0,00";"28,00";"162,11";"160,31";"155,69";"162,11";"Actual";"162,04";"Actual";"";"";"-0,01";"";"";"0,03";"";"";"0";"0";"-";"-";"-";"-"
"OA_YTM";"29 Nis 2026 00:29:00";2114;"YAMULA HES 154";"159,00";"100,00";"25,50";"25,50";"159,34";"161,31";"156,69";"159,34";"Actual";"0,00";"Actual";"";"";"82,99";"";"";"-29,02";"-29,57";"55,78";"0";"0";"1";"-";"-";"-"
"OA_YTM";"29 Nis 2026 00:29:00";5532;"ACWA KIRIKKALE DGKÇ";"404,00";"927,40";"460,00";"217,00";"411,73";"410,00";"398,00";"411,73";"Actual";"409,51";"Actual";"";"";"0,00";"";"";"-0,75";"";"";"0";"0";"-";"-";"-";"-"
"OA_YTM";"29 Nis 2026 00:29:00";5453;"KARGI BARAJI VE HES";"157,00";"93,84";"0,00";"2,70";"154,66";"159,31";"154,69";"154,66";"Actual";"0,00";"Actual";"";"";"0,00";"";"";"-0,06";"";"";"0";"0";"-";"-";"-";"-"
"OA_YTM";"29 Nis 2026 00:29:00";6137;"KARAMAN BES";"158,00";"40,00";"10,75";"10,75";"160,53";"160,31";"155,69";"160,53";"Actual";"";"";"";"";"24,47";"10,00";"-0,01";"-7,85";"16,00";"22,00";"0";"0";"0";"-";"-";"-"
"OA_YTM";"29 Nis 2026 00:29:00";6011;"GÜRSÖĞÜT BARAJI ve HES";"156,00";"51,64";"3,00";"2,50";"154,06";"158,31";"153,69";"154,06";"Actual";"";"";"";"";"0,00";"";"";"0,00";"";"";"0";"0";"-";"-";"-";"-"
"OA_YTM";"29 Nis 2026 00:29:00";2108;"SARIYAR 154";"159,00";"160,00";"0,00";"40,00";"155,36";"161,31";"156,69";"155,36";"Actual";"";"";"";"";"0,00";"";"";"-59,18";"";"";"0";"0";"-";"-";"-";"-"
"OA_YTM";"29 Nis 2026 00:29:00";2109;"YENİCE 154";"159,00";"36,97";"0,00";"3,00";"159,03";"161,31";"156,69";"159,03";"Actual";"";"";"";"";"0,00";"";"";"0,81";"";"";"0";"0";"-";"-";"-";"-"
"OA_YTM";"29 Nis 2026 00:29:00";2113;"ÇAMLICA HES 154";"159,00";"84,00";"22,00";"22,00";"159,47";"161,31";"156,69";"159,47";"Actual";"-0,62";"Actual";"";"";"56,37";"";"";"0,00";"-16,56";"24,41";"0";"0";"1";"-";"-";"-"
"OA_YTM";"29 Nis 2026 00:29:00";2111;"BAYMİNA 154";"158,00";"833,20";"440,00";"220,00";"157,95";"160,31";"155,69";"157,95";"Actual";"158,46";"Actual";"";"";"-0,27";"";"";"3,08";"";"";"0";"0";"-";"-";"-";"-"
"OA_YTM";"29 Nis 2026 00:29:00";2110;"BAYRAMHACILI 154";"157,00";"47,00";"14,10";"14,10";"157,07";"159,31";"154,69";"157,07";"Actual";"";"";"";"";"39,69";"";"";"-15,03";"-13,90";"26,21";"0";"0";"1";"-";"-";"-"
"OA_YTM";"29 Nis 2026 00:29:00";4952;"İÇ ANADOLU DGKÇ SANTRALİ";"404,00";"870,00";"0,00";"141,00";"405,78";"410,00";"398,00";"405,78";"Actual";"405,86";"Actual";"";"";"0,00";"";"";"-0,97";"";"";"0";"0";"-";"-";"-";"-"
"OA_YTM";"29 Nis 2026 00:29:00";2106;"KAPULUKAYA 154";"158,00";"54,00";"0,00";"13,00";"159,20";"160,31";"155,69";"159,20";"Actual";"";"";"";"";"-0,12";"";"";"0,84";"";"";"0";"0";"-";"-";"-";"-"
"OA_YTM";"29 Nis 2026 00:29:00";2105;"HİRFANLI HES 154";"158,00";"128,00";"0,00";"20,00";"156,70";"160,31";"155,69";"156,70";"Actual";"";"";"";"";"0,67";"";"";"1,16";"";"";"0";"0";"-";"-";"-";"-"
"OA_YTM";"29 Nis 2026 00:29:00";2104;"GÖKÇEKAYA 380";"404,00";"278,40";"0,00";"80,00";"401,80";"410,00";"398,00";"401,80";"Actual";"404,47";"Actual";"402,71";"Actual";"-1,47";"";"";"-1,47";"";"";"0";"0";"-";"-";"-";"-"
"OA_YTM";"29 Nis 2026 00:29:00";2112;"ÇAYIRHAN TES 380";"404,00";"620,00";"450,00";"90,00";"402,27";"410,00";"398,00";"402,27";"Actual";"456,00";"Invalid";"";"";"513,14";"";"";"123,46";"-55,80";"83,70";"0";"0";"1";"-";"-";"-"
"OA_YTM";"29 Nis 2026 00:29:00";5673;"KAZAN SODA DGKÇS";"159,00";"379,00";"0,00";"205,00";"159,15";"161,31";"156,69";"159,15";"Actual";"159,43";"Actual";"";"";"-0,11";"";"";"-0,14";"";"";"0";"0";"-";"-";"-";"-"
"OA_YTM";"29 Nis 2026 00:29:00";6154;"YUNUS EMRE TES";"404,00";"145,00";"0,00";"35,00";"408,53";"410,00";"398,00";"408,53";"Actual";"";"";"";"";"-1,61";"";"";"-0,44";"";"";"0";"0";"-";"-";"-";"-"
"OA_YTM";"29 Nis 2026 00:29:00";2107;"KESİKKÖPRÜ 154";"158,00";"76,00";"0,00";"28,00";"162,14";"160,31";"155,69";"162,14";"Actual";"162,17";"Actual";"";"";"-0,02";"";"";"0,03";"";"";"0";"0";"-";"-";"-";"-"
"OA_YTM";"29 Nis 2026 00:30:00";2114;"YAMULA HES 154";"159,00";"100,00";"25,50";"25,50";"158,41";"161,31";"156,69";"158,41";"Actual";"0,00";"Actual";"";"";"82,99";"";"";"-28,36";"-29,57";"55,78";"0";"0";"1";"-";"-";"-"
"OA_YTM";"29 Nis 2026 00:30:00";5532;"ACWA KIRIKKALE DGKÇ";"404,00";"927,40";"460,00";"217,00";"408,11";"410,00";"398,00";"408,11";"Actual";"406,44";"Actual";"";"";"0,42";"";"";"-0,75";"";"";"0";"0";"-";"-";"-";"-"
"OA_YTM";"29 Nis 2026 00:30:00";5453;"KARGI BARAJI VE HES";"157,00";"93,84";"0,00";"2,70";"153,65";"159,31";"154,69";"153,65";"Actual";"0,00";"Actual";"";"";"0,00";"";"";"-0,06";"";"";"0";"0";"-";"-";"-";"-"
"OA_YTM";"29 Nis 2026 00:30:00";6137;"KARAMAN BES";"158,00";"40,00";"10,75";"10,75";"160,05";"160,31";"155,69";"160,05";"Actual";"";"";"";"";"23,94";"10,00";"-0,01";"-8,10";"-14,40";"19,80";"0";"0";"1";"-";"-";"-"
"OA_YTM";"29 Nis 2026 00:30:00";6011;"GÜRSÖĞÜT BARAJI ve HES";"156,00";"51,64";"3,00";"2,50";"153,10";"158,31";"153,69";"153,10";"Actual";"";"";"";"";"0,00";"";"";"0,00";"";"";"0";"0";"-";"-";"-";"-"
"OA_YTM";"29 Nis 2026 00:30:00";2108;"SARIYAR 154";"159,00";"160,00";"0,00";"40,00";"154,41";"161,31";"156,69";"154,41";"Actual";"";"";"";"";"0,00";"";"";"-59,15";"";"";"0";"0";"-";"-";"-";"-"
"OA_YTM";"29 Nis 2026 00:30:00";2109;"YENİCE 154";"159,00";"36,97";"0,00";"3,00";"158,58";"161,31";"156,69";"158,58";"Actual";"";"";"";"";"0,00";"";"";"0,77";"";"";"0";"0";"-";"-";"-";"-"
"OA_YTM";"29 Nis 2026 00:30:00";2113;"ÇAMLICA HES 154";"159,00";"84,00";"22,00";"22,00";"158,34";"161,31";"156,69";"158,34";"Actual";"-0,62";"Actual";"";"";"56,44";"";"";"0,61";"-16,56";"24,41";"0";"0";"1";"-";"-";"-"
"OA_YTM";"29 Nis 2026 00:30:00";2111;"BAYMİNA 154";"158,00";"833,20";"440,00";"220,00";"156,93";"160,31";"155,69";"156,93";"Actual";"156,99";"Actual";"";"";"-0,27";"";"";"3,08";"";"";"0";"0";"-";"-";"-";"-"
"OA_YTM";"29 Nis 2026 00:30:00";2110;"BAYRAMHACILI 154";"157,00";"47,00";"14,10";"14,10";"157,04";"159,31";"154,69";"157,04";"Actual";"";"";"";"";"39,88";"";"";"-11,11";"-13,90";"26,21";"0";"0";"1";"-";"-";"-"
"OA_YTM";"29 Nis 2026 00:30:00";4952;"İÇ ANADOLU DGKÇ SANTRALİ";"404,00";"870,00";"0,00";"141,00";"402,62";"410,00";"398,00";"402,62";"Actual";"402,17";"Actual";"";"";"0,00";"";"";"-0,97";"";"";"0";"0";"-";"-";"-";"-"
"OA_YTM";"29 Nis 2026 00:30:00";2106;"KAPULUKAYA 154";"158,00";"54,00";"0,00";"13,00";"157,94";"160,31";"155,69";"157,94";"Actual";"";"";"";"";"-0,07";"";"";"0,50";"";"";"0";"0";"-";"-";"-";"-"
"OA_YTM";"29 Nis 2026 00:30:00";2105;"HİRFANLI HES 154";"158,00";"128,00";"0,00";"20,00";"155,57";"160,31";"155,69";"155,57";"Actual";"";"";"";"";"0,59";"";"";"1,16";"";"";"0";"0";"-";"-";"-";"-"
"OA_YTM";"29 Nis 2026 00:30:00";2104;"GÖKÇEKAYA 380";"404,00";"278,40";"0,00";"80,00";"400,47";"410,00";"398,00";"400,47";"Actual";"402,46";"Actual";"401,11";"Actual";"-1,47";"";"";"-1,16";"";"";"0";"0";"-";"-";"-";"-"
"OA_YTM";"29 Nis 2026 00:30:00";2112;"ÇAYIRHAN TES 380";"404,00";"620,00";"450,00";"90,00";"400,74";"410,00";"398,00";"400,74";"Actual";"456,00";"Invalid";"";"";"512,10";"";"";"149,35";"-55,80";"83,70";"0";"0";"1";"-";"-";"-"
"OA_YTM";"29 Nis 2026 00:30:00";5673;"KAZAN SODA DGKÇS";"159,00";"379,00";"0,00";"205,00";"157,69";"161,31";"156,69";"157,69";"Actual";"157,76";"Actual";"";"";"-0,11";"";"";"-0,14";"";"";"0";"0";"-";"-";"-";"-"
"OA_YTM";"29 Nis 2026 00:30:00";6154;"YUNUS EMRE TES";"404,00";"145,00";"0,00";"35,00";"405,61";"410,00";"398,00";"405,61";"Actual";"";"";"";"";"-1,61";"";"";"-0,55";"";"";"0";"0";"-";"-";"-";"-"
"OA_YTM";"29 Nis 2026 00:30:00";2107;"KESİKKÖPRÜ 154";"158,00";"76,00";"0,00";"28,00";"161,95";"160,31";"155,69";"161,95";"Actual";"161,97";"Actual";"";"";"-0,01";"";"";"0,04";"";"";"0";"0";"-";"-";"-";"-"
"OA_YTM";"29 Nis 2026 00:31:00";2114;"YAMULA HES 154";"159,00";"100,00";"25,50";"25,50";"158,35";"161,31";"156,69";"158,35";"Actual";"0,00";"Actual";"";"";"82,92";"";"";"-25,07";"-29,57";"55,78";"0";"0";"1";"-";"-";"-"
"OA_YTM";"29 Nis 2026 00:31:00";5532;"ACWA KIRIKKALE DGKÇ";"404,00";"927,40";"460,00";"217,00";"407,28";"410,00";"398,00";"407,28";"Actual";"405,05";"Actual";"";"";"0,21";"";"";"-0,51";"";"";"0";"0";"-";"-";"-";"-"
"OA_YTM";"29 Nis 2026 00:31:00";5453;"KARGI BARAJI VE HES";"157,00";"93,84";"0,00";"2,70";"153,48";"159,31";"154,69";"153,48";"Actual";"0,00";"Actual";"";"";"0,00";"";"";"-0,06";"";"";"0";"0";"-";"-";"-";"-"
"OA_YTM";"29 Nis 2026 00:31:00";6137;"KARAMAN BES";"158,00";"40,00";"10,75";"10,75";"160,07";"160,31";"155,69";"160,07";"Actual";"";"";"";"";"23,51";"10,00";"-0,01";"-8,01";"-14,40";"19,80";"0";"0";"1";"-";"-";"-"
"OA_YTM";"29 Nis 2026 00:31:00";6011;"GÜRSÖĞÜT BARAJI ve HES";"156,00";"51,64";"3,00";"2,50";"153,07";"158,31";"153,69";"153,07";"Actual";"";"";"";"";"0,00";"";"";"0,00";"";"";"0";"0";"-";"-";"-";"-"
"OA_YTM";"29 Nis 2026 00:31:00";2108;"SARIYAR 154";"159,00";"160,00";"0,00";"40,00";"153,62";"161,31";"156,69";"153,62";"Actual";"";"";"";"";"0,00";"";"";"-59,15";"";"";"0";"0";"-";"-";"-";"-"
"OA_YTM";"29 Nis 2026 00:31:00";2109;"YENİCE 154";"159,00";"36,97";"0,00";"3,00";"158,13";"161,31";"156,69";"158,13";"Actual";"";"";"";"";"0,00";"";"";"0,77";"";"";"0";"0";"-";"-";"-";"-"
"OA_YTM";"29 Nis 2026 00:31:00";2113;"ÇAMLICA HES 154";"159,00";"84,00";"22,00";"22,00";"158,79";"161,31";"156,69";"158,79";"Actual";"-0,62";"Actual";"";"";"56,44";"";"";"-0,12";"-16,56";"24,41";"0";"0";"1";"-";"-";"-"
"OA_YTM";"29 Nis 2026 00:31:00";2111;"BAYMİNA 154";"158,00";"833,20";"440,00";"220,00";"157,39";"160,31";"155,69";"157,39";"Actual";"156,93";"Actual";"";"";"-0,27";"";"";"3,08";"";"";"0";"0";"-";"-";"-";"-"
"OA_YTM";"29 Nis 2026 00:31:00";2110;"BAYRAMHACILI 154";"157,00";"47,00";"14,10";"14,10";"156,92";"159,31";"154,69";"156,92";"Actual";"";"";"";"";"39,57";"";"";"-11,82";"-13,90";"26,21";"0";"0";"1";"-";"-";"-"
"OA_YTM";"29 Nis 2026 00:31:00";4952;"İÇ ANADOLU DGKÇ SANTRALİ";"404,00";"870,00";"0,00";"141,00";"403,05";"410,00";"398,00";"403,05";"Actual";"402,88";"Actual";"";"";"0,00";"";"";"-0,97";"";"";"0";"0";"-";"-";"-";"-"
"OA_YTM";"29 Nis 2026 00:31:00";2106;"KAPULUKAYA 154";"158,00";"54,00";"0,00";"13,00";"157,83";"160,31";"155,69";"157,83";"Actual";"";"";"";"";"-0,04";"";"";"-0,31";"";"";"0";"0";"-";"-";"-";"-"
"OA_YTM";"29 Nis 2026 00:31:00";2105;"HİRFANLI HES 154";"158,00";"128,00";"0,00";"20,00";"155,57";"160,31";"155,69";"155,57";"Actual";"";"";"";"";"0,63";"";"";"1,16";"";"";"0";"0";"-";"-";"-";"-"
"OA_YTM";"29 Nis 2026 00:31:00";2104;"GÖKÇEKAYA 380";"404,00";"278,40";"0,00";"80,00";"400,01";"410,00";"398,00";"400,01";"Actual";"402,55";"Actual";"400,95";"Actual";"-1,47";"";"";"-1,47";"";"";"0";"0";"-";"-";"-";"-"
"OA_YTM";"29 Nis 2026 00:31:00";2112;"ÇAYIRHAN TES 380";"404,00";"620,00";"450,00";"90,00";"398,93";"410,00";"398,00";"398,93";"Actual";"456,00";"Invalid";"";"";"514,11";"";"";"158,63";"-55,80";"83,70";"0";"0";"1";"-";"-";"-"
"OA_YTM";"29 Nis 2026 00:31:00";5673;"KAZAN SODA DGKÇS";"159,00";"379,00";"0,00";"205,00";"157,70";"161,31";"156,69";"157,70";"Actual";"157,87";"Actual";"";"";"-0,11";"";"";"-0,14";"";"";"0";"0";"-";"-";"-";"-"
"OA_YTM";"29 Nis 2026 00:31:00";6154;"YUNUS EMRE TES";"404,00";"145,00";"0,00";"35,00";"404,91";"410,00";"398,00";"404,91";"Actual";"";"";"";"";"-1,61";"";"";"-0,55";"";"";"0";"0";"-";"-";"-";"-"
"OA_YTM";"29 Nis 2026 00:31:00";2107;"KESİKKÖPRÜ 154";"158,00";"76,00";"0,00";"28,00";"161,85";"160,31";"155,69";"161,85";"Actual";"161,96";"Actual";"";"";"-0,03";"";"";"0,03";"";"";"0";"0";"-";"-";"-";"-"
"OA_YTM";"29 Nis 2026 00:32:00";2114;"YAMULA HES 154";"159,00";"100,00";"25,50";"25,50";"158,13";"161,31";"156,69";"158,13";"Actual";"0,00";"Actual";"";"";"82,92";"";"";"-23,66";"-29,57";"55,78";"0";"0";"1";"-";"-";"-"
"OA_YTM";"29 Nis 2026 00:32:00";5532;"ACWA KIRIKKALE DGKÇ";"404,00";"927,40";"460,00";"217,00";"405,05";"410,00";"398,00";"405,05";"Actual";"405,19";"Actual";"";"";"0,21";"";"";"-0,75";"";"";"0";"0";"-";"-";"-";"-"
"OA_YTM";"29 Nis 2026 00:32:00";5453;"KARGI BARAJI VE HES";"157,00";"93,84";"0,00";"2,70";"153,06";"159,31";"154,69";"153,06";"Actual";"0,00";"Actual";"";"";"0,00";"";"";"-0,06";"";"";"0";"0";"-";"-";"-";"-"
"OA_YTM";"29 Nis 2026 00:32:00";6137;"KARAMAN BES";"158,00";"40,00";"10,75";"10,75";"160,12";"160,31";"155,69";"160,12";"Actual";"";"";"";"";"22,79";"10,00";"-0,01";"-7,64";"-14,40";"19,80";"0";"0";"1";"-";"-";"-"
"OA_YTM";"29 Nis 2026 00:32:00";6011;"GÜRSÖĞÜT BARAJI ve HES";"156,00";"51,64";"3,00";"2,50";"152,93";"158,31";"153,69";"152,93";"Actual";"";"";"";"";"0,00";"";"";"0,00";"";"";"0";"0";"-";"-";"-";"-"
"OA_YTM";"29 Nis 2026 00:32:00";2108;"SARIYAR 154";"159,00";"160,00";"0,00";"40,00";"153,68";"161,31";"156,69";"153,68";"Actual";"";"";"";"";"0,00";"";"";"-59,15";"";"";"0";"0";"-";"-";"-";"-"
"OA_YTM";"29 Nis 2026 00:32:00";2109;"YENİCE 154";"159,00";"36,97";"0,00";"3,00";"158,13";"161,31";"156,69";"158,13";"Actual";"";"";"";"";"0,00";"";"";"0,81";"";"";"0";"0";"-";"-";"-";"-"
"OA_YTM";"29 Nis 2026 00:32:00";2113;"ÇAMLICA HES 154";"159,00";"84,00";"22,00";"22,00";"158,11";"161,31";"156,69";"158,11";"Actual";"-0,62";"Actual";"";"";"56,40";"";"";"-0,02";"-16,56";"24,41";"0";"0";"1";"-";"-";"-"
"OA_YTM";"29 Nis 2026 00:32:00";2111;"BAYMİNA 154";"158,00";"833,20";"440,00";"220,00";"156,03";"160,31";"155,69";"156,03";"Actual";"157,67";"Actual";"";"";"-0,27";"";"";"3,08";"";"";"0";"0";"-";"-";"-";"-"
"OA_YTM";"29 Nis 2026 00:32:00";2110;"BAYRAMHACILI 154";"157,00";"47,00";"14,10";"14,10";"156,88";"159,31";"154,69";"156,88";"Actual";"";"";"";"";"39,64";"";"";"-8,53";"-13,90";"26,21";"0";"0";"1";"-";"-";"-"
"OA_YTM";"29 Nis 2026 00:32:00";4952;"İÇ ANADOLU DGKÇ SANTRALİ";"404,00";"870,00";"0,00";"141,00";"402,13";"410,00";"398,00";"402,13";"Actual";"402,57";"Actual";"";"";"0,00";"";"";"-0,97";"";"";"0";"0";"-";"-";"-";"-"
"OA_YTM";"29 Nis 2026 00:32:00";2106;"KAPULUKAYA 154";"158,00";"54,00";"0,00";"13,00";"157,63";"160,31";"155,69";"157,63";"Actual";"";"";"";"";"0,08";"";"";"0,03";"";"";"0";"0";"-";"-";"-";"-"
"OA_YTM";"29 Nis 2026 00:32:00";2105;"HİRFANLI HES 154";"158,00";"128,00";"0,00";"20,00";"155,57";"160,31";"155,69";"155,57";"Actual";"";"";"";"";"0,63";"";"";"1,16";"";"";"0";"0";"-";"-";"-";"-"
"OA_YTM";"29 Nis 2026 00:32:00";2104;"GÖKÇEKAYA 380";"404,00";"278,40";"0,00";"80,00";"399,64";"410,00";"398,00";"399,64";"Actual";"401,87";"Actual";"399,61";"Actual";"-1,47";"";"";"-1,16";"";"";"0";"0";"-";"-";"-";"-"
"OA_YTM";"29 Nis 2026 00:32:00";2112;"ÇAYIRHAN TES 380";"404,00";"620,00";"450,00";"90,00";"398,93";"410,00";"398,00";"398,93";"Actual";"456,00";"Invalid";"";"";"519,39";"";"";"174,15";"-55,80";"83,70";"0";"0";"1";"-";"-";"-"
"OA_YTM";"29 Nis 2026 00:32:00";5673;"KAZAN SODA DGKÇS";"159,00";"379,00";"0,00";"205,00";"157,72";"161,31";"156,69";"157,72";"Actual";"157,50";"Actual";"";"";"-0,11";"";"";"-0,14";"";"";"0";"0";"-";"-";"-";"-"
"OA_YTM";"29 Nis 2026 00:32:00";6154;"YUNUS EMRE TES";"404,00";"145,00";"0,00";"35,00";"403,38";"410,00";"398,00";"403,38";"Actual";"";"";"";"";"-1,61";"";"";"-0,44";"";"";"0";"0";"-";"-";"-";"-"
"OA_YTM";"29 Nis 2026 00:32:00";2107;"KESİKKÖPRÜ 154";"158,00";"76,00";"0,00";"28,00";"161,85";"160,31";"155,69";"161,85";"Actual";"161,96";"Actual";"";"";"-0,01";"";"";"0,04";"";"";"0";"0";"-";"-";"-";"-"
"OA_YTM";"29 Nis 2026 00:33:00";2114;"YAMULA HES 154";"159,00";"100,00";"25,50";"25,50";"158,63";"161,31";"156,69";"158,63";"Actual";"0,00";"Actual";"";"";"82,91";"";"";"-25,07";"-29,57";"55,78";"0";"0";"1";"-";"-";"-"
"OA_YTM";"29 Nis 2026 00:33:00";5532;"ACWA KIRIKKALE DGKÇ";"404,00";"927,40";"460,00";"217,00";"408,25";"410,00";"398,00";"408,25";"Actual";"407,14";"Actual";"";"";"0,42";"";"";"-0,75";"";"";"0";"0";"-";"-";"-";"-"
"OA_YTM";"29 Nis 2026 00:33:00";5453;"KARGI BARAJI VE HES";"157,00";"93,84";"0,00";"2,70";"153,06";"159,31";"154,69";"153,06";"Actual";"0,00";"Actual";"";"";"0,00";"";"";"-0,06";"";"";"0";"0";"-";"-";"-";"-"
"OA_YTM";"29 Nis 2026 00:33:00";6137;"KARAMAN BES";"158,00";"40,00";"10,75";"10,75";"160,08";"160,31";"155,69";"160,08";"Actual";"";"";"";"";"21,58";"10,00";"-0,01";"-7,35";"-14,40";"19,80";"0";"0";"1";"-";"-";"-"
"OA_YTM";"29 Nis 2026 00:33:00";6011;"GÜRSÖĞÜT BARAJI ve HES";"156,00";"51,64";"3,00";"2,50";"152,81";"158,31";"153,69";"152,81";"Actual";"";"";"";"";"0,00";"";"";"0,00";"";"";"0";"0";"-";"-";"-";"-"
"OA_YTM";"29 Nis 2026 00:33:00";2108;"SARIYAR 154";"159,00";"160,00";"0,00";"40,00";"153,74";"161,31";"156,69";"153,74";"Actual";"";"";"";"";"0,00";"";"";"-59,15";"";"";"0";"0";"-";"-";"-";"-"
"OA_YTM";"29 Nis 2026 00:33:00";2109;"YENİCE 154";"159,00";"36,97";"0,00";"3,00";"158,58";"161,31";"156,69";"158,58";"Actual";"";"";"";"";"0,00";"";"";"0,77";"";"";"0";"0";"-";"-";"-";"-"
"OA_YTM";"29 Nis 2026 00:33:00";2113;"ÇAMLICA HES 154";"159,00";"84,00";"22,00";"22,00";"158,56";"161,31";"156,69";"158,56";"Actual";"-0,62";"Actual";"";"";"56,44";"";"";"-0,22";"-16,56";"24,41";"0";"0";"1";"-";"-";"-"
"OA_YTM";"29 Nis 2026 00:33:00";2111;"BAYMİNA 154";"158,00";"833,20";"440,00";"220,00";"157,56";"160,31";"155,69";"157,56";"Actual";"157,50";"Actual";"";"";"-0,21";"";"";"3,08";"";"";"0";"0";"-";"-";"-";"-"
"OA_YTM";"29 Nis 2026 00:33:00";2110;"BAYRAMHACILI 154";"157,00";"47,00";"14,10";"14,10";"156,88";"159,31";"154,69";"156,88";"Actual";"";"";"";"";"39,58";"";"";"-8,99";"-13,90";"26,21";"0";"0";"1";"-";"-";"-"
"OA_YTM";"29 Nis 2026 00:33:00";4952;"İÇ ANADOLU DGKÇ SANTRALİ";"404,00";"870,00";"0,00";"141,00";"402,35";"410,00";"398,00";"402,35";"Actual";"403,10";"Actual";"";"";"0,00";"";"";"-0,97";"";"";"0";"0";"-";"-";"-";"-"
"OA_YTM";"29 Nis 2026 00:33:00";2106;"KAPULUKAYA 154";"158,00";"54,00";"0,00";"13,00";"157,62";"160,31";"155,69";"157,62";"Actual";"";"";"";"";"-0,01";"";"";"-0,03";"";"";"0";"0";"-";"-";"-";"-"
"OA_YTM";"29 Nis 2026 00:33:00";2105;"HİRFANLI HES 154";"158,00";"128,00";"0,00";"20,00";"155,57";"160,31";"155,69";"155,57";"Actual";"";"";"";"";"0,63";"";"";"1,24";"";"";"0";"0";"-";"-";"-";"-"
"OA_YTM";"29 Nis 2026 00:33:00";2104;"GÖKÇEKAYA 380";"404,00";"278,40";"0,00";"80,00";"399,51";"410,00";"398,00";"399,51";"Actual";"401,92";"Actual";"399,88";"Actual";"-1,47";"";"";"-1,47";"";"";"0";"0";"-";"-";"-";"-"
"OA_YTM";"29 Nis 2026 00:33:00";2112;"ÇAYIRHAN TES 380";"404,00";"620,00";"450,00";"90,00";"398,93";"410,00";"398,00";"398,93";"Actual";"456,00";"Invalid";"";"";"516,28";"";"";"150,84";"-55,80";"83,70";"0";"0";"1";"-";"-";"-"
"OA_YTM";"29 Nis 2026 00:33:00";5673;"KAZAN SODA DGKÇS";"159,00";"379,00";"0,00";"205,00";"158,40";"161,31";"156,69";"158,40";"Actual";"158,16";"Actual";"";"";"-0,11";"";"";"-0,14";"";"";"0";"0";"-";"-";"-";"-"
"OA_YTM";"29 Nis 2026 00:33:00";6154;"YUNUS EMRE TES";"404,00";"145,00";"0,00";"35,00";"406,03";"410,00";"398,00";"406,03";"Actual";"";"";"";"";"-1,61";"";"";"-0,44";"";"";"0";"0";"-";"-";"-";"-"
"OA_YTM";"29 Nis 2026 00:33:00";2107;"KESİKKÖPRÜ 154";"158,00";"76,00";"0,00";"28,00";"161,83";"160,31";"155,69";"161,83";"Actual";"161,87";"Actual";"";"";"0,00";"";"";"0,03";"";"";"0";"0";"-";"-";"-";"-"
"OA_YTM";"29 Nis 2026 00:34:00";2114;"YAMULA HES 154";"159,00";"100,00";"25,50";"25,50";"159,01";"161,31";"156,69";"159,01";"Actual";"0,00";"Actual";"";"";"82,97";"";"";"-23,57";"-29,57";"55,78";"0";"0";"1";"-";"-";"-"
"OA_YTM";"29 Nis 2026 00:34:00";5532;"ACWA KIRIKKALE DGKÇ";"404,00";"927,40";"460,00";"217,00";"407,42";"410,00";"398,00";"407,42";"Actual";"406,58";"Actual";"";"";"0,00";"";"";"-0,75";"";"";"0";"0";"-";"-";"-";"-"
"OA_YTM";"29 Nis 2026 00:34:00";5453;"KARGI BARAJI VE HES";"157,00";"93,84";"0,00";"2,70";"153,06";"159,31";"154,69";"153,06";"Actual";"0,00";"Actual";"";"";"0,00";"";"";"-0,06";"";"";"0";"0";"-";"-";"-";"-"
"OA_YTM";"29 Nis 2026 00:34:00";6137;"KARAMAN BES";"158,00";"40,00";"10,75";"10,75";"159,95";"160,31";"155,69";"159,95";"Actual";"";"";"";"";"21,25";"10,00";"-0,01";"-7,81";"-14,40";"19,80";"0";"0";"1";"-";"-";"-"
"OA_YTM";"29 Nis 2026 00:34:00";6011;"GÜRSÖĞÜT BARAJI ve HES";"156,00";"51,64";"3,00";"2,50";"153,02";"158,31";"153,69";"153,02";"Actual";"";"";"";"";"0,00";"";"";"0,00";"";"";"0";"0";"-";"-";"-";"-"
"OA_YTM";"29 Nis 2026 00:34:00";2108;"SARIYAR 154";"159,00";"160,00";"0,00";"40,00";"154,24";"161,31";"156,69";"154,24";"Actual";"";"";"";"";"0,00";"";"";"-59,15";"";"";"0";"0";"-";"-";"-";"-"
"OA_YTM";"29 Nis 2026 00:34:00";2109;"YENİCE 154";"159,00";"36,97";"0,00";"3,00";"158,13";"161,31";"156,69";"158,13";"Actual";"";"";"";"";"0,00";"";"";"0,77";"";"";"0";"0";"-";"-";"-";"-"
"OA_YTM";"29 Nis 2026 00:34:00";2113;"ÇAMLICA HES 154";"159,00";"84,00";"22,00";"22,00";"158,56";"161,31";"156,69";"158,56";"Actual";"-0,62";"Actual";"";"";"56,42";"";"";"-0,32";"-16,56";"24,41";"0";"0";"1";"-";"-";"-"
"OA_YTM";"29 Nis 2026 00:34:00";2111;"BAYMİNA 154";"158,00";"833,20";"440,00";"220,00";"156,82";"160,31";"155,69";"156,82";"Actual";"158,12";"Actual";"";"";"-0,27";"";"";"3,08";"";"";"0";"0";"-";"-";"-";"-"
"OA_YTM";"29 Nis 2026 00:34:00";2110;"BAYRAMHACILI 154";"157,00";"47,00";"14,10";"14,10";"156,88";"159,31";"154,69";"156,88";"Actual";"";"";"";"";"40,03";"";"";"-12,21";"-13,90";"26,21";"0";"0";"1";"-";"-";"-"
"OA_YTM";"29 Nis 2026 00:34:00";4952;"İÇ ANADOLU DGKÇ SANTRALİ";"404,00";"870,00";"0,00";"141,00";"402,31";"410,00";"398,00";"402,31";"Actual";"402,88";"Actual";"";"";"0,00";"";"";"-0,97";"";"";"0";"0";"-";"-";"-";"-"
"OA_YTM";"29 Nis 2026 00:34:00";2106;"KAPULUKAYA 154";"158,00";"54,00";"0,00";"13,00";"158,11";"160,31";"155,69";"158,11";"Actual";"";"";"";"";"0,08";"";"";"0,72";"";"";"0";"0";"-";"-";"-";"-"
"OA_YTM";"29 Nis 2026 00:34:00";2105;"HİRFANLI HES 154";"158,00";"128,00";"0,00";"20,00";"155,57";"160,31";"155,69";"155,57";"Actual";"";"";"";"";"0,63";"";"";"1,16";"";"";"0";"0";"-";"-";"-";"-"
"OA_YTM";"29 Nis 2026 00:34:00";2104;"GÖKÇEKAYA 380";"404,00";"278,40";"0,00";"80,00";"399,78";"410,00";"398,00";"399,78";"Actual";"402,10";"Actual";"400,15";"Actual";"-1,47";"";"";"-1,47";"";"";"0";"0";"-";"-";"-";"-"
"OA_YTM";"29 Nis 2026 00:34:00";2112;"ÇAYIRHAN TES 380";"404,00";"620,00";"450,00";"90,00";"399,21";"410,00";"398,00";"399,21";"Actual";"456,00";"Invalid";"";"";"517,29";"";"";"158,30";"-55,80";"83,70";"0";"0";"1";"-";"-";"-"
"OA_YTM";"29 Nis 2026 00:34:00";5673;"KAZAN SODA DGKÇS";"159,00";"379,00";"0,00";"205,00";"157,95";"161,31";"156,69";"157,95";"Actual";"157,42";"Actual";"";"";"-0,11";"";"";"-0,14";"";"";"0";"0";"-";"-";"-";"-"
"OA_YTM";"29 Nis 2026 00:34:00";6154;"YUNUS EMRE TES";"404,00";"145,00";"0,00";"35,00";"405,19";"410,00";"398,00";"405,19";"Actual";"";"";"";"";"-1,61";"";"";"-0,55";"";"";"0";"0";"-";"-";"-";"-"
"OA_YTM";"29 Nis 2026 00:34:00";2107;"KESİKKÖPRÜ 154";"158,00";"76,00";"0,00";"28,00";"161,94";"160,31";"155,69";"161,94";"Actual";"161,99";"Actual";"";"";"-0,02";"";"";"0,04";"";"";"0";"0";"-";"-";"-";"-"
"OA_YTM";"29 Nis 2026 00:35:00";2114;"YAMULA HES 154";"159,00";"100,00";"25,50";"25,50";"159,01";"161,31";"156,69";"159,01";"Actual";"0,00";"Actual";"";"";"82,97";"";"";"-20,80";"-29,57";"55,78";"0";"0";"1";"-";"-";"-"
"OA_YTM";"29 Nis 2026 00:35:00";5532;"ACWA KIRIKKALE DGKÇ";"404,00";"927,40";"460,00";"217,00";"408,11";"410,00";"398,00";"408,11";"Actual";"405,19";"Actual";"";"";"0,00";"";"";"-0,75";"";"";"0";"0";"-";"-";"-";"-"
"OA_YTM";"29 Nis 2026 00:35:00";5453;"KARGI BARAJI VE HES";"157,00";"93,84";"0,00";"2,70";"153,22";"159,31";"154,69";"153,22";"Actual";"0,00";"Actual";"";"";"0,00";"";"";"-0,06";"";"";"0";"0";"-";"-";"-";"-"
"OA_YTM";"29 Nis 2026 00:35:00";6137;"KARAMAN BES";"158,00";"40,00";"10,75";"10,75";"159,99";"160,31";"155,69";"159,99";"Actual";"";"";"";"";"20,93";"10,00";"-0,01";"-7,84";"-14,40";"19,80";"0";"0";"1";"-";"-";"-"
"OA_YTM";"29 Nis 2026 00:35:00";6011;"GÜRSÖĞÜT BARAJI ve HES";"156,00";"51,64";"3,00";"2,50";"153,03";"158,31";"153,69";"153,03";"Actual";"";"";"";"";"0,00";"";"";"0,00";"";"";"0";"0";"-";"-";"-";"-"
"OA_YTM";"29 Nis 2026 00:35:00";2108;"SARIYAR 154";"159,00";"160,00";"0,00";"40,00";"154,24";"161,31";"156,69";"154,24";"Actual";"";"";"";"";"0,00";"";"";"-59,15";"";"";"0";"0";"-";"-";"-";"-"
"OA_YTM";"29 Nis 2026 00:35:00";2109;"YENİCE 154";"159,00";"36,97";"0,00";"3,00";"158,13";"161,31";"156,69";"158,13";"Actual";"";"";"";"";"0,05";"";"";"0,77";"";"";"0";"0";"-";"-";"-";"-"
"OA_YTM";"29 Nis 2026 00:35:00";2113;"ÇAMLICA HES 154";"159,00";"84,00";"22,00";"22,00";"158,34";"161,31";"156,69";"158,34";"Actual";"-0,62";"Actual";"";"";"56,42";"";"";"-0,22";"-16,56";"24,41";"0";"0";"1";"-";"-";"-"
"OA_YTM";"29 Nis 2026 00:35:00";2111;"BAYMİNA 154";"158,00";"833,20";"440,00";"220,00";"157,27";"160,31";"155,69";"157,27";"Actual";"156,88";"Actual";"";"";"-0,32";"";"";"3,08";"";"";"0";"0";"-";"-";"-";"-"
"OA_YTM";"29 Nis 2026 00:35:00";2110;"BAYRAMHACILI 154";"157,00";"47,00";"14,10";"14,10";"156,88";"159,31";"154,69";"156,88";"Actual";"";"";"";"";"40,01";"";"";"-11,26";"-13,90";"26,21";"0";"0";"1";"-";"-";"-"
"OA_YTM";"29 Nis 2026 00:35:00";4952;"İÇ ANADOLU DGKÇ SANTRALİ";"404,00";"870,00";"0,00";"141,00";"403,49";"410,00";"398,00";"403,49";"Actual";"404,45";"Actual";"";"";"0,00";"";"";"-0,97";"";"";"0";"0";"-";"-";"-";"-"
"OA_YTM";"29 Nis 2026 00:35:00";2106;"KAPULUKAYA 154";"158,00";"54,00";"0,00";"13,00";"158,24";"160,31";"155,69";"158,24";"Actual";"";"";"";"";"-0,19";"";"";"-0,03";"";"";"0";"0";"-";"-";"-";"-"
"OA_YTM";"29 Nis 2026 00:35:00";2105;"HİRFANLI HES 154";"158,00";"128,00";"0,00";"20,00";"156,03";"160,31";"155,69";"156,03";"Actual";"";"";"";"";"0,63";"";"";"1,16";"";"";"0";"0";"-";"-";"-";"-"
"OA_YTM";"29 Nis 2026 00:35:00";2104;"GÖKÇEKAYA 380";"404,00";"278,40";"0,00";"80,00";"400,17";"410,00";"398,00";"400,17";"Actual";"402,52";"Actual";"400,50";"Actual";"-1,47";"";"";"-1,47";"";"";"0";"0";"-";"-";"-";"-"
"OA_YTM";"29 Nis 2026 00:35:00";2112;"ÇAYIRHAN TES 380";"404,00";"620,00";"450,00";"90,00";"400,18";"410,00";"398,00";"400,18";"Actual";"456,00";"Invalid";"";"";"515,46";"";"";"159,49";"-55,80";"83,70";"0";"0";"1";"-";"-";"-"
"OA_YTM";"29 Nis 2026 00:35:00";5673;"KAZAN SODA DGKÇS";"159,00";"379,00";"0,00";"205,00";"157,87";"161,31";"156,69";"157,87";"Actual";"158,06";"Actual";"";"";"-0,11";"";"";"-0,14";"";"";"0";"0";"-";"-";"-";"-"
"OA_YTM";"29 Nis 2026 00:35:00";6154;"YUNUS EMRE TES";"404,00";"145,00";"0,00";"35,00";"403,38";"410,00";"398,00";"403,38";"Actual";"";"";"";"";"-1,61";"";"";"-0,55";"";"";"0";"0";"-";"-";"-";"-"
"OA_YTM";"29 Nis 2026 00:35:00";2107;"KESİKKÖPRÜ 154";"158,00";"76,00";"0,00";"28,00";"161,95";"160,31";"155,69";"161,95";"Actual";"161,97";"Actual";"";"";"-0,01";"";"";"0,03";"";"";"0";"0";"-";"-";"-";"-"
"OA_YTM";"29 Nis 2026 00:36:00";2114;"YAMULA HES 154";"159,00";"100,00";"25,50";"25,50";"159,28";"161,31";"156,69";"159,28";"Actual";"0,00";"Actual";"";"";"82,97";"";"";"-20,64";"-29,57";"55,78";"0";"0";"1";"-";"-";"-"
"OA_YTM";"29 Nis 2026 00:36:00";5532;"ACWA KIRIKKALE DGKÇ";"404,00";"927,40";"460,00";"217,00";"407,97";"410,00";"398,00";"407,97";"Actual";"406,86";"Actual";"";"";"0,21";"";"";"-0,75";"";"";"0";"0";"-";"-";"-";"-"
"OA_YTM";"29 Nis 2026 00:36:00";5453;"KARGI BARAJI VE HES";"157,00";"93,84";"0,00";"2,70";"153,22";"159,31";"154,69";"153,22";"Actual";"0,00";"Actual";"";"";"0,00";"";"";"-0,06";"";"";"0";"0";"-";"-";"-";"-"
"OA_YTM";"29 Nis 2026 00:36:00";6137;"KARAMAN BES";"158,00";"40,00";"10,75";"10,75";"159,98";"160,31";"155,69";"159,98";"Actual";"";"";"";"";"20,16";"10,00";"-0,01";"-7,56";"-14,40";"19,80";"0";"0";"-";"-";"-";"-"
"OA_YTM";"29 Nis 2026 00:36:00";6011;"GÜRSÖĞÜT BARAJI ve HES";"156,00";"51,64";"3,00";"2,50";"153,37";"158,31";"153,69";"153,37";"Actual";"";"";"";"";"0,00";"";"";"0,00";"";"";"0";"0";"-";"-";"-";"-"
"OA_YTM";"29 Nis 2026 00:36:00";2108;"SARIYAR 154";"159,00";"160,00";"0,00";"40,00";"154,02";"161,31";"156,69";"154,02";"Actual";"";"";"";"";"0,00";"";"";"-59,15";"";"";"0";"0";"-";"-";"-";"-"
"OA_YTM";"29 Nis 2026 00:36:00";2109;"YENİCE 154";"159,00";"36,97";"0,00";"3,00";"158,13";"161,31";"156,69";"158,13";"Actual";"";"";"";"";"0,00";"";"";"0,77";"";"";"0";"0";"-";"-";"-";"-"
"OA_YTM";"29 Nis 2026 00:36:00";2113;"ÇAMLICA HES 154";"159,00";"84,00";"22,00";"22,00";"158,56";"161,31";"156,69";"158,56";"Actual";"-0,62";"Actual";"";"";"56,42";"";"";"-0,51";"-16,56";"24,41";"0";"0";"1";"-";"-";"-"
"OA_YTM";"29 Nis 2026 00:36:00";2111;"BAYMİNA 154";"158,00";"833,20";"440,00";"220,00";"157,56";"160,31";"155,69";"157,56";"Actual";"157,56";"Actual";"";"";"-0,27";"";"";"3,08";"";"";"0";"0";"-";"-";"-";"-"
"OA_YTM";"29 Nis 2026 00:36:00";2110;"BAYRAMHACILI 154";"157,00";"47,00";"14,10";"14,10";"156,88";"159,31";"154,69";"156,88";"Actual";"";"";"";"";"39,85";"";"";"-12,31";"-13,90";"26,21";"0";"0";"1";"-";"-";"-"
"OA_YTM";"29 Nis 2026 00:36:00";4952;"İÇ ANADOLU DGKÇ SANTRALİ";"404,00";"870,00";"0,00";"141,00";"403,84";"410,00";"398,00";"403,84";"Actual";"404,02";"Actual";"";"";"0,00";"";"";"-0,97";"";"";"0";"0";"-";"-";"-";"-"
"OA_YTM";"29 Nis 2026 00:36:00";2106;"KAPULUKAYA 154";"158,00";"54,00";"0,00";"13,00";"158,31";"160,31";"155,69";"158,31";"Actual";"";"";"";"";"-0,05";"";"";"0,20";"";"";"0";"0";"-";"-";"-";"-"
"OA_YTM";"29 Nis 2026 00:36:00";2105;"HİRFANLI HES 154";"158,00";"128,00";"0,00";"20,00";"155,57";"160,31";"155,69";"155,57";"Actual";"";"";"";"";"0,63";"";"";"1,16";"";"";"0";"0";"-";"-";"-";"-"
"OA_YTM";"29 Nis 2026 00:36:00";2104;"GÖKÇEKAYA 380";"404,00";"278,40";"0,00";"80,00";"400,68";"410,00";"398,00";"400,68";"Actual";"403,03";"Actual";"400,96";"Actual";"-1,47";"";"";"-1,47";"";"";"0";"0";"-";"-";"-";"-"
"OA_YTM";"29 Nis 2026 00:36:00";2112;"ÇAYIRHAN TES 380";"404,00";"620,00";"450,00";"90,00";"400,32";"410,00";"398,00";"400,32";"Actual";"456,00";"Invalid";"";"";"515,88";"";"";"149,25";"-55,80";"83,70";"0";"0";"1";"-";"-";"-"
"OA_YTM";"29 Nis 2026 00:36:00";5673;"KAZAN SODA DGKÇS";"159,00";"379,00";"0,00";"205,00";"158,06";"161,31";"156,69";"158,06";"Actual";"158,40";"Actual";"";"";"-0,11";"";"";"-0,14";"";"";"0";"0";"-";"-";"-";"-"
"OA_YTM";"29 Nis 2026 00:36:00";6154;"YUNUS EMRE TES";"404,00";"145,00";"0,00";"35,00";"406,03";"410,00";"398,00";"406,03";"Actual";"";"";"";"";"-1,61";"";"";"-0,55";"";"";"0";"0";"-";"-";"-";"-"
"OA_YTM";"29 Nis 2026 00:36:00";2107;"KESİKKÖPRÜ 154";"158,00";"76,00";"0,00";"28,00";"161,92";"160,31";"155,69";"161,92";"Actual";"161,97";"Actual";"";"";"-0,02";"";"";"0,04";"";"";"0";"0";"-";"-";"-";"-"
"OA_YTM";"29 Nis 2026 00:37:00";2114;"YAMULA HES 154";"159,00";"100,00";"25,50";"25,50";"159,78";"161,31";"156,69";"159,78";"Actual";"0,00";"Actual";"";"";"82,92";"";"";"-20,94";"-29,57";"55,78";"0";"0";"1";"-";"-";"-"
"OA_YTM";"29 Nis 2026 00:37:00";5532;"ACWA KIRIKKALE DGKÇ";"404,00";"927,40";"460,00";"217,00";"409,92";"410,00";"398,00";"409,92";"Actual";"408,39";"Actual";"";"";"0,00";"";"";"-0,75";"";"";"0";"0";"-";"-";"-";"-"
"OA_YTM";"29 Nis 2026 00:37:00";5453;"KARGI BARAJI VE HES";"157,00";"93,84";"0,00";"2,70";"153,56";"159,31";"154,69";"153,56";"Actual";"0,00";"Actual";"";"";"0,00";"";"";"-0,06";"";"";"0";"0";"-";"-";"-";"-"
"OA_YTM";"29 Nis 2026 00:37:00";6137;"KARAMAN BES";"158,00";"40,00";"10,75";"10,75";"160,23";"160,31";"155,69";"160,23";"Actual";"";"";"";"";"19,61";"10,00";"-0,01";"-7,79";"-14,40";"19,80";"0";"0";"-";"-";"-";"-"
"OA_YTM";"29 Nis 2026 00:37:00";6011;"GÜRSÖĞÜT BARAJI ve HES";"156,00";"51,64";"3,00";"2,50";"153,80";"158,31";"153,69";"153,80";"Actual";"";"";"";"";"0,00";"";"";"0,00";"";"";"0";"0";"-";"-";"-";"-"
"OA_YTM";"29 Nis 2026 00:37:00";2108;"SARIYAR 154";"159,00";"160,00";"0,00";"40,00";"154,91";"161,31";"156,69";"154,91";"Actual";"";"";"";"";"0,00";"";"";"-59,15";"";"";"0";"0";"-";"-";"-";"-"
"OA_YTM";"29 Nis 2026 00:37:00";2109;"YENİCE 154";"159,00";"36,97";"0,00";"3,00";"159,03";"161,31";"156,69";"159,03";"Actual";"";"";"";"";"0,00";"";"";"0,77";"";"";"0";"0";"-";"-";"-";"-"
"OA_YTM";"29 Nis 2026 00:37:00";2113;"ÇAMLICA HES 154";"159,00";"84,00";"22,00";"22,00";"159,01";"161,31";"156,69";"159,01";"Actual";"-0,62";"Actual";"";"";"56,47";"";"";"-0,56";"-16,56";"24,41";"0";"0";"1";"-";"-";"-"
"OA_YTM";"29 Nis 2026 00:37:00";2111;"BAYMİNA 154";"158,00";"833,20";"440,00";"220,00";"158,06";"160,31";"155,69";"158,06";"Actual";"158,91";"Actual";"";"";"-0,27";"";"";"3,08";"";"";"0";"0";"-";"-";"-";"-"
"OA_YTM";"29 Nis 2026 00:37:00";2110;"BAYRAMHACILI 154";"157,00";"47,00";"14,10";"14,10";"156,88";"159,31";"154,69";"156,88";"Actual";"";"";"";"";"40,01";"";"";"-13,43";"-13,90";"26,21";"0";"0";"1";"-";"-";"-"
"OA_YTM";"29 Nis 2026 00:37:00";4952;"İÇ ANADOLU DGKÇ SANTRALİ";"404,00";"870,00";"0,00";"141,00";"405,78";"410,00";"398,00";"405,78";"Actual";"406,25";"Actual";"";"";"0,00";"";"";"-0,97";"";"";"0";"0";"-";"-";"-";"-"
"OA_YTM";"29 Nis 2026 00:37:00";2106;"KAPULUKAYA 154";"158,00";"54,00";"0,00";"13,00";"157,93";"160,31";"155,69";"157,93";"Actual";"";"";"";"";"0,01";"";"";"2,00";"";"";"0";"0";"-";"-";"-";"-"
"OA_YTM";"29 Nis 2026 00:37:00";2105;"HİRFANLI HES 154";"158,00";"128,00";"0,00";"20,00";"156,25";"160,31";"155,69";"156,25";"Actual";"";"";"";"";"0,59";"";"";"1,16";"";"";"0";"0";"-";"-";"-";"-"
"OA_YTM";"29 Nis 2026 00:37:00";2104;"GÖKÇEKAYA 380";"404,00";"278,40";"0,00";"80,00";"402,07";"410,00";"398,00";"402,07";"Actual";"404,34";"Actual";"402,52";"Actual";"-1,47";"";"";"-1,16";"";"";"0";"0";"-";"-";"-";"-"
"OA_YTM";"29 Nis 2026 00:37:00";2112;"ÇAYIRHAN TES 380";"404,00";"620,00";"450,00";"90,00";"400,32";"410,00";"398,00";"400,32";"Actual";"456,00";"Invalid";"";"";"514,45";"";"";"129,40";"-55,80";"83,70";"0";"0";"1";"-";"-";"-"
"OA_YTM";"29 Nis 2026 00:37:00";5673;"KAZAN SODA DGKÇS";"159,00";"379,00";"0,00";"205,00";"159,23";"161,31";"156,69";"159,23";"Actual";"158,78";"Actual";"";"";"-0,11";"";"";"-0,14";"";"";"0";"0";"-";"-";"-";"-"
"OA_YTM";"29 Nis 2026 00:37:00";6154;"YUNUS EMRE TES";"404,00";"145,00";"0,00";"35,00";"407,42";"410,00";"398,00";"407,42";"Actual";"";"";"";"";"-1,61";"";"";"-0,55";"";"";"0";"0";"-";"-";"-";"-"
"OA_YTM";"29 Nis 2026 00:37:00";2107;"KESİKKÖPRÜ 154";"158,00";"76,00";"0,00";"28,00";"162,07";"160,31";"155,69";"162,07";"Actual";"162,11";"Actual";"";"";"0,00";"";"";"0,04";"";"";"0";"0";"-";"-";"-";"-"
"OA_YTM";"29 Nis 2026 00:38:00";2114;"YAMULA HES 154";"159,00";"100,00";"25,50";"25,50";"159,39";"161,31";"156,69";"159,39";"Actual";"0,00";"Actual";"";"";"82,97";"";"";"-18,83";"-29,57";"55,78";"0";"0";"1";"-";"-";"-"
"OA_YTM";"29 Nis 2026 00:38:00";5532;"ACWA KIRIKKALE DGKÇ";"404,00";"927,40";"460,00";"217,00";"407,97";"410,00";"398,00";"407,97";"Actual";"406,03";"Actual";"";"";"0,21";"";"";"-0,75";"";"";"0";"0";"-";"-";"-";"-"
"OA_YTM";"29 Nis 2026 00:38:00";5453;"KARGI BARAJI VE HES";"157,00";"93,84";"0,00";"2,70";"153,48";"159,31";"154,69";"153,48";"Actual";"0,00";"Actual";"";"";"0,00";"";"";"-0,06";"";"";"0";"0";"-";"-";"-";"-"
"OA_YTM";"29 Nis 2026 00:38:00";6137;"KARAMAN BES";"158,00";"40,00";"10,75";"10,75";"159,84";"160,31";"155,69";"159,84";"Actual";"";"";"";"";"19,46";"10,00";"-0,01";"-9,33";"-14,40";"19,80";"0";"0";"-";"-";"-";"-"
"OA_YTM";"29 Nis 2026 00:38:00";6011;"GÜRSÖĞÜT BARAJI ve HES";"156,00";"51,64";"3,00";"2,50";"153,37";"158,31";"153,69";"153,37";"Actual";"";"";"";"";"0,00";"";"";"0,00";"";"";"0";"0";"-";"-";"-";"-"
"OA_YTM";"29 Nis 2026 00:38:00";2108;"SARIYAR 154";"159,00";"160,00";"0,00";"40,00";"154,41";"161,31";"156,69";"154,41";"Actual";"";"";"";"";"0,00";"";"";"-59,15";"";"";"0";"0";"-";"-";"-";"-"
"OA_YTM";"29 Nis 2026 00:38:00";2109;"YENİCE 154";"159,00";"36,97";"0,00";"3,00";"158,58";"161,31";"156,69";"158,58";"Actual";"";"";"";"";"0,00";"";"";"0,82";"";"";"0";"0";"-";"-";"-";"-"
"OA_YTM";"29 Nis 2026 00:38:00";2113;"ÇAMLICA HES 154";"159,00";"84,00";"22,00";"22,00";"158,56";"161,31";"156,69";"158,56";"Actual";"-0,62";"Actual";"";"";"56,40";"";"";"0,58";"-16,56";"24,41";"0";"0";"1";"-";"-";"-"
"OA_YTM";"29 Nis 2026 00:38:00";2111;"BAYMİNA 154";"158,00";"833,20";"440,00";"220,00";"158,12";"160,31";"155,69";"158,12";"Actual";"158,01";"Actual";"";"";"-0,27";"";"";"3,08";"";"";"0";"0";"-";"-";"-";"-"
"OA_YTM";"29 Nis 2026 00:38:00";2110;"BAYRAMHACILI 154";"157,00";"47,00";"14,10";"14,10";"156,88";"159,31";"154,69";"156,88";"Actual";"";"";"";"";"39,99";"";"";"-12,27";"-13,90";"26,21";"0";"0";"1";"-";"-";"-"
"OA_YTM";"29 Nis 2026 00:38:00";4952;"İÇ ANADOLU DGKÇ SANTRALİ";"404,00";"870,00";"0,00";"141,00";"403,54";"410,00";"398,00";"403,54";"Actual";"404,06";"Actual";"";"";"0,00";"";"";"-0,97";"";"";"0";"0";"-";"-";"-";"-"
"OA_YTM";"29 Nis 2026 00:38:00";2106;"KAPULUKAYA 154";"158,00";"54,00";"0,00";"13,00";"157,70";"160,31";"155,69";"157,70";"Actual";"";"";"";"";"0,04";"";"";"-0,59";"";"";"0";"0";"-";"-";"-";"-"
"OA_YTM";"29 Nis 2026 00:38:00";2105;"HİRFANLI HES 154";"158,00";"128,00";"0,00";"20,00";"155,80";"160,31";"155,69";"155,80";"Actual";"";"";"";"";"0,63";"";"";"1,16";"";"";"0";"0";"-";"-";"-";"-"
"OA_YTM";"29 Nis 2026 00:38:00";2104;"GÖKÇEKAYA 380";"404,00";"278,40";"0,00";"80,00";"401,38";"410,00";"398,00";"401,38";"Actual";"403,66";"Actual";"401,39";"Actual";"-1,47";"";"";"-1,47";"";"";"0";"0";"-";"-";"-";"-"
"OA_YTM";"29 Nis 2026 00:38:00";2112;"ÇAYIRHAN TES 380";"404,00";"620,00";"450,00";"90,00";"399,90";"410,00";"398,00";"399,90";"Actual";"456,00";"Invalid";"";"";"514,74";"";"";"150,03";"-55,80";"83,70";"0";"0";"1";"-";"-";"-"
"OA_YTM";"29 Nis 2026 00:38:00";5673;"KAZAN SODA DGKÇS";"159,00";"379,00";"0,00";"205,00";"158,61";"161,31";"156,69";"158,61";"Actual";"157,93";"Actual";"";"";"-0,11";"";"";"-0,14";"";"";"0";"0";"-";"-";"-";"-"
"OA_YTM";"29 Nis 2026 00:38:00";6154;"YUNUS EMRE TES";"404,00";"145,00";"0,00";"35,00";"406,03";"410,00";"398,00";"406,03";"Actual";"";"";"";"";"-1,61";"";"";"-0,55";"";"";"0";"0";"-";"-";"-";"-"
"OA_YTM";"29 Nis 2026 00:38:00";2107;"KESİKKÖPRÜ 154";"158,00";"76,00";"0,00";"28,00";"161,90";"160,31";"155,69";"161,90";"Actual";"161,96";"Actual";"";"";"0,00";"";"";"0,04";"";"";"0";"0";"-";"-";"-";"-"
"OA_YTM";"29 Nis 2026 00:39:00";2114;"YAMULA HES 154";"159,00";"100,00";"25,50";"25,50";"159,01";"161,31";"156,69";"159,01";"Actual";"0,00";"Actual";"";"";"82,97";"";"";"-18,03";"-29,57";"55,78";"0";"0";"1";"-";"-";"-"
"OA_YTM";"29 Nis 2026 00:39:00";5532;"ACWA KIRIKKALE DGKÇ";"404,00";"927,40";"460,00";"217,00";"408,25";"410,00";"398,00";"408,25";"Actual";"406,44";"Actual";"";"";"0,21";"";"";"-0,75";"";"";"0";"0";"-";"-";"-";"-"
"OA_YTM";"29 Nis 2026 00:39:00";5453;"KARGI BARAJI VE HES";"157,00";"93,84";"0,00";"2,70";"153,48";"159,31";"154,69";"153,48";"Actual";"0,00";"Actual";"";"";"0,00";"";"";"-0,06";"";"";"0";"0";"-";"-";"-";"-"
"OA_YTM";"29 Nis 2026 00:39:00";6137;"KARAMAN BES";"158,00";"40,00";"10,75";"10,75";"160,13";"160,31";"155,69";"160,13";"Actual";"";"";"";"";"19,94";"10,00";"-0,01";"-9,99";"-14,40";"19,80";"0";"0";"-";"-";"-";"-"
"OA_YTM";"29 Nis 2026 00:39:00";6011;"GÜRSÖĞÜT BARAJI ve HES";"156,00";"51,64";"3,00";"2,50";"153,19";"158,31";"153,69";"153,19";"Actual";"";"";"";"";"0,00";"";"";"0,00";"";"";"0";"0";"-";"-";"-";"-"
"OA_YTM";"29 Nis 2026 00:39:00";2108;"SARIYAR 154";"159,00";"160,00";"0,00";"40,00";"154,41";"161,31";"156,69";"154,41";"Actual";"";"";"";"";"0,00";"";"";"-59,15";"";"";"0";"0";"-";"-";"-";"-"
"OA_YTM";"29 Nis 2026 00:39:00";2109;"YENİCE 154";"159,00";"36,97";"0,00";"3,00";"158,58";"161,31";"156,69";"158,58";"Actual";"";"";"";"";"0,00";"";"";"0,81";"";"";"0";"0";"-";"-";"-";"-"
"OA_YTM";"29 Nis 2026 00:39:00";2113;"ÇAMLICA HES 154";"159,00";"84,00";"22,00";"22,00";"158,34";"161,31";"156,69";"158,34";"Actual";"-0,62";"Actual";"";"";"56,42";"";"";"0,30";"-16,56";"24,41";"0";"0";"1";"-";"-";"-"
"OA_YTM";"29 Nis 2026 00:39:00";2111;"BAYMİNA 154";"158,00";"833,20";"440,00";"220,00";"157,39";"160,31";"155,69";"157,39";"Actual";"157,33";"Actual";"";"";"-0,14";"";"";"3,08";"";"";"0";"0";"-";"-";"-";"-"
"OA_YTM";"29 Nis 2026 00:39:00";2110;"BAYRAMHACILI 154";"157,00";"47,00";"14,10";"14,10";"156,88";"159,31";"154,69";"156,88";"Actual";"";"";"";"";"39,88";"";"";"-12,78";"-13,90";"26,21";"0";"0";"1";"-";"-";"-"
"OA_YTM";"29 Nis 2026 00:39:00";4952;"İÇ ANADOLU DGKÇ SANTRALİ";"404,00";"870,00";"0,00";"141,00";"403,10";"410,00";"398,00";"403,10";"Actual";"402,57";"Actual";"";"";"0,00";"";"";"-0,97";"";"";"0";"0";"-";"-";"-";"-"
"OA_YTM";"29 Nis 2026 00:39:00";2106;"KAPULUKAYA 154";"158,00";"54,00";"0,00";"13,00";"158,01";"160,31";"155,69";"158,01";"Actual";"";"";"";"";"-0,02";"";"";"0,71";"";"";"0";"0";"-";"-";"-";"-"
"OA_YTM";"29 Nis 2026 00:39:00";2105;"HİRFANLI HES 154";"158,00";"128,00";"0,00";"20,00";"155,80";"160,31";"155,69";"155,80";"Actual";"";"";"";"";"0,63";"";"";"1,16";"";"";"0";"0";"-";"-";"-";"-"
"OA_YTM";"29 Nis 2026 00:39:00";2104;"GÖKÇEKAYA 380";"404,00";"278,40";"0,00";"80,00";"400,33";"410,00";"398,00";"400,33";"Actual";"402,41";"Actual";"400,75";"Actual";"-1,47";"";"";"-1,16";"";"";"0";"0";"-";"-";"-";"-"
"OA_YTM";"29 Nis 2026 00:39:00";2112;"ÇAYIRHAN TES 380";"404,00";"620,00";"450,00";"90,00";"399,90";"410,00";"398,00";"399,90";"Actual";"456,00";"Invalid";"";"";"514,93";"";"";"155,93";"-55,80";"83,70";"0";"0";"1";"-";"-";"-"
"OA_YTM";"29 Nis 2026 00:39:00";5673;"KAZAN SODA DGKÇS";"159,00";"379,00";"0,00";"205,00";"157,87";"161,31";"156,69";"157,87";"Actual";"158,02";"Actual";"";"";"0,00";"";"";"-0,14";"";"";"0";"0";"-";"-";"-";"-"
"OA_YTM";"29 Nis 2026 00:39:00";6154;"YUNUS EMRE TES";"404,00";"145,00";"0,00";"35,00";"404,91";"410,00";"398,00";"404,91";"Actual";"";"";"";"";"-1,61";"";"";"-0,44";"";"";"0";"0";"-";"-";"-";"-"
"OA_YTM";"29 Nis 2026 00:39:00";2107;"KESİKKÖPRÜ 154";"158,00";"76,00";"0,00";"28,00";"161,86";"160,31";"155,69";"161,86";"Actual";"161,96";"Actual";"";"";"-0,02";"";"";"0,03";"";"";"0";"0";"-";"-";"-";"-"
"OA_YTM";"29 Nis 2026 00:40:00";2114;"YAMULA HES 154";"159,00";"100,00";"25,50";"25,50";"159,01";"161,31";"156,69";"159,01";"Actual";"0,00";"Actual";"";"";"82,97";"";"";"-19,29";"-29,57";"55,78";"0";"0";"1";"-";"-";"-"
"OA_YTM";"29 Nis 2026 00:40:00";5532;"ACWA KIRIKKALE DGKÇ";"404,00";"927,40";"460,00";"217,00";"407,70";"410,00";"398,00";"407,70";"Actual";"405,33";"Actual";"";"";"0,21";"";"";"-0,75";"";"";"0";"0";"-";"-";"-";"-"
"OA_YTM";"29 Nis 2026 00:40:00";5453;"KARGI BARAJI VE HES";"157,00";"93,84";"0,00";"2,70";"153,48";"159,31";"154,69";"153,48";"Actual";"0,00";"Actual";"";"";"0,00";"";"";"-0,06";"";"";"0";"0";"-";"-";"-";"-"
"OA_YTM";"29 Nis 2026 00:40:00";6137;"KARAMAN BES";"158,00";"40,00";"10,75";"10,75";"160,21";"160,31";"155,69";"160,21";"Actual";"";"";"";"";"20,55";"10,00";"-0,01";"-6,59";"-14,40";"19,80";"0";"0";"-";"-";"-";"-"
"OA_YTM";"29 Nis 2026 00:40:00";6011;"GÜRSÖĞÜT BARAJI ve HES";"156,00";"51,64";"3,00";"2,50";"152,86";"158,31";"153,69";"152,86";"Actual";"";"";"";"";"0,00";"";"";"0,00";"";"";"0";"0";"-";"-";"-";"-"
"OA_YTM";"29 Nis 2026 00:40:00";2108;"SARIYAR 154";"159,00";"160,00";"0,00";"40,00";"153,79";"161,31";"156,69";"153,79";"Actual";"";"";"";"";"0,00";"";"";"-59,15";"";"";"0";"0";"-";"-";"-";"-"
"OA_YTM";"29 Nis 2026 00:40:00";2109;"YENİCE 154";"159,00";"36,97";"0,00";"3,00";"158,58";"161,31";"156,69";"158,58";"Actual";"";"";"";"";"0,05";"";"";"0,77";"";"";"0";"0";"-";"-";"-";"-"
"OA_YTM";"29 Nis 2026 00:40:00";2113;"ÇAMLICA HES 154";"159,00";"84,00";"22,00";"22,00";"158,56";"161,31";"156,69";"158,56";"Actual";"-0,62";"Actual";"";"";"56,42";"";"";"0,20";"-16,56";"24,41";"0";"0";"1";"-";"-";"-"
"OA_YTM";"29 Nis 2026 00:40:00";2111;"BAYMİNA 154";"158,00";"833,20";"440,00";"220,00";"157,50";"160,31";"155,69";"157,50";"Actual";"157,78";"Actual";"";"";"-0,27";"";"";"3,08";"";"";"0";"0";"-";"-";"-";"-"
"OA_YTM";"29 Nis 2026 00:40:00";2110;"BAYRAMHACILI 154";"157,00";"47,00";"14,10";"14,10";"156,88";"159,31";"154,69";"156,88";"Actual";"";"";"";"";"40,19";"";"";"-11,89";"-13,90";"26,21";"0";"0";"1";"-";"-";"-"
"OA_YTM";"29 Nis 2026 00:40:00";4952;"İÇ ANADOLU DGKÇ SANTRALİ";"404,00";"870,00";"0,00";"141,00";"402,62";"410,00";"398,00";"402,62";"Actual";"402,17";"Actual";"";"";"0,00";"";"";"-0,97";"";"";"0";"0";"-";"-";"-";"-"
"OA_YTM";"29 Nis 2026 00:40:00";2106;"KAPULUKAYA 154";"158,00";"54,00";"0,00";"13,00";"158,01";"160,31";"155,69";"158,01";"Actual";"";"";"";"";"-0,02";"";"";"-0,01";"";"";"0";"0";"-";"-";"-";"-"
"OA_YTM";"29 Nis 2026 00:40:00";2105;"HİRFANLI HES 154";"158,00";"128,00";"0,00";"20,00";"155,80";"160,31";"155,69";"155,80";"Actual";"";"";"";"";"0,63";"";"";"1,16";"";"";"0";"0";"-";"-";"-";"-"
"OA_YTM";"29 Nis 2026 00:40:00";2104;"GÖKÇEKAYA 380";"404,00";"278,40";"0,00";"80,00";"400,11";"410,00";"398,00";"400,11";"Actual";"402,70";"Actual";"400,57";"Actual";"-1,47";"";"";"-1,47";"";"";"0";"0";"-";"-";"-";"-"
"OA_YTM";"29 Nis 2026 00:40:00";2112;"ÇAYIRHAN TES 380";"404,00";"620,00";"450,00";"90,00";"399,90";"410,00";"398,00";"399,90";"Actual";"456,00";"Invalid";"";"";"514,09";"";"";"157,94";"-55,80";"83,70";"0";"0";"1";"-";"-";"-"
"OA_YTM";"29 Nis 2026 00:40:00";5673;"KAZAN SODA DGKÇS";"159,00";"379,00";"0,00";"205,00";"157,70";"161,31";"156,69";"157,70";"Actual";"157,72";"Actual";"";"";"-0,11";"";"";"-0,14";"";"";"0";"0";"-";"-";"-";"-"
"OA_YTM";"29 Nis 2026 00:40:00";6154;"YUNUS EMRE TES";"404,00";"145,00";"0,00";"35,00";"405,19";"410,00";"398,00";"405,19";"Actual";"";"";"";"";"-1,61";"";"";"-0,44";"";"";"0";"0";"-";"-";"-";"-"
"OA_YTM";"29 Nis 2026 00:40:00";2107;"KESİKKÖPRÜ 154";"158,00";"76,00";"0,00";"28,00";"161,86";"160,31";"155,69";"161,86";"Actual";"161,87";"Actual";"";"";"-0,02";"";"";"0,02";"";"";"0";"0";"-";"-";"-";"-"
"OA_YTM";"29 Nis 2026 00:41:00";2114;"YAMULA HES 154";"159,00";"100,00";"25,50";"25,50";"159,28";"161,31";"156,69";"159,28";"Actual";"0,00";"Actual";"";"";"82,97";"";"";"-17,21";"-29,57";"55,78";"0";"0";"1";"-";"-";"-"
"OA_YTM";"29 Nis 2026 00:41:00";5532;"ACWA KIRIKKALE DGKÇ";"404,00";"927,40";"460,00";"217,00";"407,70";"410,00";"398,00";"407,70";"Actual";"406,17";"Actual";"";"";"0,21";"";"";"-0,51";"";"";"0";"0";"-";"-";"-";"-"
"OA_YTM";"29 Nis 2026 00:41:00";5453;"KARGI BARAJI VE HES";"157,00";"93,84";"0,00";"2,70";"153,48";"159,31";"154,69";"153,48";"Actual";"0,00";"Actual";"";"";"0,00";"";"";"-0,06";"";"";"0";"0";"-";"-";"-";"-"
"OA_YTM";"29 Nis 2026 00:41:00";6137;"KARAMAN BES";"158,00";"40,00";"10,75";"10,75";"160,32";"160,31";"155,69";"160,32";"Actual";"";"";"";"";"21,17";"10,00";"-0,01";"-7,34";"16,00";"22,00";"0";"0";"0";"-";"-";"-"
"OA_YTM";"29 Nis 2026 00:41:00";6011;"GÜRSÖĞÜT BARAJI ve HES";"156,00";"51,64";"3,00";"2,50";"153,01";"158,31";"153,69";"153,01";"Actual";"";"";"";"";"0,00";"";"";"0,00";"";"";"0";"0";"-";"-";"-";"-"
"OA_YTM";"29 Nis 2026 00:41:00";2108;"SARIYAR 154";"159,00";"160,00";"0,00";"40,00";"153,79";"161,31";"156,69";"153,79";"Actual";"";"";"";"";"0,00";"";"";"-59,15";"";"";"0";"0";"-";"-";"-";"-"
"OA_YTM";"29 Nis 2026 00:41:00";2109;"YENİCE 154";"159,00";"36,97";"0,00";"3,00";"158,13";"161,31";"156,69";"158,13";"Actual";"";"";"";"";"0,00";"";"";"0,81";"";"";"0";"0";"-";"-";"-";"-"
"OA_YTM";"29 Nis 2026 00:41:00";2113;"ÇAMLICA HES 154";"159,00";"84,00";"22,00";"22,00";"158,56";"161,31";"156,69";"158,56";"Actual";"-0,62";"Actual";"";"";"56,42";"";"";"0,05";"-16,56";"24,41";"0";"0";"1";"-";"-";"-"
"OA_YTM";"29 Nis 2026 00:41:00";2111;"BAYMİNA 154";"158,00";"833,20";"440,00";"220,00";"156,99";"160,31";"155,69";"156,99";"Actual";"157,22";"Actual";"";"";"-0,27";"";"";"3,08";"";"";"0";"0";"-";"-";"-";"-"
"OA_YTM";"29 Nis 2026 00:41:00";2110;"BAYRAMHACILI 154";"157,00";"47,00";"14,10";"14,10";"156,88";"159,31";"154,69";"156,88";"Actual";"";"";"";"";"40,03";"";"";"-13,73";"-13,90";"26,21";"0";"0";"1";"-";"-";"-"
"OA_YTM";"29 Nis 2026 00:41:00";4952;"İÇ ANADOLU DGKÇ SANTRALİ";"404,00";"870,00";"0,00";"141,00";"403,54";"410,00";"398,00";"403,54";"Actual";"404,41";"Actual";"";"";"0,00";"";"";"-0,97";"";"";"0";"0";"-";"-";"-";"-"
"OA_YTM";"29 Nis 2026 00:41:00";2106;"KAPULUKAYA 154";"158,00";"54,00";"0,00";"13,00";"157,82";"160,31";"155,69";"157,82";"Actual";"";"";"";"";"0,06";"";"";"0,44";"";"";"0";"0";"-";"-";"-";"-"
"OA_YTM";"29 Nis 2026 00:41:00";2105;"HİRFANLI HES 154";"158,00";"128,00";"0,00";"20,00";"155,80";"160,31";"155,69";"155,80";"Actual";"";"";"";"";"0,63";"";"";"1,16";"";"";"0";"0";"-";"-";"-";"-"
"OA_YTM";"29 Nis 2026 00:41:00";2104;"GÖKÇEKAYA 380";"404,00";"278,40";"0,00";"80,00";"401,27";"410,00";"398,00";"401,27";"Actual";"404,19";"Actual";"401,89";"Actual";"-1,47";"";"";"-1,47";"";"";"0";"0";"-";"-";"-";"-"
"OA_YTM";"29 Nis 2026 00:41:00";2112;"ÇAYIRHAN TES 380";"404,00";"620,00";"450,00";"90,00";"399,90";"410,00";"398,00";"399,90";"Actual";"456,00";"Invalid";"";"";"514,36";"";"";"149,76";"-55,80";"83,70";"0";"0";"1";"-";"-";"-"
"OA_YTM";"29 Nis 2026 00:41:00";5673;"KAZAN SODA DGKÇS";"159,00";"379,00";"0,00";"205,00";"158,34";"161,31";"156,69";"158,34";"Actual";"158,02";"Actual";"";"";"-0,11";"";"";"-0,14";"";"";"0";"0";"-";"-";"-";"-"
"OA_YTM";"29 Nis 2026 00:41:00";6154;"YUNUS EMRE TES";"404,00";"145,00";"0,00";"35,00";"405,61";"410,00";"398,00";"405,61";"Actual";"";"";"";"";"-1,61";"";"";"-0,55";"";"";"0";"0";"-";"-";"-";"-"
"OA_YTM";"29 Nis 2026 00:41:00";2107;"KESİKKÖPRÜ 154";"158,00";"76,00";"0,00";"28,00";"161,92";"160,31";"155,69";"161,92";"Actual";"161,93";"Actual";"";"";"-0,02";"";"";"0,04";"";"";"0";"0";"-";"-";"-";"-"
"OA_YTM";"29 Nis 2026 00:42:00";2114;"YAMULA HES 154";"159,00";"100,00";"25,50";"25,50";"159,78";"161,31";"156,69";"159,78";"Actual";"0,00";"Actual";"";"";"82,97";"";"";"-13,96";"-29,57";"55,78";"0";"0";"1";"-";"-";"-"
"OA_YTM";"29 Nis 2026 00:42:00";5532;"ACWA KIRIKKALE DGKÇ";"404,00";"927,40";"460,00";"217,00";"407,84";"410,00";"398,00";"407,84";"Actual";"406,44";"Actual";"";"";"0,00";"";"";"-0,75";"";"";"0";"0";"-";"-";"-";"-"
"OA_YTM";"29 Nis 2026 00:42:00";5453;"KARGI BARAJI VE HES";"157,00";"93,84";"0,00";"2,70";"153,48";"159,31";"154,69";"153,48";"Actual";"0,00";"Actual";"";"";"0,00";"";"";"-0,06";"";"";"0";"0";"-";"-";"-";"-"
"OA_YTM";"29 Nis 2026 00:42:00";6137;"KARAMAN BES";"158,00";"40,00";"10,75";"10,75";"160,13";"160,31";"155,69";"160,13";"Actual";"";"";"";"";"21,20";"10,00";"-0,01";"-8,63";"-14,40";"19,80";"0";"0";"1";"-";"-";"-"
"OA_YTM";"29 Nis 2026 00:42:00";6011;"GÜRSÖĞÜT BARAJI ve HES";"156,00";"51,64";"3,00";"2,50";"153,19";"158,31";"153,69";"153,19";"Actual";"";"";"";"";"0,00";"";"";"0,00";"";"";"0";"0";"-";"-";"-";"-"
"OA_YTM";"29 Nis 2026 00:42:00";2108;"SARIYAR 154";"159,00";"160,00";"0,00";"40,00";"153,79";"161,31";"156,69";"153,79";"Actual";"";"";"";"";"0,00";"";"";"-59,15";"";"";"0";"0";"-";"-";"-";"-"
"OA_YTM";"29 Nis 2026 00:42:00";2109;"YENİCE 154";"159,00";"36,97";"0,00";"3,00";"159,03";"161,31";"156,69";"159,03";"Actual";"";"";"";"";"0,00";"";"";"0,77";"";"";"0";"0";"-";"-";"-";"-"
"OA_YTM";"29 Nis 2026 00:42:00";2113;"ÇAMLICA HES 154";"159,00";"84,00";"22,00";"22,00";"158,56";"161,31";"156,69";"158,56";"Actual";"-0,62";"Actual";"";"";"56,42";"";"";"-0,20";"-16,56";"24,41";"0";"0";"1";"-";"-";"-"
"OA_YTM";"29 Nis 2026 00:42:00";2111;"BAYMİNA 154";"158,00";"833,20";"440,00";"220,00";"157,39";"160,31";"155,69";"157,39";"Actual";"157,78";"Actual";"";"";"-0,27";"";"";"3,08";"";"";"0";"0";"-";"-";"-";"-"
"OA_YTM";"29 Nis 2026 00:42:00";2110;"BAYRAMHACILI 154";"157,00";"47,00";"14,10";"14,10";"156,88";"159,31";"154,69";"156,88";"Actual";"";"";"";"";"39,66";"";"";"-13,13";"-13,90";"26,21";"0";"0";"1";"-";"-";"-"
"OA_YTM";"29 Nis 2026 00:42:00";4952;"İÇ ANADOLU DGKÇ SANTRALİ";"404,00";"870,00";"0,00";"141,00";"403,80";"410,00";"398,00";"403,80";"Actual";"402,84";"Actual";"";"";"0,00";"";"";"-0,97";"";"";"0";"0";"-";"-";"-";"-"
"OA_YTM";"29 Nis 2026 00:42:00";2106;"KAPULUKAYA 154";"158,00";"54,00";"0,00";"13,00";"157,95";"160,31";"155,69";"157,95";"Actual";"";"";"";"";"-0,05";"";"";"-0,30";"";"";"0";"0";"-";"-";"-";"-"
"OA_YTM";"29 Nis 2026 00:42:00";2105;"HİRFANLI HES 154";"158,00";"128,00";"0,00";"20,00";"155,80";"160,31";"155,69";"155,80";"Actual";"";"";"";"";"0,67";"";"";"1,16";"";"";"0";"0";"-";"-";"-";"-"
"OA_YTM";"29 Nis 2026 00:42:00";2104;"GÖKÇEKAYA 380";"404,00";"278,40";"0,00";"80,00";"400,92";"410,00";"398,00";"400,92";"Actual";"403,16";"Actual";"401,53";"Actual";"-1,47";"";"";"-1,16";"";"";"0";"0";"-";"-";"-";"-"
"OA_YTM";"29 Nis 2026 00:42:00";2112;"ÇAYIRHAN TES 380";"404,00";"620,00";"450,00";"90,00";"399,90";"410,00";"398,00";"399,90";"Actual";"456,00";"Invalid";"";"";"514,77";"";"";"153,81";"-55,80";"83,70";"0";"0";"1";"-";"-";"-"
"OA_YTM";"29 Nis 2026 00:42:00";5673;"KAZAN SODA DGKÇS";"159,00";"379,00";"0,00";"205,00";"157,84";"161,31";"156,69";"157,84";"Actual";"158,01";"Actual";"";"";"-0,11";"";"";"-0,14";"";"";"0";"0";"-";"-";"-";"-"
"OA_YTM";"29 Nis 2026 00:42:00";6154;"YUNUS EMRE TES";"404,00";"145,00";"0,00";"35,00";"404,91";"410,00";"398,00";"404,91";"Actual";"";"";"";"";"-1,61";"";"";"-0,44";"";"";"0";"0";"-";"-";"-";"-"
"OA_YTM";"29 Nis 2026 00:42:00";2107;"KESİKKÖPRÜ 154";"158,00";"76,00";"0,00";"28,00";"161,92";"160,31";"155,69";"161,92";"Actual";"161,96";"Actual";"";"";"-0,02";"";"";"0,03";"";"";"0";"0";"-";"-";"-";"-"
"OA_YTM";"29 Nis 2026 00:43:00";2114;"YAMULA HES 154";"159,00";"100,00";"25,50";"25,50";"159,06";"161,31";"156,69";"159,06";"Actual";"0,00";"Actual";"";"";"82,91";"";"";"-12,64";"-29,57";"55,78";"0";"0";"1";"-";"-";"-"
"OA_YTM";"29 Nis 2026 00:43:00";5532;"ACWA KIRIKKALE DGKÇ";"404,00";"927,40";"460,00";"217,00";"405,19";"410,00";"398,00";"405,19";"Actual";"402,55";"Actual";"";"";"0,00";"";"";"-0,75";"";"";"0";"0";"-";"-";"-";"-"
"OA_YTM";"29 Nis 2026 00:43:00";5453;"KARGI BARAJI VE HES";"157,00";"93,84";"0,00";"2,70";"152,80";"159,31";"154,69";"152,80";"Actual";"0,00";"Actual";"";"";"0,00";"";"";"-0,06";"";"";"0";"0";"-";"-";"-";"-"
"OA_YTM";"29 Nis 2026 00:43:00";6137;"KARAMAN BES";"158,00";"40,00";"10,75";"10,75";"159,92";"160,31";"155,69";"159,92";"Actual";"";"";"";"";"20,71";"10,00";"-0,01";"-8,51";"-14,40";"19,80";"0";"0";"-";"-";"-";"-"
"OA_YTM";"29 Nis 2026 00:43:00";6011;"GÜRSÖĞÜT BARAJI ve HES";"156,00";"51,64";"3,00";"2,50";"152,73";"158,31";"153,69";"152,73";"Actual";"";"";"";"";"0,00";"";"";"0,00";"";"";"0";"0";"-";"-";"-";"-"
"OA_YTM";"29 Nis 2026 00:43:00";2108;"SARIYAR 154";"159,00";"160,00";"0,00";"40,00";"153,34";"161,31";"156,69";"153,34";"Actual";"";"";"";"";"0,00";"";"";"-59,15";"";"";"0";"0";"-";"-";"-";"-"
"OA_YTM";"29 Nis 2026 00:43:00";2109;"YENİCE 154";"159,00";"36,97";"0,00";"3,00";"158,13";"161,31";"156,69";"158,13";"Actual";"";"";"";"";"0,00";"";"";"0,77";"";"";"0";"0";"-";"-";"-";"-"
"OA_YTM";"29 Nis 2026 00:43:00";2113;"ÇAMLICA HES 154";"159,00";"84,00";"22,00";"22,00";"158,11";"161,31";"156,69";"158,11";"Actual";"-0,62";"Actual";"";"";"56,42";"";"";"0,71";"-16,56";"24,41";"0";"0";"1";"-";"-";"-"
"OA_YTM";"29 Nis 2026 00:43:00";2111;"BAYMİNA 154";"158,00";"833,20";"440,00";"220,00";"156,37";"160,31";"155,69";"156,37";"Actual";"156,31";"Actual";"";"";"-0,21";"";"";"3,08";"";"";"0";"0";"-";"-";"-";"-"
"OA_YTM";"29 Nis 2026 00:43:00";2110;"BAYRAMHACILI 154";"157,00";"47,00";"14,10";"14,10";"156,14";"159,31";"154,69";"156,14";"Actual";"";"";"";"";"39,74";"";"";"-9,67";"-13,90";"26,21";"0";"0";"1";"-";"-";"-"
"OA_YTM";"29 Nis 2026 00:43:00";4952;"İÇ ANADOLU DGKÇ SANTRALİ";"404,00";"870,00";"0,00";"141,00";"400,68";"410,00";"398,00";"400,68";"Actual";"400,56";"Actual";"";"";"0,00";"";"";"-0,97";"";"";"0";"0";"-";"-";"-";"-"
"OA_YTM";"29 Nis 2026 00:43:00";2106;"KAPULUKAYA 154";"158,00";"54,00";"0,00";"13,00";"157,60";"160,31";"155,69";"157,60";"Actual";"";"";"";"";"-0,03";"";"";"-0,48";"";"";"0";"0";"-";"-";"-";"-"
"OA_YTM";"29 Nis 2026 00:43:00";2105;"HİRFANLI HES 154";"158,00";"128,00";"0,00";"20,00";"154,90";"160,31";"155,69";"154,90";"Actual";"";"";"";"";"0,63";"";"";"1,16";"";"";"0";"0";"-";"-";"-";"-"
"OA_YTM";"29 Nis 2026 00:43:00";2104;"GÖKÇEKAYA 380";"404,00";"278,40";"0,00";"80,00";"398,91";"410,00";"398,00";"398,91";"Actual";"401,18";"Actual";"399,29";"Actual";"-1,47";"";"";"-1,47";"";"";"0";"0";"-";"-";"-";"-"
"OA_YTM";"29 Nis 2026 00:43:00";2112;"ÇAYIRHAN TES 380";"404,00";"620,00";"450,00";"90,00";"399,90";"410,00";"398,00";"399,90";"Actual";"456,00";"Invalid";"";"";"514,11";"";"";"179,44";"-55,80";"83,70";"0";"0";"1";"-";"-";"-"
"OA_YTM";"29 Nis 2026 00:43:00";5673;"KAZAN SODA DGKÇS";"159,00";"379,00";"0,00";"205,00";"157,29";"161,31";"156,69";"157,29";"Actual";"157,63";"Actual";"";"";"-0,11";"";"";"-0,14";"";"";"0";"0";"-";"-";"-";"-"
"OA_YTM";"29 Nis 2026 00:43:00";6154;"YUNUS EMRE TES";"404,00";"145,00";"0,00";"35,00";"403,10";"410,00";"398,00";"403,10";"Actual";"";"";"";"";"-1,61";"";"";"-0,44";"";"";"0";"0";"-";"-";"-";"-"
"OA_YTM";"29 Nis 2026 00:43:00";2107;"KESİKKÖPRÜ 154";"158,00";"76,00";"0,00";"28,00";"161,75";"160,31";"155,69";"161,75";"Actual";"161,87";"Actual";"";"";"-0,01";"";"";"0,03";"";"";"0";"0";"-";"-";"-";"-"
"OA_YTM";"29 Nis 2026 00:44:00";2114;"YAMULA HES 154";"159,00";"100,00";"25,50";"25,50";"159,50";"161,31";"156,69";"159,50";"Actual";"0,00";"Actual";"";"";"82,93";"";"";"-14,26";"-29,57";"55,78";"0";"0";"1";"-";"-";"-"
"OA_YTM";"29 Nis 2026 00:44:00";5532;"ACWA KIRIKKALE DGKÇ";"404,00";"927,40";"460,00";"217,00";"407,28";"410,00";"398,00";"407,28";"Actual";"405,05";"Actual";"";"";"0,21";"";"";"-0,75";"";"";"0";"0";"-";"-";"-";"-"
"OA_YTM";"29 Nis 2026 00:44:00";5453;"KARGI BARAJI VE HES";"157,00";"93,84";"0,00";"2,70";"152,80";"159,31";"154,69";"152,80";"Actual";"0,00";"Actual";"";"";"0,00";"";"";"-0,06";"";"";"0";"0";"-";"-";"-";"-"
"OA_YTM";"29 Nis 2026 00:44:00";6137;"KARAMAN BES";"158,00";"40,00";"10,75";"10,75";"160,33";"160,31";"155,69";"160,33";"Actual";"";"";"";"";"19,73";"10,00";"-0,01";"-6,90";"-14,40";"19,80";"0";"0";"-";"-";"-";"-"
"OA_YTM";"29 Nis 2026 00:44:00";6011;"GÜRSÖĞÜT BARAJI ve HES";"156,00";"51,64";"3,00";"2,50";"153,19";"158,31";"153,69";"153,19";"Actual";"";"";"";"";"0,00";"";"";"0,00";"";"";"0";"0";"-";"-";"-";"-"
"OA_YTM";"29 Nis 2026 00:44:00";2108;"SARIYAR 154";"159,00";"160,00";"0,00";"40,00";"154,02";"161,31";"156,69";"154,02";"Actual";"";"";"";"";"0,00";"";"";"-59,15";"";"";"0";"0";"-";"-";"-";"-"
"OA_YTM";"29 Nis 2026 00:44:00";2109;"YENİCE 154";"159,00";"36,97";"0,00";"3,00";"158,13";"161,31";"156,69";"158,13";"Actual";"";"";"";"";"0,05";"";"";"0,81";"";"";"0";"0";"-";"-";"-";"-"
"OA_YTM";"29 Nis 2026 00:44:00";2113;"ÇAMLICA HES 154";"159,00";"84,00";"22,00";"22,00";"158,11";"161,31";"156,69";"158,11";"Actual";"-0,62";"Actual";"";"";"56,42";"";"";"0,22";"-16,56";"24,41";"0";"0";"1";"-";"-";"-"
"OA_YTM";"29 Nis 2026 00:44:00";2111;"BAYMİNA 154";"158,00";"833,20";"440,00";"220,00";"156,43";"160,31";"155,69";"156,43";"Actual";"156,82";"Actual";"";"";"-0,21";"";"";"3,08";"";"";"0";"0";"-";"-";"-";"-"
"OA_YTM";"29 Nis 2026 00:44:00";2110;"BAYRAMHACILI 154";"157,00";"47,00";"14,10";"14,10";"156,91";"159,31";"154,69";"156,91";"Actual";"";"";"";"";"39,70";"";"";"-10,38";"-13,90";"26,21";"0";"0";"1";"-";"-";"-"
"OA_YTM";"29 Nis 2026 00:44:00";4952;"İÇ ANADOLU DGKÇ SANTRALİ";"404,00";"870,00";"0,00";"141,00";"401,43";"410,00";"398,00";"401,43";"Actual";"401,74";"Actual";"";"";"0,00";"";"";"-0,97";"";"";"0";"0";"-";"-";"-";"-"
"OA_YTM";"29 Nis 2026 00:44:00";2106;"KAPULUKAYA 154";"158,00";"54,00";"0,00";"13,00";"157,80";"160,31";"155,69";"157,80";"Actual";"";"";"";"";"0,07";"";"";"0,30";"";"";"0";"0";"-";"-";"-";"-"
"OA_YTM";"29 Nis 2026 00:44:00";2105;"HİRFANLI HES 154";"158,00";"128,00";"0,00";"20,00";"155,35";"160,31";"155,69";"155,35";"Actual";"";"";"";"";"0,67";"";"";"1,16";"";"";"0";"0";"-";"-";"-";"-"
"OA_YTM";"29 Nis 2026 00:44:00";2104;"GÖKÇEKAYA 380";"404,00";"278,40";"0,00";"80,00";"399,23";"410,00";"398,00";"399,23";"Actual";"402,09";"Actual";"399,96";"Actual";"-1,47";"";"";"-1,47";"";"";"0";"0";"-";"-";"-";"-"
"OA_YTM";"29 Nis 2026 00:44:00";2112;"ÇAYIRHAN TES 380";"404,00";"620,00";"450,00";"90,00";"399,21";"410,00";"398,00";"399,21";"Actual";"456,00";"Invalid";"";"";"514,22";"";"";"160,47";"-55,80";"83,70";"0";"0";"1";"-";"-";"-"
"OA_YTM";"29 Nis 2026 00:44:00";5673;"KAZAN SODA DGKÇS";"159,00";"379,00";"0,00";"205,00";"157,61";"161,31";"156,69";"157,61";"Actual";"157,22";"Actual";"";"";"-0,11";"";"";"-0,14";"";"";"0";"0";"-";"-";"-";"-"
"OA_YTM";"29 Nis 2026 00:44:00";6154;"YUNUS EMRE TES";"404,00";"145,00";"0,00";"35,00";"404,50";"410,00";"398,00";"404,50";"Actual";"";"";"";"";"-1,61";"";"";"-0,55";"";"";"0";"0";"-";"-";"-";"-"
"OA_YTM";"29 Nis 2026 00:44:00";2107;"KESİKKÖPRÜ 154";"158,00";"76,00";"0,00";"28,00";"161,88";"160,31";"155,69";"161,88";"Actual";"161,96";"Actual";"";"";"-0,03";"";"";"0,04";"";"";"0";"0";"-";"-";"-";"-"
"OA_YTM";"29 Nis 2026 00:45:00";2114;"YAMULA HES 154";"159,00";"100,00";"25,50";"25,50";"159,23";"161,31";"156,69";"159,23";"Actual";"0,00";"Actual";"";"";"82,99";"";"";"-14,18";"-29,57";"55,78";"0";"0";"1";"-";"-";"-"
"OA_YTM";"29 Nis 2026 00:45:00";5532;"ACWA KIRIKKALE DGKÇ";"404,00";"927,40";"460,00";"217,00";"407,42";"410,00";"398,00";"407,42";"Actual";"404,36";"Actual";"";"";"0,00";"";"";"-0,71";"";"";"0";"0";"-";"-";"-";"-"
"OA_YTM";"29 Nis 2026 00:45:00";5453;"KARGI BARAJI VE HES";"157,00";"93,84";"0,00";"2,70";"152,97";"159,31";"154,69";"152,97";"Actual";"0,00";"Actual";"";"";"0,00";"";"";"-0,06";"";"";"0";"0";"-";"-";"-";"-"
"OA_YTM";"29 Nis 2026 00:45:00";6137;"KARAMAN BES";"158,00";"40,00";"10,75";"10,75";"160,03";"160,31";"155,69";"160,03";"Actual";"";"";"";"";"17,92";"10,00";"-0,01";"-6,39";"-14,40";"19,80";"0";"0";"-";"-";"-";"-"
"OA_YTM";"29 Nis 2026 00:45:00";6011;"GÜRSÖĞÜT BARAJI ve HES";"156,00";"51,64";"3,00";"2,50";"152,81";"158,31";"153,69";"152,81";"Actual";"";"";"";"";"0,00";"";"";"0,00";"";"";"0";"0";"-";"-";"-";"-"
"OA_YTM";"29 Nis 2026 00:45:00";2108;"SARIYAR 154";"159,00";"160,00";"0,00";"40,00";"153,85";"161,31";"156,69";"153,85";"Actual";"";"";"";"";"0,00";"";"";"-59,15";"";"";"0";"0";"-";"-";"-";"-"
"OA_YTM";"29 Nis 2026 00:45:00";2109;"YENİCE 154";"159,00";"36,97";"0,00";"3,00";"158,58";"161,31";"156,69";"158,58";"Actual";"";"";"";"";"0,00";"";"";"0,77";"";"";"0";"0";"-";"-";"-";"-"
"OA_YTM";"29 Nis 2026 00:45:00";2113;"ÇAMLICA HES 154";"159,00";"84,00";"22,00";"22,00";"158,56";"161,31";"156,69";"158,56";"Actual";"-0,62";"Actual";"";"";"56,39";"";"";"-0,34";"-16,56";"24,41";"0";"0";"1";"-";"-";"-"
"OA_YTM";"29 Nis 2026 00:45:00";2111;"BAYMİNA 154";"158,00";"833,20";"440,00";"220,00";"156,93";"160,31";"155,69";"156,93";"Actual";"157,22";"Actual";"";"";"-0,27";"";"";"3,08";"";"";"0";"0";"-";"-";"-";"-"
"OA_YTM";"29 Nis 2026 00:45:00";2110;"BAYRAMHACILI 154";"157,00";"47,00";"14,10";"14,10";"156,91";"159,31";"154,69";"156,91";"Actual";"";"";"";"";"39,80";"";"";"-11,73";"-13,90";"26,21";"0";"0";"1";"-";"-";"-"
"OA_YTM";"29 Nis 2026 00:45:00";4952;"İÇ ANADOLU DGKÇ SANTRALİ";"404,00";"870,00";"0,00";"141,00";"402,31";"410,00";"398,00";"402,31";"Actual";"400,99";"Actual";"";"";"0,00";"";"";"-0,97";"";"";"0";"0";"-";"-";"-";"-"
"OA_YTM";"29 Nis 2026 00:45:00";2106;"KAPULUKAYA 154";"158,00";"54,00";"0,00";"13,00";"157,86";"160,31";"155,69";"157,86";"Actual";"";"";"";"";"-0,06";"";"";"-0,19";"";"";"0";"0";"-";"-";"-";"-"
"OA_YTM";"29 Nis 2026 00:45:00";2105;"HİRFANLI HES 154";"158,00";"128,00";"0,00";"20,00";"155,35";"160,31";"155,69";"155,35";"Actual";"";"";"";"";"0,63";"";"";"1,16";"";"";"0";"0";"-";"-";"-";"-"
"OA_YTM";"29 Nis 2026 00:45:00";2104;"GÖKÇEKAYA 380";"404,00";"278,40";"0,00";"80,00";"400,14";"410,00";"398,00";"400,14";"Actual";"402,85";"Actual";"400,78";"Actual";"-1,47";"";"";"-1,16";"";"";"0";"0";"-";"-";"-";"-"
"OA_YTM";"29 Nis 2026 00:45:00";2112;"ÇAYIRHAN TES 380";"404,00";"620,00";"450,00";"90,00";"399,21";"410,00";"398,00";"399,21";"Actual";"456,00";"Invalid";"";"";"514,15";"";"";"162,23";"-55,80";"83,70";"0";"0";"1";"-";"-";"-"
"OA_YTM";"29 Nis 2026 00:45:00";5673;"KAZAN SODA DGKÇS";"159,00";"379,00";"0,00";"205,00";"157,82";"161,31";"156,69";"157,82";"Actual";"157,76";"Actual";"";"";"-0,11";"";"";"-0,14";"";"";"0";"0";"-";"-";"-";"-"
"OA_YTM";"29 Nis 2026 00:45:00";6154;"YUNUS EMRE TES";"404,00";"145,00";"0,00";"35,00";"404,91";"410,00";"398,00";"404,91";"Actual";"";"";"";"";"-1,61";"";"";"-0,44";"";"";"0";"0";"-";"-";"-";"-"
"OA_YTM";"29 Nis 2026 00:45:00";2107;"KESİKKÖPRÜ 154";"158,00";"76,00";"0,00";"28,00";"161,83";"160,31";"155,69";"161,83";"Actual";"161,93";"Actual";"";"";"-0,02";"";"";"0,04";"";"";"0";"0";"-";"-";"-";"-"
"OA_YTM";"29 Nis 2026 00:46:00";2114;"YAMULA HES 154";"159,00";"100,00";"25,50";"25,50";"159,23";"161,31";"156,69";"159,23";"Actual";"0,00";"Actual";"";"";"82,92";"";"";"-12,92";"-29,57";"55,78";"0";"0";"1";"-";"-";"-"
"OA_YTM";"29 Nis 2026 00:46:00";5532;"ACWA KIRIKKALE DGKÇ";"404,00";"927,40";"460,00";"217,00";"405,89";"410,00";"398,00";"405,89";"Actual";"404,08";"Actual";"";"";"0,21";"";"";"-0,75";"";"";"0";"0";"-";"-";"-";"-"
"OA_YTM";"29 Nis 2026 00:46:00";5453;"KARGI BARAJI VE HES";"157,00";"93,84";"0,00";"2,70";"152,97";"159,31";"154,69";"152,97";"Actual";"0,00";"Actual";"";"";"0,00";"";"";"-0,06";"";"";"0";"0";"-";"-";"-";"-"
"OA_YTM";"29 Nis 2026 00:46:00";6137;"KARAMAN BES";"158,00";"40,00";"10,75";"10,75";"160,08";"160,31";"155,69";"160,08";"Actual";"";"";"";"";"14,64";"10,00";"-0,01";"-8,88";"-14,40";"19,80";"0";"0";"-";"-";"-";"-"
"OA_YTM";"29 Nis 2026 00:46:00";6011;"GÜRSÖĞÜT BARAJI ve HES";"156,00";"51,64";"3,00";"2,50";"152,86";"158,31";"153,69";"152,86";"Actual";"";"";"";"";"0,00";"";"";"0,00";"";"";"0";"0";"-";"-";"-";"-"
"OA_YTM";"29 Nis 2026 00:46:00";2108;"SARIYAR 154";"159,00";"160,00";"0,00";"40,00";"153,85";"161,31";"156,69";"153,85";"Actual";"";"";"";"";"0,00";"";"";"-59,15";"";"";"0";"0";"-";"-";"-";"-"
"OA_YTM";"29 Nis 2026 00:46:00";2109;"YENİCE 154";"159,00";"36,97";"0,00";"3,00";"158,36";"161,31";"156,69";"158,36";"Actual";"";"";"";"";"0,00";"";"";"0,81";"";"";"0";"0";"-";"-";"-";"-"
"OA_YTM";"29 Nis 2026 00:46:00";2113;"ÇAMLICA HES 154";"159,00";"84,00";"22,00";"22,00";"158,11";"161,31";"156,69";"158,11";"Actual";"-0,62";"Actual";"";"";"56,45";"";"";"0,12";"-16,56";"24,41";"0";"0";"1";"-";"-";"-"
"OA_YTM";"29 Nis 2026 00:46:00";2111;"BAYMİNA 154";"158,00";"833,20";"440,00";"220,00";"156,88";"160,31";"155,69";"156,88";"Actual";"157,05";"Actual";"";"";"-0,27";"";"";"3,08";"";"";"0";"0";"-";"-";"-";"-"
"OA_YTM";"29 Nis 2026 00:46:00";2110;"BAYRAMHACILI 154";"157,00";"47,00";"14,10";"14,10";"156,91";"159,31";"154,69";"156,91";"Actual";"";"";"";"";"39,89";"";"";"-7,95";"-13,90";"26,21";"0";"0";"1";"-";"-";"-"
"OA_YTM";"29 Nis 2026 00:46:00";4952;"İÇ ANADOLU DGKÇ SANTRALİ";"404,00";"870,00";"0,00";"141,00";"401,87";"410,00";"398,00";"401,87";"Actual";"401,13";"Actual";"";"";"0,00";"";"";"-0,97";"";"";"0";"0";"-";"-";"-";"-"
"OA_YTM";"29 Nis 2026 00:46:00";2106;"KAPULUKAYA 154";"158,00";"54,00";"0,00";"13,00";"157,62";"160,31";"155,69";"157,62";"Actual";"";"";"";"";"-0,08";"";"";"0,86";"";"";"0";"0";"-";"-";"-";"-"
"OA_YTM";"29 Nis 2026 00:46:00";2105;"HİRFANLI HES 154";"158,00";"128,00";"0,00";"20,00";"155,35";"160,31";"155,69";"155,35";"Actual";"";"";"";"";"0,67";"";"";"1,16";"";"";"0";"0";"-";"-";"-";"-"
"OA_YTM";"29 Nis 2026 00:46:00";2104;"GÖKÇEKAYA 380";"404,00";"278,40";"0,00";"80,00";"399,96";"410,00";"398,00";"399,96";"Actual";"402,69";"Actual";"400,57";"Actual";"-1,47";"";"";"-1,47";"";"";"0";"0";"-";"-";"-";"-"
"OA_YTM";"29 Nis 2026 00:46:00";2112;"ÇAYIRHAN TES 380";"404,00";"620,00";"450,00";"90,00";"399,21";"410,00";"398,00";"399,21";"Actual";"456,00";"Invalid";"";"";"513,19";"";"";"172,36";"-55,80";"83,70";"0";"0";"1";"-";"-";"-"
"OA_YTM";"29 Nis 2026 00:46:00";5673;"KAZAN SODA DGKÇS";"159,00";"379,00";"0,00";"205,00";"157,23";"161,31";"156,69";"157,23";"Actual";"157,31";"Actual";"";"";"-0,11";"";"";"-0,14";"";"";"0";"0";"-";"-";"-";"-"
"OA_YTM";"29 Nis 2026 00:46:00";6154;"YUNUS EMRE TES";"404,00";"145,00";"0,00";"35,00";"404,22";"410,00";"398,00";"404,22";"Actual";"";"";"";"";"-1,61";"";"";"-0,44";"";"";"0";"0";"-";"-";"-";"-"
"OA_YTM";"29 Nis 2026 00:46:00";2107;"KESİKKÖPRÜ 154";"158,00";"76,00";"0,00";"28,00";"161,83";"160,31";"155,69";"161,83";"Actual";"161,87";"Actual";"";"";"-0,02";"";"";"0,03";"";"";"0";"0";"-";"-";"-";"-"
"OA_YTM";"29 Nis 2026 00:47:00";2114;"YAMULA HES 154";"159,00";"100,00";"25,50";"25,50";"159,45";"161,31";"156,69";"159,45";"Actual";"0,00";"Actual";"";"";"82,99";"";"";"-14,76";"-29,57";"55,78";"0";"0";"1";"-";"-";"-"
"OA_YTM";"29 Nis 2026 00:47:00";5532;"ACWA KIRIKKALE DGKÇ";"404,00";"927,40";"460,00";"217,00";"406,30";"410,00";"398,00";"406,30";"Actual";"405,19";"Actual";"";"";"0,21";"";"";"-0,75";"";"";"0";"0";"-";"-";"-";"-"
"OA_YTM";"29 Nis 2026 00:47:00";5453;"KARGI BARAJI VE HES";"157,00";"93,84";"0,00";"2,70";"152,97";"159,31";"154,69";"152,97";"Actual";"0,00";"Actual";"";"";"0,00";"";"";"-0,06";"";"";"0";"0";"-";"-";"-";"-"
"OA_YTM";"29 Nis 2026 00:47:00";6137;"KARAMAN BES";"158,00";"40,00";"10,75";"10,75";"159,85";"160,31";"155,69";"159,85";"Actual";"";"";"";"";"13,73";"10,00";"-0,01";"-8,89";"-14,40";"19,80";"0";"0";"-";"-";"-";"-"
"OA_YTM";"29 Nis 2026 00:47:00";6011;"GÜRSÖĞÜT BARAJI ve HES";"156,00";"51,64";"3,00";"2,50";"152,78";"158,31";"153,69";"152,78";"Actual";"";"";"";"";"0,00";"";"";"0,00";"";"";"0";"0";"-";"-";"-";"-"
"OA_YTM";"29 Nis 2026 00:47:00";2108;"SARIYAR 154";"159,00";"160,00";"0,00";"40,00";"153,68";"161,31";"156,69";"153,68";"Actual";"";"";"";"";"0,00";"";"";"-59,18";"";"";"0";"0";"-";"-";"-";"-"
"OA_YTM";"29 Nis 2026 00:47:00";2109;"YENİCE 154";"159,00";"36,97";"0,00";"3,00";"158,36";"161,31";"156,69";"158,36";"Actual";"";"";"";"";"0,05";"";"";"0,77";"";"";"0";"0";"-";"-";"-";"-"
"OA_YTM";"29 Nis 2026 00:47:00";2113;"ÇAMLICA HES 154";"159,00";"84,00";"22,00";"22,00";"158,34";"161,31";"156,69";"158,34";"Actual";"-0,62";"Actual";"";"";"56,45";"";"";"-0,44";"-16,56";"24,41";"0";"0";"1";"-";"-";"-"
"OA_YTM";"29 Nis 2026 00:47:00";2111;"BAYMİNA 154";"158,00";"833,20";"440,00";"220,00";"156,71";"160,31";"155,69";"156,71";"Actual";"157,10";"Actual";"";"";"-0,27";"";"";"3,08";"";"";"0";"0";"-";"-";"-";"-"
"OA_YTM";"29 Nis 2026 00:47:00";2110;"BAYRAMHACILI 154";"157,00";"47,00";"14,10";"14,10";"156,91";"159,31";"154,69";"156,91";"Actual";"";"";"";"";"39,85";"";"";"-9,82";"-13,90";"26,21";"0";"0";"1";"-";"-";"-"
"OA_YTM";"29 Nis 2026 00:47:00";4952;"İÇ ANADOLU DGKÇ SANTRALİ";"404,00";"870,00";"0,00";"141,00";"401,92";"410,00";"398,00";"401,92";"Actual";"401,43";"Actual";"";"";"0,00";"";"";"-0,97";"";"";"0";"0";"-";"-";"-";"-"
"OA_YTM";"29 Nis 2026 00:47:00";2106;"KAPULUKAYA 154";"158,00";"54,00";"0,00";"13,00";"158,08";"160,31";"155,69";"158,08";"Actual";"";"";"";"";"0,04";"";"";"-0,20";"";"";"0";"0";"-";"-";"-";"-"
"OA_YTM";"29 Nis 2026 00:47:00";2105;"HİRFANLI HES 154";"158,00";"128,00";"0,00";"20,00";"155,35";"160,31";"155,69";"155,35";"Actual";"";"";"";"";"0,63";"";"";"1,16";"";"";"0";"0";"-";"-";"-";"-"
"OA_YTM";"29 Nis 2026 00:47:00";2104;"GÖKÇEKAYA 380";"404,00";"278,40";"0,00";"80,00";"399,60";"410,00";"398,00";"399,60";"Actual";"402,49";"Actual";"400,06";"Actual";"-1,47";"";"";"-1,47";"";"";"0";"0";"-";"-";"-";"-"
"OA_YTM";"29 Nis 2026 00:47:00";2112;"ÇAYIRHAN TES 380";"404,00";"620,00";"450,00";"90,00";"399,21";"410,00";"398,00";"399,21";"Actual";"456,00";"Invalid";"";"";"511,26";"";"";"163,63";"-55,80";"83,70";"0";"0";"1";"-";"-";"-"
"OA_YTM";"29 Nis 2026 00:47:00";5673;"KAZAN SODA DGKÇS";"159,00";"379,00";"0,00";"205,00";"157,29";"161,31";"156,69";"157,29";"Actual";"157,27";"Actual";"";"";"0,00";"";"";"-0,14";"";"";"0";"0";"-";"-";"-";"-"
"OA_YTM";"29 Nis 2026 00:47:00";6154;"YUNUS EMRE TES";"404,00";"145,00";"0,00";"35,00";"404,50";"410,00";"398,00";"404,50";"Actual";"";"";"";"";"-1,61";"";"";"-0,44";"";"";"0";"0";"-";"-";"-";"-"
"OA_YTM";"29 Nis 2026 00:47:00";2107;"KESİKKÖPRÜ 154";"158,00";"76,00";"0,00";"28,00";"161,95";"160,31";"155,69";"161,95";"Actual";"161,99";"Actual";"";"";"-0,01";"";"";"0,03";"";"";"0";"0";"-";"-";"-";"-"
"OA_YTM";"29 Nis 2026 00:48:00";2114;"YAMULA HES 154";"159,00";"100,00";"25,50";"25,50";"160,27";"161,31";"156,69";"160,27";"Actual";"0,00";"Actual";"";"";"82,99";"";"";"-14,64";"-29,57";"55,78";"0";"0";"1";"-";"-";"-"
"OA_YTM";"29 Nis 2026 00:48:00";5532;"ACWA KIRIKKALE DGKÇ";"404,00";"927,40";"460,00";"217,00";"410,06";"410,00";"398,00";"410,06";"Actual";"408,25";"Actual";"";"";"0,21";"";"";"-0,75";"";"";"0";"0";"-";"-";"-";"-"
"OA_YTM";"29 Nis 2026 00:48:00";5453;"KARGI BARAJI VE HES";"157,00";"93,84";"0,00";"2,70";"153,56";"159,31";"154,69";"153,56";"Actual";"0,00";"Actual";"";"";"0,00";"";"";"-0,06";"";"";"0";"0";"-";"-";"-";"-"
"OA_YTM";"29 Nis 2026 00:48:00";6137;"KARAMAN BES";"158,00";"40,00";"10,75";"10,75";"160,22";"160,31";"155,69";"160,22";"Actual";"";"";"";"";"14,35";"10,00";"-0,01";"-8,66";"-14,40";"19,80";"0";"0";"-";"-";"-";"-"
"OA_YTM";"29 Nis 2026 00:48:00";6011;"GÜRSÖĞÜT BARAJI ve HES";"156,00";"51,64";"3,00";"2,50";"153,56";"158,31";"153,69";"153,56";"Actual";"";"";"";"";"0,00";"";"";"0,00";"";"";"0";"0";"-";"-";"-";"-"
"OA_YTM";"29 Nis 2026 00:48:00";2108;"SARIYAR 154";"159,00";"160,00";"0,00";"40,00";"154,58";"161,31";"156,69";"154,58";"Actual";"";"";"";"";"0,00";"";"";"-59,15";"";"";"0";"0";"-";"-";"-";"-"
"OA_YTM";"29 Nis 2026 00:48:00";2109;"YENİCE 154";"159,00";"36,97";"0,00";"3,00";"158,81";"161,31";"156,69";"158,81";"Actual";"";"";"";"";"0,00";"";"";"0,77";"";"";"0";"0";"-";"-";"-";"-"
"OA_YTM";"29 Nis 2026 00:48:00";2113;"ÇAMLICA HES 154";"159,00";"84,00";"22,00";"22,00";"158,79";"161,31";"156,69";"158,79";"Actual";"-0,62";"Actual";"";"";"56,43";"";"";"-0,66";"-16,56";"24,41";"0";"0";"1";"-";"-";"-"
"OA_YTM";"29 Nis 2026 00:48:00";2111;"BAYMİNA 154";"158,00";"833,20";"440,00";"220,00";"157,61";"160,31";"155,69";"157,61";"Actual";"158,06";"Actual";"";"";"-0,27";"";"";"3,08";"";"";"0";"0";"-";"-";"-";"-"
"OA_YTM";"29 Nis 2026 00:48:00";2110;"BAYRAMHACILI 154";"157,00";"47,00";"14,10";"14,10";"156,91";"159,31";"154,69";"156,91";"Actual";"";"";"";"";"39,73";"";"";"-14,97";"-13,90";"26,21";"0";"0";"1";"-";"-";"-"
"OA_YTM";"29 Nis 2026 00:48:00";4952;"İÇ ANADOLU DGKÇ SANTRALİ";"404,00";"870,00";"0,00";"141,00";"404,54";"410,00";"398,00";"404,54";"Actual";"405,16";"Actual";"";"";"0,00";"";"";"-0,97";"";"";"0";"0";"-";"-";"-";"-"
"OA_YTM";"29 Nis 2026 00:48:00";2106;"KAPULUKAYA 154";"158,00";"54,00";"0,00";"13,00";"158,77";"160,31";"155,69";"158,77";"Actual";"";"";"";"";"-0,02";"";"";"0,41";"";"";"0";"0";"-";"-";"-";"-"
"OA_YTM";"29 Nis 2026 00:48:00";2105;"HİRFANLI HES 154";"158,00";"128,00";"0,00";"20,00";"156,25";"160,31";"155,69";"156,25";"Actual";"";"";"";"";"0,67";"";"";"1,16";"";"";"0";"0";"-";"-";"-";"-"
"OA_YTM";"29 Nis 2026 00:48:00";2104;"GÖKÇEKAYA 380";"404,00";"278,40";"0,00";"80,00";"402,23";"410,00";"398,00";"402,23";"Actual";"403,69";"Actual";"402,73";"Actual";"-1,47";"";"";"-1,16";"";"";"0";"0";"-";"-";"-";"-"
"OA_YTM";"29 Nis 2026 00:48:00";2112;"ÇAYIRHAN TES 380";"404,00";"620,00";"450,00";"90,00";"400,74";"410,00";"398,00";"400,74";"Actual";"456,00";"Invalid";"";"";"514,03";"";"";"140,47";"-55,80";"83,70";"0";"0";"1";"-";"-";"-"
"OA_YTM";"29 Nis 2026 00:48:00";5673;"KAZAN SODA DGKÇS";"159,00";"379,00";"0,00";"205,00";"158,64";"161,31";"156,69";"158,64";"Actual";"158,61";"Actual";"";"";"-0,11";"";"";"-0,14";"";"";"0";"0";"-";"-";"-";"-"
"OA_YTM";"29 Nis 2026 00:48:00";6154;"YUNUS EMRE TES";"404,00";"145,00";"0,00";"35,00";"406,72";"410,00";"398,00";"406,72";"Actual";"";"";"";"";"-1,61";"";"";"-0,44";"";"";"0";"0";"-";"-";"-";"-"
"OA_YTM";"29 Nis 2026 00:48:00";2107;"KESİKKÖPRÜ 154";"158,00";"76,00";"0,00";"28,00";"162,01";"160,31";"155,69";"162,01";"Actual";"162,08";"Actual";"";"";"-0,01";"";"";"0,03";"";"";"0";"0";"-";"-";"-";"-"
"OA_YTM";"29 Nis 2026 00:49:00";2114;"YAMULA HES 154";"159,00";"100,00";"25,50";"25,50";"161,04";"161,31";"156,69";"161,04";"Actual";"0,00";"Actual";"";"";"82,97";"";"";"-18,91";"-29,57";"55,78";"0";"0";"1";"-";"-";"-"
"OA_YTM";"29 Nis 2026 00:49:00";5532;"ACWA KIRIKKALE DGKÇ";"404,00";"927,40";"460,00";"217,00";"412,71";"410,00";"398,00";"412,71";"Actual";"411,73";"Actual";"";"";"0,21";"";"";"-0,99";"";"";"0";"0";"-";"-";"-";"-"
"OA_YTM";"29 Nis 2026 00:49:00";5453;"KARGI BARAJI VE HES";"157,00";"93,84";"0,00";"2,70";"154,41";"159,31";"154,69";"154,41";"Actual";"0,00";"Actual";"";"";"0,00";"";"";"-0,06";"";"";"0";"0";"-";"-";"-";"-"
"OA_YTM";"29 Nis 2026 00:49:00";6137;"KARAMAN BES";"158,00";"40,00";"10,75";"10,75";"160,46";"160,31";"155,69";"160,46";"Actual";"";"";"";"";"15,06";"10,00";"-0,01";"-9,14";"-14,40";"19,80";"0";"0";"-";"-";"-";"-"
"OA_YTM";"29 Nis 2026 00:49:00";6011;"GÜRSÖĞÜT BARAJI ve HES";"156,00";"51,64";"3,00";"2,50";"154,77";"158,31";"153,69";"154,77";"Actual";"";"";"";"";"0,00";"";"";"0,00";"";"";"0";"0";"-";"-";"-";"-"
"OA_YTM";"29 Nis 2026 00:49:00";2108;"SARIYAR 154";"159,00";"160,00";"0,00";"40,00";"155,81";"161,31";"156,69";"155,81";"Actual";"";"";"";"";"0,00";"";"";"-59,15";"";"";"0";"0";"-";"-";"-";"-"
"OA_YTM";"29 Nis 2026 00:49:00";2109;"YENİCE 154";"159,00";"36,97";"0,00";"3,00";"159,03";"161,31";"156,69";"159,03";"Actual";"";"";"";"";"0,00";"";"";"0,77";"";"";"0";"0";"-";"-";"-";"-"
"OA_YTM";"29 Nis 2026 00:49:00";2113;"ÇAMLICA HES 154";"159,00";"84,00";"22,00";"22,00";"159,47";"161,31";"156,69";"159,47";"Actual";"-0,62";"Actual";"";"";"56,43";"";"";"-1,00";"-16,56";"24,41";"0";"0";"1";"-";"-";"-"
"OA_YTM";"29 Nis 2026 00:49:00";2111;"BAYMİNA 154";"158,00";"833,20";"440,00";"220,00";"159,02";"160,31";"155,69";"159,02";"Actual";"159,76";"Actual";"";"";"-0,21";"";"";"3,08";"";"";"0";"0";"-";"-";"-";"-"
"OA_YTM";"29 Nis 2026 00:49:00";2110;"BAYRAMHACILI 154";"157,00";"47,00";"14,10";"14,10";"157,68";"159,31";"154,69";"157,68";"Actual";"";"";"";"";"39,77";"";"";"-16,63";"-13,90";"26,21";"0";"0";"1";"-";"-";"-"
"OA_YTM";"29 Nis 2026 00:49:00";4952;"İÇ ANADOLU DGKÇ SANTRALİ";"404,00";"870,00";"0,00";"141,00";"409,32";"410,00";"398,00";"409,32";"Actual";"408,80";"Actual";"";"";"0,00";"";"";"-0,97";"";"";"0";"0";"-";"-";"-";"-"
"OA_YTM";"29 Nis 2026 00:49:00";2106;"KAPULUKAYA 154";"158,00";"54,00";"0,00";"13,00";"158,97";"160,31";"155,69";"158,97";"Actual";"";"";"";"";"-0,08";"";"";"1,18";"";"";"0";"0";"-";"-";"-";"-"
"OA_YTM";"29 Nis 2026 00:49:00";2105;"HİRFANLI HES 154";"158,00";"128,00";"0,00";"20,00";"156,70";"160,31";"155,69";"156,70";"Actual";"";"";"";"";"0,63";"";"";"1,07";"";"";"0";"0";"-";"-";"-";"-"
"OA_YTM";"29 Nis 2026 00:49:00";2104;"GÖKÇEKAYA 380";"404,00";"278,40";"0,00";"80,00";"403,88";"410,00";"398,00";"403,88";"Actual";"406,39";"Actual";"404,43";"Actual";"-1,47";"";"";"-1,47";"";"";"0";"0";"-";"-";"-";"-"
"OA_YTM";"29 Nis 2026 00:49:00";2112;"ÇAYIRHAN TES 380";"404,00";"620,00";"450,00";"90,00";"403,66";"410,00";"398,00";"403,66";"Actual";"456,00";"Invalid";"";"";"511,74";"";"";"103,49";"-55,80";"83,70";"0";"0";"1";"-";"-";"-"
"OA_YTM";"29 Nis 2026 00:49:00";5673;"KAZAN SODA DGKÇS";"159,00";"379,00";"0,00";"205,00";"159,08";"161,31";"156,69";"159,08";"Actual";"160,05";"Actual";"";"";"-0,11";"";"";"-0,14";"";"";"0";"0";"-";"-";"-";"-"
"OA_YTM";"29 Nis 2026 00:49:00";6154;"YUNUS EMRE TES";"404,00";"145,00";"0,00";"35,00";"410,90";"410,00";"398,00";"410,90";"Actual";"";"";"";"";"-1,61";"";"";"-0,55";"";"";"0";"0";"-";"-";"-";"-"
"OA_YTM";"29 Nis 2026 00:49:00";2107;"KESİKKÖPRÜ 154";"158,00";"76,00";"0,00";"28,00";"162,22";"160,31";"155,69";"162,22";"Actual";"162,18";"Actual";"";"";"-0,03";"";"";"0,03";"";"";"0";"0";"-";"-";"-";"-"
"OA_YTM";"29 Nis 2026 00:50:00";2114;"YAMULA HES 154";"159,00";"100,00";"25,50";"25,50";"160,11";"161,31";"156,69";"160,11";"Actual";"0,00";"Actual";"";"";"82,97";"";"";"-23,31";"-29,57";"55,78";"0";"0";"1";"-";"-";"-"
"OA_YTM";"29 Nis 2026 00:50:00";5532;"ACWA KIRIKKALE DGKÇ";"404,00";"927,40";"460,00";"217,00";"411,31";"410,00";"398,00";"411,31";"Actual";"409,51";"Actual";"";"";"0,21";"";"";"-0,51";"";"";"0";"0";"-";"-";"-";"-"
"OA_YTM";"29 Nis 2026 00:50:00";5453;"KARGI BARAJI VE HES";"157,00";"93,84";"0,00";"2,70";"154,66";"159,31";"154,69";"154,66";"Actual";"0,00";"Actual";"";"";"0,00";"";"";"-0,06";"";"";"0";"0";"-";"-";"-";"-"
"OA_YTM";"29 Nis 2026 00:50:00";6137;"KARAMAN BES";"158,00";"40,00";"10,75";"10,75";"159,79";"160,31";"155,69";"159,79";"Actual";"";"";"";"";"16,01";"10,00";"-0,01";"-15,12";"-14,40";"19,80";"0";"0";"-";"-";"-";"-"
"OA_YTM";"29 Nis 2026 00:50:00";6011;"GÜRSÖĞÜT BARAJI ve HES";"156,00";"51,64";"3,00";"2,50";"154,40";"158,31";"153,69";"154,40";"Actual";"";"";"";"";"0,00";"";"";"0,00";"";"";"0";"0";"-";"-";"-";"-"
"OA_YTM";"29 Nis 2026 00:50:00";2108;"SARIYAR 154";"159,00";"160,00";"0,00";"40,00";"155,58";"161,31";"156,69";"155,58";"Actual";"";"";"";"";"0,00";"";"";"-59,15";"";"";"0";"0";"-";"-";"-";"-"
"OA_YTM";"29 Nis 2026 00:50:00";2109;"YENİCE 154";"159,00";"36,97";"0,00";"3,00";"159,03";"161,31";"156,69";"159,03";"Actual";"";"";"";"";"0,00";"";"";"0,77";"";"";"0";"0";"-";"-";"-";"-"
"OA_YTM";"29 Nis 2026 00:50:00";2113;"ÇAMLICA HES 154";"159,00";"84,00";"22,00";"22,00";"159,24";"161,31";"156,69";"159,24";"Actual";"-0,62";"Actual";"";"";"56,43";"";"";"0,14";"-16,56";"24,41";"0";"0";"1";"-";"-";"-"
"OA_YTM";"29 Nis 2026 00:50:00";2111;"BAYMİNA 154";"158,00";"833,20";"440,00";"220,00";"159,08";"160,31";"155,69";"159,08";"Actual";"159,19";"Actual";"";"";"-0,27";"";"";"3,08";"";"";"0";"0";"-";"-";"-";"-"
"OA_YTM";"29 Nis 2026 00:50:00";2110;"BAYRAMHACILI 154";"157,00";"47,00";"14,10";"14,10";"157,68";"159,31";"154,69";"157,68";"Actual";"";"";"";"";"40,04";"";"";"-15,64";"-13,90";"26,21";"0";"0";"1";"-";"-";"-"
"OA_YTM";"29 Nis 2026 00:50:00";4952;"İÇ ANADOLU DGKÇ SANTRALİ";"404,00";"870,00";"0,00";"141,00";"407,39";"410,00";"398,00";"407,39";"Actual";"407,39";"Actual";"";"";"0,00";"";"";"-0,97";"";"";"0";"0";"-";"-";"-";"-"
"OA_YTM";"29 Nis 2026 00:50:00";2106;"KAPULUKAYA 154";"158,00";"54,00";"0,00";"13,00";"159,24";"160,31";"155,69";"159,24";"Actual";"";"";"";"";"0,01";"";"";"0,09";"";"";"0";"0";"-";"-";"-";"-"
"OA_YTM";"29 Nis 2026 00:50:00";2105;"HİRFANLI HES 154";"158,00";"128,00";"0,00";"20,00";"156,48";"160,31";"155,69";"156,48";"Actual";"";"";"";"";"0,67";"";"";"1,16";"";"";"0";"0";"-";"-";"-";"-"
"OA_YTM";"29 Nis 2026 00:50:00";2104;"GÖKÇEKAYA 380";"404,00";"278,40";"0,00";"80,00";"403,15";"410,00";"398,00";"403,15";"Actual";"405,69";"Actual";"403,01";"Actual";"-1,47";"";"";"-1,47";"";"";"0";"0";"-";"-";"-";"-"
"OA_YTM";"29 Nis 2026 00:50:00";2112;"ÇAYIRHAN TES 380";"404,00";"620,00";"450,00";"90,00";"401,29";"410,00";"398,00";"401,29";"Actual";"456,00";"Invalid";"";"";"513,14";"";"";"112,18";"-55,80";"83,70";"0";"0";"1";"-";"-";"-"
"OA_YTM";"29 Nis 2026 00:50:00";5673;"KAZAN SODA DGKÇS";"159,00";"379,00";"0,00";"205,00";"160,13";"161,31";"156,69";"160,13";"Actual";"159,47";"Actual";"";"";"-0,11";"";"";"-0,14";"";"";"0";"0";"-";"-";"-";"-"
"OA_YTM";"29 Nis 2026 00:50:00";6154;"YUNUS EMRE TES";"404,00";"145,00";"0,00";"35,00";"408,95";"410,00";"398,00";"408,95";"Actual";"";"";"";"";"-1,61";"";"";"-0,55";"";"";"0";"0";"-";"-";"-";"-"
"OA_YTM";"29 Nis 2026 00:50:00";2107;"KESİKKÖPRÜ 154";"158,00";"76,00";"0,00";"28,00";"162,10";"160,31";"155,69";"162,10";"Actual";"162,11";"Actual";"";"";"0,00";"";"";"0,04";"";"";"0";"0";"-";"-";"-";"-"
"OA_YTM";"29 Nis 2026 00:51:00";2114;"YAMULA HES 154";"159,00";"100,00";"25,50";"25,50";"159,94";"161,31";"156,69";"159,94";"Actual";"0,00";"Actual";"";"";"82,97";"";"";"-26,53";"-29,57";"55,78";"0";"0";"1";"-";"-";"-"
"OA_YTM";"29 Nis 2026 00:51:00";5532;"ACWA KIRIKKALE DGKÇ";"404,00";"927,40";"460,00";"217,00";"411,87";"410,00";"398,00";"411,87";"Actual";"410,06";"Actual";"";"";"0,21";"";"";"-0,75";"";"";"0";"0";"-";"-";"-";"-"
"OA_YTM";"29 Nis 2026 00:51:00";5453;"KARGI BARAJI VE HES";"157,00";"93,84";"0,00";"2,70";"154,66";"159,31";"154,69";"154,66";"Actual";"0,00";"Actual";"";"";"0,00";"";"";"-0,06";"";"";"0";"0";"-";"-";"-";"-"
"OA_YTM";"29 Nis 2026 00:51:00";6137;"KARAMAN BES";"158,00";"40,00";"10,75";"10,75";"160,09";"160,31";"155,69";"160,09";"Actual";"";"";"";"";"16,26";"10,00";"-0,01";"-14,95";"-14,40";"19,80";"0";"0";"-";"-";"-";"-"
"OA_YTM";"29 Nis 2026 00:51:00";6011;"GÜRSÖĞÜT BARAJI ve HES";"156,00";"51,64";"3,00";"2,50";"154,37";"158,31";"153,69";"154,37";"Actual";"";"";"";"";"0,00";"";"";"0,00";"";"";"0";"0";"-";"-";"-";"-"
"OA_YTM";"29 Nis 2026 00:51:00";2108;"SARIYAR 154";"159,00";"160,00";"0,00";"40,00";"155,58";"161,31";"156,69";"155,58";"Actual";"";"";"";"";"0,00";"";"";"-59,15";"";"";"0";"0";"-";"-";"-";"-"
"OA_YTM";"29 Nis 2026 00:51:00";2109;"YENİCE 154";"159,00";"36,97";"0,00";"3,00";"159,03";"161,31";"156,69";"159,03";"Actual";"";"";"";"";"0,00";"";"";"0,77";"";"";"0";"0";"-";"-";"-";"-"
"OA_YTM";"29 Nis 2026 00:51:00";2113;"ÇAMLICA HES 154";"159,00";"84,00";"22,00";"22,00";"159,24";"161,31";"156,69";"159,24";"Actual";"-0,62";"Actual";"";"";"56,41";"";"";"-0,03";"-16,56";"24,41";"0";"0";"1";"-";"-";"-"
"OA_YTM";"29 Nis 2026 00:51:00";2111;"BAYMİNA 154";"158,00";"833,20";"440,00";"220,00";"158,40";"160,31";"155,69";"158,40";"Actual";"159,81";"Actual";"";"";"-0,27";"";"";"3,08";"";"";"0";"0";"-";"-";"-";"-"
"OA_YTM";"29 Nis 2026 00:51:00";2110;"BAYRAMHACILI 154";"157,00";"47,00";"14,10";"14,10";"157,68";"159,31";"154,69";"157,68";"Actual";"";"";"";"";"39,82";"";"";"-15,83";"-13,90";"26,21";"0";"0";"1";"-";"-";"-"
"OA_YTM";"29 Nis 2026 00:51:00";4952;"İÇ ANADOLU DGKÇ SANTRALİ";"404,00";"870,00";"0,00";"141,00";"407,88";"410,00";"398,00";"407,88";"Actual";"407,84";"Actual";"";"";"0,00";"";"";"-0,97";"";"";"0";"0";"-";"-";"-";"-"
"OA_YTM";"29 Nis 2026 00:51:00";2106;"KAPULUKAYA 154";"158,00";"54,00";"0,00";"13,00";"159,16";"160,31";"155,69";"159,16";"Actual";"";"";"";"";"0,03";"";"";"0,17";"";"";"0";"0";"-";"-";"-";"-"
"OA_YTM";"29 Nis 2026 00:51:00";2105;"HİRFANLI HES 154";"158,00";"128,00";"0,00";"20,00";"156,48";"160,31";"155,69";"156,48";"Actual";"";"";"";"";"0,63";"";"";"1,24";"";"";"0";"0";"-";"-";"-";"-"
"OA_YTM";"29 Nis 2026 00:51:00";2104;"GÖKÇEKAYA 380";"404,00";"278,40";"0,00";"80,00";"403,47";"410,00";"398,00";"403,47";"Actual";"405,47";"Actual";"403,83";"Actual";"-1,47";"";"";"-1,16";"";"";"0";"0";"-";"-";"-";"-"
"OA_YTM";"29 Nis 2026 00:51:00";2112;"ÇAYIRHAN TES 380";"404,00";"620,00";"450,00";"90,00";"402,41";"410,00";"398,00";"402,41";"Actual";"456,00";"Invalid";"";"";"511,62";"";"";"112,77";"-55,80";"83,70";"0";"0";"1";"-";"-";"-"
"OA_YTM";"29 Nis 2026 00:51:00";5673;"KAZAN SODA DGKÇS";"159,00";"379,00";"0,00";"205,00";"159,60";"161,31";"156,69";"159,60";"Actual";"159,57";"Actual";"";"";"-0,11";"";"";"-0,14";"";"";"0";"0";"-";"-";"-";"-"
"OA_YTM";"29 Nis 2026 00:51:00";6154;"YUNUS EMRE TES";"404,00";"145,00";"0,00";"35,00";"409,09";"410,00";"398,00";"409,09";"Actual";"";"";"";"";"-1,61";"";"";"-0,44";"";"";"0";"0";"-";"-";"-";"-"
"OA_YTM";"29 Nis 2026 00:51:00";2107;"KESİKKÖPRÜ 154";"158,00";"76,00";"0,00";"28,00";"162,16";"160,31";"155,69";"162,16";"Actual";"162,14";"Actual";"";"";"-0,01";"";"";"0,03";"";"";"0";"0";"-";"-";"-";"-"
"OA_YTM";"29 Nis 2026 00:52:00";2114;"YAMULA HES 154";"159,00";"100,00";"25,50";"25,50";"158,79";"161,31";"156,69";"158,79";"Actual";"0,00";"Actual";"";"";"82,97";"";"";"-25,51";"-29,57";"55,78";"0";"0";"1";"-";"-";"-"
"OA_YTM";"29 Nis 2026 00:52:00";5532;"ACWA KIRIKKALE DGKÇ";"404,00";"927,40";"460,00";"217,00";"410,06";"410,00";"398,00";"410,06";"Actual";"407,14";"Actual";"";"";"0,21";"";"";"-0,75";"";"";"0";"0";"-";"-";"-";"-"
"OA_YTM";"29 Nis 2026 00:52:00";5453;"KARGI BARAJI VE HES";"157,00";"93,84";"0,00";"2,70";"153,90";"159,31";"154,69";"153,90";"Actual";"0,00";"Actual";"";"";"0,00";"";"";"-0,06";"";"";"0";"0";"-";"-";"-";"-"
"OA_YTM";"29 Nis 2026 00:52:00";6137;"KARAMAN BES";"158,00";"40,00";"10,75";"10,75";"160,01";"160,31";"155,69";"160,01";"Actual";"";"";"";"";"16,60";"10,00";"-0,01";"-8,85";"-14,40";"19,80";"0";"0";"-";"-";"-";"-"
"OA_YTM";"29 Nis 2026 00:52:00";6011;"GÜRSÖĞÜT BARAJI ve HES";"156,00";"51,64";"3,00";"2,50";"153,40";"158,31";"153,69";"153,40";"Actual";"";"";"";"";"0,00";"";"";"0,00";"";"";"0";"0";"-";"-";"-";"-"
"OA_YTM";"29 Nis 2026 00:52:00";2108;"SARIYAR 154";"159,00";"160,00";"0,00";"40,00";"154,58";"161,31";"156,69";"154,58";"Actual";"";"";"";"";"0,00";"";"";"-59,15";"";"";"0";"0";"-";"-";"-";"-"
"OA_YTM";"29 Nis 2026 00:52:00";2109;"YENİCE 154";"159,00";"36,97";"0,00";"3,00";"159,03";"161,31";"156,69";"159,03";"Actual";"";"";"";"";"0,00";"";"";"0,77";"";"";"0";"0";"-";"-";"-";"-"
"OA_YTM";"29 Nis 2026 00:52:00";2113;"ÇAMLICA HES 154";"159,00";"84,00";"22,00";"22,00";"158,79";"161,31";"156,69";"158,79";"Actual";"-0,62";"Actual";"";"";"56,49";"";"";"0,66";"-16,56";"24,41";"0";"0";"1";"-";"-";"-"
"OA_YTM";"29 Nis 2026 00:52:00";2111;"BAYMİNA 154";"158,00";"833,20";"440,00";"220,00";"157,44";"160,31";"155,69";"157,44";"Actual";"157,72";"Actual";"";"";"-0,27";"";"";"3,08";"";"";"0";"0";"-";"-";"-";"-"
"OA_YTM";"29 Nis 2026 00:52:00";2110;"BAYRAMHACILI 154";"157,00";"47,00";"14,10";"14,10";"156,85";"159,31";"154,69";"156,85";"Actual";"";"";"";"";"39,47";"";"";"-14,88";"-13,90";"26,21";"0";"0";"1";"-";"-";"-"
"OA_YTM";"29 Nis 2026 00:52:00";4952;"İÇ ANADOLU DGKÇ SANTRALİ";"404,00";"870,00";"0,00";"141,00";"403,05";"410,00";"398,00";"403,05";"Actual";"403,31";"Actual";"";"";"0,00";"";"";"-0,97";"";"";"0";"0";"-";"-";"-";"-"
"OA_YTM";"29 Nis 2026 00:52:00";2106;"KAPULUKAYA 154";"158,00";"54,00";"0,00";"13,00";"158,34";"160,31";"155,69";"158,34";"Actual";"";"";"";"";"0,03";"";"";"0,43";"";"";"0";"0";"-";"-";"-";"-"
"OA_YTM";"29 Nis 2026 00:52:00";2105;"HİRFANLI HES 154";"158,00";"128,00";"0,00";"20,00";"156,03";"160,31";"155,69";"156,03";"Actual";"";"";"";"";"0,67";"";"";"1,16";"";"";"0";"0";"-";"-";"-";"-"
"OA_YTM";"29 Nis 2026 00:52:00";2104;"GÖKÇEKAYA 380";"404,00";"278,40";"0,00";"80,00";"401,06";"410,00";"398,00";"401,06";"Actual";"403,76";"Actual";"401,48";"Actual";"-1,47";"";"";"-1,47";"";"";"0";"0";"-";"-";"-";"-"
"OA_YTM";"29 Nis 2026 00:52:00";2112;"ÇAYIRHAN TES 380";"404,00";"620,00";"450,00";"90,00";"402,41";"410,00";"398,00";"402,41";"Actual";"456,00";"Invalid";"";"";"512,64";"";"";"145,31";"-55,80";"83,70";"0";"0";"1";"-";"-";"-"
"OA_YTM";"29 Nis 2026 00:52:00";5673;"KAZAN SODA DGKÇS";"159,00";"379,00";"0,00";"205,00";"157,78";"161,31";"156,69";"157,78";"Actual";"157,50";"Actual";"";"";"-0,11";"";"";"-0,14";"";"";"0";"0";"-";"-";"-";"-"
"OA_YTM";"29 Nis 2026 00:52:00";6154;"YUNUS EMRE TES";"404,00";"145,00";"0,00";"35,00";"406,30";"410,00";"398,00";"406,30";"Actual";"";"";"";"";"-1,61";"";"";"-0,44";"";"";"0";"0";"-";"-";"-";"-"
"OA_YTM";"29 Nis 2026 00:52:00";2107;"KESİKKÖPRÜ 154";"158,00";"76,00";"0,00";"28,00";"162,08";"160,31";"155,69";"162,08";"Actual";"162,03";"Actual";"";"";"-0,02";"";"";"0,04";"";"";"0";"0";"-";"-";"-";"-"
"OA_YTM";"29 Nis 2026 00:53:00";2114;"YAMULA HES 154";"159,00";"100,00";"25,50";"25,50";"157,91";"161,31";"156,69";"157,91";"Actual";"0,00";"Actual";"";"";"82,91";"";"";"-28,45";"-29,57";"55,78";"0";"0";"1";"-";"-";"-"
"OA_YTM";"29 Nis 2026 00:53:00";5532;"ACWA KIRIKKALE DGKÇ";"404,00";"927,40";"460,00";"217,00";"407,56";"410,00";"398,00";"407,56";"Actual";"405,33";"Actual";"";"";"0,00";"";"";"-0,75";"";"";"0";"0";"-";"-";"-";"-"
"OA_YTM";"29 Nis 2026 00:53:00";5453;"KARGI BARAJI VE HES";"157,00";"93,84";"0,00";"2,70";"152,80";"159,31";"154,69";"152,80";"Actual";"0,00";"Actual";"";"";"0,00";"";"";"-0,06";"";"";"0";"0";"-";"-";"-";"-"
"OA_YTM";"29 Nis 2026 00:53:00";6137;"KARAMAN BES";"158,00";"40,00";"10,75";"10,75";"160,05";"160,31";"155,69";"160,05";"Actual";"";"";"";"";"18,53";"10,00";"-0,01";"-8,14";"-14,40";"19,80";"0";"0";"-";"-";"-";"-"
"OA_YTM";"29 Nis 2026 00:53:00";6011;"GÜRSÖĞÜT BARAJI ve HES";"156,00";"51,64";"3,00";"2,50";"152,90";"158,31";"153,69";"152,90";"Actual";"";"";"";"";"0,00";"";"";"0,00";"";"";"0";"0";"-";"-";"-";"-"
"OA_YTM";"29 Nis 2026 00:53:00";2108;"SARIYAR 154";"159,00";"160,00";"0,00";"40,00";"153,68";"161,31";"156,69";"153,68";"Actual";"";"";"";"";"0,00";"";"";"-59,15";"";"";"0";"0";"-";"-";"-";"-"
"OA_YTM";"29 Nis 2026 00:53:00";2109;"YENİCE 154";"159,00";"36,97";"0,00";"3,00";"158,13";"161,31";"156,69";"158,13";"Actual";"";"";"";"";"0,00";"";"";"0,81";"";"";"0";"0";"-";"-";"-";"-"
"OA_YTM";"29 Nis 2026 00:53:00";2113;"ÇAMLICA HES 154";"159,00";"84,00";"22,00";"22,00";"157,89";"161,31";"156,69";"157,89";"Actual";"-0,62";"Actual";"";"";"56,42";"";"";"-0,05";"-16,56";"24,41";"0";"0";"1";"-";"-";"-"
"OA_YTM";"29 Nis 2026 00:53:00";2111;"BAYMİNA 154";"158,00";"833,20";"440,00";"220,00";"156,93";"160,31";"155,69";"156,93";"Actual";"157,33";"Actual";"";"";"-0,27";"";"";"3,08";"";"";"0";"0";"-";"-";"-";"-"
"OA_YTM";"29 Nis 2026 00:53:00";2110;"BAYRAMHACILI 154";"157,00";"47,00";"14,10";"14,10";"156,02";"159,31";"154,69";"156,02";"Actual";"";"";"";"";"39,51";"";"";"-11,88";"-13,90";"26,21";"0";"0";"1";"-";"-";"-"
"OA_YTM";"29 Nis 2026 00:53:00";4952;"İÇ ANADOLU DGKÇ SANTRALİ";"404,00";"870,00";"0,00";"141,00";"401,92";"410,00";"398,00";"401,92";"Actual";"402,57";"Actual";"";"";"0,00";"";"";"-0,97";"";"";"0";"0";"-";"-";"-";"-"
"OA_YTM";"29 Nis 2026 00:53:00";2106;"KAPULUKAYA 154";"158,00";"54,00";"0,00";"13,00";"157,70";"160,31";"155,69";"157,70";"Actual";"";"";"";"";"0,04";"";"";"0,11";"";"";"0";"0";"-";"-";"-";"-"
"OA_YTM";"29 Nis 2026 00:53:00";2105;"HİRFANLI HES 154";"158,00";"128,00";"0,00";"20,00";"155,35";"160,31";"155,69";"155,35";"Actual";"";"";"";"";"0,63";"";"";"1,16";"";"";"0";"0";"-";"-";"-";"-"
"OA_YTM";"29 Nis 2026 00:53:00";2104;"GÖKÇEKAYA 380";"404,00";"278,40";"0,00";"80,00";"400,10";"410,00";"398,00";"400,10";"Actual";"402,46";"Actual";"400,54";"Actual";"-1,47";"";"";"-1,47";"";"";"0";"0";"-";"-";"-";"-"
"OA_YTM";"29 Nis 2026 00:53:00";2112;"ÇAYIRHAN TES 380";"404,00";"620,00";"450,00";"90,00";"398,93";"410,00";"398,00";"398,93";"Actual";"456,00";"Invalid";"";"";"513,75";"";"";"162,08";"-55,80";"83,70";"0";"0";"1";"-";"-";"-"
"OA_YTM";"29 Nis 2026 00:53:00";5673;"KAZAN SODA DGKÇS";"159,00";"379,00";"0,00";"205,00";"157,65";"161,31";"156,69";"157,65";"Actual";"157,82";"Actual";"";"";"-0,11";"";"";"-0,14";"";"";"0";"0";"-";"-";"-";"-"
"OA_YTM";"29 Nis 2026 00:53:00";6154;"YUNUS EMRE TES";"404,00";"145,00";"0,00";"35,00";"404,91";"410,00";"398,00";"404,91";"Actual";"";"";"";"";"-1,61";"";"";"-0,44";"";"";"0";"0";"-";"-";"-";"-"
"OA_YTM";"29 Nis 2026 00:53:00";2107;"KESİKKÖPRÜ 154";"158,00";"76,00";"0,00";"28,00";"161,83";"160,31";"155,69";"161,83";"Actual";"161,81";"Actual";"";"";"-0,02";"";"";"0,03";"";"";"0";"0";"-";"-";"-";"-"
"OA_YTM";"29 Nis 2026 00:54:00";2114;"YAMULA HES 154";"159,00";"100,00";"25,50";"25,50";"158,85";"161,31";"156,69";"158,85";"Actual";"0,00";"Actual";"";"";"82,92";"";"";"-28,36";"-29,57";"55,78";"0";"0";"1";"-";"-";"-"
"OA_YTM";"29 Nis 2026 00:54:00";5532;"ACWA KIRIKKALE DGKÇ";"404,00";"927,40";"460,00";"217,00";"409,23";"410,00";"398,00";"409,23";"Actual";"409,37";"Actual";"";"";"0,21";"";"";"-0,75";"";"";"0";"0";"-";"-";"-";"-"
"OA_YTM";"29 Nis 2026 00:54:00";5453;"KARGI BARAJI VE HES";"157,00";"93,84";"0,00";"2,70";"153,73";"159,31";"154,69";"153,73";"Actual";"0,00";"Actual";"";"";"0,00";"";"";"-0,06";"";"";"0";"0";"-";"-";"-";"-"
"OA_YTM";"29 Nis 2026 00:54:00";6137;"KARAMAN BES";"158,00";"40,00";"10,75";"10,75";"160,33";"160,31";"155,69";"160,33";"Actual";"";"";"";"";"19,92";"10,00";"-0,01";"-9,04";"-14,40";"19,80";"0";"0";"-";"-";"-";"-"
"OA_YTM";"29 Nis 2026 00:54:00";6011;"GÜRSÖĞÜT BARAJI ve HES";"156,00";"51,64";"3,00";"2,50";"153,73";"158,31";"153,69";"153,73";"Actual";"";"";"";"";"0,00";"";"";"0,00";"";"";"0";"0";"-";"-";"-";"-"
"OA_YTM";"29 Nis 2026 00:54:00";2108;"SARIYAR 154";"159,00";"160,00";"0,00";"40,00";"154,46";"161,31";"156,69";"154,46";"Actual";"";"";"";"";"0,00";"";"";"-59,15";"";"";"0";"0";"-";"-";"-";"-"
"OA_YTM";"29 Nis 2026 00:54:00";2109;"YENİCE 154";"159,00";"36,97";"0,00";"3,00";"158,58";"161,31";"156,69";"158,58";"Actual";"";"";"";"";"0,00";"";"";"0,77";"";"";"0";"0";"-";"-";"-";"-"
"OA_YTM";"29 Nis 2026 00:54:00";2113;"ÇAMLICA HES 154";"159,00";"84,00";"22,00";"22,00";"158,79";"161,31";"156,69";"158,79";"Actual";"-0,62";"Actual";"";"";"56,42";"";"";"-0,47";"-16,56";"24,41";"0";"0";"1";"-";"-";"-"
"OA_YTM";"29 Nis 2026 00:54:00";2111;"BAYMİNA 154";"158,00";"833,20";"440,00";"220,00";"157,89";"160,31";"155,69";"157,89";"Actual";"158,63";"Actual";"";"";"-0,14";"";"";"3,08";"";"";"0";"0";"-";"-";"-";"-"
"OA_YTM";"29 Nis 2026 00:54:00";2110;"BAYRAMHACILI 154";"157,00";"47,00";"14,10";"14,10";"156,02";"159,31";"154,69";"156,02";"Actual";"";"";"";"";"39,60";"";"";"-13,95";"-13,90";"26,21";"0";"0";"1";"-";"-";"-"
"OA_YTM";"29 Nis 2026 00:54:00";4952;"İÇ ANADOLU DGKÇ SANTRALİ";"404,00";"870,00";"0,00";"141,00";"405,16";"410,00";"398,00";"405,16";"Actual";"405,16";"Actual";"";"";"0,00";"";"";"-0,97";"";"";"0";"0";"-";"-";"-";"-"
"OA_YTM";"29 Nis 2026 00:54:00";2106;"KAPULUKAYA 154";"158,00";"54,00";"0,00";"13,00";"158,11";"160,31";"155,69";"158,11";"Actual";"";"";"";"";"-0,03";"";"";"-0,81";"";"";"0";"0";"-";"-";"-";"-"
"OA_YTM";"29 Nis 2026 00:54:00";2105;"HİRFANLI HES 154";"158,00";"128,00";"0,00";"20,00";"155,80";"160,31";"155,69";"155,80";"Actual";"";"";"";"";"0,67";"";"";"1,16";"";"";"0";"0";"-";"-";"-";"-"
"OA_YTM";"29 Nis 2026 00:54:00";2104;"GÖKÇEKAYA 380";"404,00";"278,40";"0,00";"80,00";"400,84";"410,00";"398,00";"400,84";"Actual";"403,88";"Actual";"402,25";"Actual";"-1,47";"";"";"-1,16";"";"";"0";"0";"-";"-";"-";"-"
"OA_YTM";"29 Nis 2026 00:54:00";2112;"ÇAYIRHAN TES 380";"404,00";"620,00";"450,00";"90,00";"400,46";"410,00";"398,00";"400,46";"Actual";"456,00";"Invalid";"";"";"514,04";"";"";"136,37";"-55,80";"83,70";"0";"0";"1";"-";"-";"-"
"OA_YTM";"29 Nis 2026 00:54:00";5673;"KAZAN SODA DGKÇS";"159,00";"379,00";"0,00";"205,00";"158,89";"161,31";"156,69";"158,89";"Actual";"159,02";"Actual";"";"";"0,00";"";"";"-0,14";"";"";"0";"0";"-";"-";"-";"-"
"OA_YTM";"29 Nis 2026 00:54:00";6154;"YUNUS EMRE TES";"404,00";"145,00";"0,00";"35,00";"406,72";"410,00";"398,00";"406,72";"Actual";"";"";"";"";"-1,61";"";"";"-0,44";"";"";"0";"0";"-";"-";"-";"-"
"OA_YTM";"29 Nis 2026 00:54:00";2107;"KESİKKÖPRÜ 154";"158,00";"76,00";"0,00";"28,00";"162,01";"160,31";"155,69";"162,01";"Actual";"162,04";"Actual";"";"";"-0,03";"";"";"0,03";"";"";"0";"0";"-";"-";"-";"-"
"OA_YTM";"29 Nis 2026 00:55:00";2114;"YAMULA HES 154";"159,00";"100,00";"25,50";"25,50";"158,30";"161,31";"156,69";"158,30";"Actual";"0,00";"Actual";"";"";"82,86";"";"";"-27,81";"-29,57";"55,78";"0";"0";"1";"-";"-";"-"
"OA_YTM";"29 Nis 2026 00:55:00";5532;"ACWA KIRIKKALE DGKÇ";"404,00";"927,40";"460,00";"217,00";"406,44";"410,00";"398,00";"406,44";"Actual";"405,75";"Actual";"";"";"0,21";"";"";"-0,75";"";"";"0";"0";"-";"-";"-";"-"
"OA_YTM";"29 Nis 2026 00:55:00";5453;"KARGI BARAJI VE HES";"157,00";"93,84";"0,00";"2,70";"153,73";"159,31";"154,69";"153,73";"Actual";"0,00";"Actual";"";"";"0,00";"";"";"-0,06";"";"";"0";"0";"-";"-";"-";"-"
"OA_YTM";"29 Nis 2026 00:55:00";6137;"KARAMAN BES";"158,00";"40,00";"10,75";"10,75";"160,27";"160,31";"155,69";"160,27";"Actual";"";"";"";"";"20,84";"10,00";"-0,01";"-8,60";"-14,40";"19,80";"0";"0";"1";"-";"-";"-"
"OA_YTM";"29 Nis 2026 00:55:00";6011;"GÜRSÖĞÜT BARAJI ve HES";"156,00";"51,64";"3,00";"2,50";"153,19";"158,31";"153,69";"153,19";"Actual";"";"";"";"";"0,00";"";"";"0,00";"";"";"0";"0";"-";"-";"-";"-"
"OA_YTM";"29 Nis 2026 00:55:00";2108;"SARIYAR 154";"159,00";"160,00";"0,00";"40,00";"154,07";"161,31";"156,69";"154,07";"Actual";"";"";"";"";"0,00";"";"";"-59,15";"";"";"0";"0";"-";"-";"-";"-"
"OA_YTM";"29 Nis 2026 00:55:00";2109;"YENİCE 154";"159,00";"36,97";"0,00";"3,00";"158,58";"161,31";"156,69";"158,58";"Actual";"";"";"";"";"0,05";"";"";"0,81";"";"";"0";"0";"-";"-";"-";"-"
"OA_YTM";"29 Nis 2026 00:55:00";2113;"ÇAMLICA HES 154";"159,00";"84,00";"22,00";"22,00";"158,34";"161,31";"156,69";"158,34";"Actual";"-0,62";"Actual";"";"";"56,42";"";"";"0,15";"-16,56";"24,41";"0";"0";"1";"-";"-";"-"
"OA_YTM";"29 Nis 2026 00:55:00";2111;"BAYMİNA 154";"158,00";"833,20";"440,00";"220,00";"157,50";"160,31";"155,69";"157,50";"Actual";"157,10";"Actual";"";"";"-0,27";"";"";"3,08";"";"";"0";"0";"-";"-";"-";"-"
"OA_YTM";"29 Nis 2026 00:55:00";2110;"BAYRAMHACILI 154";"157,00";"47,00";"14,10";"14,10";"156,02";"159,31";"154,69";"156,02";"Actual";"";"";"";"";"39,85";"";"";"-12,99";"-13,90";"26,21";"0";"0";"1";"-";"-";"-"
"OA_YTM";"29 Nis 2026 00:55:00";4952;"İÇ ANADOLU DGKÇ SANTRALİ";"404,00";"870,00";"0,00";"141,00";"403,54";"410,00";"398,00";"403,54";"Actual";"402,53";"Actual";"";"";"0,00";"";"";"-0,97";"";"";"0";"0";"-";"-";"-";"-"
"OA_YTM";"29 Nis 2026 00:55:00";2106;"KAPULUKAYA 154";"158,00";"54,00";"0,00";"13,00";"157,43";"160,31";"155,69";"157,43";"Actual";"";"";"";"";"-0,03";"";"";"0,28";"";"";"0";"0";"-";"-";"-";"-"
"OA_YTM";"29 Nis 2026 00:55:00";2105;"HİRFANLI HES 154";"158,00";"128,00";"0,00";"20,00";"155,35";"160,31";"155,69";"155,35";"Actual";"";"";"";"";"0,63";"";"";"1,16";"";"";"0";"0";"-";"-";"-";"-"
"OA_YTM";"29 Nis 2026 00:55:00";2104;"GÖKÇEKAYA 380";"404,00";"278,40";"0,00";"80,00";"400,24";"410,00";"398,00";"400,24";"Actual";"402,67";"Actual";"400,64";"Actual";"-1,47";"";"";"-1,47";"";"";"0";"0";"-";"-";"-";"-"
"OA_YTM";"29 Nis 2026 00:55:00";2112;"ÇAYIRHAN TES 380";"404,00";"620,00";"450,00";"90,00";"398,93";"410,00";"398,00";"398,93";"Actual";"456,00";"Invalid";"";"";"512,95";"";"";"151,96";"-55,80";"83,70";"0";"0";"1";"-";"-";"-"
"OA_YTM";"29 Nis 2026 00:55:00";5673;"KAZAN SODA DGKÇS";"159,00";"379,00";"0,00";"205,00";"158,17";"161,31";"156,69";"158,17";"Actual";"158,17";"Actual";"";"";"-0,11";"";"";"-0,14";"";"";"0";"0";"-";"-";"-";"-"
"OA_YTM";"29 Nis 2026 00:55:00";6154;"YUNUS EMRE TES";"404,00";"145,00";"0,00";"35,00";"406,03";"410,00";"398,00";"406,03";"Actual";"";"";"";"";"-1,61";"";"";"-0,55";"";"";"0";"0";"-";"-";"-";"-"
"OA_YTM";"29 Nis 2026 00:55:00";2107;"KESİKKÖPRÜ 154";"158,00";"76,00";"0,00";"28,00";"161,83";"160,31";"155,69";"161,83";"Actual";"161,96";"Actual";"";"";"-0,02";"";"";"0,04";"";"";"0";"0";"-";"-";"-";"-"
"OA_YTM";"29 Nis 2026 00:56:00";2114;"YAMULA HES 154";"159,00";"100,00";"25,50";"25,50";"158,19";"161,31";"156,69";"158,19";"Actual";"0,00";"Actual";"";"";"82,99";"";"";"-26,31";"-29,57";"55,78";"0";"0";"1";"-";"-";"-"
"OA_YTM";"29 Nis 2026 00:56:00";5532;"ACWA KIRIKKALE DGKÇ";"404,00";"927,40";"460,00";"217,00";"407,00";"410,00";"398,00";"407,00";"Actual";"404,36";"Actual";"";"";"0,00";"";"";"-0,75";"";"";"0";"0";"-";"-";"-";"-"
"OA_YTM";"29 Nis 2026 00:56:00";5453;"KARGI BARAJI VE HES";"157,00";"93,84";"0,00";"2,70";"153,39";"159,31";"154,69";"153,39";"Actual";"0,00";"Actual";"";"";"0,00";"";"";"-0,06";"";"";"0";"0";"-";"-";"-";"-"
"OA_YTM";"29 Nis 2026 00:56:00";6137;"KARAMAN BES";"158,00";"40,00";"10,75";"10,75";"160,28";"160,31";"155,69";"160,28";"Actual";"";"";"";"";"21,01";"10,00";"-0,01";"-8,64";"-14,40";"19,80";"0";"0";"1";"-";"-";"-"
"OA_YTM";"29 Nis 2026 00:56:00";6011;"GÜRSÖĞÜT BARAJI ve HES";"156,00";"51,64";"3,00";"2,50";"152,79";"158,31";"153,69";"152,79";"Actual";"";"";"";"";"0,00";"";"";"0,00";"";"";"0";"0";"-";"-";"-";"-"
"OA_YTM";"29 Nis 2026 00:56:00";2108;"SARIYAR 154";"159,00";"160,00";"0,00";"40,00";"153,40";"161,31";"156,69";"153,40";"Actual";"";"";"";"";"0,00";"";"";"-59,15";"";"";"0";"0";"-";"-";"-";"-"
"OA_YTM";"29 Nis 2026 00:56:00";2109;"YENİCE 154";"159,00";"36,97";"0,00";"3,00";"158,13";"161,31";"156,69";"158,13";"Actual";"";"";"";"";"0,00";"";"";"0,77";"";"";"0";"0";"-";"-";"-";"-"
"OA_YTM";"29 Nis 2026 00:56:00";2113;"ÇAMLICA HES 154";"159,00";"84,00";"22,00";"22,00";"158,11";"161,31";"156,69";"158,11";"Actual";"-0,62";"Actual";"";"";"56,42";"";"";"0,69";"-16,56";"24,41";"0";"0";"1";"-";"-";"-"
"OA_YTM";"29 Nis 2026 00:56:00";2111;"BAYMİNA 154";"158,00";"833,20";"440,00";"220,00";"156,93";"160,31";"155,69";"156,93";"Actual";"157,05";"Actual";"";"";"-0,27";"";"";"3,08";"";"";"0";"0";"-";"-";"-";"-"
"OA_YTM";"29 Nis 2026 00:56:00";2110;"BAYRAMHACILI 154";"157,00";"47,00";"14,10";"14,10";"156,02";"159,31";"154,69";"156,02";"Actual";"";"";"";"";"39,83";"";"";"-11,95";"-13,90";"26,21";"0";"0";"1";"-";"-";"-"
"OA_YTM";"29 Nis 2026 00:56:00";4952;"İÇ ANADOLU DGKÇ SANTRALİ";"404,00";"870,00";"0,00";"141,00";"401,92";"410,00";"398,00";"401,92";"Actual";"400,99";"Actual";"";"";"0,00";"";"";"-0,97";"";"";"0";"0";"-";"-";"-";"-"
"OA_YTM";"29 Nis 2026 00:56:00";2106;"KAPULUKAYA 154";"158,00";"54,00";"0,00";"13,00";"157,70";"160,31";"155,69";"157,70";"Actual";"";"";"";"";"-0,41";"";"";"0,55";"";"";"0";"0";"-";"-";"-";"-"
"OA_YTM";"29 Nis 2026 00:56:00";2105;"HİRFANLI HES 154";"158,00";"128,00";"0,00";"20,00";"155,35";"160,31";"155,69";"155,35";"Actual";"";"";"";"";"0,67";"";"";"1,24";"";"";"0";"0";"-";"-";"-";"-"
"OA_YTM";"29 Nis 2026 00:56:00";2104;"GÖKÇEKAYA 380";"404,00";"278,40";"0,00";"80,00";"399,58";"410,00";"398,00";"399,58";"Actual";"402,06";"Actual";"400,39";"Actual";"-1,47";"";"";"-1,16";"";"";"0";"0";"-";"-";"-";"-"
"OA_YTM";"29 Nis 2026 00:56:00";2112;"ÇAYIRHAN TES 380";"404,00";"620,00";"450,00";"90,00";"398,93";"410,00";"398,00";"398,93";"Actual";"456,00";"Invalid";"";"";"515,70";"";"";"165,59";"-55,80";"83,70";"0";"0";"1";"-";"-";"-"
"OA_YTM";"29 Nis 2026 00:56:00";5673;"KAZAN SODA DGKÇS";"159,00";"379,00";"0,00";"205,00";"157,61";"161,31";"156,69";"157,61";"Actual";"157,46";"Actual";"";"";"-0,11";"";"";"-0,14";"";"";"0";"0";"-";"-";"-";"-"
"OA_YTM";"29 Nis 2026 00:56:00";6154;"YUNUS EMRE TES";"404,00";"145,00";"0,00";"35,00";"403,80";"410,00";"398,00";"403,80";"Actual";"";"";"";"";"-1,61";"";"";"-0,44";"";"";"0";"0";"-";"-";"-";"-"
"OA_YTM";"29 Nis 2026 00:56:00";2107;"KESİKKÖPRÜ 154";"158,00";"76,00";"0,00";"28,00";"161,86";"160,31";"155,69";"161,86";"Actual";"161,93";"Actual";"";"";"-0,02";"";"";"0,03";"";"";"0";"0";"-";"-";"-";"-"
"OA_YTM";"29 Nis 2026 00:57:00";2114;"YAMULA HES 154";"159,00";"100,00";"25,50";"25,50";"159,39";"161,31";"156,69";"159,39";"Actual";"0,00";"Actual";"";"";"82,97";"";"";"-20,78";"-29,57";"55,78";"0";"0";"1";"-";"-";"-"
"OA_YTM";"29 Nis 2026 00:57:00";5532;"ACWA KIRIKKALE DGKÇ";"404,00";"927,40";"460,00";"217,00";"409,23";"410,00";"398,00";"409,23";"Actual";"405,89";"Actual";"";"";"0,21";"";"";"-0,51";"";"";"0";"0";"-";"-";"-";"-"
"OA_YTM";"29 Nis 2026 00:57:00";5453;"KARGI BARAJI VE HES";"157,00";"93,84";"0,00";"2,70";"153,39";"159,31";"154,69";"153,39";"Actual";"0,00";"Actual";"";"";"0,00";"";"";"-0,06";"";"";"0";"0";"-";"-";"-";"-"
"OA_YTM";"29 Nis 2026 00:57:00";6137;"KARAMAN BES";"158,00";"40,00";"10,75";"10,75";"160,22";"160,31";"155,69";"160,22";"Actual";"";"";"";"";"21,42";"10,00";"-0,01";"-9,05";"-14,40";"19,80";"0";"0";"1";"-";"-";"-"
"OA_YTM";"29 Nis 2026 00:57:00";6011;"GÜRSÖĞÜT BARAJI ve HES";"156,00";"51,64";"3,00";"2,50";"153,07";"158,31";"153,69";"153,07";"Actual";"";"";"";"";"0,00";"";"";"0,00";"";"";"0";"0";"-";"-";"-";"-"
"OA_YTM";"29 Nis 2026 00:57:00";2108;"SARIYAR 154";"159,00";"160,00";"0,00";"40,00";"154,07";"161,31";"156,69";"154,07";"Actual";"";"";"";"";"0,00";"";"";"-59,15";"";"";"0";"0";"-";"-";"-";"-"
"OA_YTM";"29 Nis 2026 00:57:00";2109;"YENİCE 154";"159,00";"36,97";"0,00";"3,00";"159,03";"161,31";"156,69";"159,03";"Actual";"";"";"";"";"0,00";"";"";"0,77";"";"";"0";"0";"-";"-";"-";"-"
"OA_YTM";"29 Nis 2026 00:57:00";2113;"ÇAMLICA HES 154";"159,00";"84,00";"22,00";"22,00";"158,79";"161,31";"156,69";"158,79";"Actual";"-0,62";"Actual";"";"";"56,36";"";"";"-0,49";"-16,56";"24,41";"0";"0";"1";"-";"-";"-"
"OA_YTM";"29 Nis 2026 00:57:00";2111;"BAYMİNA 154";"158,00";"833,20";"440,00";"220,00";"157,22";"160,31";"155,69";"157,22";"Actual";"157,50";"Actual";"";"";"-0,27";"";"";"3,08";"";"";"0";"0";"-";"-";"-";"-"
"OA_YTM";"29 Nis 2026 00:57:00";2110;"BAYRAMHACILI 154";"157,00";"47,00";"14,10";"14,10";"156,02";"159,31";"154,69";"156,02";"Actual";"";"";"";"";"39,95";"";"";"-11,67";"-13,90";"26,21";"0";"0";"1";"-";"-";"-"
"OA_YTM";"29 Nis 2026 00:57:00";4952;"İÇ ANADOLU DGKÇ SANTRALİ";"404,00";"870,00";"0,00";"141,00";"403,80";"410,00";"398,00";"403,80";"Actual";"403,31";"Actual";"";"";"0,00";"";"";"-0,97";"";"";"0";"0";"-";"-";"-";"-"
"OA_YTM";"29 Nis 2026 00:57:00";2106;"KAPULUKAYA 154";"158,00";"54,00";"0,00";"13,00";"157,97";"160,31";"155,69";"157,97";"Actual";"";"";"";"";"-0,09";"";"";"0,14";"";"";"0";"0";"-";"-";"-";"-"
"OA_YTM";"29 Nis 2026 00:57:00";2105;"HİRFANLI HES 154";"158,00";"128,00";"0,00";"20,00";"156,03";"160,31";"155,69";"156,03";"Actual";"";"";"";"";"0,63";"";"";"1,16";"";"";"0";"0";"-";"-";"-";"-"
"OA_YTM";"29 Nis 2026 00:57:00";2104;"GÖKÇEKAYA 380";"404,00";"278,40";"0,00";"80,00";"399,55";"410,00";"398,00";"399,55";"Actual";"402,06";"Actual";"400,28";"Actual";"-1,47";"";"";"-1,47";"";"";"0";"0";"-";"-";"-";"-"
"OA_YTM";"29 Nis 2026 00:57:00";2112;"ÇAYIRHAN TES 380";"404,00";"620,00";"450,00";"90,00";"399,90";"410,00";"398,00";"399,90";"Actual";"456,00";"Invalid";"";"";"515,58";"";"";"151,56";"-55,80";"83,70";"0";"0";"1";"-";"-";"-"
"OA_YTM";"29 Nis 2026 00:57:00";5673;"KAZAN SODA DGKÇS";"159,00";"379,00";"0,00";"205,00";"158,36";"161,31";"156,69";"158,36";"Actual";"158,25";"Actual";"";"";"-0,11";"";"";"-0,14";"";"";"0";"0";"-";"-";"-";"-"
"OA_YTM";"29 Nis 2026 00:57:00";6154;"YUNUS EMRE TES";"404,00";"145,00";"0,00";"35,00";"406,03";"410,00";"398,00";"406,03";"Actual";"";"";"";"";"-1,61";"";"";"-0,44";"";"";"0";"0";"-";"-";"-";"-"
"OA_YTM";"29 Nis 2026 00:57:00";2107;"KESİKKÖPRÜ 154";"158,00";"76,00";"0,00";"28,00";"161,94";"160,31";"155,69";"161,94";"Actual";"161,97";"Actual";"";"";"-0,01";"";"";"0,03";"";"";"0";"0";"-";"-";"-";"-"
"OA_YTM";"29 Nis 2026 00:58:00";2114;"YAMULA HES 154";"159,00";"100,00";"25,50";"25,50";"159,39";"161,31";"156,69";"159,39";"Actual";"0,00";"Actual";"";"";"82,92";"";"";"-18,72";"-29,57";"55,78";"0";"0";"1";"-";"-";"-"
"OA_YTM";"29 Nis 2026 00:58:00";5532;"ACWA KIRIKKALE DGKÇ";"404,00";"927,40";"460,00";"217,00";"406,72";"410,00";"398,00";"406,72";"Actual";"405,33";"Actual";"";"";"0,21";"";"";"-0,75";"";"";"0";"0";"-";"-";"-";"-"
"OA_YTM";"29 Nis 2026 00:58:00";5453;"KARGI BARAJI VE HES";"157,00";"93,84";"0,00";"2,70";"153,39";"159,31";"154,69";"153,39";"Actual";"0,00";"Actual";"";"";"0,00";"";"";"-0,06";"";"";"0";"0";"-";"-";"-";"-"
"OA_YTM";"29 Nis 2026 00:58:00";6137;"KARAMAN BES";"158,00";"40,00";"10,75";"10,75";"160,34";"160,31";"155,69";"160,34";"Actual";"";"";"";"";"21,82";"10,00";"-0,01";"-8,98";"16,00";"22,00";"0";"0";"0";"-";"-";"-"
"OA_YTM";"29 Nis 2026 00:58:00";6011;"GÜRSÖĞÜT BARAJI ve HES";"156,00";"51,64";"3,00";"2,50";"152,86";"158,31";"153,69";"152,86";"Actual";"";"";"";"";"0,00";"";"";"0,00";"";"";"0";"0";"-";"-";"-";"-"
"OA_YTM";"29 Nis 2026 00:58:00";2108;"SARIYAR 154";"159,00";"160,00";"0,00";"40,00";"154,07";"161,31";"156,69";"154,07";"Actual";"";"";"";"";"0,00";"";"";"-59,15";"";"";"0";"0";"-";"-";"-";"-"
"OA_YTM";"29 Nis 2026 00:58:00";2109;"YENİCE 154";"159,00";"36,97";"0,00";"3,00";"158,58";"161,31";"156,69";"158,58";"Actual";"";"";"";"";"0,00";"";"";"0,81";"";"";"0";"0";"-";"-";"-";"-"
"OA_YTM";"29 Nis 2026 00:58:00";2113;"ÇAMLICA HES 154";"159,00";"84,00";"22,00";"22,00";"158,56";"161,31";"156,69";"158,56";"Actual";"-0,62";"Actual";"";"";"56,40";"";"";"0,10";"-16,56";"24,41";"0";"0";"1";"-";"-";"-"
"OA_YTM";"29 Nis 2026 00:58:00";2111;"BAYMİNA 154";"158,00";"833,20";"440,00";"220,00";"156,82";"160,31";"155,69";"156,82";"Actual";"157,22";"Actual";"";"";"-0,08";"";"";"3,08";"";"";"0";"0";"-";"-";"-";"-"
"OA_YTM";"29 Nis 2026 00:58:00";2110;"BAYRAMHACILI 154";"157,00";"47,00";"14,10";"14,10";"156,02";"159,31";"154,69";"156,02";"Actual";"";"";"";"";"39,92";"";"";"-13,42";"-13,90";"26,21";"0";"0";"1";"-";"-";"-"
"OA_YTM";"29 Nis 2026 00:58:00";4952;"İÇ ANADOLU DGKÇ SANTRALİ";"404,00";"870,00";"0,00";"141,00";"402,31";"410,00";"398,00";"402,31";"Actual";"401,74";"Actual";"";"";"0,00";"";"";"-0,97";"";"";"0";"0";"-";"-";"-";"-"
"OA_YTM";"29 Nis 2026 00:58:00";2106;"KAPULUKAYA 154";"158,00";"54,00";"0,00";"13,00";"157,75";"160,31";"155,69";"157,75";"Actual";"";"";"";"";"0,06";"";"";"1,22";"";"";"0";"0";"-";"-";"-";"-"
"OA_YTM";"29 Nis 2026 00:58:00";2105;"HİRFANLI HES 154";"158,00";"128,00";"0,00";"20,00";"156,03";"160,31";"155,69";"156,03";"Actual";"";"";"";"";"0,67";"";"";"1,16";"";"";"0";"0";"-";"-";"-";"-"
"OA_YTM";"29 Nis 2026 00:58:00";2104;"GÖKÇEKAYA 380";"404,00";"278,40";"0,00";"80,00";"399,54";"410,00";"398,00";"399,54";"Actual";"402,00";"Actual";"399,85";"Actual";"-1,47";"";"";"-1,16";"";"";"0";"0";"-";"-";"-";"-"
"OA_YTM";"29 Nis 2026 00:58:00";2112;"ÇAYIRHAN TES 380";"404,00";"620,00";"450,00";"90,00";"399,90";"410,00";"398,00";"399,90";"Actual";"456,00";"Invalid";"";"";"517,93";"";"";"163,33";"-55,80";"83,70";"0";"0";"1";"-";"-";"-"
"OA_YTM";"29 Nis 2026 00:58:00";5673;"KAZAN SODA DGKÇS";"159,00";"379,00";"0,00";"205,00";"157,67";"161,31";"156,69";"157,67";"Actual";"157,72";"Actual";"";"";"-0,11";"";"";"-0,14";"";"";"0";"0";"-";"-";"-";"-"
"OA_YTM";"29 Nis 2026 00:58:00";6154;"YUNUS EMRE TES";"404,00";"145,00";"0,00";"35,00";"404,91";"410,00";"398,00";"404,91";"Actual";"";"";"";"";"-1,61";"";"";"-0,55";"";"";"0";"0";"-";"-";"-";"-"
"OA_YTM";"29 Nis 2026 00:58:00";2107;"KESİKKÖPRÜ 154";"158,00";"76,00";"0,00";"28,00";"161,94";"160,31";"155,69";"161,94";"Actual";"161,97";"Actual";"";"";"-0,01";"";"";"0,03";"";"";"0";"0";"-";"-";"-";"-"
"OA_YTM";"29 Nis 2026 00:59:00";2114;"YAMULA HES 154";"159,00";"100,00";"25,50";"25,50";"159,39";"161,31";"156,69";"159,39";"Actual";"0,00";"Actual";"";"";"82,92";"";"";"-20,01";"-29,57";"55,78";"0";"0";"1";"-";"-";"-"
"OA_YTM";"29 Nis 2026 00:59:00";5532;"ACWA KIRIKKALE DGKÇ";"404,00";"927,40";"460,00";"217,00";"407,70";"410,00";"398,00";"407,70";"Actual";"406,86";"Actual";"";"";"0,21";"";"";"-0,51";"";"";"0";"0";"-";"-";"-";"-"
"OA_YTM";"29 Nis 2026 00:59:00";5453;"KARGI BARAJI VE HES";"157,00";"93,84";"0,00";"2,70";"152,97";"159,31";"154,69";"152,97";"Actual";"0,00";"Actual";"";"";"0,00";"";"";"-0,06";"";"";"0";"0";"-";"-";"-";"-"
"OA_YTM";"29 Nis 2026 00:59:00";6137;"KARAMAN BES";"158,00";"40,00";"10,75";"10,75";"160,26";"160,31";"155,69";"160,26";"Actual";"";"";"";"";"22,02";"10,00";"-0,01";"-8,85";"-14,40";"19,80";"0";"0";"1";"-";"-";"-"
"OA_YTM";"29 Nis 2026 00:59:00";6011;"GÜRSÖĞÜT BARAJI ve HES";"156,00";"51,64";"3,00";"2,50";"152,82";"158,31";"153,69";"152,82";"Actual";"";"";"";"";"0,00";"";"";"0,00";"";"";"0";"0";"-";"-";"-";"-"
"OA_YTM";"29 Nis 2026 00:59:00";2108;"SARIYAR 154";"159,00";"160,00";"0,00";"40,00";"153,96";"161,31";"156,69";"153,96";"Actual";"";"";"";"";"0,00";"";"";"-59,15";"";"";"0";"0";"-";"-";"-";"-"
"OA_YTM";"29 Nis 2026 00:59:00";2109;"YENİCE 154";"159,00";"36,97";"0,00";"3,00";"158,36";"161,31";"156,69";"158,36";"Actual";"";"";"";"";"0,00";"";"";"0,77";"";"";"0";"0";"-";"-";"-";"-"
"OA_YTM";"29 Nis 2026 00:59:00";2113;"ÇAMLICA HES 154";"159,00";"84,00";"22,00";"22,00";"158,79";"161,31";"156,69";"158,79";"Actual";"-0,62";"Actual";"";"";"56,40";"";"";"-0,46";"-16,56";"24,41";"0";"0";"1";"-";"-";"-"
"OA_YTM";"29 Nis 2026 00:59:00";2111;"BAYMİNA 154";"158,00";"833,20";"440,00";"220,00";"157,39";"160,31";"155,69";"157,39";"Actual";"157,72";"Actual";"";"";"-0,27";"";"";"3,08";"";"";"0";"0";"-";"-";"-";"-"
"OA_YTM";"29 Nis 2026 00:59:00";2110;"BAYRAMHACILI 154";"157,00";"47,00";"14,10";"14,10";"156,02";"159,31";"154,69";"156,02";"Actual";"";"";"";"";"39,76";"";"";"-11,13";"-13,90";"26,21";"0";"0";"1";"-";"-";"-"
"OA_YTM";"29 Nis 2026 00:59:00";4952;"İÇ ANADOLU DGKÇ SANTRALİ";"404,00";"870,00";"0,00";"141,00";"402,62";"410,00";"398,00";"402,62";"Actual";"402,92";"Actual";"";"";"0,00";"";"";"-0,97";"";"";"0";"0";"-";"-";"-";"-"
"OA_YTM";"29 Nis 2026 00:59:00";2106;"KAPULUKAYA 154";"158,00";"54,00";"0,00";"13,00";"158,29";"160,31";"155,69";"158,29";"Actual";"";"";"";"";"-0,04";"";"";"-0,50";"";"";"0";"0";"-";"-";"-";"-"
"OA_YTM";"29 Nis 2026 00:59:00";2105;"HİRFANLI HES 154";"158,00";"128,00";"0,00";"20,00";"155,57";"160,31";"155,69";"155,57";"Actual";"";"";"";"";"0,63";"";"";"1,16";"";"";"0";"0";"-";"-";"-";"-"
"OA_YTM";"29 Nis 2026 00:59:00";2104;"GÖKÇEKAYA 380";"404,00";"278,40";"0,00";"80,00";"399,82";"410,00";"398,00";"399,82";"Actual";"402,23";"Actual";"399,93";"Actual";"-1,47";"";"";"-1,47";"";"";"0";"0";"-";"-";"-";"-"
"OA_YTM";"29 Nis 2026 00:59:00";2112;"ÇAYIRHAN TES 380";"404,00";"620,00";"450,00";"90,00";"399,90";"410,00";"398,00";"399,90";"Actual";"456,00";"Invalid";"";"";"513,53";"";"";"156,13";"-55,80";"83,70";"0";"0";"1";"-";"-";"-"
"OA_YTM";"29 Nis 2026 00:59:00";5673;"KAZAN SODA DGKÇS";"159,00";"379,00";"0,00";"205,00";"157,76";"161,31";"156,69";"157,76";"Actual";"157,93";"Actual";"";"";"0,00";"";"";"-0,14";"";"";"0";"0";"-";"-";"-";"-"
"OA_YTM";"29 Nis 2026 00:59:00";6154;"YUNUS EMRE TES";"404,00";"145,00";"0,00";"35,00";"405,61";"410,00";"398,00";"405,61";"Actual";"";"";"";"";"-1,61";"";"";"-0,55";"";"";"0";"0";"-";"-";"-";"-"
"OA_YTM";"29 Nis 2026 00:59:00";2107;"KESİKKÖPRÜ 154";"158,00";"76,00";"0,00";"28,00";"161,95";"160,31";"155,69";"161,95";"Actual";"161,95";"Actual";"";"";"-0,01";"";"";"0,04";"";"";"0";"0";"-";"-";"-";"-"
