GERILIM REFERANS DEGERI ILETILEN BARANIN ADI:;BAYRAMHACILI_154;;;;;;;;
ILGILI BIRIMIN UNITELERININ NOMINAL AKTIF GUCU(Pnom):;23,5;23,5;;;;;;;
ILGILI BIRIMIN UNITELERININ ASIRI VE DUSUK ZORUNLU MVAR DEGERLERI (MVAR):;14,56;-7,72;14,56;-7,72;;;;;
VARSA ILGILI ANLASMA DAHILINDE SENKRON KOMPANSATOR HIZMET VEREBILEN UNITELERIN SENKRON KOMPASATOR DURUMUNDAKI ZORUNLU MVAR DEGERLERI (MVAR):;0;;;;;;;;
TARIH;SAAT;SIRA_NO;BARA_GER_kV;BARA_GER_SET_DEG_kV;TOP_REAKT_CIK_GUCU_MVAr;UNI_1_BIRIM_MKUD;UNI_2_BIRIM_MKUD;UNI_1_GEN_TER_AKT_CIK_GUCU_MW;UNI_2_GEN_TER_AKT_CIK_GUCU_MW
01.05.2026;00:00:00;1;158,010;157,000;-15,237;14,100;14,100;20,784;21,521
01.05.2026;00:01:00;2;157,261;157,000;-13,575;14,100;14,100;20,637;21,742
01.05.2026;00:02:00;3;157,422;157,000;-13,722;14,100;14,100;20,752;21,510
01.05.2026;00:03:00;4;157,261;157,000;-10,123;14,100;14,100;20,731;21,594
01.05.2026;00:04:00;5;157,582;157,000;-13,658;14,100;14,100;20,910;21,647
01.05.2026;00:05:00;6;157,047;157,000;-14,248;14,100;14,100;20,889;21,478
01.05.2026;00:06:00;7;157,475;157,000;-14,164;14,100;14,100;20,594;21,573
01.05.2026;00:07:00;8;157,422;157,000;-14,038;14,100;14,100;20,731;21,647
01.05.2026;00:08:00;9;157,154;157,000;-14,143;14,100;14,100;20,689;21,573
01.05.2026;00:09:00;10;157,529;157,000;-14,017;14,100;14,100;20,858;21,584
01.05.2026;00:10:00;11;157,796;157,000;-15,153;14,100;14,100;20,773;21,521
01.05.2026;00:11:00;12;157,850;157,000;-15,111;14,100;14,100;20,615;21,615
01.05.2026;00:12:00;13;157,689;157,000;-15,006;14,100;14,100;20,731;21,594
01.05.2026;00:13:00;14;157,422;157,000;-14,311;14,100;14,100;20,668;21,542
01.05.2026;00:14:00;15;157,956;157,000;-14,943;14,100;14,100;20,900;21,594
01.05.2026;00:15:00;16;157,689;157,000;-14,395;14,100;14,100;20,731;21,678
01.05.2026;00:16:00;17;157,689;157,000;-14,437;14,100;14,100;20,889;21,678
01.05.2026;00:17:00;18;158,331;157,000;-15,069;14,100;14,100;20,689;21,436
01.05.2026;00:18:00;19;158,545;157,000;-15,637;14,100;14,100;20,879;21,636
01.05.2026;00:19:00;20;158,117;157,000;-15,595;14,100;14,100;20,689;21,489
01.05.2026;00:20:00;21;158,063;157,000;-15,722;14,100;14,100;20,879;21,626
01.05.2026;00:21:00;22;158,598;157,000;-16,142;14,100;14,100;20,521;21,668
01.05.2026;00:22:00;23;158,491;157,000;-16,669;14,100;14,100;20,647;21,521
01.05.2026;00:23:00;24;158,331;157,000;-16,290;14,100;14,100;20,910;21,489
01.05.2026;00:24:00;25;157,956;157,000;-15,575;14,100;14,100;20,752;21,615
01.05.2026;00:25:00;26;157,796;157,000;-14,964;14,100;14,100;20,731;21,457
01.05.2026;00:26:00;27;157,850;157,000;-14,943;14,100;14,100;20,805;21,647
01.05.2026;00:27:00;28;158,063;157,000;-15,447;14,100;14,100;20,721;21,636
01.05.2026;00:28:00;29;158,384;157,000;-15,953;14,100;14,100;20,489;21,678
01.05.2026;00:29:00;30;158,545;157,000;-16,585;14,100;14,100;20,773;21,415
01.05.2026;00:30:00;31;158,652;157,000;-16,353;14,100;14,100;20,773;21,478
01.05.2026;00:31:00;32;158,545;157,000;-16,837;14,100;14,100;20,679;21,478
01.05.2026;00:32:00;33;158,812;157,000;-16,563;14,100;14,100;20,836;21,531
01.05.2026;00:33:00;34;158,598;157,000;-16,437;14,100;14,100;20,931;21,542
01.05.2026;00:34:00;35;158,919;157,000;-16,690;14,100;14,100;20,858;21,478
01.05.2026;00:35:00;36;159,347;157,000;-16,711;14,100;14,100;20,794;21,436
01.05.2026;00:36:00;37;158,491;157,000;-16,268;14,100;14,100;20,668;21,373
01.05.2026;00:37:00;38;158,652;157,000;-15,974;14,100;14,100;20,773;21,647
01.05.2026;00:38:00;39;158,545;157,000;-16,100;14,100;14,100;20,721;21,478
01.05.2026;00:39:00;40;158,919;157,000;-16,290;14,100;14,100;20,742;21,436
01.05.2026;00:40:00;41;158,759;157,000;-15,785;14,100;14,100;20,784;21,615
01.05.2026;00:41:00;42;158,491;157,000;-15,764;14,100;14,100;20,626;21,636
01.05.2026;00:42:00;43;158,277;157,000;-15,953;14,100;14,100;20,742;21,647
01.05.2026;00:43:00;44;158,010;157,000;-15,532;14,100;14,100;20,647;21,668
01.05.2026;00:44:00;45;158,063;157,000;-15,700;14,100;14,100;20,826;21,373
01.05.2026;00:45:00;46;158,117;157,000;-15,721;14,100;14,100;20,847;21,531
01.05.2026;00:46:00;47;158,117;157,000;-15,153;14,100;14,100;20,626;21,542
01.05.2026;00:47:00;48;158,277;157,000;-15,090;14,100;14,100;20,879;21,426
01.05.2026;00:48:00;49;157,743;157,000;-15,153;14,100;14,100;20,900;21,457
01.05.2026;00:49:00;50;158,331;157,000;-15,259;14,100;14,100;20,679;21,457
01.05.2026;00:50:00;51;158,598;157,000;-15,742;14,100;14,100;20,794;21,678
01.05.2026;00:51:00;52;158,652;157,000;-15,995;14,100;14,100;20,531;21,626
01.05.2026;00:52:00;53;158,652;157,000;-16,268;14,100;14,100;20,584;21,478
01.05.2026;00:53:00;54;158,812;157,000;-16,395;14,100;14,100;20,668;21,573
01.05.2026;00:54:00;55;158,277;157,000;-16,016;14,100;14,100;20,773;21,584
01.05.2026;00:55:00;56;158,759;157,000;-15,974;14,100;14,100;20,942;21,731
01.05.2026;00:56:00;57;159,026;157,000;-16,668;14,100;14,100;20,637;21,584
01.05.2026;00:57:00;58;159,079;157,000;-16,290;14,100;14,100;20,689;21,563
01.05.2026;00:58:00;59;158,010;157,000;-14,837;14,100;14,100;20,689;21,521
01.05.2026;00:59:00;60;157,743;157,000;-14,312;14,100;14,100;20,847;21,510
01.05.2026;01:00:00;61;157,475;156,000;-14,269;14,100;14,100;20,700;21,510
01.05.2026;01:01:00;62;157,850;156,000;-14,121;14,100;14,100;20,847;21,405
01.05.2026;01:02:00;63;157,796;156,000;-14,185;14,100;14,100;20,805;21,668
01.05.2026;01:03:00;64;157,529;156,000;-13,869;14,100;14,100;20,847;21,647
01.05.2026;01:04:00;65;157,475;156,000;-13,869;14,100;14,100;20,784;21,573
01.05.2026;01:05:00;66;157,743;156,000;-14,164;14,100;14,100;20,910;21,457
01.05.2026;01:06:00;67;157,796;156,000;-14,163;14,100;14,100;20,858;21,542
01.05.2026;01:07:00;68;157,956;156,000;-14,396;14,100;14,100;20,826;21,531
01.05.2026;01:08:00;69;157,956;156,000;-14,522;14,100;14,100;20,731;21,647
01.05.2026;01:09:00;70;157,743;156,000;-14,732;14,100;14,100;20,752;21,636
01.05.2026;01:10:00;71;157,956;156,000;-14,858;14,100;14,100;20,773;21,510
01.05.2026;01:11:00;72;158,224;156,000;-14,964;14,100;14,100;20,858;21,573
01.05.2026;01:12:00;73;157,475;156,000;-15,027;14,100;14,100;20,889;21,584
01.05.2026;01:13:00;74;157,956;156,000;-15,427;14,100;14,100;20,573;21,531
01.05.2026;01:14:00;75;157,956;156,000;-15,553;14,100;14,100;20,858;21,626
01.05.2026;01:15:00;76;157,956;156,000;-15,637;14,100;14,100;20,805;21,563
01.05.2026;01:16:00;77;157,582;156,000;-15,174;14,100;14,100;20,689;21,478
01.05.2026;01:17:00;78;158,224;156,000;-16,964;14,100;14,100;20,668;21,405
01.05.2026;01:18:00;79;158,277;156,000;-15,974;14,100;14,100;20,679;21,647
01.05.2026;01:19:00;80;158,117;156,000;-16,100;14,100;14,100;20,826;21,584
01.05.2026;01:20:00;81;158,277;156,000;-16,374;14,100;14,100;20,573;21,521
01.05.2026;01:21:00;82;157,582;156,000;-15,953;14,100;14,100;20,826;21,699
01.05.2026;01:22:00;83;158,491;156,000;-16,372;14,100;14,100;20,836;21,531
01.05.2026;01:23:00;84;158,384;156,000;-16,858;14,100;14,100;20,952;21,573
01.05.2026;01:24:00;85;158,277;156,000;-16,206;14,100;14,100;20,615;21,626
01.05.2026;01:25:00;86;158,063;156,000;-16,310;14,100;14,100;20,826;21,910
01.05.2026;01:26:00;87;158,491;156,000;-15,932;14,100;14,100;20,836;21,773
01.05.2026;01:27:00;88;157,956;156,000;-15,869;14,100;14,100;20,584;21,510
01.05.2026;01:28:00;89;158,277;156,000;-16,206;14,100;14,100;20,858;21,415
01.05.2026;01:29:00;90;158,277;156,000;-16,058;14,100;14,100;20,721;21,521
01.05.2026;01:30:00;91;157,529;156,000;-15,385;14,100;14,100;20,889;21,584
01.05.2026;01:31:00;92;157,689;156,000;-15,132;14,100;14,100;21,036;21,742
01.05.2026;01:32:00;93;158,117;156,000;-15,258;14,100;14,100;20,742;21,626
01.05.2026;01:33:00;94;157,850;156,000;-15,069;14,100;14,100;20,836;21,521
01.05.2026;01:34:00;95;157,743;156,000;-15,238;14,100;14,100;20,858;21,594
01.05.2026;01:35:00;96;157,582;156,000;-15,111;14,100;14,100;20,942;21,563
01.05.2026;01:36:00;97;157,529;156,000;-14,942;14,100;14,100;20,889;21,573
01.05.2026;01:37:00;98;157,850;156,000;-15,763;14,100;14,100;20,858;21,573
01.05.2026;01:38:00;99;158,331;156,000;-16,143;14,100;14,100;20,531;21,489
01.05.2026;01:39:00;100;158,491;156,000;-17,048;14,100;14,100;20,647;21,542
01.05.2026;01:40:00;101;158,384;156,000;-16,964;14,100;14,100;20,437;21,436
01.05.2026;01:41:00;102;158,598;156,000;-17,153;14,100;14,100;20,626;21,457
01.05.2026;01:42:00;103;158,224;156,000;-16,143;14,100;14,100;20,584;21,573
01.05.2026;01:43:00;104;158,812;156,000;-16,458;14,100;14,100;20,531;21,636
01.05.2026;01:44:00;105;157,850;156,000;-15,848;14,100;14,100;20,531;21,573
01.05.2026;01:45:00;106;157,689;156,000;-15,469;14,100;14,100;20,594;21,542
01.05.2026;01:46:00;107;157,689;156,000;-15,343;14,100;14,100;20,489;21,647
01.05.2026;01:47:00;108;158,010;156,000;-15,385;14,100;14,100;20,563;21,636
01.05.2026;01:48:00;109;157,582;156,000;-15,553;14,100;14,100;20,594;21,742
01.05.2026;01:49:00;110;158,010;156,000;-15,553;14,100;14,100;20,563;21,647
01.05.2026;01:50:00;111;158,491;156,000;-16,521;14,100;14,100;20,531;21,531
01.05.2026;01:51:00;112;158,063;156,000;-16,163;14,100;14,100;20,531;21,678
01.05.2026;01:52:00;113;158,224;156,000;-16,206;14,100;14,100;20,647;21,689
01.05.2026;01:53:00;114;158,545;156,000;-16,943;14,100;14,100;20,468;21,478
01.05.2026;01:54:00;115;159,133;156,000;-17,510;14,100;14,100;20,647;21,563
01.05.2026;01:55:00;116;158,865;156,000;-16,163;14,100;14,100;20,573;21,689
01.05.2026;01:56:00;117;158,919;156,000;-16,058;14,100;14,100;20,637;21,584
01.05.2026;01:57:00;118;159,133;156,000;-16,606;14,100;14,100;20,637;21,720
01.05.2026;01:58:00;119;159,079;156,000;-16,437;14,100;14,100;20,542;21,457
01.05.2026;01:59:00;120;158,812;156,000;-15,742;14,100;14,100;20,731;21,584
01.05.2026;02:00:00;121;158,063;156,000;-15,469;14,100;14,100;20,331;21,720
01.05.2026;02:01:00;122;158,277;156,000;-15,238;14,100;14,100;20,542;21,510
01.05.2026;02:02:00;123;158,545;156,000;-15,301;14,100;14,100;20,531;21,647
01.05.2026;02:03:00;124;158,331;156,000;-15,048;14,100;14,100;20,479;21,626
01.05.2026;02:04:00;125;157,850;156,000;-14,417;14,100;14,100;20,521;21,678
01.05.2026;02:05:00;126;157,956;156,000;-14,500;14,100;14,100;20,405;21,531
01.05.2026;02:06:00;127;157,743;156,000;-13,932;14,100;14,100;20,752;21,626
01.05.2026;02:07:00;128;157,743;156,000;-14,100;14,100;14,100;20,321;21,626
01.05.2026;02:08:00;129;157,475;156,000;-13,785;14,100;14,100;20,573;21,563
01.05.2026;02:09:00;130;158,277;156,000;-15,153;14,100;14,100;20,615;21,510
01.05.2026;02:10:00;131;158,331;156,000;-15,195;14,100;14,100;20,405;21,668
01.05.2026;02:11:00;132;158,491;156,000;-15,280;14,100;14,100;20,531;21,457
01.05.2026;02:12:00;133;158,277;156,000;-15,005;14,100;14,100;20,573;21,436
01.05.2026;02:13:00;134;157,743;156,000;-13,869;14,100;14,100;20,626;21,521
01.05.2026;02:14:00;135;158,063;156,000;-14,396;14,100;14,100;20,510;21,489
01.05.2026;02:15:00;136;157,796;156,000;-14,248;14,100;14,100;20,489;21,531
01.05.2026;02:16:00;137;157,743;156,000;-14,354;14,100;14,100;20,531;21,352
01.05.2026;02:17:00;138;157,743;156,000;-15,090;14,100;14,100;20,563;21,415
01.05.2026;02:18:00;139;158,384;156,000;-16,100;14,100;14,100;20,826;21,352
01.05.2026;02:19:00;140;158,063;156,000;-16,205;14,100;14,100;20,668;21,615
01.05.2026;02:20:00;141;157,956;156,000;-15,868;14,100;14,100;20,594;21,415
01.05.2026;02:21:00;142;158,010;156,000;-15,553;14,100;14,100;20,626;21,720
01.05.2026;02:22:00;143;157,796;156,000;-15,280;14,100;14,100;20,468;21,415
01.05.2026;02:23:00;144;158,063;156,000;-15,616;14,100;14,100;20,615;21,584
01.05.2026;02:24:00;145;158,063;156,000;-16,037;14,100;14,100;20,626;21,699
01.05.2026;02:25:00;146;158,010;156,000;-15,953;14,100;14,100;20,437;21,594
01.05.2026;02:26:00;147;158,117;156,000;-15,932;14,100;14,100;20,647;21,542
01.05.2026;02:27:00;148;158,384;156,000;-16,036;14,100;14,100;20,637;21,489
01.05.2026;02:28:00;149;158,384;156,000;-15,974;14,100;14,100;20,700;21,647
01.05.2026;02:29:00;150;158,117;156,000;-15,763;14,100;14,100;20,584;21,594
01.05.2026;02:30:00;151;157,743;156,000;-15,511;14,100;14,100;20,531;21,742
01.05.2026;02:31:00;152;158,224;156,000;-16,247;14,100;14,100;20,542;21,626
01.05.2026;02:32:00;153;157,956;156,000;-15,868;14,100;14,100;20,542;21,573
01.05.2026;02:33:00;154;157,529;156,000;-14,858;14,100;14,100;20,637;21,521
01.05.2026;02:34:00;155;157,689;156,000;-15,869;14,100;14,100;20,510;21,731
01.05.2026;02:35:00;156;157,850;156,000;-15,406;14,100;14,100;20,615;21,615
01.05.2026;02:36:00;157;157,689;156,000;-15,237;14,100;14,100;20,510;21,805
01.05.2026;02:37:00;158;157,796;156,000;-15,280;14,100;14,100;20,594;21,626
01.05.2026;02:38:00;159;158,063;156,000;-15,658;14,100;14,100;20,668;21,542
01.05.2026;02:39:00;160;158,063;156,000;-16,058;14,100;14,100;20,731;21,720
01.05.2026;02:40:00;161;158,277;156,000;-16,395;14,100;14,100;20,489;21,331
01.05.2026;02:41:00;162;158,759;156,000;-16,689;14,100;14,100;20,531;21,521
01.05.2026;02:42:00;163;158,865;156,000;-17,384;14,100;14,100;20,615;21,615
01.05.2026;02:43:00;164;158,491;156,000;-16,837;14,100;14,100;20,542;21,510
01.05.2026;02:44:00;165;158,919;156,000;-16,900;14,100;14,100;20,468;21,521
01.05.2026;02:45:00;166;158,919;156,000;-16,858;14,100;14,100;20,510;21,352
01.05.2026;02:46:00;167;158,865;156,000;-17,026;14,100;14,100;20,731;21,426
01.05.2026;02:47:00;168;159,561;156,000;-16,921;14,100;14,100;20,615;21,584
01.05.2026;02:48:00;169;159,026;156,000;-16,480;14,100;14,100;20,910;21,563
01.05.2026;02:49:00;170;158,759;156,000;-16,605;14,100;14,100;20,889;21,647
01.05.2026;02:50:00;171;158,919;156,000;-16,121;14,100;14,100;20,900;21,510
01.05.2026;02:51:00;172;159,293;156,000;-16,690;14,100;14,100;20,879;21,584
01.05.2026;02:52:00;173;158,865;156,000;-15,911;14,100;14,100;20,858;21,689
01.05.2026;02:53:00;174;159,079;156,000;-16,837;14,100;14,100;20,931;21,720
01.05.2026;02:54:00;175;159,454;156,000;-17,027;14,100;14,100;20,847;21,584
01.05.2026;02:55:00;176;159,400;156,000;-16,773;14,100;14,100;20,994;21,363
01.05.2026;02:56:00;177;159,400;156,000;-16,479;14,100;14,100;20,668;21,468
01.05.2026;02:57:00;178;159,133;156,000;-16,101;14,100;14,100;20,847;21,415
01.05.2026;02:58:00;179;159,561;156,000;-16,332;14,100;14,100;20,942;21,457
01.05.2026;02:59:00;180;158,491;156,000;-14,669;14,100;14,100;20,889;21,321
01.05.2026;03:00:00;181;158,491;156,000;-14,332;14,100;14,100;21,005;21,405
01.05.2026;03:01:00;182;159,293;156,000;-14,711;14,100;14,100;20,615;21,363
01.05.2026;03:02:00;183;159,186;156,000;-15,322;14,100;14,100;20,910;21,468
01.05.2026;03:03:00;184;158,759;156,000;-15,384;14,100;14,100;20,963;21,363
01.05.2026;03:04:00;185;159,293;156,000;-15,974;14,100;14,100;20,910;21,373
01.05.2026;03:05:00;186;159,454;156,000;-16,309;14,100;14,100;20,931;21,573
01.05.2026;03:06:00;187;159,561;156,000;-16,289;14,100;14,100;20,847;21,594
01.05.2026;03:07:00;188;159,293;156,000;-15,890;14,100;14,100;20,879;21,489
01.05.2026;03:08:00;189;159,454;156,000;-16,289;14,100;14,100;20,805;21,521
01.05.2026;03:09:00;190;159,454;156,000;-16,542;14,100;14,100;20,805;21,173
01.05.2026;03:10:00;191;159,133;156,000;-16,079;14,100;14,100;20,784;21,373
01.05.2026;03:11:00;192;159,454;156,000;-16,268;14,100;14,100;21,036;21,468
01.05.2026;03:12:00;193;159,668;156,000;-16,689;14,100;14,100;20,731;21,668
01.05.2026;03:13:00;194;159,133;156,000;-16,564;14,100;14,100;20,889;21,510
01.05.2026;03:14:00;195;159,561;156,000;-17,174;14,100;14,100;20,847;21,584
01.05.2026;03:15:00;196;159,828;156,000;-16,309;14,100;14,100;21,005;21,436
01.05.2026;03:16:00;197;159,614;156,000;-15,932;14,100;14,100;20,836;21,510
01.05.2026;03:17:00;198;160,256;156,000;-16,395;14,100;14,100;20,889;21,489
01.05.2026;03:18:00;199;160,202;156,000;-16,290;14,100;14,100;20,889;21,626
01.05.2026;03:19:00;200;159,454;156,000;-15,216;14,100;14,100;20,805;21,531
01.05.2026;03:20:00;201;159,293;156,000;-14,711;14,100;14,100;20,794;21,384
01.05.2026;03:21:00;202;159,293;156,000;-14,774;14,100;14,100;20,994;21,615
01.05.2026;03:22:00;203;159,347;156,000;-14,753;14,100;14,100;20,963;21,310
01.05.2026;03:23:00;204;159,400;156,000;-15,132;14,100;14,100;20,994;21,563
01.05.2026;03:24:00;205;159,561;156,000;-14,627;14,100;14,100;20,931;21,457
01.05.2026;03:25:00;206;159,133;156,000;-14,985;14,100;14,100;21,057;21,510
01.05.2026;03:26:00;207;159,186;156,000;-14,416;14,100;14,100;20,858;21,363
01.05.2026;03:27:00;208;159,293;156,000;-14,584;14,100;14,100;20,910;21,457
01.05.2026;03:28:00;209;159,561;156,000;-15,363;14,100;14,100;20,910;21,352
01.05.2026;03:29:00;210;159,186;156,000;-15,321;14,100;14,100;20,794;21,636
01.05.2026;03:30:00;211;159,454;156,000;-15,785;14,100;14,100;20,942;21,521
01.05.2026;03:31:00;212;159,828;156,000;-15,911;14,100;14,100;21,089;22,005
01.05.2026;03:32:00;213;159,881;156,000;-16,226;14,100;14,100;20,942;21,984
01.05.2026;03:33:00;214;159,561;156,000;-15,722;14,100;14,100;20,910;22,152
01.05.2026;03:34:00;215;159,561;156,000;-15,700;14,100;14,100;21,015;21,984
01.05.2026;03:35:00;216;159,347;156,000;-15,932;14,100;14,100;20,805;21,910
01.05.2026;03:36:00;217;159,668;156,000;-16,458;14,100;14,100;20,942;21,773
01.05.2026;03:37:00;218;159,881;156,000;-16,058;14,100;14,100;20,773;21,984
01.05.2026;03:38:00;219;160,202;156,000;-16,206;14,100;14,100;20,900;22,015
01.05.2026;03:39:00;220;159,614;156,000;-15,574;14,100;14,100;21,068;21,805
01.05.2026;03:40:00;221;159,293;156,000;-14,880;14,100;14,100;20,952;21,941
01.05.2026;03:41:00;222;160,202;156,000;-15,932;14,100;14,100;20,984;22,047
01.05.2026;03:42:00;223;159,668;156,000;-15,658;14,100;14,100;20,910;21,878
01.05.2026;03:43:00;224;159,186;156,000;-15,363;14,100;14,100;20,826;21,889
01.05.2026;03:44:00;225;159,026;156,000;-15,217;14,100;14,100;20,994;21,931
01.05.2026;03:45:00;226;158,919;156,000;-14,901;14,100;14,100;20,910;22,036
01.05.2026;03:46:00;227;158,598;156,000;-14,311;14,100;14,100;20,584;21,952
01.05.2026;03:47:00;228;159,079;156,000;-15,048;14,100;14,100;20,721;21,878
01.05.2026;03:48:00;229;159,133;156,000;-15,258;14,100;14,100;20,879;22,194
01.05.2026;03:49:00;230;159,293;156,000;-15,111;14,100;14,100;20,805;22,005
01.05.2026;03:50:00;231;159,881;156,000;-16,226;14,100;14,100;20,584;21,784
01.05.2026;03:51:00;232;159,881;156,000;-16,669;14,100;14,100;20,700;22,015
01.05.2026;03:52:00;233;159,828;156,000;-16,606;14,100;14,100;20,594;21,899
01.05.2026;03:53:00;234;160,202;156,000;-17,321;14,100;14,100;20,742;21,731
01.05.2026;03:54:00;235;159,561;156,000;-15,342;14,100;14,100;20,784;21,857
01.05.2026;03:55:00;236;159,454;156,000;-13,343;14,100;14,100;20,563;21,910
01.05.2026;03:56:00;237;160,416;156,000;-7,976;14,100;14,100;20,668;21,678
01.05.2026;03:57:00;238;161,004;156,000;-2,420;14,100;14,100;20,689;21,931
01.05.2026;03:58:00;239;161,860;156,000;-0,883;14,100;14,100;20,689;21,847
01.05.2026;03:59:00;240;162,341;156,000;-0,210;14,100;14,100;20,773;21,668
01.05.2026;04:00:00;241;160,897;156,000;0,294;14,100;14,100;8,808;4,325
01.05.2026;04:01:00;242;160,897;156,000;-0,273;14,100;14,100;2,010;0,831
01.05.2026;04:02:00;243;160,416;156,000;0,000;14,100;14,100;0,000;0,000
01.05.2026;04:03:00;244;160,897;156,000;0,000;14,100;14,100;0,000;0,000
01.05.2026;04:04:00;245;161,432;156,000;0,000;14,100;14,100;0,000;0,000
01.05.2026;04:05:00;246;161,325;156,000;0,000;14,100;14,100;0,000;0,000
01.05.2026;04:06:00;247;161,486;156,000;0,000;14,100;14,100;0,000;0,000
01.05.2026;04:07:00;248;161,539;156,000;0,000;14,100;14,100;0,000;0,000
01.05.2026;04:08:00;249;160,897;156,000;0,000;14,100;14,100;0,000;0,000
01.05.2026;04:09:00;250;161,004;156,000;0,000;14,100;14,100;0,000;0,000
01.05.2026;04:10:00;251;160,951;156,000;0,000;14,100;14,100;0,000;0,000
01.05.2026;04:11:00;252;160,684;156,000;0,000;14,100;14,100;0,000;0,000
01.05.2026;04:12:00;253;160,202;156,000;0,000;14,100;14,100;0,000;0,000
01.05.2026;04:13:00;254;160,897;156,000;0,000;14,100;14,100;0,000;0,000
01.05.2026;04:14:00;255;160,951;156,000;0,000;14,100;14,100;0,000;0,000
01.05.2026;04:15:00;256;161,539;156,000;0,000;14,100;14,100;0,000;0,000
01.05.2026;04:16:00;257;161,967;156,000;0,000;14,100;14,100;0,000;0,000
01.05.2026;04:17:00;258;162,127;156,000;0,000;14,100;14,100;0,000;0,000
01.05.2026;04:18:00;259;161,699;156,000;0,000;14,100;14,100;0,000;0,000
01.05.2026;04:19:00;260;161,486;156,000;0,000;14,100;14,100;0,000;0,000
01.05.2026;04:20:00;261;160,790;156,000;0,000;14,100;14,100;0,000;0,000
01.05.2026;04:21:00;262;161,539;156,000;0,000;14,100;14,100;0,000;0,000
01.05.2026;04:22:00;263;160,684;156,000;0,000;14,100;14,100;0,000;0,000
01.05.2026;04:23:00;264;161,004;156,000;0,000;14,100;14,100;0,000;0,000
01.05.2026;04:24:00;265;161,753;156,000;0,000;14,100;14,100;0,000;0,000
01.05.2026;04:25:00;266;160,737;156,000;0,000;14,100;14,100;0,000;0,000
01.05.2026;04:26:00;267;160,790;156,000;0,000;14,100;14,100;0,000;0,000
01.05.2026;04:27:00;268;161,272;156,000;0,000;14,100;14,100;0,000;0,000
01.05.2026;04:28:00;269;161,272;156,000;0,000;14,100;14,100;0,000;0,000
01.05.2026;04:29:00;270;161,272;156,000;0,000;14,100;14,100;0,000;0,000
01.05.2026;04:30:00;271;160,897;156,000;0,000;14,100;14,100;0,000;0,000
01.05.2026;04:31:00;272;160,523;156,000;0,000;14,100;14,100;0,000;0,000
01.05.2026;04:32:00;273;160,790;156,000;0,000;14,100;14,100;0,000;0,000
01.05.2026;04:33:00;274;159,988;156,000;0,000;14,100;14,100;0,000;0,000
01.05.2026;04:34:00;275;159,347;156,000;0,000;14,100;14,100;0,000;0,000
01.05.2026;04:35:00;276;160,523;156,000;0,000;14,100;14,100;0,000;0,000
01.05.2026;04:36:00;277;160,470;156,000;0,000;14,100;14,100;0,000;0,000
01.05.2026;04:37:00;278;159,881;156,000;0,000;14,100;14,100;0,000;0,000
01.05.2026;04:38:00;279;159,079;156,000;0,000;14,100;14,100;0,000;0,000
01.05.2026;04:39:00;280;159,186;156,000;0,000;14,100;14,100;0,000;0,000
01.05.2026;04:40:00;281;159,079;156,000;0,000;14,100;14,100;0,000;0,000
01.05.2026;04:41:00;282;158,652;156,000;0,000;14,100;14,100;0,000;0,000
01.05.2026;04:42:00;283;158,865;156,000;0,000;14,100;14,100;0,000;0,000
01.05.2026;04:43:00;284;158,331;156,000;0,000;14,100;14,100;0,000;0,000
01.05.2026;04:44:00;285;158,865;156,000;0,000;14,100;14,100;0,000;0,000
01.05.2026;04:45:00;286;158,384;156,000;0,000;14,100;14,100;0,000;0,000
01.05.2026;04:46:00;287;157,582;156,000;0,000;14,100;14,100;0,000;0,000
01.05.2026;04:47:00;288;160,470;156,000;0,000;14,100;14,100;0,000;0,000
01.05.2026;04:48:00;289;159,347;156,000;0,000;14,100;14,100;0,000;0,000
01.05.2026;04:49:00;290;159,988;156,000;0,000;14,100;14,100;0,000;0,000
01.05.2026;04:50:00;291;159,828;156,000;0,000;14,100;14,100;0,000;0,000
01.05.2026;04:51:00;292;159,988;156,000;0,000;14,100;14,100;0,000;0,000
01.05.2026;04:52:00;293;159,721;156,000;0,000;14,100;14,100;0,000;0,000
01.05.2026;04:53:00;294;160,737;156,000;0,000;14,100;14,100;0,000;0,000
01.05.2026;04:54:00;295;160,684;156,000;0,000;14,100;14,100;0,000;0,000
01.05.2026;04:55:00;296;160,470;156,000;0,000;14,100;14,100;0,000;0,000
01.05.2026;04:56:00;297;159,935;156,000;0,000;14,100;14,100;0,000;0,000
01.05.2026;04:57:00;298;160,149;156,000;0,000;14,100;14,100;0,000;0,000
01.05.2026;04:58:00;299;159,561;156,000;0,000;14,100;14,100;0,000;0,000
01.05.2026;04:59:00;300;159,721;156,000;0,000;14,100;14,100;0,000;0,000
01.05.2026;05:00:00;301;159,988;156,000;0,000;14,100;14,100;0,000;0,000
01.05.2026;05:01:00;302;159,721;156,000;0,000;14,100;14,100;0,000;0,000
01.05.2026;05:02:00;303;159,668;156,000;0,000;14,100;14,100;0,000;0,000
01.05.2026;05:03:00;304;159,561;156,000;0,000;14,100;14,100;0,000;0,000
01.05.2026;05:04:00;305;159,561;156,000;0,000;14,100;14,100;0,000;0,000
01.05.2026;05:05:00;306;159,828;156,000;0,000;14,100;14,100;0,000;0,000
01.05.2026;05:06:00;307;159,186;156,000;0,000;14,100;14,100;0,000;0,000
01.05.2026;05:07:00;308;159,881;156,000;0,000;14,100;14,100;0,000;0,000
01.05.2026;05:08:00;309;160,684;156,000;0,000;14,100;14,100;0,000;0,000
01.05.2026;05:09:00;310;159,561;156,000;0,000;14,100;14,100;0,000;0,000
01.05.2026;05:10:00;311;159,293;156,000;0,000;14,100;14,100;0,000;0,000
01.05.2026;05:11:00;312;159,079;156,000;0,000;14,100;14,100;0,000;0,000
01.05.2026;05:12:00;313;160,363;156,000;0,000;14,100;14,100;0,000;0,000
01.05.2026;05:13:00;314;159,988;156,000;0,000;14,100;14,100;0,000;0,000
01.05.2026;05:14:00;315;160,470;156,000;0,000;14,100;14,100;0,000;0,000
01.05.2026;05:15:00;316;160,897;156,000;0,000;14,100;14,100;0,000;0,000
01.05.2026;05:16:00;317;160,897;156,000;0,000;14,100;14,100;0,000;0,000
01.05.2026;05:17:00;318;160,737;156,000;0,000;14,100;14,100;0,000;0,000
01.05.2026;05:18:00;319;159,668;156,000;0,000;14,100;14,100;0,000;0,000
01.05.2026;05:19:00;320;159,186;156,000;0,000;14,100;14,100;0,000;0,000
01.05.2026;05:20:00;321;159,347;156,000;0,000;14,100;14,100;0,000;0,000
01.05.2026;05:21:00;322;158,812;156,000;0,000;14,100;14,100;0,000;0,000
01.05.2026;05:22:00;323;158,652;156,000;0,000;14,100;14,100;0,000;0,000
01.05.2026;05:23:00;324;158,117;156,000;0,000;14,100;14,100;0,000;0,000
01.05.2026;05:24:00;325;158,117;156,000;0,000;14,100;14,100;0,000;0,000
01.05.2026;05:25:00;326;157,743;156,000;0,000;14,100;14,100;0,000;0,000
01.05.2026;05:26:00;327;157,529;156,000;0,000;14,100;14,100;0,000;0,000
01.05.2026;05:27:00;328;157,689;156,000;0,000;14,100;14,100;0,000;0,000
01.05.2026;05:28:00;329;157,582;156,000;0,000;14,100;14,100;0,000;0,000
01.05.2026;05:29:00;330;157,956;156,000;0,000;14,100;14,100;0,000;0,000
01.05.2026;05:30:00;331;158,491;156,000;0,000;14,100;14,100;0,000;0,000
01.05.2026;05:31:00;332;158,919;156,000;0,000;14,100;14,100;0,000;0,000
01.05.2026;05:32:00;333;158,598;156,000;0,000;14,100;14,100;0,000;0,000
01.05.2026;05:33:00;334;158,277;156,000;0,000;14,100;14,100;0,000;0,000
01.05.2026;05:34:00;335;159,079;156,000;0,000;14,100;14,100;0,000;0,000
01.05.2026;05:35:00;336;159,454;156,000;0,000;14,100;14,100;0,000;0,000
01.05.2026;05:36:00;337;159,400;156,000;0,000;14,100;14,100;0,000;0,000
01.05.2026;05:37:00;338;158,545;156,000;0,000;14,100;14,100;0,000;0,000
01.05.2026;05:38:00;339;158,224;156,000;0,000;14,100;14,100;0,000;0,000
01.05.2026;05:39:00;340;158,117;156,000;0,000;14,100;14,100;0,000;0,000
01.05.2026;05:40:00;341;158,224;156,000;0,000;14,100;14,100;0,000;0,000
01.05.2026;05:41:00;342;159,186;156,000;0,000;14,100;14,100;0,000;0,000
01.05.2026;05:42:00;343;159,668;156,000;0,000;14,100;14,100;0,000;0,000
01.05.2026;05:43:00;344;159,293;156,000;0,000;14,100;14,100;0,000;0,000
01.05.2026;05:44:00;345;159,561;156,000;0,000;14,100;14,100;0,000;0,000
01.05.2026;05:45:00;346;160,095;156,000;0,000;14,100;14,100;0,000;0,000
01.05.2026;05:46:00;347;159,561;156,000;0,000;14,100;14,100;0,000;0,000
01.05.2026;05:47:00;348;159,614;156,000;0,000;14,100;14,100;0,000;0,000
01.05.2026;05:48:00;349;159,935;156,000;0,000;14,100;14,100;0,000;0,000
01.05.2026;05:49:00;350;160,095;156,000;0,000;14,100;14,100;0,000;0,000
01.05.2026;05:50:00;351;160,416;156,000;0,000;14,100;14,100;0,000;0,000
01.05.2026;05:51:00;352;160,684;156,000;0,000;14,100;14,100;0,000;0,000
01.05.2026;05:52:00;353;160,256;156,000;0,000;14,100;14,100;0,000;0,000
01.05.2026;05:53:00;354;160,684;156,000;0,000;14,100;14,100;0,000;0,000
01.05.2026;05:54:00;355;160,897;156,000;0,000;14,100;14,100;0,000;0,000
01.05.2026;05:55:00;356;160,470;156,000;0,000;14,100;14,100;0,000;0,000
01.05.2026;05:56:00;357;160,737;156,000;0,000;14,100;14,100;0,000;0,000
01.05.2026;05:57:00;358;160,737;156,000;0,000;14,100;14,100;0,000;0,000
01.05.2026;05:58:00;359;161,004;156,000;0,000;14,100;14,100;0,000;0,000
01.05.2026;05:59:00;360;160,416;156,000;0,000;14,100;14,100;0,000;0,000
01.05.2026;06:00:00;361;160,416;157,000;0,000;14,100;14,100;0,000;0,000
01.05.2026;06:01:00;362;160,897;157,000;0,000;14,100;14,100;0,000;0,000
01.05.2026;06:02:00;363;160,363;157,000;0,000;14,100;14,100;0,000;0,000
01.05.2026;06:03:00;364;160,416;157,000;0,000;14,100;14,100;0,000;0,000
01.05.2026;06:04:00;365;160,095;157,000;0,000;14,100;14,100;0,000;0,000
01.05.2026;06:05:00;366;160,470;157,000;0,000;14,100;14,100;0,000;0,000
01.05.2026;06:06:00;367;160,790;157,000;0,000;14,100;14,100;0,000;0,000
01.05.2026;06:07:00;368;161,058;157,000;0,000;14,100;14,100;0,000;0,000
01.05.2026;06:08:00;369;161,218;157,000;0,000;14,100;14,100;0,000;0,000
01.05.2026;06:09:00;370;160,737;157,000;0,000;14,100;14,100;0,000;0,000
01.05.2026;06:10:00;371;161,165;157,000;0,000;14,100;14,100;0,000;0,000
01.05.2026;06:11:00;372;161,058;157,000;0,000;14,100;14,100;0,000;0,000
01.05.2026;06:12:00;373;160,737;157,000;0,000;14,100;14,100;0,000;0,000
01.05.2026;06:13:00;374;160,897;157,000;0,000;14,100;14,100;0,000;0,000
01.05.2026;06:14:00;375;160,684;157,000;0,000;14,100;14,100;0,000;0,000
01.05.2026;06:15:00;376;161,218;157,000;0,000;14,100;14,100;0,000;0,000
01.05.2026;06:16:00;377;161,165;157,000;0,000;14,100;14,100;0,000;0,000
01.05.2026;06:17:00;378;161,004;157,000;0,000;14,100;14,100;0,000;0,000
01.05.2026;06:18:00;379;161,218;157,000;0,000;14,100;14,100;0,000;0,000
01.05.2026;06:19:00;380;161,699;157,000;0,000;14,100;14,100;0,000;0,000
01.05.2026;06:20:00;381;161,432;157,000;0,000;14,100;14,100;0,000;0,000
01.05.2026;06:21:00;382;161,967;157,000;0,000;14,100;14,100;0,000;0,000
01.05.2026;06:22:00;383;162,555;157,000;0,000;14,100;14,100;0,000;0,000
01.05.2026;06:23:00;384;162,929;157,000;0,000;14,100;14,100;0,000;0,000
01.05.2026;06:24:00;385;162,234;157,000;0,000;14,100;14,100;0,000;0,000
01.05.2026;06:25:00;386;162,074;157,000;0,000;14,100;14,100;0,000;0,000
01.05.2026;06:26:00;387;161,806;157,000;0,000;14,100;14,100;0,000;0,000
01.05.2026;06:27:00;388;162,341;157,000;0,000;14,100;14,100;0,000;0,000
01.05.2026;06:28:00;389;162,234;157,000;0,000;14,100;14,100;0,000;0,000
01.05.2026;06:29:00;390;162,341;157,000;0,000;14,100;14,100;0,000;0,000
01.05.2026;06:30:00;391;161,486;157,000;0,000;14,100;14,100;0,000;0,000
01.05.2026;06:31:00;392;161,004;157,000;0,000;14,100;14,100;0,000;0,000
01.05.2026;06:32:00;393;161,218;157,000;0,000;14,100;14,100;0,000;0,000
01.05.2026;06:33:00;394;161,699;157,000;0,000;14,100;14,100;0,000;0,000
01.05.2026;06:34:00;395;161,967;157,000;0,000;14,100;14,100;0,000;0,000
01.05.2026;06:35:00;396;161,806;157,000;0,000;14,100;14,100;0,000;0,000
01.05.2026;06:36:00;397;161,272;157,000;0,000;14,100;14,100;0,000;0,000
01.05.2026;06:37:00;398;161,539;157,000;0,000;14,100;14,100;0,000;0,000
01.05.2026;06:38:00;399;161,699;157,000;0,000;14,100;14,100;0,000;0,000
01.05.2026;06:39:00;400;162,074;157,000;0,000;14,100;14,100;0,000;0,000
01.05.2026;06:40:00;401;162,234;157,000;0,000;14,100;14,100;0,000;0,000
01.05.2026;06:41:00;402;161,967;157,000;0,000;14,100;14,100;0,000;0,000
01.05.2026;06:42:00;403;162,074;157,000;0,000;14,100;14,100;0,000;0,000
01.05.2026;06:43:00;404;162,341;157,000;0,000;14,100;14,100;0,000;0,000
01.05.2026;06:44:00;405;161,593;157,000;0,000;14,100;14,100;0,000;0,000
01.05.2026;06:45:00;406;162,127;157,000;0,000;14,100;14,100;0,000;0,000
01.05.2026;06:46:00;407;163,036;157,000;0,000;14,100;14,100;0,000;0,000
01.05.2026;06:47:00;408;163,304;157,000;0,000;14,100;14,100;0,000;0,000
01.05.2026;06:48:00;409;163,625;157,000;0,000;14,100;14,100;0,000;0,000
01.05.2026;06:49:00;410;162,876;157,000;0,000;14,100;14,100;0,000;0,000
01.05.2026;06:50:00;411;162,876;157,000;0,000;14,100;14,100;0,000;0,000
01.05.2026;06:51:00;412;163,571;157,000;0,000;14,100;14,100;0,000;0,000
01.05.2026;06:52:00;413;163,945;157,000;0,000;14,100;14,100;0,000;0,000
01.05.2026;06:53:00;414;163,945;157,000;0,000;14,100;14,100;0,000;0,000
01.05.2026;06:54:00;415;163,090;157,000;0,000;14,100;14,100;0,000;0,000
01.05.2026;06:55:00;416;163,411;157,000;0,000;14,100;14,100;0,000;0,000
01.05.2026;06:56:00;417;163,625;157,000;0,000;14,100;14,100;0,000;0,000
01.05.2026;06:57:00;418;163,731;157,000;0,000;14,100;14,100;0,000;0,000
01.05.2026;06:58:00;419;163,838;157,000;0,000;14,100;14,100;0,000;0,000
01.05.2026;06:59:00;420;163,357;157,000;0,000;14,100;14,100;0,000;0,000
01.05.2026;07:00:00;421;165,068;158,000;0,000;14,100;14,100;0,000;0,000
01.05.2026;07:01:00;422;165,603;158,000;0,000;14,100;14,100;0,000;0,000
01.05.2026;07:02:00;423;163,838;158,000;0,000;14,100;14,100;0,000;0,000
01.05.2026;07:03:00;424;163,571;158,000;0,000;14,100;14,100;0,000;0,000
01.05.2026;07:04:00;425;162,769;158,000;0,000;14,100;14,100;0,000;0,000
01.05.2026;07:05:00;426;163,999;158,000;0,000;14,100;14,100;0,000;0,000
01.05.2026;07:06:00;427;162,662;158,000;0,000;14,100;14,100;0,000;0,000
01.05.2026;07:07:00;428;162,555;158,000;0,000;14,100;14,100;0,000;0,000
01.05.2026;07:08:00;429;163,304;158,000;0,000;14,100;14,100;0,000;0,000
01.05.2026;07:09:00;430;163,304;158,000;0,000;14,100;14,100;0,000;0,000
01.05.2026;07:10:00;431;163,838;158,000;0,000;14,100;14,100;0,000;0,000
01.05.2026;07:11:00;432;163,999;158,000;0,000;14,100;14,100;0,000;0,000
01.05.2026;07:12:00;433;163,892;158,000;0,000;14,100;14,100;0,000;0,000
01.05.2026;07:13:00;434;164,159;158,000;0,000;14,100;14,100;0,000;0,000
01.05.2026;07:14:00;435;164,373;158,000;0,000;14,100;14,100;0,000;0,000
01.05.2026;07:15:00;436;164,480;158,000;0,000;14,100;14,100;0,000;0,000
01.05.2026;07:16:00;437;163,731;158,000;0,000;14,100;14,100;0,000;0,000
01.05.2026;07:17:00;438;163,625;158,000;0,000;14,100;14,100;0,000;0,000
01.05.2026;07:18:00;439;163,838;158,000;0,000;14,100;14,100;0,000;0,000
01.05.2026;07:19:00;440;164,106;158,000;0,000;14,100;14,100;0,000;0,000
01.05.2026;07:20:00;441;164,159;158,000;0,000;14,100;14,100;0,000;0,000
01.05.2026;07:21:00;442;164,159;158,000;0,000;14,100;14,100;0,000;0,000
01.05.2026;07:22:00;443;164,159;158,000;0,000;14,100;14,100;0,000;0,000
01.05.2026;07:23:00;444;163,731;158,000;0,000;14,100;14,100;0,000;0,000
01.05.2026;07:24:00;445;164,640;158,000;0,000;14,100;14,100;0,000;0,000
01.05.2026;07:25:00;446;164,106;158,000;0,000;14,100;14,100;0,000;0,000
01.05.2026;07:26:00;447;164,213;158,000;0,000;14,100;14,100;0,000;0,000
01.05.2026;07:27:00;448;164,266;158,000;0,000;14,100;14,100;0,000;0,000
01.05.2026;07:28:00;449;164,427;158,000;0,000;14,100;14,100;0,000;0,000
01.05.2026;07:29:00;450;164,961;158,000;0,000;14,100;14,100;0,000;0,000
01.05.2026;07:30:00;451;164,961;158,000;0,000;14,100;14,100;0,000;0,000
01.05.2026;07:31:00;452;164,266;158,000;0,000;14,100;14,100;0,000;0,000
01.05.2026;07:32:00;453;163,999;158,000;0,000;14,100;14,100;0,000;0,000
01.05.2026;07:33:00;454;164,373;158,000;0,000;14,100;14,100;0,000;0,000
01.05.2026;07:34:00;455;164,801;158,000;0,000;14,100;14,100;0,000;0,000
01.05.2026;07:35:00;456;165,015;158,000;0,000;14,100;14,100;0,000;0,000
01.05.2026;07:36:00;457;165,068;158,000;0,000;14,100;14,100;0,000;0,000
01.05.2026;07:37:00;458;164,640;158,000;0,000;14,100;14,100;0,000;0,000
01.05.2026;07:38:00;459;165,015;158,000;0,000;14,100;14,100;0,000;0,000
01.05.2026;07:39:00;460;165,710;158,000;0,000;14,100;14,100;0,000;0,000
01.05.2026;07:40:00;461;166,138;158,000;0,000;14,100;14,100;0,000;0,000
01.05.2026;07:41:00;462;165,817;158,000;0,000;14,100;14,100;0,000;0,000
01.05.2026;07:42:00;463;164,961;158,000;0,000;14,100;14,100;0,000;0,000
01.05.2026;07:43:00;464;165,229;158,000;0,000;14,100;14,100;0,000;0,000
01.05.2026;07:44:00;465;164,801;158,000;0,000;14,100;14,100;0,000;0,000
01.05.2026;07:45:00;466;164,694;158,000;0,000;14,100;14,100;0,000;0,000
01.05.2026;07:46:00;467;164,961;158,000;0,000;14,100;14,100;0,000;0,000
01.05.2026;07:47:00;468;165,015;158,000;0,000;14,100;14,100;0,000;0,000
01.05.2026;07:48:00;469;164,373;158,000;0,000;14,100;14,100;0,000;0,000
01.05.2026;07:49:00;470;164,908;158,000;0,000;14,100;14,100;0,000;0,000
01.05.2026;07:50:00;471;164,106;158,000;0,000;14,100;14,100;0,000;0,000
01.05.2026;07:51:00;472;164,213;158,000;0,000;14,100;14,100;0,000;0,000
01.05.2026;07:52:00;473;164,747;158,000;0,000;14,100;14,100;0,000;0,000
01.05.2026;07:53:00;474;164,534;158,000;0,000;14,100;14,100;0,000;0,000
01.05.2026;07:54:00;475;163,999;158,000;0,000;14,100;14,100;0,000;0,000
01.05.2026;07:55:00;476;164,747;158,000;0,000;14,100;14,100;0,000;0,000
01.05.2026;07:56:00;477;164,694;158,000;0,000;14,100;14,100;0,000;0,000
01.05.2026;07:57:00;478;164,534;158,000;0,000;14,100;14,100;0,000;0,000
01.05.2026;07:58:00;479;163,464;158,000;0,000;14,100;14,100;0,000;0,000
01.05.2026;07:59:00;480;163,357;158,000;0,000;14,100;14,100;0,000;0,000
01.05.2026;08:00:00;481;164,961;158,000;0,000;14,100;14,100;0,000;0,000
01.05.2026;08:01:00;482;164,747;158,000;0,000;14,100;14,100;0,000;0,000
01.05.2026;08:02:00;483;164,106;158,000;0,000;14,100;14,100;0,000;0,000
01.05.2026;08:03:00;484;163,571;158,000;0,000;14,100;14,100;0,000;0,000
01.05.2026;08:04:00;485;163,197;158,000;0,000;14,100;14,100;0,000;0,000
01.05.2026;08:05:00;486;164,213;158,000;0,000;14,100;14,100;0,000;0,000
01.05.2026;08:06:00;487;163,999;158,000;0,000;14,100;14,100;0,000;0,000
01.05.2026;08:07:00;488;164,106;158,000;0,000;14,100;14,100;0,000;0,000
01.05.2026;08:08:00;489;163,892;158,000;0,000;14,100;14,100;0,000;0,000
01.05.2026;08:09:00;490;163,999;158,000;0,000;14,100;14,100;0,000;0,000
01.05.2026;08:10:00;491;163,678;158,000;0,000;14,100;14,100;0,000;0,000
01.05.2026;08:11:00;492;163,625;158,000;0,000;14,100;14,100;0,000;0,000
01.05.2026;08:12:00;493;163,625;158,000;0,000;14,100;14,100;0,000;0,000
01.05.2026;08:13:00;494;163,090;158,000;0,000;14,100;14,100;0,000;0,000
01.05.2026;08:14:00;495;162,769;158,000;0,000;14,100;14,100;0,000;0,000
01.05.2026;08:15:00;496;163,036;158,000;0,000;14,100;14,100;0,000;0,000
01.05.2026;08:16:00;497;162,822;158,000;0,000;14,100;14,100;0,000;0,000
01.05.2026;08:17:00;498;162,555;158,000;0,000;14,100;14,100;0,000;0,000
01.05.2026;08:18:00;499;162,074;158,000;0,000;14,100;14,100;0,000;0,000
01.05.2026;08:19:00;500;162,609;158,000;0,000;14,100;14,100;0,000;0,000
01.05.2026;08:20:00;501;162,502;158,000;0,000;14,100;14,100;0,000;0,000
01.05.2026;08:21:00;502;162,929;158,000;0,000;14,100;14,100;0,000;0,000
01.05.2026;08:22:00;503;163,090;158,000;0,000;14,100;14,100;0,000;0,000
01.05.2026;08:23:00;504;162,555;158,000;0,000;14,100;14,100;0,000;0,000
01.05.2026;08:24:00;505;162,502;158,000;0,000;14,100;14,100;0,000;0,000
01.05.2026;08:25:00;506;163,036;158,000;0,000;14,100;14,100;0,000;0,000
01.05.2026;08:26:00;507;162,929;158,000;0,000;14,100;14,100;0,000;0,000
01.05.2026;08:27:00;508;162,769;158,000;0,000;14,100;14,100;0,000;0,000
01.05.2026;08:28:00;509;162,609;158,000;0,000;14,100;14,100;0,000;0,000
01.05.2026;08:29:00;510;162,234;158,000;0,000;14,100;14,100;0,000;0,000
01.05.2026;08:30:00;511;161,272;158,000;0,000;14,100;14,100;0,000;0,000
01.05.2026;08:31:00;512;161,753;158,000;0,000;14,100;14,100;0,000;0,000
01.05.2026;08:32:00;513;161,486;158,000;0,000;14,100;14,100;0,000;0,000
01.05.2026;08:33:00;514;161,325;158,000;0,000;14,100;14,100;0,000;0,000
01.05.2026;08:34:00;515;161,325;158,000;0,000;14,100;14,100;0,000;0,000
01.05.2026;08:35:00;516;161,806;158,000;0,000;14,100;14,100;0,000;0,000
01.05.2026;08:36:00;517;161,699;158,000;0,000;14,100;14,100;0,000;0,000
01.05.2026;08:37:00;518;161,753;158,000;0,000;14,100;14,100;0,000;0,000
01.05.2026;08:38:00;519;162,074;158,000;0,000;14,100;14,100;0,000;0,000
01.05.2026;08:39:00;520;161,967;158,000;0,000;14,100;14,100;0,000;0,000
01.05.2026;08:40:00;521;161,699;158,000;0,000;14,100;14,100;0,000;0,000
01.05.2026;08:41:00;522;162,074;158,000;0,000;14,100;14,100;0,000;0,000
01.05.2026;08:42:00;523;161,539;158,000;0,000;14,100;14,100;0,000;0,000
01.05.2026;08:43:00;524;161,539;158,000;0,000;14,100;14,100;0,000;0,000
01.05.2026;08:44:00;525;161,004;158,000;0,000;14,100;14,100;0,000;0,000
01.05.2026;08:45:00;526;161,539;158,000;0,000;14,100;14,100;0,000;0,000
01.05.2026;08:46:00;527;160,684;158,000;0,000;14,100;14,100;0,000;0,000
01.05.2026;08:47:00;528;160,684;158,000;0,000;14,100;14,100;0,000;0,000
01.05.2026;08:48:00;529;160,363;158,000;0,000;14,100;14,100;0,000;0,000
01.05.2026;08:49:00;530;161,004;158,000;0,000;14,100;14,100;0,000;0,000
01.05.2026;08:50:00;531;160,951;158,000;0,000;14,100;14,100;0,000;0,000
01.05.2026;08:51:00;532;161,165;158,000;0,000;14,100;14,100;0,000;0,000
01.05.2026;08:52:00;533;161,272;158,000;0,000;14,100;14,100;0,000;0,000
01.05.2026;08:53:00;534;161,165;158,000;0,000;14,100;14,100;0,000;0,000
01.05.2026;08:54:00;535;160,951;158,000;0,000;14,100;14,100;0,000;0,000
01.05.2026;08:55:00;536;161,165;158,000;0,000;14,100;14,100;0,000;0,000
01.05.2026;08:56:00;537;161,432;158,000;0,000;14,100;14,100;0,000;0,000
01.05.2026;08:57:00;538;161,539;158,000;0,000;14,100;14,100;0,000;0,000
01.05.2026;08:58:00;539;161,486;158,000;0,000;14,100;14,100;0,000;0,000
01.05.2026;08:59:00;540;161,165;158,000;0,000;14,100;14,100;0,000;0,000
01.05.2026;09:00:00;541;161,004;158,000;0,000;14,100;14,100;0,000;0,000
01.05.2026;09:01:00;542;161,218;158,000;0,000;14,100;14,100;0,000;0,000
01.05.2026;09:02:00;543;162,020;158,000;0,000;14,100;14,100;0,000;0,000
01.05.2026;09:03:00;544;161,593;158,000;0,000;14,100;14,100;0,000;0,000
01.05.2026;09:04:00;545;161,806;158,000;0,000;14,100;14,100;0,000;0,000
01.05.2026;09:05:00;546;161,165;158,000;0,000;14,100;14,100;0,000;0,000
01.05.2026;09:06:00;547;161,753;158,000;0,000;14,100;14,100;0,000;0,000
01.05.2026;09:07:00;548;161,218;158,000;0,000;14,100;14,100;0,000;0,000
01.05.2026;09:08:00;549;161,593;158,000;0,000;14,100;14,100;0,000;0,000
01.05.2026;09:09:00;550;161,058;158,000;0,000;14,100;14,100;0,000;0,000
01.05.2026;09:10:00;551;160,951;158,000;0,000;14,100;14,100;0,000;0,000
01.05.2026;09:11:00;552;161,165;158,000;0,000;14,100;14,100;0,000;0,000
01.05.2026;09:12:00;553;161,699;158,000;0,000;14,100;14,100;0,000;0,000
01.05.2026;09:13:00;554;161,539;158,000;0,000;14,100;14,100;0,000;0,000
01.05.2026;09:14:00;555;161,165;158,000;0,000;14,100;14,100;0,000;0,000
01.05.2026;09:15:00;556;161,432;158,000;0,000;14,100;14,100;0,000;0,000
01.05.2026;09:16:00;557;161,432;158,000;0,000;14,100;14,100;0,000;0,000
01.05.2026;09:17:00;558;161,593;158,000;0,000;14,100;14,100;0,000;0,000
01.05.2026;09:18:00;559;161,753;158,000;0,000;14,100;14,100;0,000;0,000
01.05.2026;09:19:00;560;160,951;158,000;0,000;14,100;14,100;0,000;0,000
01.05.2026;09:20:00;561;160,630;158,000;0,000;14,100;14,100;0,000;0,000
01.05.2026;09:21:00;562;161,218;158,000;0,000;14,100;14,100;0,000;0,000
01.05.2026;09:22:00;563;161,218;158,000;0,000;14,100;14,100;0,000;0,000
01.05.2026;09:23:00;564;161,218;158,000;0,000;14,100;14,100;0,000;0,000
01.05.2026;09:24:00;565;161,218;158,000;0,000;14,100;14,100;0,000;0,000
01.05.2026;09:25:00;566;161,218;158,000;0,000;14,100;14,100;0,000;0,000
01.05.2026;09:26:00;567;161,058;158,000;0,000;14,100;14,100;0,000;0,000
01.05.2026;09:27:00;568;160,684;158,000;0,000;14,100;14,100;0,000;0,000
01.05.2026;09:28:00;569;160,523;158,000;0,000;14,100;14,100;0,000;0,000
01.05.2026;09:29:00;570;160,095;158,000;0,000;14,100;14,100;0,000;0,000
01.05.2026;09:30:00;571;160,256;158,000;0,000;14,100;14,100;0,000;0,000
01.05.2026;09:31:00;572;159,828;158,000;0,000;14,100;14,100;0,000;0,000
01.05.2026;09:32:00;573;160,523;158,000;0,000;14,100;14,100;0,000;0,000
01.05.2026;09:33:00;574;159,721;158,000;0,000;14,100;14,100;0,000;0,000
01.05.2026;09:34:00;575;160,363;158,000;0,000;14,100;14,100;0,000;0,000
01.05.2026;09:35:00;576;159,988;158,000;0,000;14,100;14,100;0,000;0,000
01.05.2026;09:36:00;577;160,630;158,000;0,000;14,100;14,100;0,000;0,000
01.05.2026;09:37:00;578;160,630;158,000;0,000;14,100;14,100;0,000;0,000
01.05.2026;09:38:00;579;160,737;158,000;0,000;14,100;14,100;0,000;0,000
01.05.2026;09:39:00;580;160,630;158,000;0,000;14,100;14,100;0,000;0,000
01.05.2026;09:40:00;581;160,256;158,000;0,000;14,100;14,100;0,000;0,000
01.05.2026;09:41:00;582;159,668;158,000;0,000;14,100;14,100;0,000;0,000
01.05.2026;09:42:00;583;159,614;158,000;0,000;14,100;14,100;0,000;0,000
01.05.2026;09:43:00;584;159,721;158,000;0,000;14,100;14,100;0,000;0,000
01.05.2026;09:44:00;585;159,935;158,000;0,000;14,100;14,100;0,000;0,000
01.05.2026;09:45:00;586;159,721;158,000;0,000;14,100;14,100;0,000;0,000
01.05.2026;09:46:00;587;159,400;158,000;0,000;14,100;14,100;0,000;0,000
01.05.2026;09:47:00;588;159,668;158,000;0,000;14,100;14,100;0,000;0,000
01.05.2026;09:48:00;589;159,668;158,000;0,000;14,100;14,100;0,000;0,000
01.05.2026;09:49:00;590;158,919;158,000;0,000;14,100;14,100;0,000;0,000
01.05.2026;09:50:00;591;159,026;158,000;0,000;14,100;14,100;0,000;0,000
01.05.2026;09:51:00;592;159,347;158,000;0,000;14,100;14,100;0,000;0,000
01.05.2026;09:52:00;593;159,454;158,000;0,000;14,100;14,100;0,000;0,000
01.05.2026;09:53:00;594;159,721;158,000;0,000;14,100;14,100;0,000;0,000
01.05.2026;09:54:00;595;159,881;158,000;0,000;14,100;14,100;0,000;0,000
01.05.2026;09:55:00;596;159,881;158,000;0,000;14,100;14,100;0,000;0,000
01.05.2026;09:56:00;597;159,935;158,000;0,000;14,100;14,100;0,000;0,000
01.05.2026;09:57:00;598;160,363;158,000;0,000;14,100;14,100;0,000;0,000
01.05.2026;09:58:00;599;160,363;158,000;0,000;14,100;14,100;0,000;0,000
01.05.2026;09:59:00;600;160,630;158,000;0,000;14,100;14,100;0,000;0,000
01.05.2026;10:00:00;601;159,881;158,000;0,000;14,100;14,100;0,000;0,000
01.05.2026;10:01:00;602;159,721;158,000;0,000;14,100;14,100;0,000;0,000
01.05.2026;10:02:00;603;159,881;158,000;0,000;14,100;14,100;0,000;0,000
01.05.2026;10:03:00;604;160,416;158,000;0,000;14,100;14,100;0,000;0,000
01.05.2026;10:04:00;605;159,935;158,000;0,000;14,100;14,100;0,000;0,000
01.05.2026;10:05:00;606;160,790;158,000;0,000;14,100;14,100;0,000;0,000
01.05.2026;10:06:00;607;161,593;158,000;0,000;14,100;14,100;0,000;0,000
01.05.2026;10:07:00;608;161,432;158,000;0,000;14,100;14,100;0,000;0,000
01.05.2026;10:08:00;609;161,539;158,000;0,000;14,100;14,100;0,000;0,000
01.05.2026;10:09:00;610;161,004;158,000;0,000;14,100;14,100;0,000;0,000
01.05.2026;10:10:00;611;160,737;158,000;0,000;14,100;14,100;0,000;0,000
01.05.2026;10:11:00;612;160,737;158,000;0,000;14,100;14,100;0,000;0,000
01.05.2026;10:12:00;613;161,272;158,000;0,000;14,100;14,100;0,000;0,000
01.05.2026;10:13:00;614;160,363;158,000;0,000;14,100;14,100;0,000;0,000
01.05.2026;10:14:00;615;159,721;158,000;0,000;14,100;14,100;0,000;0,000
01.05.2026;10:15:00;616;159,614;158,000;0,000;14,100;14,100;0,000;0,000
01.05.2026;10:16:00;617;159,828;158,000;0,000;14,100;14,100;0,000;0,000
01.05.2026;10:17:00;618;159,988;158,000;0,000;14,100;14,100;0,000;0,000
01.05.2026;10:18:00;619;160,363;158,000;0,000;14,100;14,100;0,000;0,000
01.05.2026;10:19:00;620;159,347;158,000;0,000;14,100;14,100;0,000;0,000
01.05.2026;10:20:00;621;159,347;158,000;0,000;14,100;14,100;0,000;0,000
01.05.2026;10:21:00;622;158,652;158,000;0,000;14,100;14,100;0,000;0,000
01.05.2026;10:22:00;623;159,079;158,000;0,000;14,100;14,100;0,000;0,000
01.05.2026;10:23:00;624;160,256;158,000;0,000;14,100;14,100;0,000;0,000
01.05.2026;10:24:00;625;160,256;158,000;0,000;14,100;14,100;0,000;0,000
01.05.2026;10:25:00;626;159,079;158,000;0,000;14,100;14,100;0,000;0,000
01.05.2026;10:26:00;627;158,865;158,000;0,000;14,100;14,100;0,000;0,000
01.05.2026;10:27:00;628;158,652;158,000;0,000;14,100;14,100;0,000;0,000
01.05.2026;10:28:00;629;159,347;158,000;0,000;14,100;14,100;0,000;0,000
01.05.2026;10:29:00;630;158,812;158,000;0,000;14,100;14,100;0,000;0,000
01.05.2026;10:30:00;631;159,828;158,000;0,000;14,100;14,100;0,000;0,000
01.05.2026;10:31:00;632;158,919;158,000;0,000;14,100;14,100;0,000;0,000
01.05.2026;10:32:00;633;159,561;158,000;0,000;14,100;14,100;0,000;0,000
01.05.2026;10:33:00;634;160,149;158,000;0,000;14,100;14,100;0,000;0,000
01.05.2026;10:34:00;635;160,202;158,000;0,000;14,100;14,100;0,000;0,000
01.05.2026;10:35:00;636;160,790;158,000;0,000;14,100;14,100;0,000;0,000
01.05.2026;10:36:00;637;161,058;158,000;0,000;14,100;14,100;0,000;0,000
01.05.2026;10:37:00;638;160,737;158,000;0,000;14,100;14,100;0,000;0,000
01.05.2026;10:38:00;639;161,058;158,000;0,000;14,100;14,100;0,000;0,000
01.05.2026;10:39:00;640;160,202;158,000;0,000;14,100;14,100;0,000;0,000
01.05.2026;10:40:00;641;160,523;158,000;0,000;14,100;14,100;0,000;0,000
01.05.2026;10:41:00;642;161,058;158,000;0,000;14,100;14,100;0,000;0,000
01.05.2026;10:42:00;643;160,523;158,000;0,000;14,100;14,100;0,000;0,000
01.05.2026;10:43:00;644;161,004;158,000;0,000;14,100;14,100;0,000;0,000
01.05.2026;10:44:00;645;159,935;158,000;0,000;14,100;14,100;0,000;0,000
01.05.2026;10:45:00;646;160,363;158,000;0,000;14,100;14,100;0,000;0,000
01.05.2026;10:46:00;647;160,256;158,000;0,000;14,100;14,100;0,000;0,000
01.05.2026;10:47:00;648;159,881;158,000;0,000;14,100;14,100;0,000;0,000
01.05.2026;10:48:00;649;160,897;158,000;0,000;14,100;14,100;0,000;0,000
01.05.2026;10:49:00;650;160,630;158,000;0,000;14,100;14,100;0,000;0,000
01.05.2026;10:50:00;651;159,668;158,000;0,000;14,100;14,100;0,000;0,000
01.05.2026;10:51:00;652;159,614;158,000;0,000;14,100;14,100;0,000;0,000
01.05.2026;10:52:00;653;160,684;158,000;0,000;14,100;14,100;0,000;0,000
01.05.2026;10:53:00;654;160,416;158,000;0,000;14,100;14,100;0,000;0,000
01.05.2026;10:54:00;655;160,523;158,000;0,000;14,100;14,100;0,000;0,000
01.05.2026;10:55:00;656;160,684;158,000;0,000;14,100;14,100;0,000;0,000
01.05.2026;10:56:00;657;160,737;158,000;0,000;14,100;14,100;0,000;0,000
01.05.2026;10:57:00;658;160,951;158,000;0,000;14,100;14,100;0,000;0,000
01.05.2026;10:58:00;659;160,363;158,000;0,000;14,100;14,100;0,000;0,000
01.05.2026;10:59:00;660;160,202;158,000;0,000;14,100;14,100;0,000;0,000
01.05.2026;11:00:00;661;159,668;158,000;0,000;14,100;14,100;0,000;0,000
01.05.2026;11:01:00;662;159,400;158,000;0,000;14,100;14,100;0,000;0,000
01.05.2026;11:02:00;663;159,614;158,000;0,000;14,100;14,100;0,000;0,000
01.05.2026;11:03:00;664;160,470;158,000;0,000;14,100;14,100;0,000;0,000
01.05.2026;11:04:00;665;160,095;158,000;0,000;14,100;14,100;0,000;0,000
01.05.2026;11:05:00;666;159,454;158,000;0,000;14,100;14,100;0,000;0,000
01.05.2026;11:06:00;667;159,614;158,000;0,000;14,100;14,100;0,000;0,000
01.05.2026;11:07:00;668;159,400;158,000;0,000;14,100;14,100;0,000;0,000
01.05.2026;11:08:00;669;160,416;158,000;0,000;14,100;14,100;0,000;0,000
01.05.2026;11:09:00;670;159,881;158,000;0,000;14,100;14,100;0,000;0,000
01.05.2026;11:10:00;671;160,202;158,000;0,000;14,100;14,100;0,000;0,000
01.05.2026;11:11:00;672;159,454;158,000;0,000;14,100;14,100;0,000;0,000
01.05.2026;11:12:00;673;160,897;158,000;0,000;14,100;14,100;0,000;0,000
01.05.2026;11:13:00;674;160,416;158,000;0,000;14,100;14,100;0,000;0,000
01.05.2026;11:14:00;675;160,363;158,000;0,000;14,100;14,100;0,000;0,000
01.05.2026;11:15:00;676;158,919;158,000;0,000;14,100;14,100;0,000;0,000
01.05.2026;11:16:00;677;159,079;158,000;0,000;14,100;14,100;0,000;0,000
01.05.2026;11:17:00;678;158,545;158,000;0,000;14,100;14,100;0,000;0,000
01.05.2026;11:18:00;679;158,759;158,000;0,000;14,100;14,100;0,000;0,000
01.05.2026;11:19:00;680;159,079;158,000;0,000;14,100;14,100;0,000;0,000
01.05.2026;11:20:00;681;159,935;158,000;0,000;14,100;14,100;0,000;0,000
01.05.2026;11:21:00;682;159,721;158,000;0,000;14,100;14,100;0,000;0,000
01.05.2026;11:22:00;683;159,400;158,000;0,000;14,100;14,100;0,000;0,000
01.05.2026;11:23:00;684;160,630;158,000;0,000;14,100;14,100;0,000;0,000
01.05.2026;11:24:00;685;159,988;158,000;0,000;14,100;14,100;0,000;0,000
01.05.2026;11:25:00;686;159,828;158,000;0,000;14,100;14,100;0,000;0,000
01.05.2026;11:26:00;687;160,202;158,000;0,000;14,100;14,100;0,000;0,000
01.05.2026;11:27:00;688;160,202;158,000;0,000;14,100;14,100;0,000;0,000
01.05.2026;11:28:00;689;159,347;158,000;0,000;14,100;14,100;0,000;0,000
01.05.2026;11:29:00;690;160,416;158,000;0,000;14,100;14,100;0,000;0,000
01.05.2026;11:30:00;691;159,828;158,000;0,000;14,100;14,100;0,000;0,000
01.05.2026;11:31:00;692;158,759;158,000;0,000;14,100;14,100;0,000;0,000
01.05.2026;11:32:00;693;157,743;158,000;0,000;14,100;14,100;0,000;0,000
01.05.2026;11:33:00;694;159,133;158,000;0,000;14,100;14,100;0,000;0,000
01.05.2026;11:34:00;695;159,293;158,000;0,000;14,100;14,100;0,000;0,000
01.05.2026;11:35:00;696;158,919;158,000;0,000;14,100;14,100;0,000;0,000
01.05.2026;11:36:00;697;160,095;158,000;0,000;14,100;14,100;0,000;0,000
01.05.2026;11:37:00;698;160,363;158,000;0,000;14,100;14,100;0,000;0,000
01.05.2026;11:38:00;699;159,133;158,000;0,000;14,100;14,100;0,000;0,000
01.05.2026;11:39:00;700;159,614;158,000;0,000;14,100;14,100;0,000;0,000
01.05.2026;11:40:00;701;159,561;158,000;0,000;14,100;14,100;0,000;0,000
01.05.2026;11:41:00;702;159,721;158,000;0,000;14,100;14,100;0,000;0,000
01.05.2026;11:42:00;703;160,202;158,000;0,000;14,100;14,100;0,000;0,000
01.05.2026;11:43:00;704;159,721;158,000;0,000;14,100;14,100;0,000;0,000
01.05.2026;11:44:00;705;159,614;158,000;0,000;14,100;14,100;0,000;0,000
01.05.2026;11:45:00;706;159,026;158,000;0,000;14,100;14,100;0,000;0,000
01.05.2026;11:46:00;707;158,491;158,000;0,000;14,100;14,100;0,000;0,000
01.05.2026;11:47:00;708;159,079;158,000;0,000;14,100;14,100;0,000;0,000
01.05.2026;11:48:00;709;159,026;158,000;0,000;14,100;14,100;0,000;0,000
01.05.2026;11:49:00;710;159,293;158,000;0,000;14,100;14,100;0,000;0,000
01.05.2026;11:50:00;711;159,668;158,000;0,000;14,100;14,100;0,000;0,000
01.05.2026;11:51:00;712;159,079;158,000;0,000;14,100;14,100;0,000;0,000
01.05.2026;11:52:00;713;159,935;158,000;0,000;14,100;14,100;0,000;0,000
01.05.2026;11:53:00;714;159,079;158,000;0,000;14,100;14,100;0,000;0,000
01.05.2026;11:54:00;715;160,256;158,000;0,000;14,100;14,100;0,000;0,000
01.05.2026;11:55:00;716;160,256;158,000;0,000;14,100;14,100;0,000;0,000
01.05.2026;11:56:00;717;160,149;158,000;0,000;14,100;14,100;0,000;0,000
01.05.2026;11:57:00;718;160,256;158,000;0,000;14,100;14,100;0,000;0,000
01.05.2026;11:58:00;719;160,470;158,000;0,000;14,100;14,100;0,000;0,000
01.05.2026;11:59:00;720;160,202;158,000;0,000;14,100;14,100;0,000;0,000
01.05.2026;12:00:00;721;160,737;158,000;0,000;14,100;14,100;0,000;0,000
01.05.2026;12:01:00;722;160,630;158,000;0,000;14,100;14,100;0,000;0,000
01.05.2026;12:02:00;723;160,202;158,000;0,000;14,100;14,100;0,000;0,000
01.05.2026;12:03:00;724;160,149;158,000;0,000;14,100;14,100;0,000;0,000
01.05.2026;12:04:00;725;160,202;158,000;0,000;14,100;14,100;0,000;0,000
01.05.2026;12:05:00;726;160,951;158,000;0,000;14,100;14,100;0,000;0,000
01.05.2026;12:06:00;727;160,630;158,000;0,000;14,100;14,100;0,000;0,000
01.05.2026;12:07:00;728;160,363;158,000;0,000;14,100;14,100;0,000;0,000
01.05.2026;12:08:00;729;160,095;158,000;0,000;14,100;14,100;0,000;0,000
01.05.2026;12:09:00;730;160,790;158,000;0,000;14,100;14,100;0,000;0,000
01.05.2026;12:10:00;731;160,897;158,000;0,000;14,100;14,100;0,000;0,000
01.05.2026;12:11:00;732;160,897;158,000;0,000;14,100;14,100;0,000;0,000
01.05.2026;12:12:00;733;161,218;158,000;0,000;14,100;14,100;0,000;0,000
01.05.2026;12:13:00;734;160,790;158,000;0,000;14,100;14,100;0,000;0,000
01.05.2026;12:14:00;735;160,256;158,000;0,000;14,100;14,100;0,000;0,000
01.05.2026;12:15:00;736;159,561;158,000;0,000;14,100;14,100;0,000;0,000
01.05.2026;12:16:00;737;160,790;158,000;0,000;14,100;14,100;0,000;0,000
01.05.2026;12:17:00;738;160,737;158,000;0,000;14,100;14,100;0,000;0,000
01.05.2026;12:18:00;739;161,058;158,000;0,000;14,100;14,100;0,000;0,000
01.05.2026;12:19:00;740;160,737;158,000;0,000;14,100;14,100;0,000;0,000
01.05.2026;12:20:00;741;161,325;158,000;0,000;14,100;14,100;0,000;0,000
01.05.2026;12:21:00;742;160,095;158,000;0,000;14,100;14,100;0,000;0,000
01.05.2026;12:22:00;743;160,416;158,000;0,000;14,100;14,100;0,000;0,000
01.05.2026;12:23:00;744;160,523;158,000;0,000;14,100;14,100;0,000;0,000
01.05.2026;12:24:00;745;160,897;158,000;0,000;14,100;14,100;0,000;0,000
01.05.2026;12:25:00;746;161,004;158,000;0,000;14,100;14,100;0,000;0,000
01.05.2026;12:26:00;747;161,004;158,000;0,000;14,100;14,100;0,000;0,000
01.05.2026;12:27:00;748;161,593;158,000;0,000;14,100;14,100;0,000;0,000
01.05.2026;12:28:00;749;162,288;158,000;0,000;14,100;14,100;0,000;0,000
01.05.2026;12:29:00;750;161,699;158,000;0,000;14,100;14,100;0,000;0,000
01.05.2026;12:30:00;751;161,539;158,000;0,000;14,100;14,100;0,000;0,000
01.05.2026;12:31:00;752;161,699;158,000;0,000;14,100;14,100;0,000;0,000
01.05.2026;12:32:00;753;160,897;158,000;0,000;14,100;14,100;0,000;0,000
01.05.2026;12:33:00;754;161,432;158,000;0,000;14,100;14,100;0,000;0,000
01.05.2026;12:34:00;755;161,699;158,000;0,000;14,100;14,100;0,000;0,000
01.05.2026;12:35:00;756;162,127;158,000;0,000;14,100;14,100;0,000;0,000
01.05.2026;12:36:00;757;161,593;158,000;0,000;14,100;14,100;0,000;0,000
01.05.2026;12:37:00;758;161,004;158,000;0,000;14,100;14,100;0,000;0,000
01.05.2026;12:38:00;759;161,539;158,000;0,000;14,100;14,100;0,000;0,000
01.05.2026;12:39:00;760;161,218;158,000;0,000;14,100;14,100;0,000;0,000
01.05.2026;12:40:00;761;161,593;158,000;0,000;14,100;14,100;0,000;0,000
01.05.2026;12:41:00;762;160,897;158,000;0,000;14,100;14,100;0,000;0,000
01.05.2026;12:42:00;763;161,806;158,000;0,000;14,100;14,100;0,000;0,000
01.05.2026;12:43:00;764;162,234;158,000;0,000;14,100;14,100;0,000;0,000
01.05.2026;12:44:00;765;161,753;158,000;0,000;14,100;14,100;0,000;0,000
01.05.2026;12:45:00;766;161,272;158,000;0,000;14,100;14,100;0,000;0,000
01.05.2026;12:46:00;767;161,806;158,000;0,000;14,100;14,100;0,000;0,000
01.05.2026;12:47:00;768;161,325;158,000;0,000;14,100;14,100;0,000;0,000
01.05.2026;12:48:00;769;161,699;158,000;0,000;14,100;14,100;0,000;0,000
01.05.2026;12:49:00;770;162,662;158,000;0,000;14,100;14,100;0,000;0,000
01.05.2026;12:50:00;771;161,325;158,000;0,000;14,100;14,100;0,000;0,000
01.05.2026;12:51:00;772;162,074;158,000;0,000;14,100;14,100;0,000;0,000
01.05.2026;12:52:00;773;162,127;158,000;0,000;14,100;14,100;0,000;0,000
01.05.2026;12:53:00;774;162,234;158,000;0,000;14,100;14,100;0,000;0,000
01.05.2026;12:54:00;775;161,967;158,000;0,000;14,100;14,100;0,000;0,000
01.05.2026;12:55:00;776;162,020;158,000;0,000;14,100;14,100;0,000;0,000
01.05.2026;12:56:00;777;161,967;158,000;0,000;14,100;14,100;0,000;0,000
01.05.2026;12:57:00;778;161,218;158,000;0,000;14,100;14,100;0,000;0,000
01.05.2026;12:58:00;779;162,074;158,000;0,000;14,100;14,100;0,000;0,000
01.05.2026;12:59:00;780;162,395;158,000;0,000;14,100;14,100;0,000;0,000
01.05.2026;13:00:00;781;161,325;158,000;0,000;14,100;14,100;0,000;0,000
01.05.2026;13:01:00;782;161,593;158,000;0,000;14,100;14,100;0,000;0,000
01.05.2026;13:02:00;783;161,539;158,000;0,000;14,100;14,100;0,000;0,000
01.05.2026;13:03:00;784;161,753;158,000;0,000;14,100;14,100;0,000;0,000
01.05.2026;13:04:00;785;162,662;158,000;0,000;14,100;14,100;0,000;0,000
01.05.2026;13:05:00;786;162,662;158,000;0,000;14,100;14,100;0,000;0,000
01.05.2026;13:06:00;787;160,951;158,000;0,000;14,100;14,100;0,000;0,000
01.05.2026;13:07:00;788;161,806;158,000;0,000;14,100;14,100;0,000;0,000
01.05.2026;13:08:00;789;161,699;158,000;0,000;14,100;14,100;0,000;0,000
01.05.2026;13:09:00;790;161,699;158,000;0,000;14,100;14,100;0,000;0,000
01.05.2026;13:10:00;791;161,539;158,000;0,000;14,100;14,100;0,000;0,000
01.05.2026;13:11:00;792;161,593;158,000;0,000;14,100;14,100;0,000;0,000
01.05.2026;13:12:00;793;162,609;158,000;0,000;14,100;14,100;0,000;0,000
01.05.2026;13:13:00;794;162,395;158,000;0,000;14,100;14,100;0,000;0,000
01.05.2026;13:14:00;795;162,234;158,000;0,000;14,100;14,100;0,000;0,000
01.05.2026;13:15:00;796;162,020;158,000;0,000;14,100;14,100;0,000;0,000
01.05.2026;13:16:00;797;161,539;158,000;0,000;14,100;14,100;0,000;0,000
01.05.2026;13:17:00;798;161,860;158,000;0,000;14,100;14,100;0,000;0,000
01.05.2026;13:18:00;799;162,020;158,000;0,000;14,100;14,100;0,000;0,000
01.05.2026;13:19:00;800;161,860;158,000;0,000;14,100;14,100;0,000;0,000
01.05.2026;13:20:00;801;161,699;158,000;0,000;14,100;14,100;0,000;0,000
01.05.2026;13:21:00;802;162,074;158,000;0,000;14,100;14,100;0,000;0,000
01.05.2026;13:22:00;803;161,753;158,000;0,000;14,100;14,100;0,000;0,000
01.05.2026;13:23:00;804;161,325;158,000;0,000;14,100;14,100;0,000;0,000
01.05.2026;13:24:00;805;161,699;158,000;0,000;14,100;14,100;0,000;0,000
01.05.2026;13:25:00;806;161,539;158,000;0,000;14,100;14,100;0,000;0,000
01.05.2026;13:26:00;807;161,272;158,000;0,000;14,100;14,100;0,000;0,000
01.05.2026;13:27:00;808;161,272;158,000;0,000;14,100;14,100;0,000;0,000
01.05.2026;13:28:00;809;161,699;158,000;0,000;14,100;14,100;0,000;0,000
01.05.2026;13:29:00;810;162,395;158,000;0,000;14,100;14,100;0,000;0,000
01.05.2026;13:30:00;811;161,272;158,000;0,000;14,100;14,100;0,000;0,000
01.05.2026;13:31:00;812;161,753;158,000;0,000;14,100;14,100;0,000;0,000
01.05.2026;13:32:00;813;161,699;158,000;0,000;14,100;14,100;0,000;0,000
01.05.2026;13:33:00;814;161,325;158,000;0,000;14,100;14,100;0,000;0,000
01.05.2026;13:34:00;815;161,486;158,000;0,000;14,100;14,100;0,000;0,000
01.05.2026;13:35:00;816;161,432;158,000;0,000;14,100;14,100;0,000;0,000
01.05.2026;13:36:00;817;161,539;158,000;0,000;14,100;14,100;0,000;0,000
01.05.2026;13:37:00;818;162,074;158,000;0,000;14,100;14,100;0,000;0,000
01.05.2026;13:38:00;819;162,502;158,000;0,000;14,100;14,100;0,000;0,000
01.05.2026;13:39:00;820;162,234;158,000;0,000;14,100;14,100;0,000;0,000
01.05.2026;13:40:00;821;160,790;158,000;0,000;14,100;14,100;0,000;0,000
01.05.2026;13:41:00;822;161,218;158,000;0,000;14,100;14,100;0,000;0,000
01.05.2026;13:42:00;823;160,684;158,000;0,000;14,100;14,100;0,000;0,000
01.05.2026;13:43:00;824;160,790;158,000;0,000;14,100;14,100;0,000;0,000
01.05.2026;13:44:00;825;161,165;158,000;0,000;14,100;14,100;0,000;0,000
01.05.2026;13:45:00;826;160,416;158,000;0,000;14,100;14,100;0,000;0,000
01.05.2026;13:46:00;827;159,828;158,000;0,000;14,100;14,100;0,000;0,000
01.05.2026;13:47:00;828;160,256;158,000;0,000;14,100;14,100;0,000;0,000
01.05.2026;13:48:00;829;160,630;158,000;0,000;14,100;14,100;0,000;0,000
01.05.2026;13:49:00;830;160,470;158,000;0,000;14,100;14,100;0,000;0,000
01.05.2026;13:50:00;831;160,256;158,000;0,000;14,100;14,100;0,000;0,000
01.05.2026;13:51:00;832;159,988;158,000;0,000;14,100;14,100;0,000;0,000
01.05.2026;13:52:00;833;160,095;158,000;0,000;14,100;14,100;0,000;0,000
01.05.2026;13:53:00;834;160,256;158,000;0,000;14,100;14,100;0,000;0,000
01.05.2026;13:54:00;835;159,186;158,000;0,000;14,100;14,100;0,000;0,000
01.05.2026;13:55:00;836;159,347;158,000;0,000;14,100;14,100;0,000;0,000
01.05.2026;13:56:00;837;159,828;158,000;0,000;14,100;14,100;0,000;0,000
01.05.2026;13:57:00;838;160,095;158,000;0,000;14,100;14,100;0,000;0,000
01.05.2026;13:58:00;839;160,149;158,000;0,000;14,100;14,100;0,000;0,000
01.05.2026;13:59:00;840;160,416;158,000;0,000;14,100;14,100;0,000;0,000
01.05.2026;14:00:00;841;159,400;158,000;0,000;14,100;14,100;0,000;0,000
01.05.2026;14:01:00;842;159,881;158,000;0,000;14,100;14,100;0,000;0,000
01.05.2026;14:02:00;843;159,079;158,000;0,000;14,100;14,100;0,000;0,000
01.05.2026;14:03:00;844;158,919;158,000;0,000;14,100;14,100;0,000;0,000
01.05.2026;14:04:00;845;158,224;158,000;0,000;14,100;14,100;0,000;0,000
01.05.2026;14:05:00;846;158,491;158,000;0,000;14,100;14,100;0,000;0,000
01.05.2026;14:06:00;847;159,721;158,000;0,000;14,100;14,100;0,000;0,000
01.05.2026;14:07:00;848;159,614;158,000;0,000;14,100;14,100;0,000;0,000
01.05.2026;14:08:00;849;159,614;158,000;0,000;14,100;14,100;0,000;0,000
01.05.2026;14:09:00;850;159,454;158,000;0,000;14,100;14,100;0,000;0,000
01.05.2026;14:10:00;851;158,919;158,000;0,000;14,100;14,100;0,000;0,000
01.05.2026;14:11:00;852;158,117;158,000;0,000;14,100;14,100;0,000;0,000
01.05.2026;14:12:00;853;158,759;158,000;0,000;14,100;14,100;0,000;0,000
01.05.2026;14:13:00;854;158,010;158,000;0,000;14,100;14,100;0,000;0,000
01.05.2026;14:14:00;855;158,491;158,000;0,000;14,100;14,100;0,000;0,000
01.05.2026;14:15:00;856;157,956;158,000;0,000;14,100;14,100;0,000;0,000
01.05.2026;14:16:00;857;158,598;158,000;0,000;14,100;14,100;0,000;0,000
01.05.2026;14:17:00;858;159,561;158,000;0,000;14,100;14,100;0,000;0,000
01.05.2026;14:18:00;859;159,828;158,000;0,000;14,100;14,100;0,000;0,000
01.05.2026;14:19:00;860;159,561;158,000;0,000;14,100;14,100;0,000;0,000
01.05.2026;14:20:00;861;159,614;158,000;0,000;14,100;14,100;0,000;0,000
01.05.2026;14:21:00;862;160,523;158,000;0,000;14,100;14,100;0,000;0,000
01.05.2026;14:22:00;863;160,095;158,000;0,000;14,100;14,100;0,000;0,000
01.05.2026;14:23:00;864;160,149;158,000;0,000;14,100;14,100;0,000;0,000
01.05.2026;14:24:00;865;160,095;158,000;0,000;14,100;14,100;0,000;0,000
01.05.2026;14:25:00;866;160,416;158,000;0,000;14,100;14,100;0,000;0,000
01.05.2026;14:26:00;867;160,737;158,000;0,000;14,100;14,100;0,000;0,000
01.05.2026;14:27:00;868;161,218;158,000;0,000;14,100;14,100;0,000;0,000
01.05.2026;14:28:00;869;160,523;158,000;0,000;14,100;14,100;0,000;0,000
01.05.2026;14:29:00;870;160,684;158,000;0,000;14,100;14,100;0,000;0,000
01.05.2026;14:30:00;871;159,561;158,000;0,000;14,100;14,100;0,000;0,000
01.05.2026;14:31:00;872;159,614;158,000;0,000;14,100;14,100;0,000;0,000
01.05.2026;14:32:00;873;159,293;158,000;0,000;14,100;14,100;0,000;0,000
01.05.2026;14:33:00;874;159,828;158,000;0,000;14,100;14,100;0,000;0,000
01.05.2026;14:34:00;875;159,133;158,000;0,000;14,100;14,100;0,000;0,000
01.05.2026;14:35:00;876;158,812;158,000;0,000;14,100;14,100;0,000;0,000
01.05.2026;14:36:00;877;159,400;158,000;0,000;14,100;14,100;0,000;0,000
01.05.2026;14:37:00;878;158,491;158,000;0,000;14,100;14,100;0,000;0,000
01.05.2026;14:38:00;879;159,881;158,000;0,000;14,100;14,100;0,000;0,000
01.05.2026;14:39:00;880;159,828;158,000;0,000;14,100;14,100;0,000;0,000
01.05.2026;14:40:00;881;159,186;158,000;0,000;14,100;14,100;0,000;0,000
01.05.2026;14:41:00;882;159,347;158,000;0,000;14,100;14,100;0,000;0,000
01.05.2026;14:42:00;883;160,737;158,000;0,000;14,100;14,100;0,000;0,000
01.05.2026;14:43:00;884;160,737;158,000;0,000;14,100;14,100;0,000;0,000
01.05.2026;14:44:00;885;160,095;158,000;0,000;14,100;14,100;0,000;0,000
01.05.2026;14:45:00;886;159,828;158,000;0,000;14,100;14,100;0,000;0,000
01.05.2026;14:46:00;887;160,470;158,000;0,000;14,100;14,100;0,000;0,000
01.05.2026;14:47:00;888;160,737;158,000;0,000;14,100;14,100;0,000;0,000
01.05.2026;14:48:00;889;160,202;158,000;0,000;14,100;14,100;0,000;0,000
01.05.2026;14:49:00;890;160,630;158,000;0,000;14,100;14,100;0,000;0,000
01.05.2026;14:50:00;891;160,256;158,000;0,000;14,100;14,100;0,000;0,000
01.05.2026;14:51:00;892;159,454;158,000;0,000;14,100;14,100;0,000;0,000
01.05.2026;14:52:00;893;158,759;158,000;0,000;14,100;14,100;0,000;0,000
01.05.2026;14:53:00;894;159,454;158,000;0,000;14,100;14,100;0,000;0,000
01.05.2026;14:54:00;895;159,133;158,000;0,000;14,100;14,100;0,000;0,000
01.05.2026;14:55:00;896;157,850;158,000;0,000;14,100;14,100;0,000;0,000
01.05.2026;14:56:00;897;158,063;158,000;0,000;14,100;14,100;0,000;0,000
01.05.2026;14:57:00;898;158,384;158,000;0,000;14,100;14,100;0,000;0,000
01.05.2026;14:58:00;899;160,256;158,000;0,000;14,100;14,100;0,000;0,000
01.05.2026;14:59:00;900;160,523;158,000;0,000;14,100;14,100;0,000;0,000
01.05.2026;15:00:00;901;159,614;158,000;0,000;14,100;14,100;0,000;0,000
01.05.2026;15:01:00;902;160,630;158,000;0,000;14,100;14,100;0,000;0,000
01.05.2026;15:02:00;903;159,828;158,000;0,000;14,100;14,100;0,000;0,000
01.05.2026;15:03:00;904;161,004;158,000;0,000;14,100;14,100;0,000;0,000
01.05.2026;15:04:00;905;160,256;158,000;0,000;14,100;14,100;0,000;0,000
01.05.2026;15:05:00;906;160,684;158,000;0,000;14,100;14,100;0,000;0,000
01.05.2026;15:06:00;907;161,806;158,000;0,000;14,100;14,100;0,000;0,000
01.05.2026;15:07:00;908;161,860;158,000;0,000;14,100;14,100;0,000;0,000
01.05.2026;15:08:00;909;160,630;158,000;0,000;14,100;14,100;0,000;0,000
01.05.2026;15:09:00;910;162,020;158,000;0,000;14,100;14,100;0,000;0,000
01.05.2026;15:10:00;911;161,486;158,000;0,000;14,100;14,100;0,000;0,000
01.05.2026;15:11:00;912;161,218;158,000;0,000;14,100;14,100;0,000;0,000
01.05.2026;15:12:00;913;161,539;158,000;0,000;14,100;14,100;0,000;0,000
01.05.2026;15:13:00;914;160,951;158,000;0,000;14,100;14,100;0,000;0,000
01.05.2026;15:14:00;915;161,539;158,000;0,000;14,100;14,100;0,000;0,000
01.05.2026;15:15:00;916;161,539;158,000;0,000;14,100;14,100;0,000;0,000
01.05.2026;15:16:00;917;161,272;158,000;0,000;14,100;14,100;0,000;0,000
01.05.2026;15:17:00;918;160,202;158,000;0,000;14,100;14,100;0,000;0,000
01.05.2026;15:18:00;919;161,753;158,000;0,000;14,100;14,100;0,000;0,000
01.05.2026;15:19:00;920;161,218;158,000;0,000;14,100;14,100;0,000;0,000
01.05.2026;15:20:00;921;160,470;158,000;0,000;14,100;14,100;0,000;0,000
01.05.2026;15:21:00;922;161,058;158,000;0,000;14,100;14,100;0,000;0,000
01.05.2026;15:22:00;923;161,539;158,000;0,000;14,100;14,100;0,000;0,000
01.05.2026;15:23:00;924;160,790;158,000;0,000;14,100;14,100;0,000;0,000
01.05.2026;15:24:00;925;161,325;158,000;0,000;14,100;14,100;0,000;0,000
01.05.2026;15:25:00;926;161,058;158,000;0,000;14,100;14,100;0,000;0,000
01.05.2026;15:26:00;927;161,325;158,000;0,000;14,100;14,100;0,000;0,000
01.05.2026;15:27:00;928;161,753;158,000;0,000;14,100;14,100;0,000;0,000
01.05.2026;15:28:00;929;161,272;158,000;0,000;14,100;14,100;0,000;0,000
01.05.2026;15:29:00;930;161,272;158,000;0,000;14,100;14,100;0,000;0,000
01.05.2026;15:30:00;931;161,058;158,000;0,000;14,100;14,100;0,000;0,000
01.05.2026;15:31:00;932;161,699;158,000;0,000;14,100;14,100;0,000;0,000
01.05.2026;15:32:00;933;161,058;158,000;0,000;14,100;14,100;0,000;0,000
01.05.2026;15:33:00;934;161,218;158,000;0,000;14,100;14,100;0,000;0,000
01.05.2026;15:34:00;935;161,432;158,000;0,000;14,100;14,100;0,000;0,000
01.05.2026;15:35:00;936;161,432;158,000;0,000;14,100;14,100;0,000;0,000
01.05.2026;15:36:00;937;162,234;158,000;0,000;14,100;14,100;0,000;0,000
01.05.2026;15:37:00;938;161,699;158,000;0,000;14,100;14,100;0,000;0,000
01.05.2026;15:38:00;939;160,790;158,000;0,000;14,100;14,100;0,000;0,000
01.05.2026;15:39:00;940;161,058;158,000;0,000;14,100;14,100;0,000;0,000
01.05.2026;15:40:00;941;160,951;158,000;0,000;14,100;14,100;0,000;0,000
01.05.2026;15:41:00;942;161,218;158,000;0,000;14,100;14,100;0,000;0,000
01.05.2026;15:42:00;943;160,897;158,000;0,000;14,100;14,100;0,000;0,000
01.05.2026;15:43:00;944;161,004;158,000;0,000;14,100;14,100;0,000;0,000
01.05.2026;15:44:00;945;161,432;158,000;0,000;14,100;14,100;0,000;0,000
01.05.2026;15:45:00;946;160,523;158,000;0,000;14,100;14,100;0,000;0,000
01.05.2026;15:46:00;947;159,988;158,000;0,000;14,100;14,100;0,000;0,000
01.05.2026;15:47:00;948;160,470;158,000;0,000;14,100;14,100;0,000;0,000
01.05.2026;15:48:00;949;160,790;158,000;0,000;14,100;14,100;0,000;0,000
01.05.2026;15:49:00;950;161,272;158,000;0,000;14,100;14,100;0,000;0,000
01.05.2026;15:50:00;951;160,149;158,000;0,000;14,100;14,100;0,000;0,000
01.05.2026;15:51:00;952;161,325;158,000;0,000;14,100;14,100;0,000;0,000
01.05.2026;15:52:00;953;161,058;158,000;0,000;14,100;14,100;0,000;0,000
01.05.2026;15:53:00;954;161,004;158,000;0,000;14,100;14,100;0,000;0,000
01.05.2026;15:54:00;955;160,737;158,000;0,000;14,100;14,100;0,000;0,000
01.05.2026;15:55:00;956;160,951;158,000;0,000;14,100;14,100;0,000;0,000
01.05.2026;15:56:00;957;161,058;158,000;0,000;14,100;14,100;0,000;0,000
01.05.2026;15:57:00;958;161,218;158,000;0,000;14,100;14,100;0,000;0,000
01.05.2026;15:58:00;959;161,539;158,000;0,000;14,100;14,100;0,000;0,000
01.05.2026;15:59:00;960;161,486;158,000;0,000;14,100;14,100;0,000;0,000
01.05.2026;16:00:00;961;161,432;158,000;0,000;14,100;14,100;0,000;0,000
01.05.2026;16:01:00;962;161,539;158,000;0,000;14,100;14,100;0,000;0,000
01.05.2026;16:02:00;963;160,897;158,000;0,000;14,100;14,100;0,000;0,000
01.05.2026;16:03:00;964;160,202;158,000;0,000;14,100;14,100;0,000;0,000
01.05.2026;16:04:00;965;160,202;158,000;0,000;14,100;14,100;0,000;0,000
01.05.2026;16:05:00;966;160,684;158,000;0,000;14,100;14,100;0,000;0,000
01.05.2026;16:06:00;967;160,416;158,000;0,000;14,100;14,100;0,000;0,000
01.05.2026;16:07:00;968;160,095;158,000;0,000;14,100;14,100;0,000;0,000
01.05.2026;16:08:00;969;159,881;158,000;0,000;14,100;14,100;0,000;0,000
01.05.2026;16:09:00;970;160,523;158,000;0,000;14,100;14,100;0,000;0,000
01.05.2026;16:10:00;971;159,935;158,000;0,000;14,100;14,100;0,000;0,000
01.05.2026;16:11:00;972;160,470;158,000;0,000;14,100;14,100;0,000;0,000
01.05.2026;16:12:00;973;160,684;158,000;0,000;14,100;14,100;0,000;0,000
01.05.2026;16:13:00;974;159,828;158,000;0,000;14,100;14,100;0,000;0,000
01.05.2026;16:14:00;975;159,721;158,000;0,000;14,100;14,100;0,000;0,000
01.05.2026;16:15:00;976;161,165;158,000;0,000;14,100;14,100;0,000;0,000
01.05.2026;16:16:00;977;160,470;158,000;0,000;14,100;14,100;0,000;0,000
01.05.2026;16:17:00;978;160,684;158,000;0,000;14,100;14,100;0,000;0,000
01.05.2026;16:18:00;979;159,881;158,000;0,000;14,100;14,100;0,000;0,000
01.05.2026;16:19:00;980;159,561;158,000;0,000;14,100;14,100;0,000;0,000
01.05.2026;16:20:00;981;159,935;158,000;0,000;14,100;14,100;0,000;0,000
01.05.2026;16:21:00;982;160,149;158,000;0,000;14,100;14,100;0,000;0,000
01.05.2026;16:22:00;983;159,347;158,000;0,000;14,100;14,100;0,000;0,000
01.05.2026;16:23:00;984;159,293;158,000;0,000;14,100;14,100;0,000;0,000
01.05.2026;16:24:00;985;159,347;158,000;0,000;14,100;14,100;0,000;0,000
01.05.2026;16:25:00;986;159,026;158,000;0,000;14,100;14,100;0,000;0,000
01.05.2026;16:26:00;987;158,865;158,000;0,000;14,100;14,100;0,000;0,000
01.05.2026;16:27:00;988;159,026;158,000;0,000;14,100;14,100;0,000;0,000
01.05.2026;16:28:00;989;159,186;158,000;0,000;14,100;14,100;0,000;0,000
01.05.2026;16:29:00;990;160,630;158,000;0,000;14,100;14,100;0,000;0,000
01.05.2026;16:30:00;991;160,897;158,000;0,000;14,100;14,100;0,000;0,000
01.05.2026;16:31:00;992;160,256;158,000;0,000;14,100;14,100;0,000;0,000
01.05.2026;16:32:00;993;159,668;158,000;0,000;14,100;14,100;0,000;0,000
01.05.2026;16:33:00;994;159,400;158,000;0,000;14,100;14,100;0,000;0,000
01.05.2026;16:34:00;995;159,454;158,000;0,000;14,100;14,100;0,000;0,000
01.05.2026;16:35:00;996;160,095;158,000;0,000;14,100;14,100;0,000;0,000
01.05.2026;16:36:00;997;160,202;158,000;0,000;14,100;14,100;0,000;0,000
01.05.2026;16:37:00;998;160,149;158,000;0,000;14,100;14,100;0,000;0,000
01.05.2026;16:38:00;999;159,828;158,000;0,000;14,100;14,100;0,000;0,000
01.05.2026;16:39:00;1000;159,935;158,000;0,000;14,100;14,100;0,000;0,000
01.05.2026;16:40:00;1001;159,186;158,000;0,000;14,100;14,100;0,000;0,000
01.05.2026;16:41:00;1002;159,668;158,000;0,000;14,100;14,100;0,000;0,000
01.05.2026;16:42:00;1003;160,095;158,000;0,000;14,100;14,100;0,000;0,000
01.05.2026;16:43:00;1004;160,095;158,000;0,000;14,100;14,100;0,000;0,000
01.05.2026;16:44:00;1005;159,347;158,000;0,000;14,100;14,100;0,000;0,000
01.05.2026;16:45:00;1006;159,347;158,000;0,000;14,100;14,100;0,000;0,000
01.05.2026;16:46:00;1007;159,614;158,000;0,000;14,100;14,100;0,000;0,000
01.05.2026;16:47:00;1008;159,347;158,000;0,000;14,100;14,100;0,000;0,000
01.05.2026;16:48:00;1009;158,759;158,000;0,000;14,100;14,100;0,000;0,000
01.05.2026;16:49:00;1010;158,277;158,000;0,000;14,100;14,100;0,000;0,000
01.05.2026;16:50:00;1011;158,117;158,000;0,000;14,100;14,100;0,000;0,000
01.05.2026;16:51:00;1012;158,545;158,000;0,000;14,100;14,100;0,000;0,000
01.05.2026;16:52:00;1013;158,491;158,000;0,000;14,100;14,100;0,000;0,000
01.05.2026;16:53:00;1014;159,400;158,000;0,000;14,100;14,100;0,000;0,000
01.05.2026;16:54:00;1015;159,614;158,000;0,000;14,100;14,100;0,000;0,000
01.05.2026;16:55:00;1016;160,363;158,000;0,000;14,100;14,100;0,000;0,000
01.05.2026;16:56:00;1017;158,598;158,000;0,000;14,100;14,100;0,000;0,000
01.05.2026;16:57:00;1018;158,063;158,000;0,000;14,100;14,100;0,000;0,000
01.05.2026;16:58:00;1019;158,759;158,000;0,000;14,100;14,100;0,000;0,000
01.05.2026;16:59:00;1020;159,935;158,000;0,000;14,100;14,100;0,000;0,000
01.05.2026;17:00:00;1021;161,272;158,000;0,000;14,100;14,100;0,000;0,000
01.05.2026;17:01:00;1022;160,790;158,000;0,000;14,100;14,100;0,000;0,000
01.05.2026;17:02:00;1023;161,432;158,000;0,000;14,100;14,100;0,000;0,000
01.05.2026;17:03:00;1024;162,020;158,000;0,000;14,100;14,100;0,000;0,000
01.05.2026;17:04:00;1025;161,272;158,000;0,000;14,100;14,100;0,000;0,000
01.05.2026;17:05:00;1026;161,753;158,000;0,000;14,100;14,100;0,000;0,000
01.05.2026;17:06:00;1027;161,699;158,000;0,000;14,100;14,100;0,000;0,000
01.05.2026;17:07:00;1028;161,325;158,000;0,000;14,100;14,100;0,000;0,000
01.05.2026;17:08:00;1029;160,951;158,000;0,000;14,100;14,100;0,000;0,000
01.05.2026;17:09:00;1030;161,539;158,000;0,000;14,100;14,100;0,000;0,000
01.05.2026;17:10:00;1031;161,699;158,000;0,000;14,100;14,100;0,000;0,000
01.05.2026;17:11:00;1032;161,218;158,000;0,000;14,100;14,100;0,000;0,000
01.05.2026;17:12:00;1033;160,737;158,000;0,000;14,100;14,100;0,000;0,000
01.05.2026;17:13:00;1034;161,004;158,000;0,000;14,100;14,100;0,000;0,000
01.05.2026;17:14:00;1035;160,416;158,000;0,000;14,100;14,100;0,000;0,000
01.05.2026;17:15:00;1036;161,539;158,000;0,000;14,100;14,100;0,000;0,000
01.05.2026;17:16:00;1037;161,004;158,000;0,000;14,100;14,100;0,000;0,000
01.05.2026;17:17:00;1038;161,753;158,000;0,000;14,100;14,100;0,000;0,000
01.05.2026;17:18:00;1039;161,860;158,000;0,000;14,100;14,100;0,000;0,000
01.05.2026;17:19:00;1040;161,699;158,000;0,000;14,100;14,100;0,000;0,000
01.05.2026;17:20:00;1041;161,058;158,000;0,000;14,100;14,100;0,000;0,000
01.05.2026;17:21:00;1042;160,684;158,000;0,000;14,100;14,100;0,000;0,000
01.05.2026;17:22:00;1043;161,058;158,000;0,000;14,100;14,100;0,000;0,000
01.05.2026;17:23:00;1044;161,272;158,000;0,000;14,100;14,100;0,000;0,000
01.05.2026;17:24:00;1045;160,630;158,000;0,000;14,100;14,100;0,000;0,000
01.05.2026;17:25:00;1046;161,165;158,000;0,000;14,100;14,100;0,000;0,000
01.05.2026;17:26:00;1047;161,004;158,000;0,000;14,100;14,100;0,000;0,000
01.05.2026;17:27:00;1048;160,951;158,000;0,000;14,100;14,100;0,000;0,000
01.05.2026;17:28:00;1049;160,737;158,000;0,000;14,100;14,100;0,000;0,000
01.05.2026;17:29:00;1050;162,127;158,000;0,000;14,100;14,100;0,000;0,000
01.05.2026;17:30:00;1051;162,234;158,000;0,000;14,100;14,100;0,000;0,000
01.05.2026;17:31:00;1052;161,967;158,000;0,000;14,100;14,100;0,000;0,000
01.05.2026;17:32:00;1053;161,325;158,000;0,000;14,100;14,100;0,000;0,000
01.05.2026;17:33:00;1054;162,127;158,000;0,000;14,100;14,100;0,000;0,000
01.05.2026;17:34:00;1055;162,020;158,000;0,000;14,100;14,100;0,000;0,000
01.05.2026;17:35:00;1056;162,127;158,000;0,000;14,100;14,100;0,000;0,000
01.05.2026;17:36:00;1057;161,860;158,000;0,000;14,100;14,100;0,000;0,000
01.05.2026;17:37:00;1058;161,753;158,000;0,000;14,100;14,100;0,000;0,000
01.05.2026;17:38:00;1059;161,593;158,000;0,000;14,100;14,100;0,000;0,000
01.05.2026;17:39:00;1060;160,684;158,000;0,000;14,100;14,100;0,000;0,000
01.05.2026;17:40:00;1061;160,256;158,000;0,000;14,100;14,100;0,000;0,000
01.05.2026;17:41:00;1062;161,165;158,000;0,000;14,100;14,100;0,000;0,000
01.05.2026;17:42:00;1063;160,363;158,000;0,000;14,100;14,100;0,000;0,000
01.05.2026;17:43:00;1064;161,058;158,000;0,000;14,100;14,100;0,000;0,000
01.05.2026;17:44:00;1065;160,897;158,000;0,000;14,100;14,100;0,000;0,000
01.05.2026;17:45:00;1066;161,165;158,000;0,000;14,100;14,100;0,000;0,000
01.05.2026;17:46:00;1067;161,539;158,000;0,000;14,100;14,100;0,000;0,000
01.05.2026;17:47:00;1068;161,432;158,000;0,000;14,100;14,100;0,000;0,000
01.05.2026;17:48:00;1069;160,790;158,000;0,000;14,100;14,100;0,000;0,000
01.05.2026;17:49:00;1070;160,470;158,000;0,000;14,100;14,100;0,000;0,000
01.05.2026;17:50:00;1071;161,699;158,000;0,000;14,100;14,100;0,000;0,000
01.05.2026;17:51:00;1072;161,967;158,000;0,000;14,100;14,100;0,000;0,000
01.05.2026;17:52:00;1073;162,234;158,000;0,000;14,100;14,100;0,000;0,000
01.05.2026;17:53:00;1074;161,967;158,000;0,000;14,100;14,100;0,000;0,000
01.05.2026;17:54:00;1075;161,593;158,000;0,000;14,100;14,100;0,000;0,000
01.05.2026;17:55:00;1076;162,822;158,000;0,000;14,100;14,100;0,000;0,000
01.05.2026;17:56:00;1077;161,967;158,000;0,000;14,100;14,100;0,000;0,000
01.05.2026;17:57:00;1078;161,004;158,000;0,000;14,100;14,100;0,000;0,000
01.05.2026;17:58:00;1079;160,416;158,000;0,000;14,100;14,100;0,000;0,000
01.05.2026;17:59:00;1080;161,165;158,000;0,000;14,100;14,100;0,000;0,000
01.05.2026;18:00:00;1081;161,486;158,000;0,000;14,100;14,100;0,000;0,000
01.05.2026;18:01:00;1082;161,699;158,000;0,000;14,100;14,100;0,000;0,000
01.05.2026;18:02:00;1083;162,288;158,000;0,000;14,100;14,100;0,000;0,000
01.05.2026;18:03:00;1084;162,341;158,000;0,000;14,100;14,100;0,000;0,000
01.05.2026;18:04:00;1085;161,967;158,000;0,000;14,100;14,100;0,000;0,000
01.05.2026;18:05:00;1086;161,539;158,000;0,000;14,100;14,100;0,000;0,000
01.05.2026;18:06:00;1087;161,753;158,000;0,000;14,100;14,100;0,000;0,000
01.05.2026;18:07:00;1088;161,539;158,000;0,000;14,100;14,100;0,000;0,000
01.05.2026;18:08:00;1089;160,790;158,000;0,000;14,100;14,100;0,000;0,000
01.05.2026;18:09:00;1090;160,470;158,000;0,000;14,100;14,100;0,000;0,000
01.05.2026;18:10:00;1091;160,470;158,000;0,000;14,100;14,100;0,000;0,000
01.05.2026;18:11:00;1092;160,470;158,000;0,000;14,100;14,100;0,000;0,000
01.05.2026;18:12:00;1093;160,256;158,000;0,000;14,100;14,100;0,000;0,000
01.05.2026;18:13:00;1094;160,790;158,000;0,000;14,100;14,100;0,000;0,000
01.05.2026;18:14:00;1095;160,630;158,000;0,000;14,100;14,100;0,000;0,000
01.05.2026;18:15:00;1096;160,630;158,000;0,000;14,100;14,100;0,000;0,000
01.05.2026;18:16:00;1097;160,630;158,000;0,000;14,100;14,100;0,000;0,000
01.05.2026;18:17:00;1098;160,897;158,000;0,000;14,100;14,100;0,000;0,000
01.05.2026;18:18:00;1099;160,416;158,000;0,000;14,100;14,100;0,000;0,000
01.05.2026;18:19:00;1100;160,149;158,000;0,000;14,100;14,100;0,000;0,000
01.05.2026;18:20:00;1101;160,149;158,000;0,000;14,100;14,100;0,000;0,000
01.05.2026;18:21:00;1102;160,256;158,000;0,000;14,100;14,100;0,000;0,000
01.05.2026;18:22:00;1103;160,256;158,000;0,000;14,100;14,100;0,000;0,000
01.05.2026;18:23:00;1104;160,095;158,000;0,000;14,100;14,100;0,000;0,000
01.05.2026;18:24:00;1105;160,095;158,000;0,000;14,100;14,100;0,000;0,000
01.05.2026;18:25:00;1106;159,721;158,000;0,000;14,100;14,100;0,000;0,000
01.05.2026;18:26:00;1107;159,828;158,000;0,000;14,100;14,100;0,000;0,000
01.05.2026;18:27:00;1108;160,470;158,000;0,000;14,100;14,100;0,000;0,000
01.05.2026;18:28:00;1109;159,988;158,000;0,000;14,100;14,100;0,000;0,000
01.05.2026;18:29:00;1110;159,454;158,000;0,000;14,100;14,100;0,000;0,000
01.05.2026;18:30:00;1111;160,523;158,000;0,000;14,100;14,100;0,000;0,000
01.05.2026;18:31:00;1112;160,684;158,000;0,000;14,100;14,100;0,000;0,000
01.05.2026;18:32:00;1113;160,790;158,000;0,000;14,100;14,100;0,000;0,000
01.05.2026;18:33:00;1114;160,470;158,000;0,000;14,100;14,100;0,000;0,000
01.05.2026;18:34:00;1115;160,737;158,000;0,000;14,100;14,100;0,000;0,000
01.05.2026;18:35:00;1116;159,828;158,000;0,000;14,100;14,100;0,000;0,000
01.05.2026;18:36:00;1117;159,293;158,000;0,000;14,100;14,100;0,000;0,000
01.05.2026;18:37:00;1118;159,133;158,000;0,000;14,100;14,100;0,000;0,000
01.05.2026;18:38:00;1119;159,400;158,000;0,000;14,100;14,100;0,000;0,000
01.05.2026;18:39:00;1120;159,186;158,000;0,000;14,100;14,100;0,000;0,000
01.05.2026;18:40:00;1121;159,133;158,000;0,000;14,100;14,100;0,000;0,000
01.05.2026;18:41:00;1122;159,454;158,000;0,000;14,100;14,100;0,000;0,000
01.05.2026;18:42:00;1123;159,721;158,000;0,000;14,100;14,100;0,000;0,000
01.05.2026;18:43:00;1124;159,935;158,000;0,000;14,100;14,100;0,000;0,000
01.05.2026;18:44:00;1125;160,149;158,000;0,000;14,100;14,100;0,000;0,000
01.05.2026;18:45:00;1126;159,881;158,000;0,000;14,100;14,100;0,000;0,000
01.05.2026;18:46:00;1127;160,202;158,000;0,000;14,100;14,100;0,000;0,000
01.05.2026;18:47:00;1128;159,668;158,000;0,000;14,100;14,100;0,000;0,000
01.05.2026;18:48:00;1129;160,095;158,000;0,000;14,100;14,100;0,000;0,000
01.05.2026;18:49:00;1130;159,721;158,000;0,000;14,100;14,100;0,000;0,000
01.05.2026;18:50:00;1131;160,095;158,000;0,000;14,100;14,100;0,000;0,000
01.05.2026;18:51:00;1132;159,614;158,000;0,000;14,100;14,100;0,000;0,000
01.05.2026;18:52:00;1133;159,454;158,000;0,000;14,100;14,100;0,000;0,000
01.05.2026;18:53:00;1134;159,721;158,000;0,000;14,100;14,100;0,000;0,000
01.05.2026;18:54:00;1135;159,347;158,000;0,000;14,100;14,100;0,000;0,000
01.05.2026;18:55:00;1136;158,598;158,000;0,000;14,100;14,100;0,000;0,000
01.05.2026;18:56:00;1137;159,079;158,000;0,000;14,100;14,100;0,000;0,000
01.05.2026;18:57:00;1138;158,919;158,000;0,000;14,100;14,100;0,000;0,000
01.05.2026;18:58:00;1139;159,561;158,000;0,000;14,100;14,100;0,000;0,000
01.05.2026;18:59:00;1140;159,881;158,000;-2,104;14,100;14,100;0,000;3,209
01.05.2026;19:00:00;1141;159,400;157,000;-2,209;14,100;14,100;14,754;17,995
01.05.2026;19:01:00;1142;158,491;157,000;-10,459;14,100;14,100;20,416;21,742
01.05.2026;19:02:00;1143;158,331;157,000;-15,532;14,100;14,100;20,952;22,015
01.05.2026;19:03:00;1144;158,117;157,000;-15,469;14,100;14,100;20,984;21,994
01.05.2026;19:04:00;1145;157,582;157,000;-15,553;14,100;14,100;20,731;21,626
01.05.2026;19:05:00;1146;157,529;157,000;-15,301;14,100;14,100;21,226;22,173
01.05.2026;19:06:00;1147;157,047;157,000;-14,900;14,100;14,100;21,215;21,952
01.05.2026;19:07:00;1148;157,154;157,000;-14,690;14,100;14,100;21,100;22,068
01.05.2026;19:08:00;1149;156,887;157,000;-14,585;14,100;14,100;21,142;22,110
01.05.2026;19:09:00;1150;156,727;157,000;-14,185;14,100;14,100;21,110;22,036
01.05.2026;19:10:00;1151;157,047;157,000;-14,732;14,100;14,100;21,268;22,173
01.05.2026;19:11:00;1152;157,422;157,000;-15,132;14,100;14,100;21,005;21,878
01.05.2026;19:12:00;1153;157,422;157,000;-15,722;14,100;14,100;21,142;21,784
01.05.2026;19:13:00;1154;157,475;157,000;-15,553;14,100;14,100;20,952;22,089
01.05.2026;19:14:00;1155;157,422;157,000;-15,722;14,100;14,100;20,952;21,899
01.05.2026;19:15:00;1156;157,208;157,000;-16,057;14,100;14,100;20,900;21,720
01.05.2026;19:16:00;1157;158,277;157,000;-16,542;14,100;14,100;20,826;22,036
01.05.2026;19:17:00;1158;158,759;157,000;-16,373;14,100;14,100;21,142;21,794
01.05.2026;19:18:00;1159;157,850;157,000;-15,259;14,100;14,100;21,110;21,984
01.05.2026;19:19:00;1160;158,277;157,000;-16,079;14,100;14,100;20,994;22,057
01.05.2026;19:20:00;1161;158,598;157,000;-16,184;14,100;14,100;21,163;22,068
01.05.2026;19:21:00;1162;157,850;157,000;-15,763;14,100;14,100;21,384;22,068
01.05.2026;19:22:00;1163;158,063;157,000;-15,889;14,100;14,100;21,110;22,152
01.05.2026;19:23:00;1164;157,582;157,000;-14,711;14,100;14,100;21,268;22,120
01.05.2026;19:24:00;1165;157,796;157,000;-15,364;14,100;14,100;20,942;21,984
01.05.2026;19:25:00;1166;157,956;157,000;-15,490;14,100;14,100;21,142;21,931
01.05.2026;19:26:00;1167;157,850;157,000;-15,637;14,100;14,100;21,205;22,036
01.05.2026;19:27:00;1168;157,529;157,000;-15,132;14,100;14,100;21,268;22,110
01.05.2026;19:28:00;1169;157,422;157,000;-15,616;14,100;14,100;21,089;22,089
01.05.2026;19:29:00;1170;157,582;157,000;-15,384;14,100;14,100;21,100;21,931
01.05.2026;19:30:00;1171;157,529;157,000;-15,869;14,100;14,100;21,152;22,099
01.05.2026;19:31:00;1172;157,422;157,000;-15,490;14,100;14,100;21,110;22,047
01.05.2026;19:32:00;1173;157,475;157,000;-16,016;14,100;14,100;20,963;21,984
01.05.2026;19:33:00;1174;157,743;157,000;-16,501;14,100;14,100;20,805;21,731
01.05.2026;19:34:00;1175;157,850;157,000;-15,827;14,100;14,100;20,668;21,720
01.05.2026;19:35:00;1176;158,010;157,000;-16,037;14,100;14,100;20,510;21,636
01.05.2026;19:36:00;1177;157,315;157,000;-16,205;14,100;14,100;20,794;21,689
01.05.2026;19:37:00;1178;157,582;157,000;-16,374;14,100;14,100;20,836;21,594
01.05.2026;19:38:00;1179;157,475;157,000;-15,552;14,100;14,100;20,773;21,699
01.05.2026;19:39:00;1180;157,261;157,000;-15,911;14,100;14,100;20,858;21,699
01.05.2026;19:40:00;1181;157,475;157,000;-15,384;14,100;14,100;20,731;21,647
01.05.2026;19:41:00;1182;157,154;157,000;-15,384;14,100;14,100;20,689;21,689
01.05.2026;19:42:00;1183;157,475;157,000;-15,532;14,100;14,100;20,784;21,647
01.05.2026;19:43:00;1184;156,513;157,000;-14,942;14,100;14,100;20,900;21,742
01.05.2026;19:44:00;1185;156,673;157,000;-13,344;14,100;14,100;20,900;21,678
01.05.2026;19:45:00;1186;156,780;157,000;-11,259;14,100;14,100;20,689;21,752
01.05.2026;19:46:00;1187;157,047;157,000;-12,648;14,100;14,100;20,879;21,478
01.05.2026;19:47:00;1188;157,154;157,000;-15,026;14,100;14,100;20,584;21,489
01.05.2026;19:48:00;1189;157,047;157,000;-12,669;14,100;14,100;20,510;21,636
01.05.2026;19:49:00;1190;157,582;157,000;-11,596;14,100;14,100;20,573;21,521
01.05.2026;19:50:00;1191;156,673;157,000;-13,322;14,100;14,100;20,573;21,594
01.05.2026;19:51:00;1192;156,940;157,000;-11,891;14,100;14,100;20,626;21,584
01.05.2026;19:52:00;1193;157,154;157,000;-8,670;14,100;14,100;21,005;21,300
01.05.2026;19:53:00;1194;156,513;157,000;-7,681;14,100;14,100;20,542;21,521
01.05.2026;19:54:00;1195;156,406;157,000;-10,755;14,100;14,100;20,679;21,521
01.05.2026;19:55:00;1196;156,620;157,000;-8,080;14,100;14,100;20,542;21,563
01.05.2026;19:56:00;1197;156,994;157,000;-8,565;14,100;14,100;20,910;21,478
01.05.2026;19:57:00;1198;156,780;157,000;-9,050;14,100;14,100;20,626;21,478
01.05.2026;19:58:00;1199;157,315;157,000;-12,565;14,100;14,100;20,805;21,478
01.05.2026;19:59:00;1200;157,475;157,000;-14,185;14,100;14,100;20,963;21,521
01.05.2026;20:00:00;1201;156,940;157,000;-14,227;14,100;14,100;21,005;21,542
01.05.2026;20:01:00;1202;157,315;157,000;-14,922;14,100;14,100;20,826;21,331
01.05.2026;20:02:00;1203;157,956;157,000;-15,743;14,100;14,100;20,626;21,321
01.05.2026;20:03:00;1204;157,956;157,000;-15,321;14,100;14,100;20,805;21,542
01.05.2026;20:04:00;1205;157,796;157,000;-15,258;14,100;14,100;20,731;21,542
01.05.2026;20:05:00;1206;157,582;157,000;-15,027;14,100;14,100;20,531;21,426
01.05.2026;20:06:00;1207;157,208;157,000;-14,669;14,100;14,100;20,826;21,542
01.05.2026;20:07:00;1208;157,208;157,000;-14,122;14,100;14,100;21,005;21,521
01.05.2026;20:08:00;1209;156,780;157,000;-9,092;14,100;14,100;20,858;21,510
01.05.2026;20:09:00;1210;157,422;157,000;-6,145;14,100;14,100;20,773;21,573
01.05.2026;20:10:00;1211;156,940;157,000;-14,100;14,100;14,100;20,847;21,510
01.05.2026;20:11:00;1212;156,994;157,000;-12,922;14,100;14,100;20,700;21,436
01.05.2026;20:12:00;1213;156,780;157,000;-14,437;14,100;14,100;20,594;21,384
01.05.2026;20:13:00;1214;156,994;157,000;-14,922;14,100;14,100;20,858;21,405
01.05.2026;20:14:00;1215;157,208;157,000;-14,922;14,100;14,100;20,858;21,594
01.05.2026;20:15:00;1216;156,780;157,000;-14,796;14,100;14,100;21,057;21,478
01.05.2026;20:16:00;1217;157,047;157,000;-14,817;14,100;14,100;20,742;21,415
01.05.2026;20:17:00;1218;157,208;157,000;-14,584;14,100;14,100;20,700;21,742
01.05.2026;20:18:00;1219;157,154;157,000;-14,796;14,100;14,100;20,879;21,773
01.05.2026;20:19:00;1220;157,208;157,000;-14,943;14,100;14,100;20,805;21,478
01.05.2026;20:20:00;1221;157,315;157,000;-14,922;14,100;14,100;20,836;21,563
01.05.2026;20:21:00;1222;156,727;157,000;-14,395;14,100;14,100;20,879;21,647
01.05.2026;20:22:00;1223;156,940;157,000;-15,069;14,100;14,100;20,742;21,542
01.05.2026;20:23:00;1224;157,208;157,000;-15,869;14,100;14,100;20,984;21,647
01.05.2026;20:24:00;1225;157,582;157,000;-15,722;14,100;14,100;20,858;21,731
01.05.2026;20:25:00;1226;156,994;157,000;-14,859;14,100;14,100;20,752;21,636
01.05.2026;20:26:00;1227;157,261;157,000;-15,342;14,100;14,100;20,836;21,563
01.05.2026;20:27:00;1228;156,994;157,000;-14,712;14,100;14,100;20,879;21,457
01.05.2026;20:28:00;1229;157,422;157,000;-15,258;14,100;14,100;20,584;21,636
01.05.2026;20:29:00;1230;156,940;157,000;-15,237;14,100;14,100;20,615;21,584
01.05.2026;20:30:00;1231;157,796;157,000;-16,163;14,100;14,100;20,437;21,752
01.05.2026;20:31:00;1232;157,796;157,000;-16,458;14,100;14,100;20,573;21,594
01.05.2026;20:32:00;1233;157,956;157,000;-16,711;14,100;14,100;20,826;21,626
01.05.2026;20:33:00;1234;157,689;157,000;-16,079;14,100;14,100;20,731;21,415
01.05.2026;20:34:00;1235;157,422;157,000;-15,974;14,100;14,100;20,742;21,699
01.05.2026;20:35:00;1236;157,529;157,000;-15,637;14,100;14,100;20,563;21,426
01.05.2026;20:36:00;1237;157,261;157,000;-14,985;14,100;14,100;20,731;21,531
01.05.2026;20:37:00;1238;157,582;157,000;-15,595;14,100;14,100;20,626;21,615
01.05.2026;20:38:00;1239;157,208;157,000;-14,691;14,100;14,100;20,679;21,752
01.05.2026;20:39:00;1240;157,154;157,000;-15,279;14,100;14,100;20,542;21,510
01.05.2026;20:40:00;1241;157,582;157,000;-15,763;14,100;14,100;20,458;21,647
01.05.2026;20:41:00;1242;157,422;157,000;-15,700;14,100;14,100;20,573;21,478
01.05.2026;20:42:00;1243;156,994;157,000;-15,595;14,100;14,100;20,584;21,626
01.05.2026;20:43:00;1244;157,315;157,000;-15,448;14,100;14,100;20,626;21,626
01.05.2026;20:44:00;1245;157,261;157,000;-15,279;14,100;14,100;20,521;21,542
01.05.2026;20:45:00;1246;157,315;157,000;-15,259;14,100;14,100;20,626;21,531
01.05.2026;20:46:00;1247;157,743;157,000;-15,364;14,100;14,100;20,563;21,626
01.05.2026;20:47:00;1248;157,582;157,000;-15,406;14,100;14,100;20,679;21,626
01.05.2026;20:48:00;1249;157,689;157,000;-15,385;14,100;14,100;20,752;21,615
01.05.2026;20:49:00;1250;157,850;157,000;-16,184;14,100;14,100;20,563;21,436
01.05.2026;20:50:00;1251;157,529;157,000;-15,700;14,100;14,100;20,521;21,678
01.05.2026;20:51:00;1252;157,475;157,000;-15,889;14,100;14,100;20,668;21,647
01.05.2026;20:52:00;1253;157,796;157,000;-15,827;14,100;14,100;20,637;21,510
01.05.2026;20:53:00;1254;157,422;157,000;-16,015;14,100;14,100;20,900;21,731
01.05.2026;20:54:00;1255;157,315;157,000;-15,469;14,100;14,100;20,900;21,573
01.05.2026;20:55:00;1256;157,208;157,000;-15,005;14,100;14,100;20,879;21,689
01.05.2026;20:56:00;1257;157,529;157,000;-15,616;14,100;14,100;21,110;21,805
01.05.2026;20:57:00;1258;157,154;157,000;-15,700;14,100;14,100;21,163;21,805
01.05.2026;20:58:00;1259;157,796;157,000;-16,058;14,100;14,100;20,826;22,015
01.05.2026;20:59:00;1260;157,689;157,000;-16,079;14,100;14,100;20,910;21,878
01.05.2026;21:00:00;1261;157,582;157,000;-15,448;14,100;14,100;21,015;21,773
01.05.2026;21:01:00;1262;156,887;157,000;-14,354;14,100;14,100;20,984;22,005
01.05.2026;21:02:00;1263;157,422;157,000;-14,311;14,100;14,100;20,826;21,742
01.05.2026;21:03:00;1264;157,582;157,000;-13,470;14,100;14,100;20,994;22,036
01.05.2026;21:04:00;1265;158,063;157,000;-15,910;14,100;14,100;20,794;21,647
01.05.2026;21:05:00;1266;157,743;157,000;-15,763;14,100;14,100;21,089;21,889
01.05.2026;21:06:00;1267;157,315;157,000;-15,279;14,100;14,100;20,994;21,994
01.05.2026;21:07:00;1268;157,422;157,000;-14,879;14,100;14,100;20,742;21,878
01.05.2026;21:08:00;1269;157,047;157,000;-15,279;14,100;14,100;20,679;21,952
01.05.2026;21:09:00;1270;157,582;157,000;-15,427;14,100;14,100;20,731;21,752
01.05.2026;21:10:00;1271;157,743;157,000;-15,805;14,100;14,100;20,647;21,994
01.05.2026;21:11:00;1272;157,956;157,000;-16,100;14,100;14,100;20,637;21,510
01.05.2026;21:12:00;1273;157,154;157,000;-15,237;14,100;14,100;20,731;21,531
01.05.2026;21:13:00;1274;157,475;157,000;-15,532;14,100;14,100;20,721;21,626
01.05.2026;21:14:00;1275;157,422;157,000;-15,700;14,100;14,100;20,668;21,531
01.05.2026;21:15:00;1276;158,063;157,000;-16,121;14,100;14,100;20,847;21,573
01.05.2026;21:16:00;1277;157,475;157,000;-15,426;14,100;14,100;20,858;21,363
01.05.2026;21:17:00;1278;157,689;157,000;-15,764;14,100;14,100;20,573;21,678
01.05.2026;21:18:00;1279;157,475;157,000;-15,616;14,100;14,100;20,647;21,510
01.05.2026;21:19:00;1280;157,582;157,000;-15,911;14,100;14,100;20,700;21,331
01.05.2026;21:20:00;1281;157,743;157,000;-16,163;14,100;14,100;20,721;21,205
01.05.2026;21:21:00;1282;157,208;157,000;-15,743;14,100;14,100;20,805;21,615
01.05.2026;21:22:00;1283;157,689;157,000;-15,658;14,100;14,100;20,637;21,542
01.05.2026;21:23:00;1284;157,689;157,000;-15,890;14,100;14,100;20,689;21,510
01.05.2026;21:24:00;1285;158,063;157,000;-16,352;14,100;14,100;20,647;21,563
01.05.2026;21:25:00;1286;158,063;157,000;-16,837;14,100;14,100;20,437;21,563
01.05.2026;21:26:00;1287;157,956;157,000;-16,142;14,100;14,100;20,489;21,384
01.05.2026;21:27:00;1288;157,475;157,000;-15,764;14,100;14,100;20,437;21,478
01.05.2026;21:28:00;1289;157,689;157,000;-15,679;14,100;14,100;20,479;21,563
01.05.2026;21:29:00;1290;157,208;157,000;-15,153;14,100;14,100;20,615;21,521
01.05.2026;21:30:00;1291;157,689;157,000;-15,785;14,100;14,100;20,731;21,531
01.05.2026;21:31:00;1292;157,582;157,000;-15,616;14,100;14,100;20,468;21,300
01.05.2026;21:32:00;1293;157,582;157,000;-16,331;14,100;14,100;20,615;21,426
01.05.2026;21:33:00;1294;157,529;157,000;-16,036;14,100;14,100;20,731;21,478
01.05.2026;21:34:00;1295;157,796;157,000;-16,309;14,100;14,100;20,531;21,542
01.05.2026;21:35:00;1296;158,545;157,000;-16,142;14,100;14,100;20,742;21,531
01.05.2026;21:36:00;1297;157,850;157,000;-16,331;14,100;14,100;20,752;21,457
01.05.2026;21:37:00;1298;157,956;157,000;-16,394;14,100;14,100;20,731;21,489
01.05.2026;21:38:00;1299;158,063;157,000;-16,606;14,100;14,100;20,542;21,720
01.05.2026;21:39:00;1300;158,598;157,000;-16,753;14,100;14,100;20,594;21,489
01.05.2026;21:40:00;1301;158,063;157,000;-16,225;14,100;14,100;20,805;21,584
01.05.2026;21:41:00;1302;158,010;157,000;-15,953;14,100;14,100;20,679;21,373
01.05.2026;21:42:00;1303;158,384;157,000;-16,268;14,100;14,100;20,668;21,689
01.05.2026;21:43:00;1304;158,865;157,000;-16,079;14,100;14,100;20,542;21,405
01.05.2026;21:44:00;1305;158,598;157,000;-15,827;14,100;14,100;20,626;21,405
01.05.2026;21:45:00;1306;158,865;157,000;-15,406;14,100;14,100;20,521;21,678
01.05.2026;21:46:00;1307;158,652;157,000;-15,511;14,100;14,100;20,584;21,584
01.05.2026;21:47:00;1308;158,652;157,000;-15,805;14,100;14,100;20,468;21,847
01.05.2026;21:48:00;1309;158,759;157,000;-15,616;14,100;14,100;20,668;21,773
01.05.2026;21:49:00;1310;158,598;157,000;-16,078;14,100;14,100;20,584;21,742
01.05.2026;21:50:00;1311;158,598;157,000;-16,205;14,100;14,100;20,563;21,542
01.05.2026;21:51:00;1312;158,331;157,000;-15,469;14,100;14,100;20,479;21,720
01.05.2026;21:52:00;1313;159,881;157,000;-17,469;14,100;14,100;20,668;21,794
01.05.2026;21:53:00;1314;159,828;157,000;-15,617;14,100;14,100;20,637;21,626
01.05.2026;21:54:00;1315;159,347;157,000;-14,416;14,100;14,100;20,563;21,584
01.05.2026;21:55:00;1316;159,881;157,000;-15,827;14,100;14,100;20,563;21,584
01.05.2026;21:56:00;1317;159,561;157,000;-15,932;14,100;14,100;20,752;21,626
01.05.2026;21:57:00;1318;159,079;157,000;-14,711;14,100;14,100;20,647;21,626
01.05.2026;21:58:00;1319;159,347;157,000;-15,364;14,100;14,100;20,573;21,699
01.05.2026;21:59:00;1320;159,988;157,000;-16,352;14,100;14,100;20,563;21,615
01.05.2026;22:00:00;1321;159,614;157,000;-15,426;14,100;14,100;20,700;21,668
01.05.2026;22:01:00;1322;159,721;157,000;-15,616;14,100;14,100;20,700;21,805
01.05.2026;22:02:00;1323;159,347;157,000;-15,574;14,100;14,100;20,594;21,826
01.05.2026;22:03:00;1324;160,095;157,000;-16,332;14,100;14,100;20,910;21,626
01.05.2026;22:04:00;1325;159,881;157,000;-15,532;14,100;14,100;20,489;21,584
01.05.2026;22:05:00;1326;159,828;157,000;-15,427;14,100;14,100;20,521;21,689
01.05.2026;22:06:00;1327;159,400;157,000;-15,764;14,100;14,100;20,594;21,794
01.05.2026;22:07:00;1328;159,668;157,000;-15,258;14,100;14,100;20,679;21,668
01.05.2026;22:08:00;1329;158,117;157,000;-13,237;14,100;14,100;20,826;21,521
01.05.2026;22:09:00;1330;158,384;157,000;-13,722;14,100;14,100;20,794;21,689
01.05.2026;22:10:00;1331;158,491;157,000;-16,248;14,100;14,100;20,626;21,542
01.05.2026;22:11:00;1332;159,400;157,000;-16,773;14,100;14,100;20,679;21,731
01.05.2026;22:12:00;1333;158,865;157,000;-16,290;14,100;14,100;20,689;21,647
01.05.2026;22:13:00;1334;159,026;157,000;-16,500;14,100;14,100;20,573;21,689
01.05.2026;22:14:00;1335;158,652;157,000;-16,521;14,100;14,100;20,731;21,720
01.05.2026;22:15:00;1336;158,812;157,000;-15,995;14,100;14,100;20,700;21,731
01.05.2026;22:16:00;1337;158,491;157,000;-16,058;14,100;14,100;20,573;21,573
01.05.2026;22:17:00;1338;158,652;157,000;-16,121;14,100;14,100;20,794;21,731
01.05.2026;22:18:00;1339;158,598;157,000;-15,490;14,100;14,100;20,721;21,794
01.05.2026;22:19:00;1340;158,224;157,000;-15,890;14,100;14,100;20,531;21,878
01.05.2026;22:20:00;1341;158,224;157,000;-15,448;14,100;14,100;20,510;21,794
01.05.2026;22:21:00;1342;157,850;157,000;-15,195;14,100;14,100;20,689;21,563
01.05.2026;22:22:00;1343;158,277;157,000;-16,120;14,100;14,100;20,689;21,699
01.05.2026;22:23:00;1344;158,812;157,000;-16,752;14,100;14,100;20,615;21,626
01.05.2026;22:24:00;1345;159,186;157,000;-16,373;14,100;14,100;20,573;21,742
01.05.2026;22:25:00;1346;159,454;157,000;-18,078;14,100;14,100;20,637;21,794
01.05.2026;22:26:00;1347;159,079;157,000;-16,627;14,100;14,100;20,584;21,689
01.05.2026;22:27:00;1348;159,614;157,000;-17,279;14,100;14,100;20,679;21,752
01.05.2026;22:28:00;1349;160,523;157,000;-17,469;14,100;14,100;20,752;21,542
01.05.2026;22:29:00;1350;160,149;157,000;-16,837;14,100;14,100;20,700;21,720
01.05.2026;22:30:00;1351;159,614;157,000;-16,037;14,100;14,100;20,615;21,836
01.05.2026;22:31:00;1352;160,202;157,000;-16,225;14,100;14,100;20,836;21,720
01.05.2026;22:32:00;1353;159,561;157,000;-15,532;14,100;14,100;20,594;21,742
01.05.2026;22:33:00;1354;159,293;157,000;-14,522;14,100;14,100;20,615;21,773
01.05.2026;22:34:00;1355;159,454;157,000;-16,732;14,100;14,100;20,626;21,594
01.05.2026;22:35:00;1356;158,919;157,000;-15,848;14,100;14,100;20,731;21,794
01.05.2026;22:36:00;1357;159,186;157,000;-15,953;14,100;14,100;20,637;21,805
01.05.2026;22:37:00;1358;157,743;157,000;-15,048;14,100;14,100;20,489;21,889
01.05.2026;22:38:00;1359;158,224;157,000;-15,700;14,100;14,100;20,700;21,689
01.05.2026;22:39:00;1360;158,224;157,000;-15,406;14,100;14,100;20,615;21,805
01.05.2026;22:40:00;1361;157,743;157,000;-15,364;14,100;14,100;20,584;21,836
01.05.2026;22:41:00;1362;158,063;157,000;-15,406;14,100;14,100;20,689;21,742
01.05.2026;22:42:00;1363;158,277;157,000;-15,784;14,100;14,100;20,773;21,689
01.05.2026;22:43:00;1364;158,384;157,000;-16,121;14,100;14,100;20,668;21,636
01.05.2026;22:44:00;1365;158,331;157,000;-16,184;14,100;14,100;20,742;21,794
01.05.2026;22:45:00;1366;158,063;157,000;-15,658;14,100;14,100;20,689;21,794
01.05.2026;22:46:00;1367;158,224;157,000;-16,522;14,100;14,100;20,752;21,310
01.05.2026;22:47:00;1368;158,117;157,000;-15,805;14,100;14,100;20,626;21,310
01.05.2026;22:48:00;1369;158,491;157,000;-16,963;14,100;14,100;20,994;21,068
01.05.2026;22:49:00;1370;159,347;157,000;-16,943;14,100;14,100;20,984;21,310
01.05.2026;22:50:00;1371;158,919;157,000;-16,605;14,100;14,100;21,005;21,384
01.05.2026;22:51:00;1372;158,812;157,000;-15,932;14,100;14,100;20,900;21,352
01.05.2026;22:52:00;1373;158,865;157,000;-16,795;14,100;14,100;20,942;21,300
01.05.2026;22:53:00;1374;159,186;157,000;-16,605;14,100;14,100;20,910;21,110
01.05.2026;22:54:00;1375;159,079;157,000;-17,111;14,100;14,100;21,100;21,215
01.05.2026;22:55:00;1376;159,561;157,000;-17,006;14,100;14,100;20,952;21,194
01.05.2026;22:56:00;1377;159,293;157,000;-17,132;14,100;14,100;20,942;21,363
01.05.2026;22:57:00;1378;159,133;157,000;-16,079;14,100;14,100;20,879;21,363
01.05.2026;22:58:00;1379;158,545;157,000;-14,816;14,100;14,100;20,931;21,257
01.05.2026;22:59:00;1380;158,384;157,000;-15,575;14,100;14,100;20,900;21,110
01.05.2026;23:00:00;1381;156,459;157,000;-13,112;14,100;14,100;20,794;21,415
01.05.2026;23:01:00;1382;156,780;157,000;-8,670;14,100;14,100;20,952;21,268
01.05.2026;23:02:00;1383;157,208;157,000;-9,639;14,100;14,100;21,173;21,257
01.05.2026;23:03:00;1384;157,208;157,000;-10,544;14,100;14,100;20,836;21,278
01.05.2026;23:04:00;1385;157,261;157,000;-7,681;14,100;14,100;21,068;21,310
01.05.2026;23:05:00;1386;157,047;157,000;-8,775;14,100;14,100;20,942;21,468
01.05.2026;23:06:00;1387;157,154;157,000;-9,976;14,100;14,100;20,879;21,163
01.05.2026;23:07:00;1388;157,154;157,000;-9,071;14,100;14,100;20,700;21,594
01.05.2026;23:08:00;1389;156,887;157,000;-5,998;14,100;14,100;20,805;21,415
01.05.2026;23:09:00;1390;157,582;157,000;-12,396;14,100;14,100;20,563;21,478
01.05.2026;23:10:00;1391;156,620;157,000;-11,301;14,100;14,100;20,731;21,468
01.05.2026;23:11:00;1392;156,887;157,000;-12,101;14,100;14,100;20,689;21,563
01.05.2026;23:12:00;1393;156,887;157,000;-12,838;14,100;14,100;20,752;21,415
01.05.2026;23:13:00;1394;158,331;157,000;-15,974;14,100;14,100;20,626;21,457
01.05.2026;23:14:00;1395;158,117;157,000;-15,658;14,100;14,100;20,531;21,542
01.05.2026;23:15:00;1396;157,689;157,000;-15,048;14,100;14,100;20,573;21,426
01.05.2026;23:16:00;1397;157,850;157,000;-15,006;14,100;14,100;20,489;21,742
01.05.2026;23:17:00;1398;157,422;157,000;-15,279;14,100;14,100;20,594;21,594
01.05.2026;23:18:00;1399;157,850;157,000;-16,184;14,100;14,100;20,721;21,478
01.05.2026;23:19:00;1400;157,208;157,000;-15,806;14,100;14,100;20,626;21,910
01.05.2026;23:20:00;1401;157,261;157,000;-14,269;14,100;14,100;20,521;21,857
01.05.2026;23:21:00;1402;156,940;157,000;-10,565;14,100;14,100;20,594;21,784
01.05.2026;23:22:00;1403;157,956;157,000;-14,143;14,100;14,100;20,563;21,847
01.05.2026;23:23:00;1404;157,850;157,000;-14,333;14,100;14,100;20,668;21,784
01.05.2026;23:24:00;1405;157,529;157,000;-13,470;14,100;14,100;20,700;21,994
01.05.2026;23:25:00;1406;157,422;157,000;-14,017;14,100;14,100;20,900;21,857
01.05.2026;23:26:00;1407;156,727;157,000;-12,438;14,100;14,100;20,773;21,742
01.05.2026;23:27:00;1408;157,582;157,000;-11,238;14,100;14,100;20,773;21,794
01.05.2026;23:28:00;1409;157,529;157,000;-14,775;14,100;14,100;20,700;21,805
01.05.2026;23:29:00;1410;157,689;157,000;-14,585;14,100;14,100;20,521;21,899
01.05.2026;23:30:00;1411;156,673;157,000;-11,364;14,100;14,100;20,721;22,110
01.05.2026;23:31:00;1412;157,208;157,000;-11,660;14,100;14,100;20,847;21,994
01.05.2026;23:32:00;1413;157,422;157,000;-15,406;14,100;14,100;20,858;21,836
01.05.2026;23:33:00;1414;158,331;157,000;-16,732;14,100;14,100;20,900;21,910
01.05.2026;23:34:00;1415;158,545;157,000;-16,563;14,100;14,100;20,910;21,836
01.05.2026;23:35:00;1416;158,117;157,000;-16,457;14,100;14,100;20,931;22,099
01.05.2026;23:36:00;1417;158,117;157,000;-15,931;14,100;14,100;21,068;21,847
01.05.2026;23:37:00;1418;158,865;157,000;-15,679;14,100;14,100;20,752;21,826
01.05.2026;23:38:00;1419;158,545;157,000;-11,911;14,100;14,100;20,826;21,994
01.05.2026;23:39:00;1420;158,384;157,000;-9,260;14,100;14,100;20,752;21,805
01.05.2026;23:40:00;1421;158,331;157,000;-7,787;14,100;14,100;20,805;21,689
01.05.2026;23:41:00;1422;158,598;157,000;-8,208;14,100;14,100;20,847;4,630
01.05.2026;23:42:00;1423;157,582;157,000;-7,198;14,100;14,100;20,805;0,894
01.05.2026;23:43:00;1424;158,598;157,000;-8,145;14,100;14,100;20,700;0,000
01.05.2026;23:44:00;1425;158,652;157,000;-7,745;14,100;14,100;20,889;0,000
01.05.2026;23:45:00;1426;157,850;157,000;-7,219;14,100;14,100;20,689;0,000
01.05.2026;23:46:00;1427;158,598;157,000;-7,913;14,100;14,100;20,826;0,000
01.05.2026;23:47:00;1428;157,796;157,000;-7,387;14,100;14,100;20,773;0,000
01.05.2026;23:48:00;1429;157,582;157,000;-7,240;14,100;14,100;20,626;0,000
01.05.2026;23:49:00;1430;158,652;157,000;-7,661;14,100;14,100;20,784;0,000
01.05.2026;23:50:00;1431;158,331;157,000;-7,829;14,100;14,100;20,910;0,000
01.05.2026;23:51:00;1432;158,652;157,000;-7,955;14,100;14,100;20,805;0,000
01.05.2026;23:52:00;1433;158,759;157,000;-8,440;14,100;14,100;20,910;0,000
01.05.2026;23:53:00;1434;159,828;157,000;-8,924;14,100;14,100;20,773;0,000
01.05.2026;23:54:00;1435;159,561;157,000;-6,356;14,100;14,100;20,858;0,000
01.05.2026;23:55:00;1436;160,149;157,000;-2,567;14,100;14,100;20,984;0,000
01.05.2026;23:56:00;1437;161,218;157,000;-0,084;14,100;14,100;20,847;0,000
01.05.2026;23:57:00;1438;160,470;157,000;0,862;14,100;14,100;20,826;0,000
01.05.2026;23:58:00;1439;159,828;157,000;0,042;14,100;14,100;20,858;0,000
01.05.2026;23:59:00;1440;159,668;157,000;-0,126;14,100;14,100;6,882;0,000
