sep=;
Kaynak;Veri Tipi;Ölçüm Zamanı;YTM;Santral;YKS İç Bara ID;Bara ID;Bara Adı;TPYS Set;Canlı Bara;Pgen MW;Qgen MVAr;Yardımcı Kaynak MW;Yardımcı Kaynak MVAr;Yardımcı D.İ. Limit;Yardımcı A.İ. Limit;D.İ. Limit;A.İ. Limit;Ana Onay;Yardımcı Onay
"=""API""";"=""CONVENTIONAL""";"=""2026-05-01T00:00:00+03:00""";"=""OA_YTM""";"=""BAYRAMHACILI BARAJI ve HES""";"=""10933818988""";"=""2110""";"=""BAYRAMHACILI 154""";157;158,47;41,74;-16,05;;;;;-13,896;26,208;"=""1""";
"=""API""";"=""CONVENTIONAL""";"=""2026-05-01T00:01:00+03:00""";"=""OA_YTM""";"=""BAYRAMHACILI BARAJI ve HES""";"=""10933818988""";"=""2110""";"=""BAYRAMHACILI 154""";157;157,66;41,72;-14,97;;;;;-13,896;26,208;"=""1""";
"=""API""";"=""CONVENTIONAL""";"=""2026-05-01T00:02:00+03:00""";"=""OA_YTM""";"=""BAYRAMHACILI BARAJI ve HES""";"=""10933818988""";"=""2110""";"=""BAYRAMHACILI 154""";157;157,66;41,74;-13,7;;;;;-13,896;26,208;"=""1""";
"=""API""";"=""CONVENTIONAL""";"=""2026-05-01T00:03:00+03:00""";"=""OA_YTM""";"=""BAYRAMHACILI BARAJI ve HES""";"=""10933818988""";"=""2110""";"=""BAYRAMHACILI 154""";157;156,87;41,78;-13,19;;;;;-13,896;26,208;"=""1""";
"=""API""";"=""CONVENTIONAL""";"=""2026-05-01T00:04:00+03:00""";"=""OA_YTM""";"=""BAYRAMHACILI BARAJI ve HES""";"=""10933818988""";"=""2110""";"=""BAYRAMHACILI 154""";157;156,87;41,73;-11,56;;;;;-13,896;26,208;"=""1""";
"=""API""";"=""CONVENTIONAL""";"=""2026-05-01T00:05:00+03:00""";"=""OA_YTM""";"=""BAYRAMHACILI BARAJI ve HES""";"=""10933818988""";"=""2110""";"=""BAYRAMHACILI 154""";157;156,87;41,65;-13,84;;;;;-13,896;26,208;"=""1""";
"=""API""";"=""CONVENTIONAL""";"=""2026-05-01T00:06:00+03:00""";"=""OA_YTM""";"=""BAYRAMHACILI BARAJI ve HES""";"=""10933818988""";"=""2110""";"=""BAYRAMHACILI 154""";157;156,87;41,99;-14,56;;;;;-13,896;26,208;"=""1""";
"=""API""";"=""CONVENTIONAL""";"=""2026-05-01T00:07:00+03:00""";"=""OA_YTM""";"=""BAYRAMHACILI BARAJI ve HES""";"=""10933818988""";"=""2110""";"=""BAYRAMHACILI 154""";157;156,87;41,55;-14,31;;;;;-13,896;26,208;"=""1""";
"=""API""";"=""CONVENTIONAL""";"=""2026-05-01T00:08:00+03:00""";"=""OA_YTM""";"=""BAYRAMHACILI BARAJI ve HES""";"=""10933818988""";"=""2110""";"=""BAYRAMHACILI 154""";157;156,87;41,61;-14,2;;;;;-13,896;26,208;"=""1""";
"=""API""";"=""CONVENTIONAL""";"=""2026-05-01T00:09:00+03:00""";"=""OA_YTM""";"=""BAYRAMHACILI BARAJI ve HES""";"=""10933818988""";"=""2110""";"=""BAYRAMHACILI 154""";157;156,87;41,95;-14,2;;;;;-13,896;26,208;"=""1""";
"=""API""";"=""CONVENTIONAL""";"=""2026-05-01T00:10:00+03:00""";"=""OA_YTM""";"=""BAYRAMHACILI BARAJI ve HES""";"=""10933818988""";"=""2110""";"=""BAYRAMHACILI 154""";157;156,87;41,54;-14,83;;;;;-13,896;26,208;"=""1""";
"=""API""";"=""CONVENTIONAL""";"=""2026-05-01T00:11:00+03:00""";"=""OA_YTM""";"=""BAYRAMHACILI BARAJI ve HES""";"=""10933818988""";"=""2110""";"=""BAYRAMHACILI 154""";157;157,73;41,82;-15,49;;;;;-13,896;26,208;"=""1""";
"=""API""";"=""CONVENTIONAL""";"=""2026-05-01T00:12:00+03:00""";"=""OA_YTM""";"=""BAYRAMHACILI BARAJI ve HES""";"=""10933818988""";"=""2110""";"=""BAYRAMHACILI 154""";157;157,73;41,73;-15,52;;;;;-13,896;26,208;"=""1""";
"=""API""";"=""CONVENTIONAL""";"=""2026-05-01T00:13:00+03:00""";"=""OA_YTM""";"=""BAYRAMHACILI BARAJI ve HES""";"=""10933818988""";"=""2110""";"=""BAYRAMHACILI 154""";157;157,73;41,7;-14,9;;;;;-13,896;26,208;"=""1""";
"=""API""";"=""CONVENTIONAL""";"=""2026-05-01T00:14:00+03:00""";"=""OA_YTM""";"=""BAYRAMHACILI BARAJI ve HES""";"=""10933818988""";"=""2110""";"=""BAYRAMHACILI 154""";157;157,73;41,81;-14,75;;;;;-13,896;26,208;"=""1""";
"=""API""";"=""CONVENTIONAL""";"=""2026-05-01T00:15:00+03:00""";"=""OA_YTM""";"=""BAYRAMHACILI BARAJI ve HES""";"=""10933818988""";"=""2110""";"=""BAYRAMHACILI 154""";157;157,73;41,75;-15,09;;;;;-13,896;26,208;"=""1""";
"=""API""";"=""CONVENTIONAL""";"=""2026-05-01T00:16:00+03:00""";"=""OA_YTM""";"=""BAYRAMHACILI BARAJI ve HES""";"=""10933818988""";"=""2110""";"=""BAYRAMHACILI 154""";157;157,73;41,73;-14,45;;;;;-13,896;26,208;"=""1""";
"=""API""";"=""CONVENTIONAL""";"=""2026-05-01T00:17:00+03:00""";"=""OA_YTM""";"=""BAYRAMHACILI BARAJI ve HES""";"=""10933818988""";"=""2110""";"=""BAYRAMHACILI 154""";157;157,73;41,45;-14,45;;;;;-13,896;26,208;"=""1""";
"=""API""";"=""CONVENTIONAL""";"=""2026-05-01T00:18:00+03:00""";"=""OA_YTM""";"=""BAYRAMHACILI BARAJI ve HES""";"=""10933818988""";"=""2110""";"=""BAYRAMHACILI 154""";157;157,73;41,97;-15,5;;;;;-13,896;26,208;"=""1""";
"=""API""";"=""CONVENTIONAL""";"=""2026-05-01T00:19:00+03:00""";"=""OA_YTM""";"=""BAYRAMHACILI BARAJI ve HES""";"=""10933818988""";"=""2110""";"=""BAYRAMHACILI 154""";157;157,73;41,94;-15,8;;;;;-13,896;26,208;"=""1""";
"=""API""";"=""CONVENTIONAL""";"=""2026-05-01T00:20:00+03:00""";"=""OA_YTM""";"=""BAYRAMHACILI BARAJI ve HES""";"=""10933818988""";"=""2110""";"=""BAYRAMHACILI 154""";157;157,73;41,64;-15,8;;;;;-13,896;26,208;"=""1""";
"=""API""";"=""CONVENTIONAL""";"=""2026-05-01T00:21:00+03:00""";"=""OA_YTM""";"=""BAYRAMHACILI BARAJI ve HES""";"=""10933818988""";"=""2110""";"=""BAYRAMHACILI 154""";157;157,73;41,54;-15,8;;;;;-13,896;26,208;"=""1""";
"=""API""";"=""CONVENTIONAL""";"=""2026-05-01T00:22:00+03:00""";"=""OA_YTM""";"=""BAYRAMHACILI BARAJI ve HES""";"=""10933818988""";"=""2110""";"=""BAYRAMHACILI 154""";157;157,73;41,74;-16,12;;;;;-13,896;26,208;"=""1""";
"=""API""";"=""CONVENTIONAL""";"=""2026-05-01T00:23:00+03:00""";"=""OA_YTM""";"=""BAYRAMHACILI BARAJI ve HES""";"=""10933818988""";"=""2110""";"=""BAYRAMHACILI 154""";157;158,48;41,61;-16,15;;;;;-13,896;26,208;"=""1""";
"=""API""";"=""CONVENTIONAL""";"=""2026-05-01T00:24:00+03:00""";"=""OA_YTM""";"=""BAYRAMHACILI BARAJI ve HES""";"=""10933818988""";"=""2110""";"=""BAYRAMHACILI 154""";157;158,48;41,73;-16,15;;;;;-13,896;26,208;"=""1""";
"=""API""";"=""CONVENTIONAL""";"=""2026-05-01T00:25:00+03:00""";"=""OA_YTM""";"=""BAYRAMHACILI BARAJI ve HES""";"=""10933818988""";"=""2110""";"=""BAYRAMHACILI 154""";157;158,48;41,85;-16,15;;;;;-13,896;26,208;"=""1""";
"=""API""";"=""CONVENTIONAL""";"=""2026-05-01T00:26:00+03:00""";"=""OA_YTM""";"=""BAYRAMHACILI BARAJI ve HES""";"=""10933818988""";"=""2110""";"=""BAYRAMHACILI 154""";157;157,5;41,73;-14,93;;;;;-13,896;26,208;"=""1""";
"=""API""";"=""CONVENTIONAL""";"=""2026-05-01T00:27:00+03:00""";"=""OA_YTM""";"=""BAYRAMHACILI BARAJI ve HES""";"=""10933818988""";"=""2110""";"=""BAYRAMHACILI 154""";157;157,5;41,96;-14,93;;;;;-13,896;26,208;"=""1""";
"=""API""";"=""CONVENTIONAL""";"=""2026-05-01T00:28:00+03:00""";"=""OA_YTM""";"=""BAYRAMHACILI BARAJI ve HES""";"=""10933818988""";"=""2110""";"=""BAYRAMHACILI 154""";157;157,5;41,82;-15,83;;;;;-13,896;26,208;"=""1""";
"=""API""";"=""CONVENTIONAL""";"=""2026-05-01T00:29:00+03:00""";"=""OA_YTM""";"=""BAYRAMHACILI BARAJI ve HES""";"=""10933818988""";"=""2110""";"=""BAYRAMHACILI 154""";157;157,5;41,79;-16,24;;;;;-13,896;26,208;"=""1""";
"=""API""";"=""CONVENTIONAL""";"=""2026-05-01T00:30:00+03:00""";"=""OA_YTM""";"=""BAYRAMHACILI BARAJI ve HES""";"=""10933818988""";"=""2110""";"=""BAYRAMHACILI 154""";157;158,27;41,82;-16,92;;;;;-13,896;26,208;"=""1""";
"=""API""";"=""CONVENTIONAL""";"=""2026-05-01T00:31:00+03:00""";"=""OA_YTM""";"=""BAYRAMHACILI BARAJI ve HES""";"=""10933818988""";"=""2110""";"=""BAYRAMHACILI 154""";157;158,27;41,77;-16,55;;;;;-13,896;26,208;"=""1""";
"=""API""";"=""CONVENTIONAL""";"=""2026-05-01T00:32:00+03:00""";"=""OA_YTM""";"=""BAYRAMHACILI BARAJI ve HES""";"=""10933818988""";"=""2110""";"=""BAYRAMHACILI 154""";157;158,27;41,82;-16,92;;;;;-13,896;26,208;"=""1""";
"=""API""";"=""CONVENTIONAL""";"=""2026-05-01T00:33:00+03:00""";"=""OA_YTM""";"=""BAYRAMHACILI BARAJI ve HES""";"=""10933818988""";"=""2110""";"=""BAYRAMHACILI 154""";157;158,27;41,75;-16,89;;;;;-13,896;26,208;"=""1""";
"=""API""";"=""CONVENTIONAL""";"=""2026-05-01T00:34:00+03:00""";"=""OA_YTM""";"=""BAYRAMHACILI BARAJI ve HES""";"=""10933818988""";"=""2110""";"=""BAYRAMHACILI 154""";157;158,27;41,98;-16,89;;;;;-13,896;26,208;"=""1""";
"=""API""";"=""CONVENTIONAL""";"=""2026-05-01T00:35:00+03:00""";"=""OA_YTM""";"=""BAYRAMHACILI BARAJI ve HES""";"=""10933818988""";"=""2110""";"=""BAYRAMHACILI 154""";157;158,27;41,75;-17,16;;;;;-13,896;26,208;"=""1""";
"=""API""";"=""CONVENTIONAL""";"=""2026-05-01T00:36:00+03:00""";"=""OA_YTM""";"=""BAYRAMHACILI BARAJI ve HES""";"=""10933818988""";"=""2110""";"=""BAYRAMHACILI 154""";157;158,27;41,82;-16,71;;;;;-13,896;26,208;"=""1""";
"=""API""";"=""CONVENTIONAL""";"=""2026-05-01T00:37:00+03:00""";"=""OA_YTM""";"=""BAYRAMHACILI BARAJI ve HES""";"=""10933818988""";"=""2110""";"=""BAYRAMHACILI 154""";157;158,27;41,82;-16,71;;;;;-13,896;26,208;"=""1""";
"=""API""";"=""CONVENTIONAL""";"=""2026-05-01T00:38:00+03:00""";"=""OA_YTM""";"=""BAYRAMHACILI BARAJI ve HES""";"=""10933818988""";"=""2110""";"=""BAYRAMHACILI 154""";157;158,27;41,69;-16,58;;;;;-13,896;26,208;"=""1""";
"=""API""";"=""CONVENTIONAL""";"=""2026-05-01T00:39:00+03:00""";"=""OA_YTM""";"=""BAYRAMHACILI BARAJI ve HES""";"=""10933818988""";"=""2110""";"=""BAYRAMHACILI 154""";157;158,27;41,79;-16,64;;;;;-13,896;26,208;"=""1""";
"=""API""";"=""CONVENTIONAL""";"=""2026-05-01T00:40:00+03:00""";"=""OA_YTM""";"=""BAYRAMHACILI BARAJI ve HES""";"=""10933818988""";"=""2110""";"=""BAYRAMHACILI 154""";157;158,27;41,85;-16,64;;;;;-13,896;26,208;"=""1""";
"=""API""";"=""CONVENTIONAL""";"=""2026-05-01T00:41:00+03:00""";"=""OA_YTM""";"=""BAYRAMHACILI BARAJI ve HES""";"=""10933818988""";"=""2110""";"=""BAYRAMHACILI 154""";157;158,27;41,6;-15,96;;;;;-13,896;26,208;"=""1""";
"=""API""";"=""CONVENTIONAL""";"=""2026-05-01T00:42:00+03:00""";"=""OA_YTM""";"=""BAYRAMHACILI BARAJI ve HES""";"=""10933818988""";"=""2110""";"=""BAYRAMHACILI 154""";157;158,27;41,83;-15,96;;;;;-13,896;26,208;"=""1""";
"=""API""";"=""CONVENTIONAL""";"=""2026-05-01T00:43:00+03:00""";"=""OA_YTM""";"=""BAYRAMHACILI BARAJI ve HES""";"=""10933818988""";"=""2110""";"=""BAYRAMHACILI 154""";157;158,27;41,68;-15,96;;;;;-13,896;26,208;"=""1""";
"=""API""";"=""CONVENTIONAL""";"=""2026-05-01T00:44:00+03:00""";"=""OA_YTM""";"=""BAYRAMHACILI BARAJI ve HES""";"=""10933818988""";"=""2110""";"=""BAYRAMHACILI 154""";157;158,27;41,76;-15,62;;;;;-13,896;26,208;"=""1""";
"=""API""";"=""CONVENTIONAL""";"=""2026-05-01T00:45:00+03:00""";"=""OA_YTM""";"=""BAYRAMHACILI BARAJI ve HES""";"=""10933818988""";"=""2110""";"=""BAYRAMHACILI 154""";157;158,27;41,92;-15,94;;;;;-13,896;26,208;"=""1""";
"=""API""";"=""CONVENTIONAL""";"=""2026-05-01T00:46:00+03:00""";"=""OA_YTM""";"=""BAYRAMHACILI BARAJI ve HES""";"=""10933818988""";"=""2110""";"=""BAYRAMHACILI 154""";157;158,27;41,61;-15,63;;;;;-13,896;26,208;"=""1""";
"=""API""";"=""CONVENTIONAL""";"=""2026-05-01T00:47:00+03:00""";"=""OA_YTM""";"=""BAYRAMHACILI BARAJI ve HES""";"=""10933818988""";"=""2110""";"=""BAYRAMHACILI 154""";157;158,27;41,67;-15,28;;;;;-13,896;26,208;"=""1""";
"=""API""";"=""CONVENTIONAL""";"=""2026-05-01T00:48:00+03:00""";"=""OA_YTM""";"=""BAYRAMHACILI BARAJI ve HES""";"=""10933818988""";"=""2110""";"=""BAYRAMHACILI 154""";157;158,27;41,83;-15,28;;;;;-13,896;26,208;"=""1""";
"=""API""";"=""CONVENTIONAL""";"=""2026-05-01T00:49:00+03:00""";"=""OA_YTM""";"=""BAYRAMHACILI BARAJI ve HES""";"=""10933818988""";"=""2110""";"=""BAYRAMHACILI 154""";157;158,27;41,59;-14,98;;;;;-13,896;26,208;"=""1""";
"=""API""";"=""CONVENTIONAL""";"=""2026-05-01T00:50:00+03:00""";"=""OA_YTM""";"=""BAYRAMHACILI BARAJI ve HES""";"=""10933818988""";"=""2110""";"=""BAYRAMHACILI 154""";157;158,27;41,84;-15,66;;;;;-13,896;26,208;"=""1""";
"=""API""";"=""CONVENTIONAL""";"=""2026-05-01T00:51:00+03:00""";"=""OA_YTM""";"=""BAYRAMHACILI BARAJI ve HES""";"=""10933818988""";"=""2110""";"=""BAYRAMHACILI 154""";157;158,27;41,75;-16,01;;;;;-13,896;26,208;"=""1""";
"=""API""";"=""CONVENTIONAL""";"=""2026-05-01T00:52:00+03:00""";"=""OA_YTM""";"=""BAYRAMHACILI BARAJI ve HES""";"=""10933818988""";"=""2110""";"=""BAYRAMHACILI 154""";157;158,27;41,63;-16,33;;;;;-13,896;26,208;"=""1""";
"=""API""";"=""CONVENTIONAL""";"=""2026-05-01T00:53:00+03:00""";"=""OA_YTM""";"=""BAYRAMHACILI BARAJI ve HES""";"=""10933818988""";"=""2110""";"=""BAYRAMHACILI 154""";157;158,27;41,94;-16,4;;;;;-13,896;26,208;"=""1""";
"=""API""";"=""CONVENTIONAL""";"=""2026-05-01T00:54:00+03:00""";"=""OA_YTM""";"=""BAYRAMHACILI BARAJI ve HES""";"=""10933818988""";"=""2110""";"=""BAYRAMHACILI 154""";157;158,27;41,81;-16,77;;;;;-13,896;26,208;"=""1""";
"=""API""";"=""CONVENTIONAL""";"=""2026-05-01T00:55:00+03:00""";"=""OA_YTM""";"=""BAYRAMHACILI BARAJI ve HES""";"=""10933818988""";"=""2110""";"=""BAYRAMHACILI 154""";157;158,27;41,96;-16,4;;;;;-13,896;26,208;"=""1""";
"=""API""";"=""CONVENTIONAL""";"=""2026-05-01T00:56:00+03:00""";"=""OA_YTM""";"=""BAYRAMHACILI BARAJI ve HES""";"=""10933818988""";"=""2110""";"=""BAYRAMHACILI 154""";157;158,27;41,72;-16,4;;;;;-13,896;26,208;"=""1""";
"=""API""";"=""CONVENTIONAL""";"=""2026-05-01T00:57:00+03:00""";"=""OA_YTM""";"=""BAYRAMHACILI BARAJI ve HES""";"=""10933818988""";"=""2110""";"=""BAYRAMHACILI 154""";157;158,27;41,81;-17,07;;;;;-13,896;26,208;"=""1""";
"=""API""";"=""CONVENTIONAL""";"=""2026-05-01T00:58:00+03:00""";"=""OA_YTM""";"=""BAYRAMHACILI BARAJI ve HES""";"=""10933818988""";"=""2110""";"=""BAYRAMHACILI 154""";157;158,43;41,8;-16,69;;;;;-13,896;26,208;"=""1""";
"=""API""";"=""CONVENTIONAL""";"=""2026-05-01T00:59:00+03:00""";"=""OA_YTM""";"=""BAYRAMHACILI BARAJI ve HES""";"=""10933818988""";"=""2110""";"=""BAYRAMHACILI 154""";157;157,66;41,92;-15,27;;;;;-13,896;26,208;"=""1""";
"=""API""";"=""CONVENTIONAL""";"=""2026-05-01T01:00:00+03:00""";"=""OA_YTM""";"=""BAYRAMHACILI BARAJI ve HES""";"=""10933818988""";"=""2110""";"=""BAYRAMHACILI 154""";156;157,66;41,77;-13,99;;;;;-13,896;26,208;"=""1""";
"=""API""";"=""CONVENTIONAL""";"=""2026-05-01T01:01:00+03:00""";"=""OA_YTM""";"=""BAYRAMHACILI BARAJI ve HES""";"=""10933818988""";"=""2110""";"=""BAYRAMHACILI 154""";156;156,87;41,73;-14,3;;;;;-13,896;26,208;"=""1""";
"=""API""";"=""CONVENTIONAL""";"=""2026-05-01T01:02:00+03:00""";"=""OA_YTM""";"=""BAYRAMHACILI BARAJI ve HES""";"=""10933818988""";"=""2110""";"=""BAYRAMHACILI 154""";156;157,65;41,69;-14,3;;;;;-13,896;26,208;"=""1""";
"=""API""";"=""CONVENTIONAL""";"=""2026-05-01T01:03:00+03:00""";"=""OA_YTM""";"=""BAYRAMHACILI BARAJI ve HES""";"=""10933818988""";"=""2110""";"=""BAYRAMHACILI 154""";156;157,65;41,6;-14,36;;;;;-13,896;26,208;"=""1""";
"=""API""";"=""CONVENTIONAL""";"=""2026-05-01T01:04:00+03:00""";"=""OA_YTM""";"=""BAYRAMHACILI BARAJI ve HES""";"=""10933818988""";"=""2110""";"=""BAYRAMHACILI 154""";156;157,65;42,06;-14,41;;;;;-13,896;26,208;"=""1""";
"=""API""";"=""CONVENTIONAL""";"=""2026-05-01T01:05:00+03:00""";"=""OA_YTM""";"=""BAYRAMHACILI BARAJI ve HES""";"=""10933818988""";"=""2110""";"=""BAYRAMHACILI 154""";156;157,65;41,74;-14,31;;;;;-13,896;26,208;"=""1""";
"=""API""";"=""CONVENTIONAL""";"=""2026-05-01T01:06:00+03:00""";"=""OA_YTM""";"=""BAYRAMHACILI BARAJI ve HES""";"=""10933818988""";"=""2110""";"=""BAYRAMHACILI 154""";156;157,65;41,58;-14,25;;;;;-13,896;26,208;"=""1""";
"=""API""";"=""CONVENTIONAL""";"=""2026-05-01T01:07:00+03:00""";"=""OA_YTM""";"=""BAYRAMHACILI BARAJI ve HES""";"=""10933818988""";"=""2110""";"=""BAYRAMHACILI 154""";156;157,65;41,62;-14,25;;;;;-13,896;26,208;"=""1""";
"=""API""";"=""CONVENTIONAL""";"=""2026-05-01T01:08:00+03:00""";"=""OA_YTM""";"=""BAYRAMHACILI BARAJI ve HES""";"=""10933818988""";"=""2110""";"=""BAYRAMHACILI 154""";156;157,65;41,62;-14,57;;;;;-13,896;26,208;"=""1""";
"=""API""";"=""CONVENTIONAL""";"=""2026-05-01T01:09:00+03:00""";"=""OA_YTM""";"=""BAYRAMHACILI BARAJI ve HES""";"=""10933818988""";"=""2110""";"=""BAYRAMHACILI 154""";156;157,65;41,62;-14,91;;;;;-13,896;26,208;"=""1""";
"=""API""";"=""CONVENTIONAL""";"=""2026-05-01T01:10:00+03:00""";"=""OA_YTM""";"=""BAYRAMHACILI BARAJI ve HES""";"=""10933818988""";"=""2110""";"=""BAYRAMHACILI 154""";156;157,65;41,85;-14,93;;;;;-13,896;26,208;"=""1""";
"=""API""";"=""CONVENTIONAL""";"=""2026-05-01T01:11:00+03:00""";"=""OA_YTM""";"=""BAYRAMHACILI BARAJI ve HES""";"=""10933818988""";"=""2110""";"=""BAYRAMHACILI 154""";156;157,65;41,88;-14,93;;;;;-13,896;26,208;"=""1""";
"=""API""";"=""CONVENTIONAL""";"=""2026-05-01T01:12:00+03:00""";"=""OA_YTM""";"=""BAYRAMHACILI BARAJI ve HES""";"=""10933818988""";"=""2110""";"=""BAYRAMHACILI 154""";156;157,65;41,96;-15,24;;;;;-13,896;26,208;"=""1""";
"=""API""";"=""CONVENTIONAL""";"=""2026-05-01T01:13:00+03:00""";"=""OA_YTM""";"=""BAYRAMHACILI BARAJI ve HES""";"=""10933818988""";"=""2110""";"=""BAYRAMHACILI 154""";156;157,65;42,05;-15,22;;;;;-13,896;26,208;"=""1""";
"=""API""";"=""CONVENTIONAL""";"=""2026-05-01T01:14:00+03:00""";"=""OA_YTM""";"=""BAYRAMHACILI BARAJI ve HES""";"=""10933818988""";"=""2110""";"=""BAYRAMHACILI 154""";156;157,65;41,71;-15,58;;;;;-13,896;26,208;"=""1""";
"=""API""";"=""CONVENTIONAL""";"=""2026-05-01T01:15:00+03:00""";"=""OA_YTM""";"=""BAYRAMHACILI BARAJI ve HES""";"=""10933818988""";"=""2110""";"=""BAYRAMHACILI 154""";156;157,65;41,85;-15,52;;;;;-13,896;26,208;"=""1""";
"=""API""";"=""CONVENTIONAL""";"=""2026-05-01T01:16:00+03:00""";"=""OA_YTM""";"=""BAYRAMHACILI BARAJI ve HES""";"=""10933818988""";"=""2110""";"=""BAYRAMHACILI 154""";156;157,65;41,92;-15,52;;;;;-13,896;26,208;"=""1""";
"=""API""";"=""CONVENTIONAL""";"=""2026-05-01T01:17:00+03:00""";"=""OA_YTM""";"=""BAYRAMHACILI BARAJI ve HES""";"=""10933818988""";"=""2110""";"=""BAYRAMHACILI 154""";156;157,65;41,77;-15,49;;;;;-13,896;26,208;"=""1""";
"=""API""";"=""CONVENTIONAL""";"=""2026-05-01T01:18:00+03:00""";"=""OA_YTM""";"=""BAYRAMHACILI BARAJI ve HES""";"=""10933818988""";"=""2110""";"=""BAYRAMHACILI 154""";156;158,52;41,73;-16,75;;;;;-13,896;26,208;"=""1""";
"=""API""";"=""CONVENTIONAL""";"=""2026-05-01T01:19:00+03:00""";"=""OA_YTM""";"=""BAYRAMHACILI BARAJI ve HES""";"=""10933818988""";"=""2110""";"=""BAYRAMHACILI 154""";156;158,52;41,81;-16,11;;;;;-13,896;26,208;"=""1""";
"=""API""";"=""CONVENTIONAL""";"=""2026-05-01T01:20:00+03:00""";"=""OA_YTM""";"=""BAYRAMHACILI BARAJI ve HES""";"=""10933818988""";"=""2110""";"=""BAYRAMHACILI 154""";156;158,52;42,12;-16,11;;;;;-13,896;26,208;"=""1""";
"=""API""";"=""CONVENTIONAL""";"=""2026-05-01T01:21:00+03:00""";"=""OA_YTM""";"=""BAYRAMHACILI BARAJI ve HES""";"=""10933818988""";"=""2110""";"=""BAYRAMHACILI 154""";156;158,52;41,87;-16,11;;;;;-13,896;26,208;"=""1""";
"=""API""";"=""CONVENTIONAL""";"=""2026-05-01T01:22:00+03:00""";"=""OA_YTM""";"=""BAYRAMHACILI BARAJI ve HES""";"=""10933818988""";"=""2110""";"=""BAYRAMHACILI 154""";156;158,52;41,7;-16,07;;;;;-13,896;26,208;"=""1""";
"=""API""";"=""CONVENTIONAL""";"=""2026-05-01T01:23:00+03:00""";"=""OA_YTM""";"=""BAYRAMHACILI BARAJI ve HES""";"=""10933818988""";"=""2110""";"=""BAYRAMHACILI 154""";156;158,52;41,8;-16,7;;;;;-13,896;26,208;"=""1""";
"=""API""";"=""CONVENTIONAL""";"=""2026-05-01T01:24:00+03:00""";"=""OA_YTM""";"=""BAYRAMHACILI BARAJI ve HES""";"=""10933818988""";"=""2110""";"=""BAYRAMHACILI 154""";156;158,52;41,81;-16,63;;;;;-13,896;26,208;"=""1""";
"=""API""";"=""CONVENTIONAL""";"=""2026-05-01T01:25:00+03:00""";"=""OA_YTM""";"=""BAYRAMHACILI BARAJI ve HES""";"=""10933818988""";"=""2110""";"=""BAYRAMHACILI 154""";156;158,52;41,84;-16,61;;;;;-13,896;26,208;"=""1""";
"=""API""";"=""CONVENTIONAL""";"=""2026-05-01T01:26:00+03:00""";"=""OA_YTM""";"=""BAYRAMHACILI BARAJI ve HES""";"=""10933818988""";"=""2110""";"=""BAYRAMHACILI 154""";156;158,52;41,71;-16,63;;;;;-13,896;26,208;"=""1""";
"=""API""";"=""CONVENTIONAL""";"=""2026-05-01T01:27:00+03:00""";"=""OA_YTM""";"=""BAYRAMHACILI BARAJI ve HES""";"=""10933818988""";"=""2110""";"=""BAYRAMHACILI 154""";156;157,73;41,91;-16,12;;;;;-13,896;26,208;"=""1""";
"=""API""";"=""CONVENTIONAL""";"=""2026-05-01T01:28:00+03:00""";"=""OA_YTM""";"=""BAYRAMHACILI BARAJI ve HES""";"=""10933818988""";"=""2110""";"=""BAYRAMHACILI 154""";156;157,73;41,76;-16,12;;;;;-13,896;26,208;"=""1""";
"=""API""";"=""CONVENTIONAL""";"=""2026-05-01T01:29:00+03:00""";"=""OA_YTM""";"=""BAYRAMHACILI BARAJI ve HES""";"=""10933818988""";"=""2110""";"=""BAYRAMHACILI 154""";156;157,73;41,9;-16,43;;;;;-13,896;26,208;"=""1""";
"=""API""";"=""CONVENTIONAL""";"=""2026-05-01T01:30:00+03:00""";"=""OA_YTM""";"=""BAYRAMHACILI BARAJI ve HES""";"=""10933818988""";"=""2110""";"=""BAYRAMHACILI 154""";156;157,73;41,69;-16,09;;;;;-13,896;26,208;"=""1""";
"=""API""";"=""CONVENTIONAL""";"=""2026-05-01T01:31:00+03:00""";"=""OA_YTM""";"=""BAYRAMHACILI BARAJI ve HES""";"=""10933818988""";"=""2110""";"=""BAYRAMHACILI 154""";156;157,73;41,89;-15,36;;;;;-13,896;26,208;"=""1""";
"=""API""";"=""CONVENTIONAL""";"=""2026-05-01T01:32:00+03:00""";"=""OA_YTM""";"=""BAYRAMHACILI BARAJI ve HES""";"=""10933818988""";"=""2110""";"=""BAYRAMHACILI 154""";156;157,73;41,83;-15,3;;;;;-13,896;26,208;"=""1""";
"=""API""";"=""CONVENTIONAL""";"=""2026-05-01T01:33:00+03:00""";"=""OA_YTM""";"=""BAYRAMHACILI BARAJI ve HES""";"=""10933818988""";"=""2110""";"=""BAYRAMHACILI 154""";156;157,73;41,93;-15,94;;;;;-13,896;26,208;"=""1""";
"=""API""";"=""CONVENTIONAL""";"=""2026-05-01T01:34:00+03:00""";"=""OA_YTM""";"=""BAYRAMHACILI BARAJI ve HES""";"=""10933818988""";"=""2110""";"=""BAYRAMHACILI 154""";156;157,73;41,7;-15,64;;;;;-13,896;26,208;"=""1""";
"=""API""";"=""CONVENTIONAL""";"=""2026-05-01T01:35:00+03:00""";"=""OA_YTM""";"=""BAYRAMHACILI BARAJI ve HES""";"=""10933818988""";"=""2110""";"=""BAYRAMHACILI 154""";156;157,73;41,63;-15,7;;;;;-13,896;26,208;"=""1""";
"=""API""";"=""CONVENTIONAL""";"=""2026-05-01T01:36:00+03:00""";"=""OA_YTM""";"=""BAYRAMHACILI BARAJI ve HES""";"=""10933818988""";"=""2110""";"=""BAYRAMHACILI 154""";156;157,73;42,01;-15,4;;;;;-13,896;26,208;"=""1""";
"=""API""";"=""CONVENTIONAL""";"=""2026-05-01T01:37:00+03:00""";"=""OA_YTM""";"=""BAYRAMHACILI BARAJI ve HES""";"=""10933818988""";"=""2110""";"=""BAYRAMHACILI 154""";156;157,73;41,66;-15,4;;;;;-13,896;26,208;"=""1""";
"=""API""";"=""CONVENTIONAL""";"=""2026-05-01T01:38:00+03:00""";"=""OA_YTM""";"=""BAYRAMHACILI BARAJI ve HES""";"=""10933818988""";"=""2110""";"=""BAYRAMHACILI 154""";156;157,73;41,85;-15,81;;;;;-13,896;26,208;"=""1""";
"=""API""";"=""CONVENTIONAL""";"=""2026-05-01T01:39:00+03:00""";"=""OA_YTM""";"=""BAYRAMHACILI BARAJI ve HES""";"=""10933818988""";"=""2110""";"=""BAYRAMHACILI 154""";156;157,73;41,49;-16,19;;;;;-13,896;26,208;"=""1""";
"=""API""";"=""CONVENTIONAL""";"=""2026-05-01T01:40:00+03:00""";"=""OA_YTM""";"=""BAYRAMHACILI BARAJI ve HES""";"=""10933818988""";"=""2110""";"=""BAYRAMHACILI 154""";156;158,49;41,29;-16,88;;;;;-13,896;26,208;"=""1""";
"=""API""";"=""CONVENTIONAL""";"=""2026-05-01T01:41:00+03:00""";"=""OA_YTM""";"=""BAYRAMHACILI BARAJI ve HES""";"=""10933818988""";"=""2110""";"=""BAYRAMHACILI 154""";156;158,49;41,57;-17,5;;;;;-13,896;26,208;"=""1""";
"=""API""";"=""CONVENTIONAL""";"=""2026-05-01T01:42:00+03:00""";"=""OA_YTM""";"=""BAYRAMHACILI BARAJI ve HES""";"=""10933818988""";"=""2110""";"=""BAYRAMHACILI 154""";156;158,49;41,5;-17,5;;;;;-13,896;26,208;"=""1""";
"=""API""";"=""CONVENTIONAL""";"=""2026-05-01T01:43:00+03:00""";"=""OA_YTM""";"=""BAYRAMHACILI BARAJI ve HES""";"=""10933818988""";"=""2110""";"=""BAYRAMHACILI 154""";156;158,49;41,5;-16,25;;;;;-13,896;26,208;"=""1""";
"=""API""";"=""CONVENTIONAL""";"=""2026-05-01T01:44:00+03:00""";"=""OA_YTM""";"=""BAYRAMHACILI BARAJI ve HES""";"=""10933818988""";"=""2110""";"=""BAYRAMHACILI 154""";156;158,49;41,45;-16,88;;;;;-13,896;26,208;"=""1""";
"=""API""";"=""CONVENTIONAL""";"=""2026-05-01T01:45:00+03:00""";"=""OA_YTM""";"=""BAYRAMHACILI BARAJI ve HES""";"=""10933818988""";"=""2110""";"=""BAYRAMHACILI 154""";156;157,75;41,73;-15,6;;;;;-13,896;26,208;"=""1""";
"=""API""";"=""CONVENTIONAL""";"=""2026-05-01T01:46:00+03:00""";"=""OA_YTM""";"=""BAYRAMHACILI BARAJI ve HES""";"=""10933818988""";"=""2110""";"=""BAYRAMHACILI 154""";156;157,75;41,42;-15,26;;;;;-13,896;26,208;"=""1""";
"=""API""";"=""CONVENTIONAL""";"=""2026-05-01T01:47:00+03:00""";"=""OA_YTM""";"=""BAYRAMHACILI BARAJI ve HES""";"=""10933818988""";"=""2110""";"=""BAYRAMHACILI 154""";156;157,75;41,64;-15,05;;;;;-13,896;26,208;"=""1""";
"=""API""";"=""CONVENTIONAL""";"=""2026-05-01T01:48:00+03:00""";"=""OA_YTM""";"=""BAYRAMHACILI BARAJI ve HES""";"=""10933818988""";"=""2110""";"=""BAYRAMHACILI 154""";156;157,75;41,57;-15,34;;;;;-13,896;26,208;"=""1""";
"=""API""";"=""CONVENTIONAL""";"=""2026-05-01T01:49:00+03:00""";"=""OA_YTM""";"=""BAYRAMHACILI BARAJI ve HES""";"=""10933818988""";"=""2110""";"=""BAYRAMHACILI 154""";156;157,75;41,64;-15,65;;;;;-13,896;26,208;"=""1""";
"=""API""";"=""CONVENTIONAL""";"=""2026-05-01T01:50:00+03:00""";"=""OA_YTM""";"=""BAYRAMHACILI BARAJI ve HES""";"=""10933818988""";"=""2110""";"=""BAYRAMHACILI 154""";156;157,75;41,52;-16,32;;;;;-13,896;26,208;"=""1""";
"=""API""";"=""CONVENTIONAL""";"=""2026-05-01T01:51:00+03:00""";"=""OA_YTM""";"=""BAYRAMHACILI BARAJI ve HES""";"=""10933818988""";"=""2110""";"=""BAYRAMHACILI 154""";156;157,75;41,62;-16,32;;;;;-13,896;26,208;"=""1""";
"=""API""";"=""CONVENTIONAL""";"=""2026-05-01T01:52:00+03:00""";"=""OA_YTM""";"=""BAYRAMHACILI BARAJI ve HES""";"=""10933818988""";"=""2110""";"=""BAYRAMHACILI 154""";156;157,75;41,87;-16,32;;;;;-13,896;26,208;"=""1""";
"=""API""";"=""CONVENTIONAL""";"=""2026-05-01T01:53:00+03:00""";"=""OA_YTM""";"=""BAYRAMHACILI BARAJI ve HES""";"=""10933818988""";"=""2110""";"=""BAYRAMHACILI 154""";156;157,75;41,62;-16,32;;;;;-13,896;26,208;"=""1""";
"=""API""";"=""CONVENTIONAL""";"=""2026-05-01T01:54:00+03:00""";"=""OA_YTM""";"=""BAYRAMHACILI BARAJI ve HES""";"=""10933818988""";"=""2110""";"=""BAYRAMHACILI 154""";156;158,52;41,52;-17,62;;;;;-13,896;26,208;"=""1""";
"=""API""";"=""CONVENTIONAL""";"=""2026-05-01T01:55:00+03:00""";"=""OA_YTM""";"=""BAYRAMHACILI BARAJI ve HES""";"=""10933818988""";"=""2110""";"=""BAYRAMHACILI 154""";156;158,52;41,55;-16,84;;;;;-13,896;26,208;"=""1""";
"=""API""";"=""CONVENTIONAL""";"=""2026-05-01T01:56:00+03:00""";"=""OA_YTM""";"=""BAYRAMHACILI BARAJI ve HES""";"=""10933818988""";"=""2110""";"=""BAYRAMHACILI 154""";156;158,52;41,74;-16,7;;;;;-13,896;26,208;"=""1""";
"=""API""";"=""CONVENTIONAL""";"=""2026-05-01T01:57:00+03:00""";"=""OA_YTM""";"=""BAYRAMHACILI BARAJI ve HES""";"=""10933818988""";"=""2110""";"=""BAYRAMHACILI 154""";156;158,52;41,75;-16,58;;;;;-13,896;26,208;"=""1""";
"=""API""";"=""CONVENTIONAL""";"=""2026-05-01T01:58:00+03:00""";"=""OA_YTM""";"=""BAYRAMHACILI BARAJI ve HES""";"=""10933818988""";"=""2110""";"=""BAYRAMHACILI 154""";156;158,52;41,8;-16,9;;;;;-13,896;26,208;"=""1""";
"=""API""";"=""CONVENTIONAL""";"=""2026-05-01T01:59:00+03:00""";"=""OA_YTM""";"=""BAYRAMHACILI BARAJI ve HES""";"=""10933818988""";"=""2110""";"=""BAYRAMHACILI 154""";156;158,52;41,69;-16,6;;;;;-13,896;26,208;"=""1""";
"=""API""";"=""CONVENTIONAL""";"=""2026-05-01T02:00:00+03:00""";"=""OA_YTM""";"=""BAYRAMHACILI BARAJI ve HES""";"=""10933818988""";"=""2110""";"=""BAYRAMHACILI 154""";156;158,52;41,65;-15,86;;;;;-13,896;26,208;"=""1""";
"=""API""";"=""CONVENTIONAL""";"=""2026-05-01T02:01:00+03:00""";"=""OA_YTM""";"=""BAYRAMHACILI BARAJI ve HES""";"=""10933818988""";"=""2110""";"=""BAYRAMHACILI 154""";156;158,52;41,69;-15,54;;;;;-13,896;26,208;"=""1""";
"=""API""";"=""CONVENTIONAL""";"=""2026-05-01T02:02:00+03:00""";"=""OA_YTM""";"=""BAYRAMHACILI BARAJI ve HES""";"=""10933818988""";"=""2110""";"=""BAYRAMHACILI 154""";156;158,52;41,81;-15,48;;;;;-13,896;26,208;"=""1""";
"=""API""";"=""CONVENTIONAL""";"=""2026-05-01T02:03:00+03:00""";"=""OA_YTM""";"=""BAYRAMHACILI BARAJI ve HES""";"=""10933818988""";"=""2110""";"=""BAYRAMHACILI 154""";156;158,52;41,83;-15,49;;;;;-13,896;26,208;"=""1""";
"=""API""";"=""CONVENTIONAL""";"=""2026-05-01T02:04:00+03:00""";"=""OA_YTM""";"=""BAYRAMHACILI BARAJI ve HES""";"=""10933818988""";"=""2110""";"=""BAYRAMHACILI 154""";156;158,52;41,6;-15,51;;;;;-13,896;26,208;"=""1""";
"=""API""";"=""CONVENTIONAL""";"=""2026-05-01T02:05:00+03:00""";"=""OA_YTM""";"=""BAYRAMHACILI BARAJI ve HES""";"=""10933818988""";"=""2110""";"=""BAYRAMHACILI 154""";156;157,69;41,55;-14,17;;;;;-13,896;26,208;"=""1""";
"=""API""";"=""CONVENTIONAL""";"=""2026-05-01T02:06:00+03:00""";"=""OA_YTM""";"=""BAYRAMHACILI BARAJI ve HES""";"=""10933818988""";"=""2110""";"=""BAYRAMHACILI 154""";156;157,69;41,63;-15,2;;;;;-13,896;26,208;"=""1""";
"=""API""";"=""CONVENTIONAL""";"=""2026-05-01T02:07:00+03:00""";"=""OA_YTM""";"=""BAYRAMHACILI BARAJI ve HES""";"=""10933818988""";"=""2110""";"=""BAYRAMHACILI 154""";156;157,69;41,83;-14,18;;;;;-13,896;26,208;"=""1""";
"=""API""";"=""CONVENTIONAL""";"=""2026-05-01T02:08:00+03:00""";"=""OA_YTM""";"=""BAYRAMHACILI BARAJI ve HES""";"=""10933818988""";"=""2110""";"=""BAYRAMHACILI 154""";156;157,69;41,53;-14,18;;;;;-13,896;26,208;"=""1""";
"=""API""";"=""CONVENTIONAL""";"=""2026-05-01T02:09:00+03:00""";"=""OA_YTM""";"=""BAYRAMHACILI BARAJI ve HES""";"=""10933818988""";"=""2110""";"=""BAYRAMHACILI 154""";156;157,69;41,69;-14,77;;;;;-13,896;26,208;"=""1""";
"=""API""";"=""CONVENTIONAL""";"=""2026-05-01T02:10:00+03:00""";"=""OA_YTM""";"=""BAYRAMHACILI BARAJI ve HES""";"=""10933818988""";"=""2110""";"=""BAYRAMHACILI 154""";156;157,69;41,48;-15,49;;;;;-13,896;26,208;"=""1""";
"=""API""";"=""CONVENTIONAL""";"=""2026-05-01T02:11:00+03:00""";"=""OA_YTM""";"=""BAYRAMHACILI BARAJI ve HES""";"=""10933818988""";"=""2110""";"=""BAYRAMHACILI 154""";156;157,69;41,64;-15,47;;;;;-13,896;26,208;"=""1""";
"=""API""";"=""CONVENTIONAL""";"=""2026-05-01T02:12:00+03:00""";"=""OA_YTM""";"=""BAYRAMHACILI BARAJI ve HES""";"=""10933818988""";"=""2110""";"=""BAYRAMHACILI 154""";156;158,44;41,68;-15,5;;;;;-13,896;26,208;"=""1""";
"=""API""";"=""CONVENTIONAL""";"=""2026-05-01T02:13:00+03:00""";"=""OA_YTM""";"=""BAYRAMHACILI BARAJI ve HES""";"=""10933818988""";"=""2110""";"=""BAYRAMHACILI 154""";156;158,44;41,55;-14,84;;;;;-13,896;26,208;"=""1""";
"=""API""";"=""CONVENTIONAL""";"=""2026-05-01T02:14:00+03:00""";"=""OA_YTM""";"=""BAYRAMHACILI BARAJI ve HES""";"=""10933818988""";"=""2110""";"=""BAYRAMHACILI 154""";156;157,68;41,73;-14,54;;;;;-13,896;26,208;"=""1""";
"=""API""";"=""CONVENTIONAL""";"=""2026-05-01T02:15:00+03:00""";"=""OA_YTM""";"=""BAYRAMHACILI BARAJI ve HES""";"=""10933818988""";"=""2110""";"=""BAYRAMHACILI 154""";156;157,68;41,5;-14,84;;;;;-13,896;26,208;"=""1""";
"=""API""";"=""CONVENTIONAL""";"=""2026-05-01T02:16:00+03:00""";"=""OA_YTM""";"=""BAYRAMHACILI BARAJI ve HES""";"=""10933818988""";"=""2110""";"=""BAYRAMHACILI 154""";156;157,68;41,66;-14,79;;;;;-13,896;26,208;"=""1""";
"=""API""";"=""CONVENTIONAL""";"=""2026-05-01T02:17:00+03:00""";"=""OA_YTM""";"=""BAYRAMHACILI BARAJI ve HES""";"=""10933818988""";"=""2110""";"=""BAYRAMHACILI 154""";156;157,68;41,64;-14,43;;;;;-13,896;26,208;"=""1""";
"=""API""";"=""CONVENTIONAL""";"=""2026-05-01T02:18:00+03:00""";"=""OA_YTM""";"=""BAYRAMHACILI BARAJI ve HES""";"=""10933818988""";"=""2110""";"=""BAYRAMHACILI 154""";156;157,68;41,65;-15,73;;;;;-13,896;26,208;"=""1""";
"=""API""";"=""CONVENTIONAL""";"=""2026-05-01T02:19:00+03:00""";"=""OA_YTM""";"=""BAYRAMHACILI BARAJI ve HES""";"=""10933818988""";"=""2110""";"=""BAYRAMHACILI 154""";156;157,68;41,69;-16,08;;;;;-13,896;26,208;"=""1""";
"=""API""";"=""CONVENTIONAL""";"=""2026-05-01T02:20:00+03:00""";"=""OA_YTM""";"=""BAYRAMHACILI BARAJI ve HES""";"=""10933818988""";"=""2110""";"=""BAYRAMHACILI 154""";156;157,68;41,66;-16,67;;;;;-13,896;26,208;"=""1""";
"=""API""";"=""CONVENTIONAL""";"=""2026-05-01T02:21:00+03:00""";"=""OA_YTM""";"=""BAYRAMHACILI BARAJI ve HES""";"=""10933818988""";"=""2110""";"=""BAYRAMHACILI 154""";156;157,68;41,52;-15,99;;;;;-13,896;26,208;"=""1""";
"=""API""";"=""CONVENTIONAL""";"=""2026-05-01T02:22:00+03:00""";"=""OA_YTM""";"=""BAYRAMHACILI BARAJI ve HES""";"=""10933818988""";"=""2110""";"=""BAYRAMHACILI 154""";156;157,68;41,63;-15,69;;;;;-13,896;26,208;"=""1""";
"=""API""";"=""CONVENTIONAL""";"=""2026-05-01T02:23:00+03:00""";"=""OA_YTM""";"=""BAYRAMHACILI BARAJI ve HES""";"=""10933818988""";"=""2110""";"=""BAYRAMHACILI 154""";156;157,68;41,68;-15,69;;;;;-13,896;26,208;"=""1""";
"=""API""";"=""CONVENTIONAL""";"=""2026-05-01T02:24:00+03:00""";"=""OA_YTM""";"=""BAYRAMHACILI BARAJI ve HES""";"=""10933818988""";"=""2110""";"=""BAYRAMHACILI 154""";156;157,68;41,49;-15,69;;;;;-13,896;26,208;"=""1""";
"=""API""";"=""CONVENTIONAL""";"=""2026-05-01T02:25:00+03:00""";"=""OA_YTM""";"=""BAYRAMHACILI BARAJI ve HES""";"=""10933818988""";"=""2110""";"=""BAYRAMHACILI 154""";156;157,68;41,74;-16,81;;;;;-13,896;26,208;"=""1""";
"=""API""";"=""CONVENTIONAL""";"=""2026-05-01T02:26:00+03:00""";"=""OA_YTM""";"=""BAYRAMHACILI BARAJI ve HES""";"=""10933818988""";"=""2110""";"=""BAYRAMHACILI 154""";156;157,68;41,48;-16,14;;;;;-13,896;26,208;"=""1""";
"=""API""";"=""CONVENTIONAL""";"=""2026-05-01T02:27:00+03:00""";"=""OA_YTM""";"=""BAYRAMHACILI BARAJI ve HES""";"=""10933818988""";"=""2110""";"=""BAYRAMHACILI 154""";156;157,68;41,65;-16,38;;;;;-13,896;26,208;"=""1""";
"=""API""";"=""CONVENTIONAL""";"=""2026-05-01T02:28:00+03:00""";"=""OA_YTM""";"=""BAYRAMHACILI BARAJI ve HES""";"=""10933818988""";"=""2110""";"=""BAYRAMHACILI 154""";156;157,68;41,64;-16,05;;;;;-13,896;26,208;"=""1""";
"=""API""";"=""CONVENTIONAL""";"=""2026-05-01T02:29:00+03:00""";"=""OA_YTM""";"=""BAYRAMHACILI BARAJI ve HES""";"=""10933818988""";"=""2110""";"=""BAYRAMHACILI 154""";156;157,68;41,58;-16,05;;;;;-13,896;26,208;"=""1""";
"=""API""";"=""CONVENTIONAL""";"=""2026-05-01T02:30:00+03:00""";"=""OA_YTM""";"=""BAYRAMHACILI BARAJI ve HES""";"=""10933818988""";"=""2110""";"=""BAYRAMHACILI 154""";156;157,68;41,87;-16,06;;;;;-13,896;26,208;"=""1""";
"=""API""";"=""CONVENTIONAL""";"=""2026-05-01T02:31:00+03:00""";"=""OA_YTM""";"=""BAYRAMHACILI BARAJI ve HES""";"=""10933818988""";"=""2110""";"=""BAYRAMHACILI 154""";156;157,68;41,68;-16,06;;;;;-13,896;26,208;"=""1""";
"=""API""";"=""CONVENTIONAL""";"=""2026-05-01T02:32:00+03:00""";"=""OA_YTM""";"=""BAYRAMHACILI BARAJI ve HES""";"=""10933818988""";"=""2110""";"=""BAYRAMHACILI 154""";156;157,68;41,89;-16,15;;;;;-13,896;26,208;"=""1""";
"=""API""";"=""CONVENTIONAL""";"=""2026-05-01T02:33:00+03:00""";"=""OA_YTM""";"=""BAYRAMHACILI BARAJI ve HES""";"=""10933818988""";"=""2110""";"=""BAYRAMHACILI 154""";156;157,68;41,49;-16,16;;;;;-13,896;26,208;"=""1""";
"=""API""";"=""CONVENTIONAL""";"=""2026-05-01T02:34:00+03:00""";"=""OA_YTM""";"=""BAYRAMHACILI BARAJI ve HES""";"=""10933818988""";"=""2110""";"=""BAYRAMHACILI 154""";156;157,68;41,66;-15,14;;;;;-13,896;26,208;"=""1""";
"=""API""";"=""CONVENTIONAL""";"=""2026-05-01T02:35:00+03:00""";"=""OA_YTM""";"=""BAYRAMHACILI BARAJI ve HES""";"=""10933818988""";"=""2110""";"=""BAYRAMHACILI 154""";156;157,68;41,64;-15,46;;;;;-13,896;26,208;"=""1""";
"=""API""";"=""CONVENTIONAL""";"=""2026-05-01T02:36:00+03:00""";"=""OA_YTM""";"=""BAYRAMHACILI BARAJI ve HES""";"=""10933818988""";"=""2110""";"=""BAYRAMHACILI 154""";156;157,68;41,78;-15,38;;;;;-13,896;26,208;"=""1""";
"=""API""";"=""CONVENTIONAL""";"=""2026-05-01T02:37:00+03:00""";"=""OA_YTM""";"=""BAYRAMHACILI BARAJI ve HES""";"=""10933818988""";"=""2110""";"=""BAYRAMHACILI 154""";156;157,68;41,73;-15,38;;;;;-13,896;26,208;"=""1""";
"=""API""";"=""CONVENTIONAL""";"=""2026-05-01T02:38:00+03:00""";"=""OA_YTM""";"=""BAYRAMHACILI BARAJI ve HES""";"=""10933818988""";"=""2110""";"=""BAYRAMHACILI 154""";156;157,68;41,65;-15,38;;;;;-13,896;26,208;"=""1""";
"=""API""";"=""CONVENTIONAL""";"=""2026-05-01T02:39:00+03:00""";"=""OA_YTM""";"=""BAYRAMHACILI BARAJI ve HES""";"=""10933818988""";"=""2110""";"=""BAYRAMHACILI 154""";156;157,68;41,59;-15,97;;;;;-13,896;26,208;"=""1""";
"=""API""";"=""CONVENTIONAL""";"=""2026-05-01T02:40:00+03:00""";"=""OA_YTM""";"=""BAYRAMHACILI BARAJI ve HES""";"=""10933818988""";"=""2110""";"=""BAYRAMHACILI 154""";156;157,68;41,89;-16,6;;;;;-13,896;26,208;"=""1""";
"=""API""";"=""CONVENTIONAL""";"=""2026-05-01T02:41:00+03:00""";"=""OA_YTM""";"=""BAYRAMHACILI BARAJI ve HES""";"=""10933818988""";"=""2110""";"=""BAYRAMHACILI 154""";156;157,68;41,68;-16,6;;;;;-13,896;26,208;"=""1""";
"=""API""";"=""CONVENTIONAL""";"=""2026-05-01T02:42:00+03:00""";"=""OA_YTM""";"=""BAYRAMHACILI BARAJI ve HES""";"=""10933818988""";"=""2110""";"=""BAYRAMHACILI 154""";156;158,43;41,6;-16,96;;;;;-13,896;26,208;"=""1""";
"=""API""";"=""CONVENTIONAL""";"=""2026-05-01T02:43:00+03:00""";"=""OA_YTM""";"=""BAYRAMHACILI BARAJI ve HES""";"=""10933818988""";"=""2110""";"=""BAYRAMHACILI 154""";156;158,43;41,51;-17,32;;;;;-13,896;26,208;"=""1""";
"=""API""";"=""CONVENTIONAL""";"=""2026-05-01T02:44:00+03:00""";"=""OA_YTM""";"=""BAYRAMHACILI BARAJI ve HES""";"=""10933818988""";"=""2110""";"=""BAYRAMHACILI 154""";156;158,43;41,45;-17,35;;;;;-13,896;26,208;"=""1""";
"=""API""";"=""CONVENTIONAL""";"=""2026-05-01T02:45:00+03:00""";"=""OA_YTM""";"=""BAYRAMHACILI BARAJI ve HES""";"=""10933818988""";"=""2110""";"=""BAYRAMHACILI 154""";156;158,43;41,44;-17,35;;;;;-13,896;26,208;"=""1""";
"=""API""";"=""CONVENTIONAL""";"=""2026-05-01T02:46:00+03:00""";"=""OA_YTM""";"=""BAYRAMHACILI BARAJI ve HES""";"=""10933818988""";"=""2110""";"=""BAYRAMHACILI 154""";156;158,43;41,65;-17,35;;;;;-13,896;26,208;"=""1""";
"=""API""";"=""CONVENTIONAL""";"=""2026-05-01T02:47:00+03:00""";"=""OA_YTM""";"=""BAYRAMHACILI BARAJI ve HES""";"=""10933818988""";"=""2110""";"=""BAYRAMHACILI 154""";156;158,43;41,65;-17,35;;;;;-13,896;26,208;"=""1""";
"=""API""";"=""CONVENTIONAL""";"=""2026-05-01T02:48:00+03:00""";"=""OA_YTM""";"=""BAYRAMHACILI BARAJI ve HES""";"=""10933818988""";"=""2110""";"=""BAYRAMHACILI 154""";156;158,43;41,46;-17,02;;;;;-13,896;26,208;"=""1""";
"=""API""";"=""CONVENTIONAL""";"=""2026-05-01T02:49:00+03:00""";"=""OA_YTM""";"=""BAYRAMHACILI BARAJI ve HES""";"=""10933818988""";"=""2110""";"=""BAYRAMHACILI 154""";156;158,43;41,89;-16,57;;;;;-13,896;26,208;"=""1""";
"=""API""";"=""CONVENTIONAL""";"=""2026-05-01T02:50:00+03:00""";"=""OA_YTM""";"=""BAYRAMHACILI BARAJI ve HES""";"=""10933818988""";"=""2110""";"=""BAYRAMHACILI 154""";156;158,43;42,05;-16,93;;;;;-13,896;26,208;"=""1""";
"=""API""";"=""CONVENTIONAL""";"=""2026-05-01T02:51:00+03:00""";"=""OA_YTM""";"=""BAYRAMHACILI BARAJI ve HES""";"=""10933818988""";"=""2110""";"=""BAYRAMHACILI 154""";156;158,43;42,01;-16,62;;;;;-13,896;26,208;"=""1""";
"=""API""";"=""CONVENTIONAL""";"=""2026-05-01T02:52:00+03:00""";"=""OA_YTM""";"=""BAYRAMHACILI BARAJI ve HES""";"=""10933818988""";"=""2110""";"=""BAYRAMHACILI 154""";156;159,24;42,01;-17,06;;;;;-13,896;26,208;"=""1""";
"=""API""";"=""CONVENTIONAL""";"=""2026-05-01T02:53:00+03:00""";"=""OA_YTM""";"=""BAYRAMHACILI BARAJI ve HES""";"=""10933818988""";"=""2110""";"=""BAYRAMHACILI 154""";156;159,24;41,97;-16,39;;;;;-13,896;26,208;"=""1""";
"=""API""";"=""CONVENTIONAL""";"=""2026-05-01T02:54:00+03:00""";"=""OA_YTM""";"=""BAYRAMHACILI BARAJI ve HES""";"=""10933818988""";"=""2110""";"=""BAYRAMHACILI 154""";156;159,24;41,72;-17,16;;;;;-13,896;26,208;"=""1""";
"=""API""";"=""CONVENTIONAL""";"=""2026-05-01T02:55:00+03:00""";"=""OA_YTM""";"=""BAYRAMHACILI BARAJI ve HES""";"=""10933818988""";"=""2110""";"=""BAYRAMHACILI 154""";156;159,24;41,73;-17,16;;;;;-13,896;26,208;"=""1""";
"=""API""";"=""CONVENTIONAL""";"=""2026-05-01T02:56:00+03:00""";"=""OA_YTM""";"=""BAYRAMHACILI BARAJI ve HES""";"=""10933818988""";"=""2110""";"=""BAYRAMHACILI 154""";156;159,24;42;-17,16;;;;;-13,896;26,208;"=""1""";
"=""API""";"=""CONVENTIONAL""";"=""2026-05-01T02:57:00+03:00""";"=""OA_YTM""";"=""BAYRAMHACILI BARAJI ve HES""";"=""10933818988""";"=""2110""";"=""BAYRAMHACILI 154""";156;159,24;41,85;-16,56;;;;;-13,896;26,208;"=""1""";
"=""API""";"=""CONVENTIONAL""";"=""2026-05-01T02:58:00+03:00""";"=""OA_YTM""";"=""BAYRAMHACILI BARAJI ve HES""";"=""10933818988""";"=""2110""";"=""BAYRAMHACILI 154""";156;159,24;41,97;-16,56;;;;;-13,896;26,208;"=""1""";
"=""API""";"=""CONVENTIONAL""";"=""2026-05-01T02:59:00+03:00""";"=""OA_YTM""";"=""BAYRAMHACILI BARAJI ve HES""";"=""10933818988""";"=""2110""";"=""BAYRAMHACILI 154""";156;159,24;42,08;-16,3;;;;;-13,896;26,208;"=""1""";
"=""API""";"=""CONVENTIONAL""";"=""2026-05-01T03:00:00+03:00""";"=""OA_YTM""";"=""BAYRAMHACILI BARAJI ve HES""";"=""10933818988""";"=""2110""";"=""BAYRAMHACILI 154""";156;158,39;42,14;-14,51;;;;;-13,896;26,208;"=""1""";
"=""API""";"=""CONVENTIONAL""";"=""2026-05-01T03:01:00+03:00""";"=""OA_YTM""";"=""BAYRAMHACILI BARAJI ve HES""";"=""10933818988""";"=""2110""";"=""BAYRAMHACILI 154""";156;158,39;41,74;-14,6;;;;;-13,896;26,208;"=""1""";
"=""API""";"=""CONVENTIONAL""";"=""2026-05-01T03:02:00+03:00""";"=""OA_YTM""";"=""BAYRAMHACILI BARAJI ve HES""";"=""10933818988""";"=""2110""";"=""BAYRAMHACILI 154""";156;158,39;41,73;-13,63;;;;;-13,896;26,208;"=""0""";
"=""API""";"=""CONVENTIONAL""";"=""2026-05-01T03:03:00+03:00""";"=""OA_YTM""";"=""BAYRAMHACILI BARAJI ve HES""";"=""10933818988""";"=""2110""";"=""BAYRAMHACILI 154""";156;159,17;41,66;-15,74;;;;;-13,896;26,208;"=""1""";
"=""API""";"=""CONVENTIONAL""";"=""2026-05-01T03:04:00+03:00""";"=""OA_YTM""";"=""BAYRAMHACILI BARAJI ve HES""";"=""10933818988""";"=""2110""";"=""BAYRAMHACILI 154""";156;159,17;41,87;-15,74;;;;;-13,896;26,208;"=""1""";
"=""API""";"=""CONVENTIONAL""";"=""2026-05-01T03:05:00+03:00""";"=""OA_YTM""";"=""BAYRAMHACILI BARAJI ve HES""";"=""10933818988""";"=""2110""";"=""BAYRAMHACILI 154""";156;159,17;41,94;-16,51;;;;;-13,896;26,208;"=""1""";
"=""API""";"=""CONVENTIONAL""";"=""2026-05-01T03:06:00+03:00""";"=""OA_YTM""";"=""BAYRAMHACILI BARAJI ve HES""";"=""10933818988""";"=""2110""";"=""BAYRAMHACILI 154""";156;159,17;41,66;-16,51;;;;;-13,896;26,208;"=""1""";
"=""API""";"=""CONVENTIONAL""";"=""2026-05-01T03:07:00+03:00""";"=""OA_YTM""";"=""BAYRAMHACILI BARAJI ve HES""";"=""10933818988""";"=""2110""";"=""BAYRAMHACILI 154""";156;159,17;41,73;-16,51;;;;;-13,896;26,208;"=""1""";
"=""API""";"=""CONVENTIONAL""";"=""2026-05-01T03:08:00+03:00""";"=""OA_YTM""";"=""BAYRAMHACILI BARAJI ve HES""";"=""10933818988""";"=""2110""";"=""BAYRAMHACILI 154""";156;159,17;42,08;-16,07;;;;;-13,896;26,208;"=""1""";
"=""API""";"=""CONVENTIONAL""";"=""2026-05-01T03:09:00+03:00""";"=""OA_YTM""";"=""BAYRAMHACILI BARAJI ve HES""";"=""10933818988""";"=""2110""";"=""BAYRAMHACILI 154""";156;159,17;41,75;-16,37;;;;;-13,896;26,208;"=""1""";
"=""API""";"=""CONVENTIONAL""";"=""2026-05-01T03:10:00+03:00""";"=""OA_YTM""";"=""BAYRAMHACILI BARAJI ve HES""";"=""10933818988""";"=""2110""";"=""BAYRAMHACILI 154""";156;159,17;41,84;-17,02;;;;;-13,896;26,208;"=""1""";
"=""API""";"=""CONVENTIONAL""";"=""2026-05-01T03:11:00+03:00""";"=""OA_YTM""";"=""BAYRAMHACILI BARAJI ve HES""";"=""10933818988""";"=""2110""";"=""BAYRAMHACILI 154""";156;159,17;41,9;-16,38;;;;;-13,896;26,208;"=""1""";
"=""API""";"=""CONVENTIONAL""";"=""2026-05-01T03:12:00+03:00""";"=""OA_YTM""";"=""BAYRAMHACILI BARAJI ve HES""";"=""10933818988""";"=""2110""";"=""BAYRAMHACILI 154""";156;159,17;41,89;-16,67;;;;;-13,896;26,208;"=""1""";
"=""API""";"=""CONVENTIONAL""";"=""2026-05-01T03:13:00+03:00""";"=""OA_YTM""";"=""BAYRAMHACILI BARAJI ve HES""";"=""10933818988""";"=""2110""";"=""BAYRAMHACILI 154""";156;159,17;41,79;-17,06;;;;;-13,896;26,208;"=""1""";
"=""API""";"=""CONVENTIONAL""";"=""2026-05-01T03:14:00+03:00""";"=""OA_YTM""";"=""BAYRAMHACILI BARAJI ve HES""";"=""10933818988""";"=""2110""";"=""BAYRAMHACILI 154""";156;159,17;41,88;-17,01;;;;;-13,896;26,208;"=""1""";
"=""API""";"=""CONVENTIONAL""";"=""2026-05-01T03:15:00+03:00""";"=""OA_YTM""";"=""BAYRAMHACILI BARAJI ve HES""";"=""10933818988""";"=""2110""";"=""BAYRAMHACILI 154""";156;159,17;41,87;-17,33;;;;;-13,896;26,208;"=""1""";
"=""API""";"=""CONVENTIONAL""";"=""2026-05-01T03:16:00+03:00""";"=""OA_YTM""";"=""BAYRAMHACILI BARAJI ve HES""";"=""10933818988""";"=""2110""";"=""BAYRAMHACILI 154""";156;159,93;41,89;-16,3;;;;;-13,896;26,208;"=""1""";
"=""API""";"=""CONVENTIONAL""";"=""2026-05-01T03:17:00+03:00""";"=""OA_YTM""";"=""BAYRAMHACILI BARAJI ve HES""";"=""10933818988""";"=""2110""";"=""BAYRAMHACILI 154""";156;159,93;42;-15,96;;;;;-13,896;26,208;"=""1""";
"=""API""";"=""CONVENTIONAL""";"=""2026-05-01T03:18:00+03:00""";"=""OA_YTM""";"=""BAYRAMHACILI BARAJI ve HES""";"=""10933818988""";"=""2110""";"=""BAYRAMHACILI 154""";156;159,93;41,65;-16,28;;;;;-13,896;26,208;"=""1""";
"=""API""";"=""CONVENTIONAL""";"=""2026-05-01T03:19:00+03:00""";"=""OA_YTM""";"=""BAYRAMHACILI BARAJI ve HES""";"=""10933818988""";"=""2110""";"=""BAYRAMHACILI 154""";156;159,93;41,67;-16,28;;;;;-13,896;26,208;"=""1""";
"=""API""";"=""CONVENTIONAL""";"=""2026-05-01T03:20:00+03:00""";"=""OA_YTM""";"=""BAYRAMHACILI BARAJI ve HES""";"=""10933818988""";"=""2110""";"=""BAYRAMHACILI 154""";156;159,14;41,74;-15,37;;;;;-13,896;26,208;"=""1""";
"=""API""";"=""CONVENTIONAL""";"=""2026-05-01T03:21:00+03:00""";"=""OA_YTM""";"=""BAYRAMHACILI BARAJI ve HES""";"=""10933818988""";"=""2110""";"=""BAYRAMHACILI 154""";156;159,14;41,87;-14,66;;;;;-13,896;26,208;"=""1""";
"=""API""";"=""CONVENTIONAL""";"=""2026-05-01T03:22:00+03:00""";"=""OA_YTM""";"=""BAYRAMHACILI BARAJI ve HES""";"=""10933818988""";"=""2110""";"=""BAYRAMHACILI 154""";156;159,14;41,99;-15;;;;;-13,896;26,208;"=""1""";
"=""API""";"=""CONVENTIONAL""";"=""2026-05-01T03:23:00+03:00""";"=""OA_YTM""";"=""BAYRAMHACILI BARAJI ve HES""";"=""10933818988""";"=""2110""";"=""BAYRAMHACILI 154""";156;159,14;42,12;-15,3;;;;;-13,896;26,208;"=""1""";
"=""API""";"=""CONVENTIONAL""";"=""2026-05-01T03:24:00+03:00""";"=""OA_YTM""";"=""BAYRAMHACILI BARAJI ve HES""";"=""10933818988""";"=""2110""";"=""BAYRAMHACILI 154""";156;159,14;41,73;-15,6;;;;;-13,896;26,208;"=""1""";
"=""API""";"=""CONVENTIONAL""";"=""2026-05-01T03:25:00+03:00""";"=""OA_YTM""";"=""BAYRAMHACILI BARAJI ve HES""";"=""10933818988""";"=""2110""";"=""BAYRAMHACILI 154""";156;159,14;41,83;-14,97;;;;;-13,896;26,208;"=""1""";
"=""API""";"=""CONVENTIONAL""";"=""2026-05-01T03:26:00+03:00""";"=""OA_YTM""";"=""BAYRAMHACILI BARAJI ve HES""";"=""10933818988""";"=""2110""";"=""BAYRAMHACILI 154""";156;159,14;41,76;-15,26;;;;;-13,896;26,208;"=""1""";
"=""API""";"=""CONVENTIONAL""";"=""2026-05-01T03:27:00+03:00""";"=""OA_YTM""";"=""BAYRAMHACILI BARAJI ve HES""";"=""10933818988""";"=""2110""";"=""BAYRAMHACILI 154""";156;159,14;41,82;-14,8;;;;;-13,896;26,208;"=""1""";
"=""API""";"=""CONVENTIONAL""";"=""2026-05-01T03:28:00+03:00""";"=""OA_YTM""";"=""BAYRAMHACILI BARAJI ve HES""";"=""10933818988""";"=""2110""";"=""BAYRAMHACILI 154""";156;159,14;41,99;-15,09;;;;;-13,896;26,208;"=""1""";
"=""API""";"=""CONVENTIONAL""";"=""2026-05-01T03:29:00+03:00""";"=""OA_YTM""";"=""BAYRAMHACILI BARAJI ve HES""";"=""10933818988""";"=""2110""";"=""BAYRAMHACILI 154""";156;159,14;42,15;-15,4;;;;;-13,896;26,208;"=""1""";
"=""API""";"=""CONVENTIONAL""";"=""2026-05-01T03:30:00+03:00""";"=""OA_YTM""";"=""BAYRAMHACILI BARAJI ve HES""";"=""10933818988""";"=""2110""";"=""BAYRAMHACILI 154""";156;159,14;42,01;-15,53;;;;;-13,896;26,208;"=""1""";
"=""API""";"=""CONVENTIONAL""";"=""2026-05-01T03:31:00+03:00""";"=""OA_YTM""";"=""BAYRAMHACILI BARAJI ve HES""";"=""10933818988""";"=""2110""";"=""BAYRAMHACILI 154""";156;159,14;41,91;-16,2;;;;;-13,896;26,208;"=""1""";
"=""API""";"=""CONVENTIONAL""";"=""2026-05-01T03:32:00+03:00""";"=""OA_YTM""";"=""BAYRAMHACILI BARAJI ve HES""";"=""10933818988""";"=""2110""";"=""BAYRAMHACILI 154""";156;159,14;42,23;-16,2;;;;;-13,896;26,208;"=""1""";
"=""API""";"=""CONVENTIONAL""";"=""2026-05-01T03:33:00+03:00""";"=""OA_YTM""";"=""BAYRAMHACILI BARAJI ve HES""";"=""10933818988""";"=""2110""";"=""BAYRAMHACILI 154""";156;159,14;42,24;-16,2;;;;;-13,896;26,208;"=""1""";
"=""API""";"=""CONVENTIONAL""";"=""2026-05-01T03:34:00+03:00""";"=""OA_YTM""";"=""BAYRAMHACILI BARAJI ve HES""";"=""10933818988""";"=""2110""";"=""BAYRAMHACILI 154""";156;159,14;42,09;-16,2;;;;;-13,896;26,208;"=""1""";
"=""API""";"=""CONVENTIONAL""";"=""2026-05-01T03:35:00+03:00""";"=""OA_YTM""";"=""BAYRAMHACILI BARAJI ve HES""";"=""10933818988""";"=""2110""";"=""BAYRAMHACILI 154""";156;159,14;42,35;-15,59;;;;;-13,896;26,208;"=""1""";
"=""API""";"=""CONVENTIONAL""";"=""2026-05-01T03:36:00+03:00""";"=""OA_YTM""";"=""BAYRAMHACILI BARAJI ve HES""";"=""10933818988""";"=""2110""";"=""BAYRAMHACILI 154""";156;159,14;42,11;-16,08;;;;;-13,896;26,208;"=""1""";
"=""API""";"=""CONVENTIONAL""";"=""2026-05-01T03:37:00+03:00""";"=""OA_YTM""";"=""BAYRAMHACILI BARAJI ve HES""";"=""10933818988""";"=""2110""";"=""BAYRAMHACILI 154""";156;159,14;42,26;-16,69;;;;;-13,896;26,208;"=""1""";
"=""API""";"=""CONVENTIONAL""";"=""2026-05-01T03:38:00+03:00""";"=""OA_YTM""";"=""BAYRAMHACILI BARAJI ve HES""";"=""10933818988""";"=""2110""";"=""BAYRAMHACILI 154""";156;159,95;42,42;-16,15;;;;;-13,896;26,208;"=""1""";
"=""API""";"=""CONVENTIONAL""";"=""2026-05-01T03:39:00+03:00""";"=""OA_YTM""";"=""BAYRAMHACILI BARAJI ve HES""";"=""10933818988""";"=""2110""";"=""BAYRAMHACILI 154""";156;159,95;42,35;-16,15;;;;;-13,896;26,208;"=""1""";
"=""API""";"=""CONVENTIONAL""";"=""2026-05-01T03:40:00+03:00""";"=""OA_YTM""";"=""BAYRAMHACILI BARAJI ve HES""";"=""10933818988""";"=""2110""";"=""BAYRAMHACILI 154""";156;159,95;42,29;-15,82;;;;;-13,896;26,208;"=""1""";
"=""API""";"=""CONVENTIONAL""";"=""2026-05-01T03:41:00+03:00""";"=""OA_YTM""";"=""BAYRAMHACILI BARAJI ve HES""";"=""10933818988""";"=""2110""";"=""BAYRAMHACILI 154""";156;159,2;42,21;-15,16;;;;;-13,896;26,208;"=""1""";
"=""API""";"=""CONVENTIONAL""";"=""2026-05-01T03:42:00+03:00""";"=""OA_YTM""";"=""BAYRAMHACILI BARAJI ve HES""";"=""10933818988""";"=""2110""";"=""BAYRAMHACILI 154""";156;159,2;42,37;-15,91;;;;;-13,896;26,208;"=""1""";
"=""API""";"=""CONVENTIONAL""";"=""2026-05-01T03:43:00+03:00""";"=""OA_YTM""";"=""BAYRAMHACILI BARAJI ve HES""";"=""10933818988""";"=""2110""";"=""BAYRAMHACILI 154""";156;159,2;42,25;-15,82;;;;;-13,896;26,208;"=""1""";
"=""API""";"=""CONVENTIONAL""";"=""2026-05-01T03:44:00+03:00""";"=""OA_YTM""";"=""BAYRAMHACILI BARAJI ve HES""";"=""10933818988""";"=""2110""";"=""BAYRAMHACILI 154""";156;159,2;42,3;-15,58;;;;;-13,896;26,208;"=""1""";
"=""API""";"=""CONVENTIONAL""";"=""2026-05-01T03:45:00+03:00""";"=""OA_YTM""";"=""BAYRAMHACILI BARAJI ve HES""";"=""10933818988""";"=""2110""";"=""BAYRAMHACILI 154""";156;159,2;42,47;-15,12;;;;;-13,896;26,208;"=""1""";
"=""API""";"=""CONVENTIONAL""";"=""2026-05-01T03:46:00+03:00""";"=""OA_YTM""";"=""BAYRAMHACILI BARAJI ve HES""";"=""10933818988""";"=""2110""";"=""BAYRAMHACILI 154""";156;159,2;42,61;-15,15;;;;;-13,896;26,208;"=""1""";
"=""API""";"=""CONVENTIONAL""";"=""2026-05-01T03:47:00+03:00""";"=""OA_YTM""";"=""BAYRAMHACILI BARAJI ve HES""";"=""10933818988""";"=""2110""";"=""BAYRAMHACILI 154""";156;158,43;42,05;-14,55;;;;;-13,896;26,208;"=""1""";
"=""API""";"=""CONVENTIONAL""";"=""2026-05-01T03:48:00+03:00""";"=""OA_YTM""";"=""BAYRAMHACILI BARAJI ve HES""";"=""10933818988""";"=""2110""";"=""BAYRAMHACILI 154""";156;158,43;42,18;-15,46;;;;;-13,896;26,208;"=""1""";
"=""API""";"=""CONVENTIONAL""";"=""2026-05-01T03:49:00+03:00""";"=""OA_YTM""";"=""BAYRAMHACILI BARAJI ve HES""";"=""10933818988""";"=""2110""";"=""BAYRAMHACILI 154""";156;159,26;42,08;-15,5;;;;;-13,896;26,208;"=""1""";
"=""API""";"=""CONVENTIONAL""";"=""2026-05-01T03:50:00+03:00""";"=""OA_YTM""";"=""BAYRAMHACILI BARAJI ve HES""";"=""10933818988""";"=""2110""";"=""BAYRAMHACILI 154""";156;159,26;42,18;-15,79;;;;;-13,896;26,208;"=""1""";
"=""API""";"=""CONVENTIONAL""";"=""2026-05-01T03:51:00+03:00""";"=""OA_YTM""";"=""BAYRAMHACILI BARAJI ve HES""";"=""10933818988""";"=""2110""";"=""BAYRAMHACILI 154""";156;159,26;42,12;-16,46;;;;;-13,896;26,208;"=""1""";
"=""API""";"=""CONVENTIONAL""";"=""2026-05-01T03:52:00+03:00""";"=""OA_YTM""";"=""BAYRAMHACILI BARAJI ve HES""";"=""10933818988""";"=""2110""";"=""BAYRAMHACILI 154""";156;159,26;41,97;-17,1;;;;;-13,896;26,208;"=""1""";
"=""API""";"=""CONVENTIONAL""";"=""2026-05-01T03:53:00+03:00""";"=""OA_YTM""";"=""BAYRAMHACILI BARAJI ve HES""";"=""10933818988""";"=""2110""";"=""BAYRAMHACILI 154""";156;159,26;41,58;-16,8;;;;;-13,896;26,208;"=""1""";
"=""API""";"=""CONVENTIONAL""";"=""2026-05-01T03:54:00+03:00""";"=""OA_YTM""";"=""BAYRAMHACILI BARAJI ve HES""";"=""10933818988""";"=""2110""";"=""BAYRAMHACILI 154""";156;160,01;41,84;-17,46;;;;;-13,896;26,208;"=""1""";
"=""API""";"=""CONVENTIONAL""";"=""2026-05-01T03:55:00+03:00""";"=""OA_YTM""";"=""BAYRAMHACILI BARAJI ve HES""";"=""10933818988""";"=""2110""";"=""BAYRAMHACILI 154""";156;159,26;41,89;-15,26;;;;;-13,896;26,208;"=""1""";
"=""API""";"=""CONVENTIONAL""";"=""2026-05-01T03:56:00+03:00""";"=""OA_YTM""";"=""BAYRAMHACILI BARAJI ve HES""";"=""10933818988""";"=""2110""";"=""BAYRAMHACILI 154""";156;159,26;42,28;-12,93;;;;;-13,896;26,208;"=""0""";
"=""API""";"=""CONVENTIONAL""";"=""2026-05-01T03:57:00+03:00""";"=""OA_YTM""";"=""BAYRAMHACILI BARAJI ve HES""";"=""10933818988""";"=""2110""";"=""BAYRAMHACILI 154""";156;160,14;41,84;-6,87;;;;;-13,896;26,208;"=""0""";
"=""API""";"=""CONVENTIONAL""";"=""2026-05-01T03:58:00+03:00""";"=""OA_YTM""";"=""BAYRAMHACILI BARAJI ve HES""";"=""10933818988""";"=""2110""";"=""BAYRAMHACILI 154""";156;160,95;42,1;-2,35;;;;;-13,896;26,208;"=""0""";
"=""API""";"=""CONVENTIONAL""";"=""2026-05-01T03:59:00+03:00""";"=""OA_YTM""";"=""BAYRAMHACILI BARAJI ve HES""";"=""10933818988""";"=""2110""";"=""BAYRAMHACILI 154""";156;160,95;42,13;-1,1;;;;;-13,896;26,208;"=""0""";
"=""API""";"=""CONVENTIONAL""";"=""2026-05-01T04:00:00+03:00""";"=""OA_YTM""";"=""BAYRAMHACILI BARAJI ve HES""";"=""10933818988""";"=""2110""";"=""BAYRAMHACILI 154""";156;161,7;40,06;0,51;;;;;-13,896;26,208;;
"=""API""";"=""CONVENTIONAL""";"=""2026-05-01T04:01:00+03:00""";"=""OA_YTM""";"=""BAYRAMHACILI BARAJI ve HES""";"=""10933818988""";"=""2110""";"=""BAYRAMHACILI 154""";156;160,01;9,57;0,14;;;;;;;;
"=""API""";"=""CONVENTIONAL""";"=""2026-05-01T04:02:00+03:00""";"=""OA_YTM""";"=""BAYRAMHACILI BARAJI ve HES""";"=""10933818988""";"=""2110""";"=""BAYRAMHACILI 154""";156;160,01;0,83;-0,24;;;;;;;;
"=""API""";"=""CONVENTIONAL""";"=""2026-05-01T04:03:00+03:00""";"=""OA_YTM""";"=""BAYRAMHACILI BARAJI ve HES""";"=""10933818988""";"=""2110""";"=""BAYRAMHACILI 154""";156;160,01;0,05;0,24;;;;;;;;
"=""API""";"=""CONVENTIONAL""";"=""2026-05-01T04:04:00+03:00""";"=""OA_YTM""";"=""BAYRAMHACILI BARAJI ve HES""";"=""10933818988""";"=""2110""";"=""BAYRAMHACILI 154""";156;160,01;0,05;0,24;;;;;;;;
"=""API""";"=""CONVENTIONAL""";"=""2026-05-01T04:05:00+03:00""";"=""OA_YTM""";"=""BAYRAMHACILI BARAJI ve HES""";"=""10933818988""";"=""2110""";"=""BAYRAMHACILI 154""";156;160,79;0,05;0,24;;;;;;;;
"=""API""";"=""CONVENTIONAL""";"=""2026-05-01T04:06:00+03:00""";"=""OA_YTM""";"=""BAYRAMHACILI BARAJI ve HES""";"=""10933818988""";"=""2110""";"=""BAYRAMHACILI 154""";156;160,79;0,05;0,24;;;;;;;;
"=""API""";"=""CONVENTIONAL""";"=""2026-05-01T04:07:00+03:00""";"=""OA_YTM""";"=""BAYRAMHACILI BARAJI ve HES""";"=""10933818988""";"=""2110""";"=""BAYRAMHACILI 154""";156;160,79;0,05;0,24;;;;;;;;
"=""API""";"=""CONVENTIONAL""";"=""2026-05-01T04:08:00+03:00""";"=""OA_YTM""";"=""BAYRAMHACILI BARAJI ve HES""";"=""10933818988""";"=""2110""";"=""BAYRAMHACILI 154""";156;160,79;0,05;0,24;;;;;;;;
"=""API""";"=""CONVENTIONAL""";"=""2026-05-01T04:09:00+03:00""";"=""OA_YTM""";"=""BAYRAMHACILI BARAJI ve HES""";"=""10933818988""";"=""2110""";"=""BAYRAMHACILI 154""";156;160,79;0,05;0,24;;;;;;;;
"=""API""";"=""CONVENTIONAL""";"=""2026-05-01T04:10:00+03:00""";"=""OA_YTM""";"=""BAYRAMHACILI BARAJI ve HES""";"=""10933818988""";"=""2110""";"=""BAYRAMHACILI 154""";156;160,79;0,05;0,24;;;;;;;;
"=""API""";"=""CONVENTIONAL""";"=""2026-05-01T04:11:00+03:00""";"=""OA_YTM""";"=""BAYRAMHACILI BARAJI ve HES""";"=""10933818988""";"=""2110""";"=""BAYRAMHACILI 154""";156;160,79;0,05;0,24;;;;;;;;
"=""API""";"=""CONVENTIONAL""";"=""2026-05-01T04:12:00+03:00""";"=""OA_YTM""";"=""BAYRAMHACILI BARAJI ve HES""";"=""10933818988""";"=""2110""";"=""BAYRAMHACILI 154""";156;160,79;0,05;0,24;;;;;;;;
"=""API""";"=""CONVENTIONAL""";"=""2026-05-01T04:13:00+03:00""";"=""OA_YTM""";"=""BAYRAMHACILI BARAJI ve HES""";"=""10933818988""";"=""2110""";"=""BAYRAMHACILI 154""";156;159,98;0,05;0,24;;;;;;;;
"=""API""";"=""CONVENTIONAL""";"=""2026-05-01T04:14:00+03:00""";"=""OA_YTM""";"=""BAYRAMHACILI BARAJI ve HES""";"=""10933818988""";"=""2110""";"=""BAYRAMHACILI 154""";156;159,98;0,05;0,24;;;;;;;;
"=""API""";"=""CONVENTIONAL""";"=""2026-05-01T04:15:00+03:00""";"=""OA_YTM""";"=""BAYRAMHACILI BARAJI ve HES""";"=""10933818988""";"=""2110""";"=""BAYRAMHACILI 154""";156;159,98;0,05;0,24;;;;;;;;
"=""API""";"=""CONVENTIONAL""";"=""2026-05-01T04:16:00+03:00""";"=""OA_YTM""";"=""BAYRAMHACILI BARAJI ve HES""";"=""10933818988""";"=""2110""";"=""BAYRAMHACILI 154""";156;160,75;0,05;0,24;;;;;;;;
"=""API""";"=""CONVENTIONAL""";"=""2026-05-01T04:17:00+03:00""";"=""OA_YTM""";"=""BAYRAMHACILI BARAJI ve HES""";"=""10933818988""";"=""2110""";"=""BAYRAMHACILI 154""";156;160,75;0,05;0,24;;;;;;;;
"=""API""";"=""CONVENTIONAL""";"=""2026-05-01T04:18:00+03:00""";"=""OA_YTM""";"=""BAYRAMHACILI BARAJI ve HES""";"=""10933818988""";"=""2110""";"=""BAYRAMHACILI 154""";156;161,49;0,05;0,24;;;;;;;;
"=""API""";"=""CONVENTIONAL""";"=""2026-05-01T04:19:00+03:00""";"=""OA_YTM""";"=""BAYRAMHACILI BARAJI ve HES""";"=""10933818988""";"=""2110""";"=""BAYRAMHACILI 154""";156;161,49;0,05;0,24;;;;;;;;
"=""API""";"=""CONVENTIONAL""";"=""2026-05-01T04:20:00+03:00""";"=""OA_YTM""";"=""BAYRAMHACILI BARAJI ve HES""";"=""10933818988""";"=""2110""";"=""BAYRAMHACILI 154""";156;160,66;0,05;0,24;;;;;;;;
"=""API""";"=""CONVENTIONAL""";"=""2026-05-01T04:21:00+03:00""";"=""OA_YTM""";"=""BAYRAMHACILI BARAJI ve HES""";"=""10933818988""";"=""2110""";"=""BAYRAMHACILI 154""";156;160,66;0,05;0,24;;;;;;;;
"=""API""";"=""CONVENTIONAL""";"=""2026-05-01T04:22:00+03:00""";"=""OA_YTM""";"=""BAYRAMHACILI BARAJI ve HES""";"=""10933818988""";"=""2110""";"=""BAYRAMHACILI 154""";156;160,66;0,05;0,24;;;;;;;;
"=""API""";"=""CONVENTIONAL""";"=""2026-05-01T04:23:00+03:00""";"=""OA_YTM""";"=""BAYRAMHACILI BARAJI ve HES""";"=""10933818988""";"=""2110""";"=""BAYRAMHACILI 154""";156;160,66;0,05;0,24;;;;;;;;
"=""API""";"=""CONVENTIONAL""";"=""2026-05-01T04:24:00+03:00""";"=""OA_YTM""";"=""BAYRAMHACILI BARAJI ve HES""";"=""10933818988""";"=""2110""";"=""BAYRAMHACILI 154""";156;160,66;0,05;0,24;;;;;;;;
"=""API""";"=""CONVENTIONAL""";"=""2026-05-01T04:25:00+03:00""";"=""OA_YTM""";"=""BAYRAMHACILI BARAJI ve HES""";"=""10933818988""";"=""2110""";"=""BAYRAMHACILI 154""";156;160,66;0,05;0,24;;;;;;;;
"=""API""";"=""CONVENTIONAL""";"=""2026-05-01T04:26:00+03:00""";"=""OA_YTM""";"=""BAYRAMHACILI BARAJI ve HES""";"=""10933818988""";"=""2110""";"=""BAYRAMHACILI 154""";156;160,66;0,05;0,24;;;;;;;;
"=""API""";"=""CONVENTIONAL""";"=""2026-05-01T04:27:00+03:00""";"=""OA_YTM""";"=""BAYRAMHACILI BARAJI ve HES""";"=""10933818988""";"=""2110""";"=""BAYRAMHACILI 154""";156;160,66;0,05;0,24;;;;;;;;
"=""API""";"=""CONVENTIONAL""";"=""2026-05-01T04:28:00+03:00""";"=""OA_YTM""";"=""BAYRAMHACILI BARAJI ve HES""";"=""10933818988""";"=""2110""";"=""BAYRAMHACILI 154""";156;160,66;0,05;0,24;;;;;;;;
"=""API""";"=""CONVENTIONAL""";"=""2026-05-01T04:29:00+03:00""";"=""OA_YTM""";"=""BAYRAMHACILI BARAJI ve HES""";"=""10933818988""";"=""2110""";"=""BAYRAMHACILI 154""";156;160,66;0,05;0,24;;;;;;;;
"=""API""";"=""CONVENTIONAL""";"=""2026-05-01T04:30:00+03:00""";"=""OA_YTM""";"=""BAYRAMHACILI BARAJI ve HES""";"=""10933818988""";"=""2110""";"=""BAYRAMHACILI 154""";156;160,66;0,05;0,24;;;;;;;;
"=""API""";"=""CONVENTIONAL""";"=""2026-05-01T04:31:00+03:00""";"=""OA_YTM""";"=""BAYRAMHACILI BARAJI ve HES""";"=""10933818988""";"=""2110""";"=""BAYRAMHACILI 154""";156;160,66;0,05;0,24;;;;;;;;
"=""API""";"=""CONVENTIONAL""";"=""2026-05-01T04:32:00+03:00""";"=""OA_YTM""";"=""BAYRAMHACILI BARAJI ve HES""";"=""10933818988""";"=""2110""";"=""BAYRAMHACILI 154""";156;159,8;0,05;0,24;;;;;;;;
"=""API""";"=""CONVENTIONAL""";"=""2026-05-01T04:33:00+03:00""";"=""OA_YTM""";"=""BAYRAMHACILI BARAJI ve HES""";"=""10933818988""";"=""2110""";"=""BAYRAMHACILI 154""";156;160,55;0,05;0,24;;;;;;;;
"=""API""";"=""CONVENTIONAL""";"=""2026-05-01T04:34:00+03:00""";"=""OA_YTM""";"=""BAYRAMHACILI BARAJI ve HES""";"=""10933818988""";"=""2110""";"=""BAYRAMHACILI 154""";156;159,78;0,05;0,24;;;;;;;;
"=""API""";"=""CONVENTIONAL""";"=""2026-05-01T04:35:00+03:00""";"=""OA_YTM""";"=""BAYRAMHACILI BARAJI ve HES""";"=""10933818988""";"=""2110""";"=""BAYRAMHACILI 154""";156;159,78;0,05;0,24;;;;;;;;
"=""API""";"=""CONVENTIONAL""";"=""2026-05-01T04:36:00+03:00""";"=""OA_YTM""";"=""BAYRAMHACILI BARAJI ve HES""";"=""10933818988""";"=""2110""";"=""BAYRAMHACILI 154""";156;159,78;0,05;0,24;;;;;;;;
"=""API""";"=""CONVENTIONAL""";"=""2026-05-01T04:37:00+03:00""";"=""OA_YTM""";"=""BAYRAMHACILI BARAJI ve HES""";"=""10933818988""";"=""2110""";"=""BAYRAMHACILI 154""";156;159,78;0,05;0,24;;;;;;;;
"=""API""";"=""CONVENTIONAL""";"=""2026-05-01T04:38:00+03:00""";"=""OA_YTM""";"=""BAYRAMHACILI BARAJI ve HES""";"=""10933818988""";"=""2110""";"=""BAYRAMHACILI 154""";156;159,78;0,05;0,24;;;;;;;;
"=""API""";"=""CONVENTIONAL""";"=""2026-05-01T04:39:00+03:00""";"=""OA_YTM""";"=""BAYRAMHACILI BARAJI ve HES""";"=""10933818988""";"=""2110""";"=""BAYRAMHACILI 154""";156;158,95;0,05;0,24;;;;;;;;
"=""API""";"=""CONVENTIONAL""";"=""2026-05-01T04:40:00+03:00""";"=""OA_YTM""";"=""BAYRAMHACILI BARAJI ve HES""";"=""10933818988""";"=""2110""";"=""BAYRAMHACILI 154""";156;158,95;0,05;0,24;;;;;;;;
"=""API""";"=""CONVENTIONAL""";"=""2026-05-01T04:41:00+03:00""";"=""OA_YTM""";"=""BAYRAMHACILI BARAJI ve HES""";"=""10933818988""";"=""2110""";"=""BAYRAMHACILI 154""";156;158,95;0,05;0,24;;;;;;;;
"=""API""";"=""CONVENTIONAL""";"=""2026-05-01T04:42:00+03:00""";"=""OA_YTM""";"=""BAYRAMHACILI BARAJI ve HES""";"=""10933818988""";"=""2110""";"=""BAYRAMHACILI 154""";156;158,12;0,05;0,24;;;;;;;;
"=""API""";"=""CONVENTIONAL""";"=""2026-05-01T04:43:00+03:00""";"=""OA_YTM""";"=""BAYRAMHACILI BARAJI ve HES""";"=""10933818988""";"=""2110""";"=""BAYRAMHACILI 154""";156;158,12;0,05;0,24;;;;;;;;
"=""API""";"=""CONVENTIONAL""";"=""2026-05-01T04:44:00+03:00""";"=""OA_YTM""";"=""BAYRAMHACILI BARAJI ve HES""";"=""10933818988""";"=""2110""";"=""BAYRAMHACILI 154""";156;158,12;0,05;0,24;;;;;;;;
"=""API""";"=""CONVENTIONAL""";"=""2026-05-01T04:45:00+03:00""";"=""OA_YTM""";"=""BAYRAMHACILI BARAJI ve HES""";"=""10933818988""";"=""2110""";"=""BAYRAMHACILI 154""";156;158,12;0,05;0,24;;;;;;;;
"=""API""";"=""CONVENTIONAL""";"=""2026-05-01T04:46:00+03:00""";"=""OA_YTM""";"=""BAYRAMHACILI BARAJI ve HES""";"=""10933818988""";"=""2110""";"=""BAYRAMHACILI 154""";156;157,37;0,05;0,24;;;;;;;;
"=""API""";"=""CONVENTIONAL""";"=""2026-05-01T04:47:00+03:00""";"=""OA_YTM""";"=""BAYRAMHACILI BARAJI ve HES""";"=""10933818988""";"=""2110""";"=""BAYRAMHACILI 154""";156;157,37;0,05;0,24;;;;;;;;
"=""API""";"=""CONVENTIONAL""";"=""2026-05-01T04:48:00+03:00""";"=""OA_YTM""";"=""BAYRAMHACILI BARAJI ve HES""";"=""10933818988""";"=""2110""";"=""BAYRAMHACILI 154""";156;159,17;0,05;0,24;;;;;;;;
"=""API""";"=""CONVENTIONAL""";"=""2026-05-01T04:49:00+03:00""";"=""OA_YTM""";"=""BAYRAMHACILI BARAJI ve HES""";"=""10933818988""";"=""2110""";"=""BAYRAMHACILI 154""";156;159,17;0,05;0,24;;;;;;;;
"=""API""";"=""CONVENTIONAL""";"=""2026-05-01T04:50:00+03:00""";"=""OA_YTM""";"=""BAYRAMHACILI BARAJI ve HES""";"=""10933818988""";"=""2110""";"=""BAYRAMHACILI 154""";156;159,17;0,05;0,24;;;;;;;;
"=""API""";"=""CONVENTIONAL""";"=""2026-05-01T04:51:00+03:00""";"=""OA_YTM""";"=""BAYRAMHACILI BARAJI ve HES""";"=""10933818988""";"=""2110""";"=""BAYRAMHACILI 154""";156;159,17;0,05;0,24;;;;;;;;
"=""API""";"=""CONVENTIONAL""";"=""2026-05-01T04:52:00+03:00""";"=""OA_YTM""";"=""BAYRAMHACILI BARAJI ve HES""";"=""10933818988""";"=""2110""";"=""BAYRAMHACILI 154""";156;159,91;0,05;0,24;;;;;;;;
"=""API""";"=""CONVENTIONAL""";"=""2026-05-01T04:53:00+03:00""";"=""OA_YTM""";"=""BAYRAMHACILI BARAJI ve HES""";"=""10933818988""";"=""2110""";"=""BAYRAMHACILI 154""";156;159,91;0,05;0,24;;;;;;;;
"=""API""";"=""CONVENTIONAL""";"=""2026-05-01T04:54:00+03:00""";"=""OA_YTM""";"=""BAYRAMHACILI BARAJI ve HES""";"=""10933818988""";"=""2110""";"=""BAYRAMHACILI 154""";156;160,72;0,05;0,24;;;;;;;;
"=""API""";"=""CONVENTIONAL""";"=""2026-05-01T04:55:00+03:00""";"=""OA_YTM""";"=""BAYRAMHACILI BARAJI ve HES""";"=""10933818988""";"=""2110""";"=""BAYRAMHACILI 154""";156;160,72;0,05;0,24;;;;;;;;
"=""API""";"=""CONVENTIONAL""";"=""2026-05-01T04:56:00+03:00""";"=""OA_YTM""";"=""BAYRAMHACILI BARAJI ve HES""";"=""10933818988""";"=""2110""";"=""BAYRAMHACILI 154""";156;159,96;0,05;0,24;;;;;;;;
"=""API""";"=""CONVENTIONAL""";"=""2026-05-01T04:57:00+03:00""";"=""OA_YTM""";"=""BAYRAMHACILI BARAJI ve HES""";"=""10933818988""";"=""2110""";"=""BAYRAMHACILI 154""";156;159,96;0,05;0,24;;;;;;;;
"=""API""";"=""CONVENTIONAL""";"=""2026-05-01T04:58:00+03:00""";"=""OA_YTM""";"=""BAYRAMHACILI BARAJI ve HES""";"=""10933818988""";"=""2110""";"=""BAYRAMHACILI 154""";156;159,04;0,05;0,24;;;;;;;;
"=""API""";"=""CONVENTIONAL""";"=""2026-05-01T04:59:00+03:00""";"=""OA_YTM""";"=""BAYRAMHACILI BARAJI ve HES""";"=""10933818988""";"=""2110""";"=""BAYRAMHACILI 154""";156;159,04;0,05;0,24;;;;;;;;
"=""API""";"=""CONVENTIONAL""";"=""2026-05-01T05:00:00+03:00""";"=""OA_YTM""";"=""BAYRAMHACILI BARAJI ve HES""";"=""10933818988""";"=""2110""";"=""BAYRAMHACILI 154""";156;159,04;0,05;0,24;;;;;;;;
"=""API""";"=""CONVENTIONAL""";"=""2026-05-01T05:01:00+03:00""";"=""OA_YTM""";"=""BAYRAMHACILI BARAJI ve HES""";"=""10933818988""";"=""2110""";"=""BAYRAMHACILI 154""";156;159,04;0,05;0,24;;;;;;;;
"=""API""";"=""CONVENTIONAL""";"=""2026-05-01T05:02:00+03:00""";"=""OA_YTM""";"=""BAYRAMHACILI BARAJI ve HES""";"=""10933818988""";"=""2110""";"=""BAYRAMHACILI 154""";156;159,04;0,05;0,24;;;;;;;;
"=""API""";"=""CONVENTIONAL""";"=""2026-05-01T05:03:00+03:00""";"=""OA_YTM""";"=""BAYRAMHACILI BARAJI ve HES""";"=""10933818988""";"=""2110""";"=""BAYRAMHACILI 154""";156;159,04;0,05;0,24;;;;;;;;
"=""API""";"=""CONVENTIONAL""";"=""2026-05-01T05:04:00+03:00""";"=""OA_YTM""";"=""BAYRAMHACILI BARAJI ve HES""";"=""10933818988""";"=""2110""";"=""BAYRAMHACILI 154""";156;159,04;0,05;0,24;;;;;;;;
"=""API""";"=""CONVENTIONAL""";"=""2026-05-01T05:05:00+03:00""";"=""OA_YTM""";"=""BAYRAMHACILI BARAJI ve HES""";"=""10933818988""";"=""2110""";"=""BAYRAMHACILI 154""";156;159,04;0,05;0,24;;;;;;;;
"=""API""";"=""CONVENTIONAL""";"=""2026-05-01T05:06:00+03:00""";"=""OA_YTM""";"=""BAYRAMHACILI BARAJI ve HES""";"=""10933818988""";"=""2110""";"=""BAYRAMHACILI 154""";156;159,04;0,05;0,24;;;;;;;;
"=""API""";"=""CONVENTIONAL""";"=""2026-05-01T05:07:00+03:00""";"=""OA_YTM""";"=""BAYRAMHACILI BARAJI ve HES""";"=""10933818988""";"=""2110""";"=""BAYRAMHACILI 154""";156;159,04;0,05;0,24;;;;;;;;
"=""API""";"=""CONVENTIONAL""";"=""2026-05-01T05:08:00+03:00""";"=""OA_YTM""";"=""BAYRAMHACILI BARAJI ve HES""";"=""10933818988""";"=""2110""";"=""BAYRAMHACILI 154""";156;159,04;0,05;0,24;;;;;;;;
"=""API""";"=""CONVENTIONAL""";"=""2026-05-01T05:09:00+03:00""";"=""OA_YTM""";"=""BAYRAMHACILI BARAJI ve HES""";"=""10933818988""";"=""2110""";"=""BAYRAMHACILI 154""";156;159,89;0,05;0,24;;;;;;;;
"=""API""";"=""CONVENTIONAL""";"=""2026-05-01T05:10:00+03:00""";"=""OA_YTM""";"=""BAYRAMHACILI BARAJI ve HES""";"=""10933818988""";"=""2110""";"=""BAYRAMHACILI 154""";156;159,11;0,05;0,24;;;;;;;;
"=""API""";"=""CONVENTIONAL""";"=""2026-05-01T05:11:00+03:00""";"=""OA_YTM""";"=""BAYRAMHACILI BARAJI ve HES""";"=""10933818988""";"=""2110""";"=""BAYRAMHACILI 154""";156;159,11;0,05;0,24;;;;;;;;
"=""API""";"=""CONVENTIONAL""";"=""2026-05-01T05:12:00+03:00""";"=""OA_YTM""";"=""BAYRAMHACILI BARAJI ve HES""";"=""10933818988""";"=""2110""";"=""BAYRAMHACILI 154""";156;159,11;0,05;0,24;;;;;;;;
"=""API""";"=""CONVENTIONAL""";"=""2026-05-01T05:13:00+03:00""";"=""OA_YTM""";"=""BAYRAMHACILI BARAJI ve HES""";"=""10933818988""";"=""2110""";"=""BAYRAMHACILI 154""";156;159,87;0,05;0,24;;;;;;;;
"=""API""";"=""CONVENTIONAL""";"=""2026-05-01T05:14:00+03:00""";"=""OA_YTM""";"=""BAYRAMHACILI BARAJI ve HES""";"=""10933818988""";"=""2110""";"=""BAYRAMHACILI 154""";156;159,87;0,05;0,24;;;;;;;;
"=""API""";"=""CONVENTIONAL""";"=""2026-05-01T05:15:00+03:00""";"=""OA_YTM""";"=""BAYRAMHACILI BARAJI ve HES""";"=""10933818988""";"=""2110""";"=""BAYRAMHACILI 154""";156;159,87;0,05;0,24;;;;;;;;
"=""API""";"=""CONVENTIONAL""";"=""2026-05-01T05:16:00+03:00""";"=""OA_YTM""";"=""BAYRAMHACILI BARAJI ve HES""";"=""10933818988""";"=""2110""";"=""BAYRAMHACILI 154""";156;160,66;0,05;0,24;;;;;;;;
"=""API""";"=""CONVENTIONAL""";"=""2026-05-01T05:17:00+03:00""";"=""OA_YTM""";"=""BAYRAMHACILI BARAJI ve HES""";"=""10933818988""";"=""2110""";"=""BAYRAMHACILI 154""";156;160,66;0,05;0,24;;;;;;;;
"=""API""";"=""CONVENTIONAL""";"=""2026-05-01T05:18:00+03:00""";"=""OA_YTM""";"=""BAYRAMHACILI BARAJI ve HES""";"=""10933818988""";"=""2110""";"=""BAYRAMHACILI 154""";156;160,66;0,05;0,24;;;;;;;;
"=""API""";"=""CONVENTIONAL""";"=""2026-05-01T05:19:00+03:00""";"=""OA_YTM""";"=""BAYRAMHACILI BARAJI ve HES""";"=""10933818988""";"=""2110""";"=""BAYRAMHACILI 154""";156;159,25;0,05;0,24;;;;;;;;
"=""API""";"=""CONVENTIONAL""";"=""2026-05-01T05:20:00+03:00""";"=""OA_YTM""";"=""BAYRAMHACILI BARAJI ve HES""";"=""10933818988""";"=""2110""";"=""BAYRAMHACILI 154""";156;159,25;0,05;0,24;;;;;;;;
"=""API""";"=""CONVENTIONAL""";"=""2026-05-01T05:21:00+03:00""";"=""OA_YTM""";"=""BAYRAMHACILI BARAJI ve HES""";"=""10933818988""";"=""2110""";"=""BAYRAMHACILI 154""";156;159,25;0,05;0,24;;;;;;;;
"=""API""";"=""CONVENTIONAL""";"=""2026-05-01T05:22:00+03:00""";"=""OA_YTM""";"=""BAYRAMHACILI BARAJI ve HES""";"=""10933818988""";"=""2110""";"=""BAYRAMHACILI 154""";156;158,29;0,05;0,24;;;;;;;;
"=""API""";"=""CONVENTIONAL""";"=""2026-05-01T05:23:00+03:00""";"=""OA_YTM""";"=""BAYRAMHACILI BARAJI ve HES""";"=""10933818988""";"=""2110""";"=""BAYRAMHACILI 154""";156;158,29;0,05;0,24;;;;;;;;
"=""API""";"=""CONVENTIONAL""";"=""2026-05-01T05:24:00+03:00""";"=""OA_YTM""";"=""BAYRAMHACILI BARAJI ve HES""";"=""10933818988""";"=""2110""";"=""BAYRAMHACILI 154""";156;158,29;0,05;0,24;;;;;;;;
"=""API""";"=""CONVENTIONAL""";"=""2026-05-01T05:25:00+03:00""";"=""OA_YTM""";"=""BAYRAMHACILI BARAJI ve HES""";"=""10933818988""";"=""2110""";"=""BAYRAMHACILI 154""";156;157,54;0,05;0,24;;;;;;;;
"=""API""";"=""CONVENTIONAL""";"=""2026-05-01T05:26:00+03:00""";"=""OA_YTM""";"=""BAYRAMHACILI BARAJI ve HES""";"=""10933818988""";"=""2110""";"=""BAYRAMHACILI 154""";156;157,54;0,05;0,24;;;;;;;;
"=""API""";"=""CONVENTIONAL""";"=""2026-05-01T05:27:00+03:00""";"=""OA_YTM""";"=""BAYRAMHACILI BARAJI ve HES""";"=""10933818988""";"=""2110""";"=""BAYRAMHACILI 154""";156;156,65;0,05;0,24;;;;;;;;
"=""API""";"=""CONVENTIONAL""";"=""2026-05-01T05:28:00+03:00""";"=""OA_YTM""";"=""BAYRAMHACILI BARAJI ve HES""";"=""10933818988""";"=""2110""";"=""BAYRAMHACILI 154""";156;157,4;0,05;0,24;;;;;;;;
"=""API""";"=""CONVENTIONAL""";"=""2026-05-01T05:29:00+03:00""";"=""OA_YTM""";"=""BAYRAMHACILI BARAJI ve HES""";"=""10933818988""";"=""2110""";"=""BAYRAMHACILI 154""";156;157,4;0,05;0,24;;;;;;;;
"=""API""";"=""CONVENTIONAL""";"=""2026-05-01T05:30:00+03:00""";"=""OA_YTM""";"=""BAYRAMHACILI BARAJI ve HES""";"=""10933818988""";"=""2110""";"=""BAYRAMHACILI 154""";156;158,19;0,05;0,24;;;;;;;;
"=""API""";"=""CONVENTIONAL""";"=""2026-05-01T05:31:00+03:00""";"=""OA_YTM""";"=""BAYRAMHACILI BARAJI ve HES""";"=""10933818988""";"=""2110""";"=""BAYRAMHACILI 154""";156;158,19;0,05;0,24;;;;;;;;
"=""API""";"=""CONVENTIONAL""";"=""2026-05-01T05:32:00+03:00""";"=""OA_YTM""";"=""BAYRAMHACILI BARAJI ve HES""";"=""10933818988""";"=""2110""";"=""BAYRAMHACILI 154""";156;158,19;0,05;0,24;;;;;;;;
"=""API""";"=""CONVENTIONAL""";"=""2026-05-01T05:33:00+03:00""";"=""OA_YTM""";"=""BAYRAMHACILI BARAJI ve HES""";"=""10933818988""";"=""2110""";"=""BAYRAMHACILI 154""";156;158,19;0,05;0,24;;;;;;;;
"=""API""";"=""CONVENTIONAL""";"=""2026-05-01T05:34:00+03:00""";"=""OA_YTM""";"=""BAYRAMHACILI BARAJI ve HES""";"=""10933818988""";"=""2110""";"=""BAYRAMHACILI 154""";156;158,19;0,05;0,24;;;;;;;;
"=""API""";"=""CONVENTIONAL""";"=""2026-05-01T05:35:00+03:00""";"=""OA_YTM""";"=""BAYRAMHACILI BARAJI ve HES""";"=""10933818988""";"=""2110""";"=""BAYRAMHACILI 154""";156;159,17;0,05;0,24;;;;;;;;
"=""API""";"=""CONVENTIONAL""";"=""2026-05-01T05:36:00+03:00""";"=""OA_YTM""";"=""BAYRAMHACILI BARAJI ve HES""";"=""10933818988""";"=""2110""";"=""BAYRAMHACILI 154""";156;159,17;0,05;0,24;;;;;;;;
"=""API""";"=""CONVENTIONAL""";"=""2026-05-01T05:37:00+03:00""";"=""OA_YTM""";"=""BAYRAMHACILI BARAJI ve HES""";"=""10933818988""";"=""2110""";"=""BAYRAMHACILI 154""";156;159,17;0,05;0,24;;;;;;;;
"=""API""";"=""CONVENTIONAL""";"=""2026-05-01T05:38:00+03:00""";"=""OA_YTM""";"=""BAYRAMHACILI BARAJI ve HES""";"=""10933818988""";"=""2110""";"=""BAYRAMHACILI 154""";156;158,42;0,05;0,24;;;;;;;;
"=""API""";"=""CONVENTIONAL""";"=""2026-05-01T05:39:00+03:00""";"=""OA_YTM""";"=""BAYRAMHACILI BARAJI ve HES""";"=""10933818988""";"=""2110""";"=""BAYRAMHACILI 154""";156;158,42;0,05;0,24;;;;;;;;
"=""API""";"=""CONVENTIONAL""";"=""2026-05-01T05:40:00+03:00""";"=""OA_YTM""";"=""BAYRAMHACILI BARAJI ve HES""";"=""10933818988""";"=""2110""";"=""BAYRAMHACILI 154""";156;157,66;0,05;0,24;;;;;;;;
"=""API""";"=""CONVENTIONAL""";"=""2026-05-01T05:41:00+03:00""";"=""OA_YTM""";"=""BAYRAMHACILI BARAJI ve HES""";"=""10933818988""";"=""2110""";"=""BAYRAMHACILI 154""";156;157,66;0,05;0,24;;;;;;;;
"=""API""";"=""CONVENTIONAL""";"=""2026-05-01T05:42:00+03:00""";"=""OA_YTM""";"=""BAYRAMHACILI BARAJI ve HES""";"=""10933818988""";"=""2110""";"=""BAYRAMHACILI 154""";156;158,55;0,05;0,24;;;;;;;;
"=""API""";"=""CONVENTIONAL""";"=""2026-05-01T05:43:00+03:00""";"=""OA_YTM""";"=""BAYRAMHACILI BARAJI ve HES""";"=""10933818988""";"=""2110""";"=""BAYRAMHACILI 154""";156;159,35;0,05;0,24;;;;;;;;
"=""API""";"=""CONVENTIONAL""";"=""2026-05-01T05:44:00+03:00""";"=""OA_YTM""";"=""BAYRAMHACILI BARAJI ve HES""";"=""10933818988""";"=""2110""";"=""BAYRAMHACILI 154""";156;159,35;0,05;0,24;;;;;;;;
"=""API""";"=""CONVENTIONAL""";"=""2026-05-01T05:45:00+03:00""";"=""OA_YTM""";"=""BAYRAMHACILI BARAJI ve HES""";"=""10933818988""";"=""2110""";"=""BAYRAMHACILI 154""";156;159,41;0,05;0,24;;;;;;;;
"=""API""";"=""CONVENTIONAL""";"=""2026-05-01T05:46:00+03:00""";"=""OA_YTM""";"=""BAYRAMHACILI BARAJI ve HES""";"=""10933818988""";"=""2110""";"=""BAYRAMHACILI 154""";156;159,41;0,05;0,24;;;;;;;;
"=""API""";"=""CONVENTIONAL""";"=""2026-05-01T05:47:00+03:00""";"=""OA_YTM""";"=""BAYRAMHACILI BARAJI ve HES""";"=""10933818988""";"=""2110""";"=""BAYRAMHACILI 154""";156;159,41;0,05;0,24;;;;;;;;
"=""API""";"=""CONVENTIONAL""";"=""2026-05-01T05:48:00+03:00""";"=""OA_YTM""";"=""BAYRAMHACILI BARAJI ve HES""";"=""10933818988""";"=""2110""";"=""BAYRAMHACILI 154""";156;159,41;0,05;0,24;;;;;;;;
"=""API""";"=""CONVENTIONAL""";"=""2026-05-01T05:49:00+03:00""";"=""OA_YTM""";"=""BAYRAMHACILI BARAJI ve HES""";"=""10933818988""";"=""2110""";"=""BAYRAMHACILI 154""";156;159,41;0,05;0,24;;;;;;;;
"=""API""";"=""CONVENTIONAL""";"=""2026-05-01T05:50:00+03:00""";"=""OA_YTM""";"=""BAYRAMHACILI BARAJI ve HES""";"=""10933818988""";"=""2110""";"=""BAYRAMHACILI 154""";156;159,41;0,05;0,24;;;;;;;;
"=""API""";"=""CONVENTIONAL""";"=""2026-05-01T05:51:00+03:00""";"=""OA_YTM""";"=""BAYRAMHACILI BARAJI ve HES""";"=""10933818988""";"=""2110""";"=""BAYRAMHACILI 154""";156;160,33;0,05;0,24;;;;;;;;
"=""API""";"=""CONVENTIONAL""";"=""2026-05-01T05:52:00+03:00""";"=""OA_YTM""";"=""BAYRAMHACILI BARAJI ve HES""";"=""10933818988""";"=""2110""";"=""BAYRAMHACILI 154""";156;160,33;0,05;0,24;;;;;;;;
"=""API""";"=""CONVENTIONAL""";"=""2026-05-01T05:53:00+03:00""";"=""OA_YTM""";"=""BAYRAMHACILI BARAJI ve HES""";"=""10933818988""";"=""2110""";"=""BAYRAMHACILI 154""";156;160,33;0,05;0,24;;;;;;;;
"=""API""";"=""CONVENTIONAL""";"=""2026-05-01T05:54:00+03:00""";"=""OA_YTM""";"=""BAYRAMHACILI BARAJI ve HES""";"=""10933818988""";"=""2110""";"=""BAYRAMHACILI 154""";156;160,33;0,05;0,24;;;;;;;;
"=""API""";"=""CONVENTIONAL""";"=""2026-05-01T05:55:00+03:00""";"=""OA_YTM""";"=""BAYRAMHACILI BARAJI ve HES""";"=""10933818988""";"=""2110""";"=""BAYRAMHACILI 154""";156;160,33;0,05;0,24;;;;;;;;
"=""API""";"=""CONVENTIONAL""";"=""2026-05-01T05:56:00+03:00""";"=""OA_YTM""";"=""BAYRAMHACILI BARAJI ve HES""";"=""10933818988""";"=""2110""";"=""BAYRAMHACILI 154""";156;160,33;0,05;0,24;;;;;;;;
"=""API""";"=""CONVENTIONAL""";"=""2026-05-01T05:57:00+03:00""";"=""OA_YTM""";"=""BAYRAMHACILI BARAJI ve HES""";"=""10933818988""";"=""2110""";"=""BAYRAMHACILI 154""";156;160,33;0,05;0,24;;;;;;;;
"=""API""";"=""CONVENTIONAL""";"=""2026-05-01T05:58:00+03:00""";"=""OA_YTM""";"=""BAYRAMHACILI BARAJI ve HES""";"=""10933818988""";"=""2110""";"=""BAYRAMHACILI 154""";156;160,33;0,05;0,24;;;;;;;;
"=""API""";"=""CONVENTIONAL""";"=""2026-05-01T05:59:00+03:00""";"=""OA_YTM""";"=""BAYRAMHACILI BARAJI ve HES""";"=""10933818988""";"=""2110""";"=""BAYRAMHACILI 154""";156;160,33;0,05;0,24;;;;;;;;
"=""API""";"=""CONVENTIONAL""";"=""2026-05-01T06:00:00+03:00""";"=""OA_YTM""";"=""BAYRAMHACILI BARAJI ve HES""";"=""10933818988""";"=""2110""";"=""BAYRAMHACILI 154""";157;160,33;0,05;0,24;;;;;;;;
"=""API""";"=""CONVENTIONAL""";"=""2026-05-01T06:01:00+03:00""";"=""OA_YTM""";"=""BAYRAMHACILI BARAJI ve HES""";"=""10933818988""";"=""2110""";"=""BAYRAMHACILI 154""";157;159,49;0,05;0,24;;;;;;;;
"=""API""";"=""CONVENTIONAL""";"=""2026-05-01T06:02:00+03:00""";"=""OA_YTM""";"=""BAYRAMHACILI BARAJI ve HES""";"=""10933818988""";"=""2110""";"=""BAYRAMHACILI 154""";157;159,49;0,05;0,24;;;;;;;;
"=""API""";"=""CONVENTIONAL""";"=""2026-05-01T06:03:00+03:00""";"=""OA_YTM""";"=""BAYRAMHACILI BARAJI ve HES""";"=""10933818988""";"=""2110""";"=""BAYRAMHACILI 154""";157;160,35;0,05;0,24;;;;;;;;
"=""API""";"=""CONVENTIONAL""";"=""2026-05-01T06:04:00+03:00""";"=""OA_YTM""";"=""BAYRAMHACILI BARAJI ve HES""";"=""10933818988""";"=""2110""";"=""BAYRAMHACILI 154""";157;160,35;0,05;0,24;;;;;;;;
"=""API""";"=""CONVENTIONAL""";"=""2026-05-01T06:05:00+03:00""";"=""OA_YTM""";"=""BAYRAMHACILI BARAJI ve HES""";"=""10933818988""";"=""2110""";"=""BAYRAMHACILI 154""";157;160,35;0,05;0,24;;;;;;;;
"=""API""";"=""CONVENTIONAL""";"=""2026-05-01T06:06:00+03:00""";"=""OA_YTM""";"=""BAYRAMHACILI BARAJI ve HES""";"=""10933818988""";"=""2110""";"=""BAYRAMHACILI 154""";157;160,35;0,05;0,24;;;;;;;;
"=""API""";"=""CONVENTIONAL""";"=""2026-05-01T06:07:00+03:00""";"=""OA_YTM""";"=""BAYRAMHACILI BARAJI ve HES""";"=""10933818988""";"=""2110""";"=""BAYRAMHACILI 154""";157;160,35;0,05;0,24;;;;;;;;
"=""API""";"=""CONVENTIONAL""";"=""2026-05-01T06:08:00+03:00""";"=""OA_YTM""";"=""BAYRAMHACILI BARAJI ve HES""";"=""10933818988""";"=""2110""";"=""BAYRAMHACILI 154""";157;160,35;0,05;0,24;;;;;;;;
"=""API""";"=""CONVENTIONAL""";"=""2026-05-01T06:09:00+03:00""";"=""OA_YTM""";"=""BAYRAMHACILI BARAJI ve HES""";"=""10933818988""";"=""2110""";"=""BAYRAMHACILI 154""";157;161,11;0,05;0,24;;;;;;;;
"=""API""";"=""CONVENTIONAL""";"=""2026-05-01T06:10:00+03:00""";"=""OA_YTM""";"=""BAYRAMHACILI BARAJI ve HES""";"=""10933818988""";"=""2110""";"=""BAYRAMHACILI 154""";157;160,35;0,05;0,24;;;;;;;;
"=""API""";"=""CONVENTIONAL""";"=""2026-05-01T06:11:00+03:00""";"=""OA_YTM""";"=""BAYRAMHACILI BARAJI ve HES""";"=""10933818988""";"=""2110""";"=""BAYRAMHACILI 154""";157;161,11;0,05;0,24;;;;;;;;
"=""API""";"=""CONVENTIONAL""";"=""2026-05-01T06:12:00+03:00""";"=""OA_YTM""";"=""BAYRAMHACILI BARAJI ve HES""";"=""10933818988""";"=""2110""";"=""BAYRAMHACILI 154""";157;161,11;0,05;0,24;;;;;;;;
"=""API""";"=""CONVENTIONAL""";"=""2026-05-01T06:13:00+03:00""";"=""OA_YTM""";"=""BAYRAMHACILI BARAJI ve HES""";"=""10933818988""";"=""2110""";"=""BAYRAMHACILI 154""";157;160,32;0,05;0,24;;;;;;;;
"=""API""";"=""CONVENTIONAL""";"=""2026-05-01T06:14:00+03:00""";"=""OA_YTM""";"=""BAYRAMHACILI BARAJI ve HES""";"=""10933818988""";"=""2110""";"=""BAYRAMHACILI 154""";157;160,32;0,05;0,24;;;;;;;;
"=""API""";"=""CONVENTIONAL""";"=""2026-05-01T06:15:00+03:00""";"=""OA_YTM""";"=""BAYRAMHACILI BARAJI ve HES""";"=""10933818988""";"=""2110""";"=""BAYRAMHACILI 154""";157;160,32;0,05;0,24;;;;;;;;
"=""API""";"=""CONVENTIONAL""";"=""2026-05-01T06:16:00+03:00""";"=""OA_YTM""";"=""BAYRAMHACILI BARAJI ve HES""";"=""10933818988""";"=""2110""";"=""BAYRAMHACILI 154""";157;160,32;0,05;0,24;;;;;;;;
"=""API""";"=""CONVENTIONAL""";"=""2026-05-01T06:17:00+03:00""";"=""OA_YTM""";"=""BAYRAMHACILI BARAJI ve HES""";"=""10933818988""";"=""2110""";"=""BAYRAMHACILI 154""";157;161,15;0,05;0,24;;;;;;;;
"=""API""";"=""CONVENTIONAL""";"=""2026-05-01T06:18:00+03:00""";"=""OA_YTM""";"=""BAYRAMHACILI BARAJI ve HES""";"=""10933818988""";"=""2110""";"=""BAYRAMHACILI 154""";157;161,15;0,05;0,24;;;;;;;;
"=""API""";"=""CONVENTIONAL""";"=""2026-05-01T06:19:00+03:00""";"=""OA_YTM""";"=""BAYRAMHACILI BARAJI ve HES""";"=""10933818988""";"=""2110""";"=""BAYRAMHACILI 154""";157;161,15;0,05;0,24;;;;;;;;
"=""API""";"=""CONVENTIONAL""";"=""2026-05-01T06:20:00+03:00""";"=""OA_YTM""";"=""BAYRAMHACILI BARAJI ve HES""";"=""10933818988""";"=""2110""";"=""BAYRAMHACILI 154""";157;161,15;0,05;0,24;;;;;;;;
"=""API""";"=""CONVENTIONAL""";"=""2026-05-01T06:21:00+03:00""";"=""OA_YTM""";"=""BAYRAMHACILI BARAJI ve HES""";"=""10933818988""";"=""2110""";"=""BAYRAMHACILI 154""";157;161,15;0,05;0,24;;;;;;;;
"=""API""";"=""CONVENTIONAL""";"=""2026-05-01T06:22:00+03:00""";"=""OA_YTM""";"=""BAYRAMHACILI BARAJI ve HES""";"=""10933818988""";"=""2110""";"=""BAYRAMHACILI 154""";157;161,15;0,05;0,24;;;;;;;;
"=""API""";"=""CONVENTIONAL""";"=""2026-05-01T06:23:00+03:00""";"=""OA_YTM""";"=""BAYRAMHACILI BARAJI ve HES""";"=""10933818988""";"=""2110""";"=""BAYRAMHACILI 154""";157;161,94;0,05;0,24;;;;;;;;
"=""API""";"=""CONVENTIONAL""";"=""2026-05-01T06:24:00+03:00""";"=""OA_YTM""";"=""BAYRAMHACILI BARAJI ve HES""";"=""10933818988""";"=""2110""";"=""BAYRAMHACILI 154""";157;162,7;0,05;0,24;;;;;;;;
"=""API""";"=""CONVENTIONAL""";"=""2026-05-01T06:25:00+03:00""";"=""OA_YTM""";"=""BAYRAMHACILI BARAJI ve HES""";"=""10933818988""";"=""2110""";"=""BAYRAMHACILI 154""";157;161,88;0,05;0,24;;;;;;;;
"=""API""";"=""CONVENTIONAL""";"=""2026-05-01T06:26:00+03:00""";"=""OA_YTM""";"=""BAYRAMHACILI BARAJI ve HES""";"=""10933818988""";"=""2110""";"=""BAYRAMHACILI 154""";157;161,88;0,05;0,24;;;;;;;;
"=""API""";"=""CONVENTIONAL""";"=""2026-05-01T06:27:00+03:00""";"=""OA_YTM""";"=""BAYRAMHACILI BARAJI ve HES""";"=""10933818988""";"=""2110""";"=""BAYRAMHACILI 154""";157;161,88;0,05;0,24;;;;;;;;
"=""API""";"=""CONVENTIONAL""";"=""2026-05-01T06:28:00+03:00""";"=""OA_YTM""";"=""BAYRAMHACILI BARAJI ve HES""";"=""10933818988""";"=""2110""";"=""BAYRAMHACILI 154""";157;161,88;0,05;0,24;;;;;;;;
"=""API""";"=""CONVENTIONAL""";"=""2026-05-01T06:29:00+03:00""";"=""OA_YTM""";"=""BAYRAMHACILI BARAJI ve HES""";"=""10933818988""";"=""2110""";"=""BAYRAMHACILI 154""";157;161,88;0,05;0,24;;;;;;;;
"=""API""";"=""CONVENTIONAL""";"=""2026-05-01T06:30:00+03:00""";"=""OA_YTM""";"=""BAYRAMHACILI BARAJI ve HES""";"=""10933818988""";"=""2110""";"=""BAYRAMHACILI 154""";157;161,88;0,05;0,24;;;;;;;;
"=""API""";"=""CONVENTIONAL""";"=""2026-05-01T06:31:00+03:00""";"=""OA_YTM""";"=""BAYRAMHACILI BARAJI ve HES""";"=""10933818988""";"=""2110""";"=""BAYRAMHACILI 154""";157;161,06;0,05;0,24;;;;;;;;
"=""API""";"=""CONVENTIONAL""";"=""2026-05-01T06:32:00+03:00""";"=""OA_YTM""";"=""BAYRAMHACILI BARAJI ve HES""";"=""10933818988""";"=""2110""";"=""BAYRAMHACILI 154""";157;161,06;0,05;0,24;;;;;;;;
"=""API""";"=""CONVENTIONAL""";"=""2026-05-01T06:33:00+03:00""";"=""OA_YTM""";"=""BAYRAMHACILI BARAJI ve HES""";"=""10933818988""";"=""2110""";"=""BAYRAMHACILI 154""";157;161,06;0,05;0,24;;;;;;;;
"=""API""";"=""CONVENTIONAL""";"=""2026-05-01T06:34:00+03:00""";"=""OA_YTM""";"=""BAYRAMHACILI BARAJI ve HES""";"=""10933818988""";"=""2110""";"=""BAYRAMHACILI 154""";157;161,06;0,05;0,24;;;;;;;;
"=""API""";"=""CONVENTIONAL""";"=""2026-05-01T06:35:00+03:00""";"=""OA_YTM""";"=""BAYRAMHACILI BARAJI ve HES""";"=""10933818988""";"=""2110""";"=""BAYRAMHACILI 154""";157;161,06;0,05;0,24;;;;;;;;
"=""API""";"=""CONVENTIONAL""";"=""2026-05-01T06:36:00+03:00""";"=""OA_YTM""";"=""BAYRAMHACILI BARAJI ve HES""";"=""10933818988""";"=""2110""";"=""BAYRAMHACILI 154""";157;161,06;0,05;0,24;;;;;;;;
"=""API""";"=""CONVENTIONAL""";"=""2026-05-01T06:37:00+03:00""";"=""OA_YTM""";"=""BAYRAMHACILI BARAJI ve HES""";"=""10933818988""";"=""2110""";"=""BAYRAMHACILI 154""";157;161,85;0,05;0,24;;;;;;;;
"=""API""";"=""CONVENTIONAL""";"=""2026-05-01T06:38:00+03:00""";"=""OA_YTM""";"=""BAYRAMHACILI BARAJI ve HES""";"=""10933818988""";"=""2110""";"=""BAYRAMHACILI 154""";157;161,08;0,05;0,24;;;;;;;;
"=""API""";"=""CONVENTIONAL""";"=""2026-05-01T06:39:00+03:00""";"=""OA_YTM""";"=""BAYRAMHACILI BARAJI ve HES""";"=""10933818988""";"=""2110""";"=""BAYRAMHACILI 154""";157;161,08;0,05;0,24;;;;;;;;
"=""API""";"=""CONVENTIONAL""";"=""2026-05-01T06:40:00+03:00""";"=""OA_YTM""";"=""BAYRAMHACILI BARAJI ve HES""";"=""10933818988""";"=""2110""";"=""BAYRAMHACILI 154""";157;161,08;0,05;0,24;;;;;;;;
"=""API""";"=""CONVENTIONAL""";"=""2026-05-01T06:41:00+03:00""";"=""OA_YTM""";"=""BAYRAMHACILI BARAJI ve HES""";"=""10933818988""";"=""2110""";"=""BAYRAMHACILI 154""";157;161,85;0,05;0,24;;;;;;;;
"=""API""";"=""CONVENTIONAL""";"=""2026-05-01T06:42:00+03:00""";"=""OA_YTM""";"=""BAYRAMHACILI BARAJI ve HES""";"=""10933818988""";"=""2110""";"=""BAYRAMHACILI 154""";157;161,85;0,05;0,24;;;;;;;;
"=""API""";"=""CONVENTIONAL""";"=""2026-05-01T06:43:00+03:00""";"=""OA_YTM""";"=""BAYRAMHACILI BARAJI ve HES""";"=""10933818988""";"=""2110""";"=""BAYRAMHACILI 154""";157;161,85;0,05;0,24;;;;;;;;
"=""API""";"=""CONVENTIONAL""";"=""2026-05-01T06:44:00+03:00""";"=""OA_YTM""";"=""BAYRAMHACILI BARAJI ve HES""";"=""10933818988""";"=""2110""";"=""BAYRAMHACILI 154""";157;161,85;0,05;0,24;;;;;;;;
"=""API""";"=""CONVENTIONAL""";"=""2026-05-01T06:45:00+03:00""";"=""OA_YTM""";"=""BAYRAMHACILI BARAJI ve HES""";"=""10933818988""";"=""2110""";"=""BAYRAMHACILI 154""";157;161,85;0,05;0,24;;;;;;;;
"=""API""";"=""CONVENTIONAL""";"=""2026-05-01T06:46:00+03:00""";"=""OA_YTM""";"=""BAYRAMHACILI BARAJI ve HES""";"=""10933818988""";"=""2110""";"=""BAYRAMHACILI 154""";157;161,85;0,05;0,24;;;;;;;;
"=""API""";"=""CONVENTIONAL""";"=""2026-05-01T06:47:00+03:00""";"=""OA_YTM""";"=""BAYRAMHACILI BARAJI ve HES""";"=""10933818988""";"=""2110""";"=""BAYRAMHACILI 154""";157;162,62;0,05;0,24;;;;;;;;
"=""API""";"=""CONVENTIONAL""";"=""2026-05-01T06:48:00+03:00""";"=""OA_YTM""";"=""BAYRAMHACILI BARAJI ve HES""";"=""10933818988""";"=""2110""";"=""BAYRAMHACILI 154""";157;162,62;0,05;0,24;;;;;;;;
"=""API""";"=""CONVENTIONAL""";"=""2026-05-01T06:49:00+03:00""";"=""OA_YTM""";"=""BAYRAMHACILI BARAJI ve HES""";"=""10933818988""";"=""2110""";"=""BAYRAMHACILI 154""";157;162,62;0,05;0,24;;;;;;;;
"=""API""";"=""CONVENTIONAL""";"=""2026-05-01T06:50:00+03:00""";"=""OA_YTM""";"=""BAYRAMHACILI BARAJI ve HES""";"=""10933818988""";"=""2110""";"=""BAYRAMHACILI 154""";157;162,62;0,05;0,24;;;;;;;;
"=""API""";"=""CONVENTIONAL""";"=""2026-05-01T06:51:00+03:00""";"=""OA_YTM""";"=""BAYRAMHACILI BARAJI ve HES""";"=""10933818988""";"=""2110""";"=""BAYRAMHACILI 154""";157;162,62;0,05;0,24;;;;;;;;
"=""API""";"=""CONVENTIONAL""";"=""2026-05-01T06:52:00+03:00""";"=""OA_YTM""";"=""BAYRAMHACILI BARAJI ve HES""";"=""10933818988""";"=""2110""";"=""BAYRAMHACILI 154""";157;162,62;0,05;0,24;;;;;;;;
"=""API""";"=""CONVENTIONAL""";"=""2026-05-01T06:53:00+03:00""";"=""OA_YTM""";"=""BAYRAMHACILI BARAJI ve HES""";"=""10933818988""";"=""2110""";"=""BAYRAMHACILI 154""";157;163,47;0,05;0,24;;;;;;;;
"=""API""";"=""CONVENTIONAL""";"=""2026-05-01T06:54:00+03:00""";"=""OA_YTM""";"=""BAYRAMHACILI BARAJI ve HES""";"=""10933818988""";"=""2110""";"=""BAYRAMHACILI 154""";157;163,47;0,05;0,24;;;;;;;;
"=""API""";"=""CONVENTIONAL""";"=""2026-05-01T06:55:00+03:00""";"=""OA_YTM""";"=""BAYRAMHACILI BARAJI ve HES""";"=""10933818988""";"=""2110""";"=""BAYRAMHACILI 154""";157;162,71;0,05;0,24;;;;;;;;
"=""API""";"=""CONVENTIONAL""";"=""2026-05-01T06:56:00+03:00""";"=""OA_YTM""";"=""BAYRAMHACILI BARAJI ve HES""";"=""10933818988""";"=""2110""";"=""BAYRAMHACILI 154""";157;162,71;0,05;0,24;;;;;;;;
"=""API""";"=""CONVENTIONAL""";"=""2026-05-01T06:57:00+03:00""";"=""OA_YTM""";"=""BAYRAMHACILI BARAJI ve HES""";"=""10933818988""";"=""2110""";"=""BAYRAMHACILI 154""";157;162,71;0,05;0,24;;;;;;;;
"=""API""";"=""CONVENTIONAL""";"=""2026-05-01T06:58:00+03:00""";"=""OA_YTM""";"=""BAYRAMHACILI BARAJI ve HES""";"=""10933818988""";"=""2110""";"=""BAYRAMHACILI 154""";157;163,47;0,05;0,24;;;;;;;;
"=""API""";"=""CONVENTIONAL""";"=""2026-05-01T06:59:00+03:00""";"=""OA_YTM""";"=""BAYRAMHACILI BARAJI ve HES""";"=""10933818988""";"=""2110""";"=""BAYRAMHACILI 154""";157;163,47;0,05;0,24;;;;;;;;
"=""API""";"=""CONVENTIONAL""";"=""2026-05-01T07:00:00+03:00""";"=""OA_YTM""";"=""BAYRAMHACILI BARAJI ve HES""";"=""10933818988""";"=""2110""";"=""BAYRAMHACILI 154""";158;163,47;0,05;0,24;;;;;;;;
"=""API""";"=""CONVENTIONAL""";"=""2026-05-01T07:01:00+03:00""";"=""OA_YTM""";"=""BAYRAMHACILI BARAJI ve HES""";"=""10933818988""";"=""2110""";"=""BAYRAMHACILI 154""";158;164,25;0,05;0,24;;;;;;;;
"=""API""";"=""CONVENTIONAL""";"=""2026-05-01T07:02:00+03:00""";"=""OA_YTM""";"=""BAYRAMHACILI BARAJI ve HES""";"=""10933818988""";"=""2110""";"=""BAYRAMHACILI 154""";158;164,25;0,05;0,24;;;;;;;;
"=""API""";"=""CONVENTIONAL""";"=""2026-05-01T07:03:00+03:00""";"=""OA_YTM""";"=""BAYRAMHACILI BARAJI ve HES""";"=""10933818988""";"=""2110""";"=""BAYRAMHACILI 154""";158;163,36;0,05;0,24;;;;;;;;
"=""API""";"=""CONVENTIONAL""";"=""2026-05-01T07:04:00+03:00""";"=""OA_YTM""";"=""BAYRAMHACILI BARAJI ve HES""";"=""10933818988""";"=""2110""";"=""BAYRAMHACILI 154""";158;163,36;0,05;0,24;;;;;;;;
"=""API""";"=""CONVENTIONAL""";"=""2026-05-01T07:05:00+03:00""";"=""OA_YTM""";"=""BAYRAMHACILI BARAJI ve HES""";"=""10933818988""";"=""2110""";"=""BAYRAMHACILI 154""";158;162,58;0,05;0,24;;;;;;;;
"=""API""";"=""CONVENTIONAL""";"=""2026-05-01T07:06:00+03:00""";"=""OA_YTM""";"=""BAYRAMHACILI BARAJI ve HES""";"=""10933818988""";"=""2110""";"=""BAYRAMHACILI 154""";158;162,58;0,05;0,24;;;;;;;;
"=""API""";"=""CONVENTIONAL""";"=""2026-05-01T07:07:00+03:00""";"=""OA_YTM""";"=""BAYRAMHACILI BARAJI ve HES""";"=""10933818988""";"=""2110""";"=""BAYRAMHACILI 154""";158;163,39;0,05;0,24;;;;;;;;
"=""API""";"=""CONVENTIONAL""";"=""2026-05-01T07:08:00+03:00""";"=""OA_YTM""";"=""BAYRAMHACILI BARAJI ve HES""";"=""10933818988""";"=""2110""";"=""BAYRAMHACILI 154""";158;162,65;0,05;0,24;;;;;;;;
"=""API""";"=""CONVENTIONAL""";"=""2026-05-01T07:09:00+03:00""";"=""OA_YTM""";"=""BAYRAMHACILI BARAJI ve HES""";"=""10933818988""";"=""2110""";"=""BAYRAMHACILI 154""";158;162,65;0,05;0,24;;;;;;;;
"=""API""";"=""CONVENTIONAL""";"=""2026-05-01T07:10:00+03:00""";"=""OA_YTM""";"=""BAYRAMHACILI BARAJI ve HES""";"=""10933818988""";"=""2110""";"=""BAYRAMHACILI 154""";158;162,65;0,05;0,24;;;;;;;;
"=""API""";"=""CONVENTIONAL""";"=""2026-05-01T07:11:00+03:00""";"=""OA_YTM""";"=""BAYRAMHACILI BARAJI ve HES""";"=""10933818988""";"=""2110""";"=""BAYRAMHACILI 154""";158;163,41;0,05;0,24;;;;;;;;
"=""API""";"=""CONVENTIONAL""";"=""2026-05-01T07:12:00+03:00""";"=""OA_YTM""";"=""BAYRAMHACILI BARAJI ve HES""";"=""10933818988""";"=""2110""";"=""BAYRAMHACILI 154""";158;163,41;0,05;0,24;;;;;;;;
"=""API""";"=""CONVENTIONAL""";"=""2026-05-01T07:13:00+03:00""";"=""OA_YTM""";"=""BAYRAMHACILI BARAJI ve HES""";"=""10933818988""";"=""2110""";"=""BAYRAMHACILI 154""";158;163,41;0,05;0,24;;;;;;;;
"=""API""";"=""CONVENTIONAL""";"=""2026-05-01T07:14:00+03:00""";"=""OA_YTM""";"=""BAYRAMHACILI BARAJI ve HES""";"=""10933818988""";"=""2110""";"=""BAYRAMHACILI 154""";158;164,18;0,05;0,24;;;;;;;;
"=""API""";"=""CONVENTIONAL""";"=""2026-05-01T07:15:00+03:00""";"=""OA_YTM""";"=""BAYRAMHACILI BARAJI ve HES""";"=""10933818988""";"=""2110""";"=""BAYRAMHACILI 154""";158;163,42;0,05;0,24;;;;;;;;
"=""API""";"=""CONVENTIONAL""";"=""2026-05-01T07:16:00+03:00""";"=""OA_YTM""";"=""BAYRAMHACILI BARAJI ve HES""";"=""10933818988""";"=""2110""";"=""BAYRAMHACILI 154""";158;163,42;0,05;0,24;;;;;;;;
"=""API""";"=""CONVENTIONAL""";"=""2026-05-01T07:17:00+03:00""";"=""OA_YTM""";"=""BAYRAMHACILI BARAJI ve HES""";"=""10933818988""";"=""2110""";"=""BAYRAMHACILI 154""";158;163,42;0,05;0,24;;;;;;;;
"=""API""";"=""CONVENTIONAL""";"=""2026-05-01T07:18:00+03:00""";"=""OA_YTM""";"=""BAYRAMHACILI BARAJI ve HES""";"=""10933818988""";"=""2110""";"=""BAYRAMHACILI 154""";158;163,42;0,05;0,24;;;;;;;;
"=""API""";"=""CONVENTIONAL""";"=""2026-05-01T07:19:00+03:00""";"=""OA_YTM""";"=""BAYRAMHACILI BARAJI ve HES""";"=""10933818988""";"=""2110""";"=""BAYRAMHACILI 154""";158;163,42;0,05;0,24;;;;;;;;
"=""API""";"=""CONVENTIONAL""";"=""2026-05-01T07:20:00+03:00""";"=""OA_YTM""";"=""BAYRAMHACILI BARAJI ve HES""";"=""10933818988""";"=""2110""";"=""BAYRAMHACILI 154""";158;163,42;0,05;0,24;;;;;;;;
"=""API""";"=""CONVENTIONAL""";"=""2026-05-01T07:21:00+03:00""";"=""OA_YTM""";"=""BAYRAMHACILI BARAJI ve HES""";"=""10933818988""";"=""2110""";"=""BAYRAMHACILI 154""";158;163,42;0,05;0,24;;;;;;;;
"=""API""";"=""CONVENTIONAL""";"=""2026-05-01T07:22:00+03:00""";"=""OA_YTM""";"=""BAYRAMHACILI BARAJI ve HES""";"=""10933818988""";"=""2110""";"=""BAYRAMHACILI 154""";158;163,42;0,05;0,24;;;;;;;;
"=""API""";"=""CONVENTIONAL""";"=""2026-05-01T07:23:00+03:00""";"=""OA_YTM""";"=""BAYRAMHACILI BARAJI ve HES""";"=""10933818988""";"=""2110""";"=""BAYRAMHACILI 154""";158;163,42;0,05;0,24;;;;;;;;
"=""API""";"=""CONVENTIONAL""";"=""2026-05-01T07:24:00+03:00""";"=""OA_YTM""";"=""BAYRAMHACILI BARAJI ve HES""";"=""10933818988""";"=""2110""";"=""BAYRAMHACILI 154""";158;163,42;0,05;0,24;;;;;;;;
"=""API""";"=""CONVENTIONAL""";"=""2026-05-01T07:25:00+03:00""";"=""OA_YTM""";"=""BAYRAMHACILI BARAJI ve HES""";"=""10933818988""";"=""2110""";"=""BAYRAMHACILI 154""";158;163,42;0,05;0,24;;;;;;;;
"=""API""";"=""CONVENTIONAL""";"=""2026-05-01T07:26:00+03:00""";"=""OA_YTM""";"=""BAYRAMHACILI BARAJI ve HES""";"=""10933818988""";"=""2110""";"=""BAYRAMHACILI 154""";158;164,19;0,05;0,24;;;;;;;;
"=""API""";"=""CONVENTIONAL""";"=""2026-05-01T07:27:00+03:00""";"=""OA_YTM""";"=""BAYRAMHACILI BARAJI ve HES""";"=""10933818988""";"=""2110""";"=""BAYRAMHACILI 154""";158;164,19;0,05;0,24;;;;;;;;
"=""API""";"=""CONVENTIONAL""";"=""2026-05-01T07:28:00+03:00""";"=""OA_YTM""";"=""BAYRAMHACILI BARAJI ve HES""";"=""10933818988""";"=""2110""";"=""BAYRAMHACILI 154""";158;164,19;0,05;0,24;;;;;;;;
"=""API""";"=""CONVENTIONAL""";"=""2026-05-01T07:29:00+03:00""";"=""OA_YTM""";"=""BAYRAMHACILI BARAJI ve HES""";"=""10933818988""";"=""2110""";"=""BAYRAMHACILI 154""";158;164,19;0,05;0,24;;;;;;;;
"=""API""";"=""CONVENTIONAL""";"=""2026-05-01T07:30:00+03:00""";"=""OA_YTM""";"=""BAYRAMHACILI BARAJI ve HES""";"=""10933818988""";"=""2110""";"=""BAYRAMHACILI 154""";158;164,19;0,05;0,24;;;;;;;;
"=""API""";"=""CONVENTIONAL""";"=""2026-05-01T07:31:00+03:00""";"=""OA_YTM""";"=""BAYRAMHACILI BARAJI ve HES""";"=""10933818988""";"=""2110""";"=""BAYRAMHACILI 154""";158;164,19;0,05;0,24;;;;;;;;
"=""API""";"=""CONVENTIONAL""";"=""2026-05-01T07:32:00+03:00""";"=""OA_YTM""";"=""BAYRAMHACILI BARAJI ve HES""";"=""10933818988""";"=""2110""";"=""BAYRAMHACILI 154""";158;164,19;0,05;0,24;;;;;;;;
"=""API""";"=""CONVENTIONAL""";"=""2026-05-01T07:33:00+03:00""";"=""OA_YTM""";"=""BAYRAMHACILI BARAJI ve HES""";"=""10933818988""";"=""2110""";"=""BAYRAMHACILI 154""";158;164,19;0,05;0,24;;;;;;;;
"=""API""";"=""CONVENTIONAL""";"=""2026-05-01T07:34:00+03:00""";"=""OA_YTM""";"=""BAYRAMHACILI BARAJI ve HES""";"=""10933818988""";"=""2110""";"=""BAYRAMHACILI 154""";158;164,19;0,05;0,24;;;;;;;;
"=""API""";"=""CONVENTIONAL""";"=""2026-05-01T07:35:00+03:00""";"=""OA_YTM""";"=""BAYRAMHACILI BARAJI ve HES""";"=""10933818988""";"=""2110""";"=""BAYRAMHACILI 154""";158;164,19;0,05;0,24;;;;;;;;
"=""API""";"=""CONVENTIONAL""";"=""2026-05-01T07:36:00+03:00""";"=""OA_YTM""";"=""BAYRAMHACILI BARAJI ve HES""";"=""10933818988""";"=""2110""";"=""BAYRAMHACILI 154""";158;164,19;0,05;0,24;;;;;;;;
"=""API""";"=""CONVENTIONAL""";"=""2026-05-01T07:37:00+03:00""";"=""OA_YTM""";"=""BAYRAMHACILI BARAJI ve HES""";"=""10933818988""";"=""2110""";"=""BAYRAMHACILI 154""";158;164,19;0,05;0,24;;;;;;;;
"=""API""";"=""CONVENTIONAL""";"=""2026-05-01T07:38:00+03:00""";"=""OA_YTM""";"=""BAYRAMHACILI BARAJI ve HES""";"=""10933818988""";"=""2110""";"=""BAYRAMHACILI 154""";158;164,19;0,05;0,24;;;;;;;;
"=""API""";"=""CONVENTIONAL""";"=""2026-05-01T07:39:00+03:00""";"=""OA_YTM""";"=""BAYRAMHACILI BARAJI ve HES""";"=""10933818988""";"=""2110""";"=""BAYRAMHACILI 154""";158;164,19;0,05;0,24;;;;;;;;
"=""API""";"=""CONVENTIONAL""";"=""2026-05-01T07:40:00+03:00""";"=""OA_YTM""";"=""BAYRAMHACILI BARAJI ve HES""";"=""10933818988""";"=""2110""";"=""BAYRAMHACILI 154""";158;164,98;0,05;0,24;;;;;;;;
"=""API""";"=""CONVENTIONAL""";"=""2026-05-01T07:41:00+03:00""";"=""OA_YTM""";"=""BAYRAMHACILI BARAJI ve HES""";"=""10933818988""";"=""2110""";"=""BAYRAMHACILI 154""";158;165,74;0,05;0,24;;;;;;;;
"=""API""";"=""CONVENTIONAL""";"=""2026-05-01T07:42:00+03:00""";"=""OA_YTM""";"=""BAYRAMHACILI BARAJI ve HES""";"=""10933818988""";"=""2110""";"=""BAYRAMHACILI 154""";158;165,74;0,05;0,24;;;;;;;;
"=""API""";"=""CONVENTIONAL""";"=""2026-05-01T07:43:00+03:00""";"=""OA_YTM""";"=""BAYRAMHACILI BARAJI ve HES""";"=""10933818988""";"=""2110""";"=""BAYRAMHACILI 154""";158;164,33;0,05;0,24;;;;;;;;
"=""API""";"=""CONVENTIONAL""";"=""2026-05-01T07:44:00+03:00""";"=""OA_YTM""";"=""BAYRAMHACILI BARAJI ve HES""";"=""10933818988""";"=""2110""";"=""BAYRAMHACILI 154""";158;164,33;0,05;0,24;;;;;;;;
"=""API""";"=""CONVENTIONAL""";"=""2026-05-01T07:45:00+03:00""";"=""OA_YTM""";"=""BAYRAMHACILI BARAJI ve HES""";"=""10933818988""";"=""2110""";"=""BAYRAMHACILI 154""";158;164,33;0,05;0,24;;;;;;;;
"=""API""";"=""CONVENTIONAL""";"=""2026-05-01T07:46:00+03:00""";"=""OA_YTM""";"=""BAYRAMHACILI BARAJI ve HES""";"=""10933818988""";"=""2110""";"=""BAYRAMHACILI 154""";158;164,33;0,05;0,24;;;;;;;;
"=""API""";"=""CONVENTIONAL""";"=""2026-05-01T07:47:00+03:00""";"=""OA_YTM""";"=""BAYRAMHACILI BARAJI ve HES""";"=""10933818988""";"=""2110""";"=""BAYRAMHACILI 154""";158;164,33;0,05;0,24;;;;;;;;
"=""API""";"=""CONVENTIONAL""";"=""2026-05-01T07:48:00+03:00""";"=""OA_YTM""";"=""BAYRAMHACILI BARAJI ve HES""";"=""10933818988""";"=""2110""";"=""BAYRAMHACILI 154""";158;164,33;0,05;0,24;;;;;;;;
"=""API""";"=""CONVENTIONAL""";"=""2026-05-01T07:49:00+03:00""";"=""OA_YTM""";"=""BAYRAMHACILI BARAJI ve HES""";"=""10933818988""";"=""2110""";"=""BAYRAMHACILI 154""";158;164,33;0,05;0,24;;;;;;;;
"=""API""";"=""CONVENTIONAL""";"=""2026-05-01T07:50:00+03:00""";"=""OA_YTM""";"=""BAYRAMHACILI BARAJI ve HES""";"=""10933818988""";"=""2110""";"=""BAYRAMHACILI 154""";158;164,33;0,05;0,24;;;;;;;;
"=""API""";"=""CONVENTIONAL""";"=""2026-05-01T07:51:00+03:00""";"=""OA_YTM""";"=""BAYRAMHACILI BARAJI ve HES""";"=""10933818988""";"=""2110""";"=""BAYRAMHACILI 154""";158;164,33;0,05;0,24;;;;;;;;
"=""API""";"=""CONVENTIONAL""";"=""2026-05-01T07:52:00+03:00""";"=""OA_YTM""";"=""BAYRAMHACILI BARAJI ve HES""";"=""10933818988""";"=""2110""";"=""BAYRAMHACILI 154""";158;164,33;0,05;0,24;;;;;;;;
"=""API""";"=""CONVENTIONAL""";"=""2026-05-01T07:53:00+03:00""";"=""OA_YTM""";"=""BAYRAMHACILI BARAJI ve HES""";"=""10933818988""";"=""2110""";"=""BAYRAMHACILI 154""";158;164,33;0,05;0,24;;;;;;;;
"=""API""";"=""CONVENTIONAL""";"=""2026-05-01T07:54:00+03:00""";"=""OA_YTM""";"=""BAYRAMHACILI BARAJI ve HES""";"=""10933818988""";"=""2110""";"=""BAYRAMHACILI 154""";158;164,33;0,05;0,24;;;;;;;;
"=""API""";"=""CONVENTIONAL""";"=""2026-05-01T07:55:00+03:00""";"=""OA_YTM""";"=""BAYRAMHACILI BARAJI ve HES""";"=""10933818988""";"=""2110""";"=""BAYRAMHACILI 154""";158;164,33;0,05;0,24;;;;;;;;
"=""API""";"=""CONVENTIONAL""";"=""2026-05-01T07:56:00+03:00""";"=""OA_YTM""";"=""BAYRAMHACILI BARAJI ve HES""";"=""10933818988""";"=""2110""";"=""BAYRAMHACILI 154""";158;164,33;0,05;0,24;;;;;;;;
"=""API""";"=""CONVENTIONAL""";"=""2026-05-01T07:57:00+03:00""";"=""OA_YTM""";"=""BAYRAMHACILI BARAJI ve HES""";"=""10933818988""";"=""2110""";"=""BAYRAMHACILI 154""";158;164,33;0,05;0,24;;;;;;;;
"=""API""";"=""CONVENTIONAL""";"=""2026-05-01T07:58:00+03:00""";"=""OA_YTM""";"=""BAYRAMHACILI BARAJI ve HES""";"=""10933818988""";"=""2110""";"=""BAYRAMHACILI 154""";158;164,33;0,05;0,24;;;;;;;;
"=""API""";"=""CONVENTIONAL""";"=""2026-05-01T07:59:00+03:00""";"=""OA_YTM""";"=""BAYRAMHACILI BARAJI ve HES""";"=""10933818988""";"=""2110""";"=""BAYRAMHACILI 154""";158;163,48;0,05;0,24;;;;;;;;
"=""API""";"=""CONVENTIONAL""";"=""2026-05-01T08:00:00+03:00""";"=""OA_YTM""";"=""BAYRAMHACILI BARAJI ve HES""";"=""10933818988""";"=""2110""";"=""BAYRAMHACILI 154""";158;163,48;0,05;0,24;;;;;;;;
"=""API""";"=""CONVENTIONAL""";"=""2026-05-01T08:01:00+03:00""";"=""OA_YTM""";"=""BAYRAMHACILI BARAJI ve HES""";"=""10933818988""";"=""2110""";"=""BAYRAMHACILI 154""";158;163,48;0,05;0,24;;;;;;;;
"=""API""";"=""CONVENTIONAL""";"=""2026-05-01T08:02:00+03:00""";"=""OA_YTM""";"=""BAYRAMHACILI BARAJI ve HES""";"=""10933818988""";"=""2110""";"=""BAYRAMHACILI 154""";158;163,48;0,05;0,24;;;;;;;;
"=""API""";"=""CONVENTIONAL""";"=""2026-05-01T08:03:00+03:00""";"=""OA_YTM""";"=""BAYRAMHACILI BARAJI ve HES""";"=""10933818988""";"=""2110""";"=""BAYRAMHACILI 154""";158;163,48;0,05;0,24;;;;;;;;
"=""API""";"=""CONVENTIONAL""";"=""2026-05-01T08:04:00+03:00""";"=""OA_YTM""";"=""BAYRAMHACILI BARAJI ve HES""";"=""10933818988""";"=""2110""";"=""BAYRAMHACILI 154""";158;163,48;0,05;0,24;;;;;;;;
"=""API""";"=""CONVENTIONAL""";"=""2026-05-01T08:05:00+03:00""";"=""OA_YTM""";"=""BAYRAMHACILI BARAJI ve HES""";"=""10933818988""";"=""2110""";"=""BAYRAMHACILI 154""";158;163,48;0,05;0,24;;;;;;;;
"=""API""";"=""CONVENTIONAL""";"=""2026-05-01T08:06:00+03:00""";"=""OA_YTM""";"=""BAYRAMHACILI BARAJI ve HES""";"=""10933818988""";"=""2110""";"=""BAYRAMHACILI 154""";158;163,48;0,05;0,24;;;;;;;;
"=""API""";"=""CONVENTIONAL""";"=""2026-05-01T08:07:00+03:00""";"=""OA_YTM""";"=""BAYRAMHACILI BARAJI ve HES""";"=""10933818988""";"=""2110""";"=""BAYRAMHACILI 154""";158;163,48;0,05;0,24;;;;;;;;
"=""API""";"=""CONVENTIONAL""";"=""2026-05-01T08:08:00+03:00""";"=""OA_YTM""";"=""BAYRAMHACILI BARAJI ve HES""";"=""10933818988""";"=""2110""";"=""BAYRAMHACILI 154""";158;163,48;0,05;0,24;;;;;;;;
"=""API""";"=""CONVENTIONAL""";"=""2026-05-01T08:09:00+03:00""";"=""OA_YTM""";"=""BAYRAMHACILI BARAJI ve HES""";"=""10933818988""";"=""2110""";"=""BAYRAMHACILI 154""";158;163,48;0,05;0,24;;;;;;;;
"=""API""";"=""CONVENTIONAL""";"=""2026-05-01T08:10:00+03:00""";"=""OA_YTM""";"=""BAYRAMHACILI BARAJI ve HES""";"=""10933818988""";"=""2110""";"=""BAYRAMHACILI 154""";158;163,48;0,05;0,24;;;;;;;;
"=""API""";"=""CONVENTIONAL""";"=""2026-05-01T08:11:00+03:00""";"=""OA_YTM""";"=""BAYRAMHACILI BARAJI ve HES""";"=""10933818988""";"=""2110""";"=""BAYRAMHACILI 154""";158;163,48;0,05;0,24;;;;;;;;
"=""API""";"=""CONVENTIONAL""";"=""2026-05-01T08:12:00+03:00""";"=""OA_YTM""";"=""BAYRAMHACILI BARAJI ve HES""";"=""10933818988""";"=""2110""";"=""BAYRAMHACILI 154""";158;163,48;0,05;0,24;;;;;;;;
"=""API""";"=""CONVENTIONAL""";"=""2026-05-01T08:13:00+03:00""";"=""OA_YTM""";"=""BAYRAMHACILI BARAJI ve HES""";"=""10933818988""";"=""2110""";"=""BAYRAMHACILI 154""";158;163,48;0,05;0,24;;;;;;;;
"=""API""";"=""CONVENTIONAL""";"=""2026-05-01T08:14:00+03:00""";"=""OA_YTM""";"=""BAYRAMHACILI BARAJI ve HES""";"=""10933818988""";"=""2110""";"=""BAYRAMHACILI 154""";158;163,48;0,05;0,24;;;;;;;;
"=""API""";"=""CONVENTIONAL""";"=""2026-05-01T08:15:00+03:00""";"=""OA_YTM""";"=""BAYRAMHACILI BARAJI ve HES""";"=""10933818988""";"=""2110""";"=""BAYRAMHACILI 154""";158;163,48;0,05;0,24;;;;;;;;
"=""API""";"=""CONVENTIONAL""";"=""2026-05-01T08:16:00+03:00""";"=""OA_YTM""";"=""BAYRAMHACILI BARAJI ve HES""";"=""10933818988""";"=""2110""";"=""BAYRAMHACILI 154""";158;162,74;0,05;0,24;;;;;;;;
"=""API""";"=""CONVENTIONAL""";"=""2026-05-01T08:17:00+03:00""";"=""OA_YTM""";"=""BAYRAMHACILI BARAJI ve HES""";"=""10933818988""";"=""2110""";"=""BAYRAMHACILI 154""";158;162,74;0,05;0,24;;;;;;;;
"=""API""";"=""CONVENTIONAL""";"=""2026-05-01T08:18:00+03:00""";"=""OA_YTM""";"=""BAYRAMHACILI BARAJI ve HES""";"=""10933818988""";"=""2110""";"=""BAYRAMHACILI 154""";158;162,74;0,05;0,24;;;;;;;;
"=""API""";"=""CONVENTIONAL""";"=""2026-05-01T08:19:00+03:00""";"=""OA_YTM""";"=""BAYRAMHACILI BARAJI ve HES""";"=""10933818988""";"=""2110""";"=""BAYRAMHACILI 154""";158;161,98;0,05;0,24;;;;;;;;
"=""API""";"=""CONVENTIONAL""";"=""2026-05-01T08:20:00+03:00""";"=""OA_YTM""";"=""BAYRAMHACILI BARAJI ve HES""";"=""10933818988""";"=""2110""";"=""BAYRAMHACILI 154""";158;161,98;0,05;0,24;;;;;;;;
"=""API""";"=""CONVENTIONAL""";"=""2026-05-01T08:21:00+03:00""";"=""OA_YTM""";"=""BAYRAMHACILI BARAJI ve HES""";"=""10933818988""";"=""2110""";"=""BAYRAMHACILI 154""";158;161,98;0,05;0,24;;;;;;;;
"=""API""";"=""CONVENTIONAL""";"=""2026-05-01T08:22:00+03:00""";"=""OA_YTM""";"=""BAYRAMHACILI BARAJI ve HES""";"=""10933818988""";"=""2110""";"=""BAYRAMHACILI 154""";158;161,98;0,05;0,24;;;;;;;;
"=""API""";"=""CONVENTIONAL""";"=""2026-05-01T08:23:00+03:00""";"=""OA_YTM""";"=""BAYRAMHACILI BARAJI ve HES""";"=""10933818988""";"=""2110""";"=""BAYRAMHACILI 154""";158;161,98;0,05;0,24;;;;;;;;
"=""API""";"=""CONVENTIONAL""";"=""2026-05-01T08:24:00+03:00""";"=""OA_YTM""";"=""BAYRAMHACILI BARAJI ve HES""";"=""10933818988""";"=""2110""";"=""BAYRAMHACILI 154""";158;162,72;0,05;0,24;;;;;;;;
"=""API""";"=""CONVENTIONAL""";"=""2026-05-01T08:25:00+03:00""";"=""OA_YTM""";"=""BAYRAMHACILI BARAJI ve HES""";"=""10933818988""";"=""2110""";"=""BAYRAMHACILI 154""";158;162,72;0,05;0,24;;;;;;;;
"=""API""";"=""CONVENTIONAL""";"=""2026-05-01T08:26:00+03:00""";"=""OA_YTM""";"=""BAYRAMHACILI BARAJI ve HES""";"=""10933818988""";"=""2110""";"=""BAYRAMHACILI 154""";158;162,72;0,05;0,24;;;;;;;;
"=""API""";"=""CONVENTIONAL""";"=""2026-05-01T08:27:00+03:00""";"=""OA_YTM""";"=""BAYRAMHACILI BARAJI ve HES""";"=""10933818988""";"=""2110""";"=""BAYRAMHACILI 154""";158;162,4;0,05;0,24;;;;;;;;
"=""API""";"=""CONVENTIONAL""";"=""2026-05-01T08:28:00+03:00""";"=""OA_YTM""";"=""BAYRAMHACILI BARAJI ve HES""";"=""10933818988""";"=""2110""";"=""BAYRAMHACILI 154""";158;162,4;0,05;0,24;;;;;;;;
"=""API""";"=""CONVENTIONAL""";"=""2026-05-01T08:29:00+03:00""";"=""OA_YTM""";"=""BAYRAMHACILI BARAJI ve HES""";"=""10933818988""";"=""2110""";"=""BAYRAMHACILI 154""";158;162,4;0,05;0,24;;;;;;;;
"=""API""";"=""CONVENTIONAL""";"=""2026-05-01T08:30:00+03:00""";"=""OA_YTM""";"=""BAYRAMHACILI BARAJI ve HES""";"=""10933818988""";"=""2110""";"=""BAYRAMHACILI 154""";158;162,4;0,05;0,24;;;;;;;;
"=""API""";"=""CONVENTIONAL""";"=""2026-05-01T08:31:00+03:00""";"=""OA_YTM""";"=""BAYRAMHACILI BARAJI ve HES""";"=""10933818988""";"=""2110""";"=""BAYRAMHACILI 154""";158;161,62;0,05;0,24;;;;;;;;
"=""API""";"=""CONVENTIONAL""";"=""2026-05-01T08:32:00+03:00""";"=""OA_YTM""";"=""BAYRAMHACILI BARAJI ve HES""";"=""10933818988""";"=""2110""";"=""BAYRAMHACILI 154""";158;161,62;0,05;0,24;;;;;;;;
"=""API""";"=""CONVENTIONAL""";"=""2026-05-01T08:33:00+03:00""";"=""OA_YTM""";"=""BAYRAMHACILI BARAJI ve HES""";"=""10933818988""";"=""2110""";"=""BAYRAMHACILI 154""";158;161,62;0,05;0,24;;;;;;;;
"=""API""";"=""CONVENTIONAL""";"=""2026-05-01T08:34:00+03:00""";"=""OA_YTM""";"=""BAYRAMHACILI BARAJI ve HES""";"=""10933818988""";"=""2110""";"=""BAYRAMHACILI 154""";158;161,62;0,05;0,24;;;;;;;;
"=""API""";"=""CONVENTIONAL""";"=""2026-05-01T08:35:00+03:00""";"=""OA_YTM""";"=""BAYRAMHACILI BARAJI ve HES""";"=""10933818988""";"=""2110""";"=""BAYRAMHACILI 154""";158;161,62;0,05;0,24;;;;;;;;
"=""API""";"=""CONVENTIONAL""";"=""2026-05-01T08:36:00+03:00""";"=""OA_YTM""";"=""BAYRAMHACILI BARAJI ve HES""";"=""10933818988""";"=""2110""";"=""BAYRAMHACILI 154""";158;161,62;0,05;0,24;;;;;;;;
"=""API""";"=""CONVENTIONAL""";"=""2026-05-01T08:37:00+03:00""";"=""OA_YTM""";"=""BAYRAMHACILI BARAJI ve HES""";"=""10933818988""";"=""2110""";"=""BAYRAMHACILI 154""";158;161,62;0,05;0,24;;;;;;;;
"=""API""";"=""CONVENTIONAL""";"=""2026-05-01T08:38:00+03:00""";"=""OA_YTM""";"=""BAYRAMHACILI BARAJI ve HES""";"=""10933818988""";"=""2110""";"=""BAYRAMHACILI 154""";158;161,62;0,05;0,24;;;;;;;;
"=""API""";"=""CONVENTIONAL""";"=""2026-05-01T08:39:00+03:00""";"=""OA_YTM""";"=""BAYRAMHACILI BARAJI ve HES""";"=""10933818988""";"=""2110""";"=""BAYRAMHACILI 154""";158;161,62;0,05;0,24;;;;;;;;
"=""API""";"=""CONVENTIONAL""";"=""2026-05-01T08:40:00+03:00""";"=""OA_YTM""";"=""BAYRAMHACILI BARAJI ve HES""";"=""10933818988""";"=""2110""";"=""BAYRAMHACILI 154""";158;161,62;0,05;0,24;;;;;;;;
"=""API""";"=""CONVENTIONAL""";"=""2026-05-01T08:41:00+03:00""";"=""OA_YTM""";"=""BAYRAMHACILI BARAJI ve HES""";"=""10933818988""";"=""2110""";"=""BAYRAMHACILI 154""";158;161,62;0,05;0,24;;;;;;;;
"=""API""";"=""CONVENTIONAL""";"=""2026-05-01T08:42:00+03:00""";"=""OA_YTM""";"=""BAYRAMHACILI BARAJI ve HES""";"=""10933818988""";"=""2110""";"=""BAYRAMHACILI 154""";158;161,62;0,05;0,24;;;;;;;;
"=""API""";"=""CONVENTIONAL""";"=""2026-05-01T08:43:00+03:00""";"=""OA_YTM""";"=""BAYRAMHACILI BARAJI ve HES""";"=""10933818988""";"=""2110""";"=""BAYRAMHACILI 154""";158;161,62;0,05;0,24;;;;;;;;
"=""API""";"=""CONVENTIONAL""";"=""2026-05-01T08:44:00+03:00""";"=""OA_YTM""";"=""BAYRAMHACILI BARAJI ve HES""";"=""10933818988""";"=""2110""";"=""BAYRAMHACILI 154""";158;161,62;0,05;0,24;;;;;;;;
"=""API""";"=""CONVENTIONAL""";"=""2026-05-01T08:45:00+03:00""";"=""OA_YTM""";"=""BAYRAMHACILI BARAJI ve HES""";"=""10933818988""";"=""2110""";"=""BAYRAMHACILI 154""";158;161,62;0,05;0,24;;;;;;;;
"=""API""";"=""CONVENTIONAL""";"=""2026-05-01T08:46:00+03:00""";"=""OA_YTM""";"=""BAYRAMHACILI BARAJI ve HES""";"=""10933818988""";"=""2110""";"=""BAYRAMHACILI 154""";158;160,76;0,05;0,24;;;;;;;;
"=""API""";"=""CONVENTIONAL""";"=""2026-05-01T08:47:00+03:00""";"=""OA_YTM""";"=""BAYRAMHACILI BARAJI ve HES""";"=""10933818988""";"=""2110""";"=""BAYRAMHACILI 154""";158;160,76;0,05;0,24;;;;;;;;
"=""API""";"=""CONVENTIONAL""";"=""2026-05-01T08:48:00+03:00""";"=""OA_YTM""";"=""BAYRAMHACILI BARAJI ve HES""";"=""10933818988""";"=""2110""";"=""BAYRAMHACILI 154""";158;160,76;0,05;0,24;;;;;;;;
"=""API""";"=""CONVENTIONAL""";"=""2026-05-01T08:49:00+03:00""";"=""OA_YTM""";"=""BAYRAMHACILI BARAJI ve HES""";"=""10933818988""";"=""2110""";"=""BAYRAMHACILI 154""";158;160,76;0,05;0,24;;;;;;;;
"=""API""";"=""CONVENTIONAL""";"=""2026-05-01T08:50:00+03:00""";"=""OA_YTM""";"=""BAYRAMHACILI BARAJI ve HES""";"=""10933818988""";"=""2110""";"=""BAYRAMHACILI 154""";158;160,76;0,05;0,24;;;;;;;;
"=""API""";"=""CONVENTIONAL""";"=""2026-05-01T08:51:00+03:00""";"=""OA_YTM""";"=""BAYRAMHACILI BARAJI ve HES""";"=""10933818988""";"=""2110""";"=""BAYRAMHACILI 154""";158;160,76;0,05;0,24;;;;;;;;
"=""API""";"=""CONVENTIONAL""";"=""2026-05-01T08:52:00+03:00""";"=""OA_YTM""";"=""BAYRAMHACILI BARAJI ve HES""";"=""10933818988""";"=""2110""";"=""BAYRAMHACILI 154""";158;160,76;0,05;0,24;;;;;;;;
"=""API""";"=""CONVENTIONAL""";"=""2026-05-01T08:53:00+03:00""";"=""OA_YTM""";"=""BAYRAMHACILI BARAJI ve HES""";"=""10933818988""";"=""2110""";"=""BAYRAMHACILI 154""";158;160,76;0,05;0,24;;;;;;;;
"=""API""";"=""CONVENTIONAL""";"=""2026-05-01T08:54:00+03:00""";"=""OA_YTM""";"=""BAYRAMHACILI BARAJI ve HES""";"=""10933818988""";"=""2110""";"=""BAYRAMHACILI 154""";158;160,76;0,05;0,24;;;;;;;;
"=""API""";"=""CONVENTIONAL""";"=""2026-05-01T08:55:00+03:00""";"=""OA_YTM""";"=""BAYRAMHACILI BARAJI ve HES""";"=""10933818988""";"=""2110""";"=""BAYRAMHACILI 154""";158;160,76;0,05;0,24;;;;;;;;
"=""API""";"=""CONVENTIONAL""";"=""2026-05-01T08:56:00+03:00""";"=""OA_YTM""";"=""BAYRAMHACILI BARAJI ve HES""";"=""10933818988""";"=""2110""";"=""BAYRAMHACILI 154""";158;160,76;0,05;0,24;;;;;;;;
"=""API""";"=""CONVENTIONAL""";"=""2026-05-01T08:57:00+03:00""";"=""OA_YTM""";"=""BAYRAMHACILI BARAJI ve HES""";"=""10933818988""";"=""2110""";"=""BAYRAMHACILI 154""";158;160,76;0,05;0,24;;;;;;;;
"=""API""";"=""CONVENTIONAL""";"=""2026-05-01T08:58:00+03:00""";"=""OA_YTM""";"=""BAYRAMHACILI BARAJI ve HES""";"=""10933818988""";"=""2110""";"=""BAYRAMHACILI 154""";158;160,76;0,05;0,24;;;;;;;;
"=""API""";"=""CONVENTIONAL""";"=""2026-05-01T08:59:00+03:00""";"=""OA_YTM""";"=""BAYRAMHACILI BARAJI ve HES""";"=""10933818988""";"=""2110""";"=""BAYRAMHACILI 154""";158;160,76;0,05;0,24;;;;;;;;
"=""API""";"=""CONVENTIONAL""";"=""2026-05-01T09:00:00+03:00""";"=""OA_YTM""";"=""BAYRAMHACILI BARAJI ve HES""";"=""10933818988""";"=""2110""";"=""BAYRAMHACILI 154""";158;160,76;0,05;0,24;;;;;;;;
"=""API""";"=""CONVENTIONAL""";"=""2026-05-01T09:01:00+03:00""";"=""OA_YTM""";"=""BAYRAMHACILI BARAJI ve HES""";"=""10933818988""";"=""2110""";"=""BAYRAMHACILI 154""";158;160,76;0,05;0,24;;;;;;;;
"=""API""";"=""CONVENTIONAL""";"=""2026-05-01T09:02:00+03:00""";"=""OA_YTM""";"=""BAYRAMHACILI BARAJI ve HES""";"=""10933818988""";"=""2110""";"=""BAYRAMHACILI 154""";158;160,76;0,05;0,24;;;;;;;;
"=""API""";"=""CONVENTIONAL""";"=""2026-05-01T09:03:00+03:00""";"=""OA_YTM""";"=""BAYRAMHACILI BARAJI ve HES""";"=""10933818988""";"=""2110""";"=""BAYRAMHACILI 154""";158;161,58;0,05;0,24;;;;;;;;
"=""API""";"=""CONVENTIONAL""";"=""2026-05-01T09:04:00+03:00""";"=""OA_YTM""";"=""BAYRAMHACILI BARAJI ve HES""";"=""10933818988""";"=""2110""";"=""BAYRAMHACILI 154""";158;161,58;0,05;0,24;;;;;;;;
"=""API""";"=""CONVENTIONAL""";"=""2026-05-01T09:05:00+03:00""";"=""OA_YTM""";"=""BAYRAMHACILI BARAJI ve HES""";"=""10933818988""";"=""2110""";"=""BAYRAMHACILI 154""";158;161,58;0,05;0,24;;;;;;;;
"=""API""";"=""CONVENTIONAL""";"=""2026-05-01T09:06:00+03:00""";"=""OA_YTM""";"=""BAYRAMHACILI BARAJI ve HES""";"=""10933818988""";"=""2110""";"=""BAYRAMHACILI 154""";158;161,58;0,05;0,24;;;;;;;;
"=""API""";"=""CONVENTIONAL""";"=""2026-05-01T09:07:00+03:00""";"=""OA_YTM""";"=""BAYRAMHACILI BARAJI ve HES""";"=""10933818988""";"=""2110""";"=""BAYRAMHACILI 154""";158;161,58;0,05;0,24;;;;;;;;
"=""API""";"=""CONVENTIONAL""";"=""2026-05-01T09:08:00+03:00""";"=""OA_YTM""";"=""BAYRAMHACILI BARAJI ve HES""";"=""10933818988""";"=""2110""";"=""BAYRAMHACILI 154""";158;161,58;0,05;0,24;;;;;;;;
"=""API""";"=""CONVENTIONAL""";"=""2026-05-01T09:09:00+03:00""";"=""OA_YTM""";"=""BAYRAMHACILI BARAJI ve HES""";"=""10933818988""";"=""2110""";"=""BAYRAMHACILI 154""";158;161,58;0,05;0,24;;;;;;;;
"=""API""";"=""CONVENTIONAL""";"=""2026-05-01T09:10:00+03:00""";"=""OA_YTM""";"=""BAYRAMHACILI BARAJI ve HES""";"=""10933818988""";"=""2110""";"=""BAYRAMHACILI 154""";158;160,68;0,05;0,24;;;;;;;;
"=""API""";"=""CONVENTIONAL""";"=""2026-05-01T09:11:00+03:00""";"=""OA_YTM""";"=""BAYRAMHACILI BARAJI ve HES""";"=""10933818988""";"=""2110""";"=""BAYRAMHACILI 154""";158;160,68;0,05;0,24;;;;;;;;
"=""API""";"=""CONVENTIONAL""";"=""2026-05-01T09:12:00+03:00""";"=""OA_YTM""";"=""BAYRAMHACILI BARAJI ve HES""";"=""10933818988""";"=""2110""";"=""BAYRAMHACILI 154""";158;160,68;0,05;0,24;;;;;;;;
"=""API""";"=""CONVENTIONAL""";"=""2026-05-01T09:13:00+03:00""";"=""OA_YTM""";"=""BAYRAMHACILI BARAJI ve HES""";"=""10933818988""";"=""2110""";"=""BAYRAMHACILI 154""";158;160,68;0,05;0,24;;;;;;;;
"=""API""";"=""CONVENTIONAL""";"=""2026-05-01T09:14:00+03:00""";"=""OA_YTM""";"=""BAYRAMHACILI BARAJI ve HES""";"=""10933818988""";"=""2110""";"=""BAYRAMHACILI 154""";158;161,46;0,05;0,24;;;;;;;;
"=""API""";"=""CONVENTIONAL""";"=""2026-05-01T09:15:00+03:00""";"=""OA_YTM""";"=""BAYRAMHACILI BARAJI ve HES""";"=""10933818988""";"=""2110""";"=""BAYRAMHACILI 154""";158;161,46;0,05;0,24;;;;;;;;
"=""API""";"=""CONVENTIONAL""";"=""2026-05-01T09:16:00+03:00""";"=""OA_YTM""";"=""BAYRAMHACILI BARAJI ve HES""";"=""10933818988""";"=""2110""";"=""BAYRAMHACILI 154""";158;161,46;0,05;0,24;;;;;;;;
"=""API""";"=""CONVENTIONAL""";"=""2026-05-01T09:17:00+03:00""";"=""OA_YTM""";"=""BAYRAMHACILI BARAJI ve HES""";"=""10933818988""";"=""2110""";"=""BAYRAMHACILI 154""";158;160,71;0,05;0,24;;;;;;;;
"=""API""";"=""CONVENTIONAL""";"=""2026-05-01T09:18:00+03:00""";"=""OA_YTM""";"=""BAYRAMHACILI BARAJI ve HES""";"=""10933818988""";"=""2110""";"=""BAYRAMHACILI 154""";158;160,71;0,05;0,24;;;;;;;;
"=""API""";"=""CONVENTIONAL""";"=""2026-05-01T09:19:00+03:00""";"=""OA_YTM""";"=""BAYRAMHACILI BARAJI ve HES""";"=""10933818988""";"=""2110""";"=""BAYRAMHACILI 154""";158;160,71;0,05;0,24;;;;;;;;
"=""API""";"=""CONVENTIONAL""";"=""2026-05-01T09:20:00+03:00""";"=""OA_YTM""";"=""BAYRAMHACILI BARAJI ve HES""";"=""10933818988""";"=""2110""";"=""BAYRAMHACILI 154""";158;160,71;0,05;0,24;;;;;;;;
"=""API""";"=""CONVENTIONAL""";"=""2026-05-01T09:21:00+03:00""";"=""OA_YTM""";"=""BAYRAMHACILI BARAJI ve HES""";"=""10933818988""";"=""2110""";"=""BAYRAMHACILI 154""";158;160,71;0,05;0,24;;;;;;;;
"=""API""";"=""CONVENTIONAL""";"=""2026-05-01T09:22:00+03:00""";"=""OA_YTM""";"=""BAYRAMHACILI BARAJI ve HES""";"=""10933818988""";"=""2110""";"=""BAYRAMHACILI 154""";158;160,71;0,05;0,24;;;;;;;;
"=""API""";"=""CONVENTIONAL""";"=""2026-05-01T09:23:00+03:00""";"=""OA_YTM""";"=""BAYRAMHACILI BARAJI ve HES""";"=""10933818988""";"=""2110""";"=""BAYRAMHACILI 154""";158;160,71;0,05;0,24;;;;;;;;
"=""API""";"=""CONVENTIONAL""";"=""2026-05-01T09:24:00+03:00""";"=""OA_YTM""";"=""BAYRAMHACILI BARAJI ve HES""";"=""10933818988""";"=""2110""";"=""BAYRAMHACILI 154""";158;160,71;0,05;0,24;;;;;;;;
"=""API""";"=""CONVENTIONAL""";"=""2026-05-01T09:25:00+03:00""";"=""OA_YTM""";"=""BAYRAMHACILI BARAJI ve HES""";"=""10933818988""";"=""2110""";"=""BAYRAMHACILI 154""";158;160,71;0,05;0,24;;;;;;;;
"=""API""";"=""CONVENTIONAL""";"=""2026-05-01T09:26:00+03:00""";"=""OA_YTM""";"=""BAYRAMHACILI BARAJI ve HES""";"=""10933818988""";"=""2110""";"=""BAYRAMHACILI 154""";158;160,71;0,05;0,24;;;;;;;;
"=""API""";"=""CONVENTIONAL""";"=""2026-05-01T09:27:00+03:00""";"=""OA_YTM""";"=""BAYRAMHACILI BARAJI ve HES""";"=""10933818988""";"=""2110""";"=""BAYRAMHACILI 154""";158;160,71;0,05;0,24;;;;;;;;
"=""API""";"=""CONVENTIONAL""";"=""2026-05-01T09:28:00+03:00""";"=""OA_YTM""";"=""BAYRAMHACILI BARAJI ve HES""";"=""10933818988""";"=""2110""";"=""BAYRAMHACILI 154""";158;160,71;0,05;0,24;;;;;;;;
"=""API""";"=""CONVENTIONAL""";"=""2026-05-01T09:29:00+03:00""";"=""OA_YTM""";"=""BAYRAMHACILI BARAJI ve HES""";"=""10933818988""";"=""2110""";"=""BAYRAMHACILI 154""";158;160,71;0,05;0,24;;;;;;;;
"=""API""";"=""CONVENTIONAL""";"=""2026-05-01T09:30:00+03:00""";"=""OA_YTM""";"=""BAYRAMHACILI BARAJI ve HES""";"=""10933818988""";"=""2110""";"=""BAYRAMHACILI 154""";158;159,96;0,05;0,24;;;;;;;;
"=""API""";"=""CONVENTIONAL""";"=""2026-05-01T09:31:00+03:00""";"=""OA_YTM""";"=""BAYRAMHACILI BARAJI ve HES""";"=""10933818988""";"=""2110""";"=""BAYRAMHACILI 154""";158;159,96;0,05;0,24;;;;;;;;
"=""API""";"=""CONVENTIONAL""";"=""2026-05-01T09:32:00+03:00""";"=""OA_YTM""";"=""BAYRAMHACILI BARAJI ve HES""";"=""10933818988""";"=""2110""";"=""BAYRAMHACILI 154""";158;159,96;0,05;0,24;;;;;;;;
"=""API""";"=""CONVENTIONAL""";"=""2026-05-01T09:33:00+03:00""";"=""OA_YTM""";"=""BAYRAMHACILI BARAJI ve HES""";"=""10933818988""";"=""2110""";"=""BAYRAMHACILI 154""";158;159,96;0,05;0,24;;;;;;;;
"=""API""";"=""CONVENTIONAL""";"=""2026-05-01T09:34:00+03:00""";"=""OA_YTM""";"=""BAYRAMHACILI BARAJI ve HES""";"=""10933818988""";"=""2110""";"=""BAYRAMHACILI 154""";158;159,96;0,05;0,24;;;;;;;;
"=""API""";"=""CONVENTIONAL""";"=""2026-05-01T09:35:00+03:00""";"=""OA_YTM""";"=""BAYRAMHACILI BARAJI ve HES""";"=""10933818988""";"=""2110""";"=""BAYRAMHACILI 154""";158;159,96;0,05;0,24;;;;;;;;
"=""API""";"=""CONVENTIONAL""";"=""2026-05-01T09:36:00+03:00""";"=""OA_YTM""";"=""BAYRAMHACILI BARAJI ve HES""";"=""10933818988""";"=""2110""";"=""BAYRAMHACILI 154""";158;159,96;0,05;0,24;;;;;;;;
"=""API""";"=""CONVENTIONAL""";"=""2026-05-01T09:37:00+03:00""";"=""OA_YTM""";"=""BAYRAMHACILI BARAJI ve HES""";"=""10933818988""";"=""2110""";"=""BAYRAMHACILI 154""";158;159,96;0,05;0,24;;;;;;;;
"=""API""";"=""CONVENTIONAL""";"=""2026-05-01T09:38:00+03:00""";"=""OA_YTM""";"=""BAYRAMHACILI BARAJI ve HES""";"=""10933818988""";"=""2110""";"=""BAYRAMHACILI 154""";158;159,96;0,05;0,24;;;;;;;;
"=""API""";"=""CONVENTIONAL""";"=""2026-05-01T09:39:00+03:00""";"=""OA_YTM""";"=""BAYRAMHACILI BARAJI ve HES""";"=""10933818988""";"=""2110""";"=""BAYRAMHACILI 154""";158;159,96;0,05;0,24;;;;;;;;
"=""API""";"=""CONVENTIONAL""";"=""2026-05-01T09:40:00+03:00""";"=""OA_YTM""";"=""BAYRAMHACILI BARAJI ve HES""";"=""10933818988""";"=""2110""";"=""BAYRAMHACILI 154""";158;159,96;0,05;0,24;;;;;;;;
"=""API""";"=""CONVENTIONAL""";"=""2026-05-01T09:41:00+03:00""";"=""OA_YTM""";"=""BAYRAMHACILI BARAJI ve HES""";"=""10933818988""";"=""2110""";"=""BAYRAMHACILI 154""";158;159,96;0,05;0,24;;;;;;;;
"=""API""";"=""CONVENTIONAL""";"=""2026-05-01T09:42:00+03:00""";"=""OA_YTM""";"=""BAYRAMHACILI BARAJI ve HES""";"=""10933818988""";"=""2110""";"=""BAYRAMHACILI 154""";158;159,96;0,05;0,24;;;;;;;;
"=""API""";"=""CONVENTIONAL""";"=""2026-05-01T09:43:00+03:00""";"=""OA_YTM""";"=""BAYRAMHACILI BARAJI ve HES""";"=""10933818988""";"=""2110""";"=""BAYRAMHACILI 154""";158;159,14;0,05;0,24;;;;;;;;
"=""API""";"=""CONVENTIONAL""";"=""2026-05-01T09:44:00+03:00""";"=""OA_YTM""";"=""BAYRAMHACILI BARAJI ve HES""";"=""10933818988""";"=""2110""";"=""BAYRAMHACILI 154""";158;159,14;0,05;0,24;;;;;;;;
"=""API""";"=""CONVENTIONAL""";"=""2026-05-01T09:45:00+03:00""";"=""OA_YTM""";"=""BAYRAMHACILI BARAJI ve HES""";"=""10933818988""";"=""2110""";"=""BAYRAMHACILI 154""";158;159,93;0,05;0,24;;;;;;;;
"=""API""";"=""CONVENTIONAL""";"=""2026-05-01T09:46:00+03:00""";"=""OA_YTM""";"=""BAYRAMHACILI BARAJI ve HES""";"=""10933818988""";"=""2110""";"=""BAYRAMHACILI 154""";158;159,08;0,05;0,24;;;;;;;;
"=""API""";"=""CONVENTIONAL""";"=""2026-05-01T09:47:00+03:00""";"=""OA_YTM""";"=""BAYRAMHACILI BARAJI ve HES""";"=""10933818988""";"=""2110""";"=""BAYRAMHACILI 154""";158;159,08;0,05;0,24;;;;;;;;
"=""API""";"=""CONVENTIONAL""";"=""2026-05-01T09:48:00+03:00""";"=""OA_YTM""";"=""BAYRAMHACILI BARAJI ve HES""";"=""10933818988""";"=""2110""";"=""BAYRAMHACILI 154""";158;159,08;0,05;0,24;;;;;;;;
"=""API""";"=""CONVENTIONAL""";"=""2026-05-01T09:49:00+03:00""";"=""OA_YTM""";"=""BAYRAMHACILI BARAJI ve HES""";"=""10933818988""";"=""2110""";"=""BAYRAMHACILI 154""";158;159,08;0,05;0,24;;;;;;;;
"=""API""";"=""CONVENTIONAL""";"=""2026-05-01T09:50:00+03:00""";"=""OA_YTM""";"=""BAYRAMHACILI BARAJI ve HES""";"=""10933818988""";"=""2110""";"=""BAYRAMHACILI 154""";158;159,08;0,05;0,24;;;;;;;;
"=""API""";"=""CONVENTIONAL""";"=""2026-05-01T09:51:00+03:00""";"=""OA_YTM""";"=""BAYRAMHACILI BARAJI ve HES""";"=""10933818988""";"=""2110""";"=""BAYRAMHACILI 154""";158;159,08;0,05;0,24;;;;;;;;
"=""API""";"=""CONVENTIONAL""";"=""2026-05-01T09:52:00+03:00""";"=""OA_YTM""";"=""BAYRAMHACILI BARAJI ve HES""";"=""10933818988""";"=""2110""";"=""BAYRAMHACILI 154""";158;159,08;0,05;0,24;;;;;;;;
"=""API""";"=""CONVENTIONAL""";"=""2026-05-01T09:53:00+03:00""";"=""OA_YTM""";"=""BAYRAMHACILI BARAJI ve HES""";"=""10933818988""";"=""2110""";"=""BAYRAMHACILI 154""";158;159,08;0,05;0,24;;;;;;;;
"=""API""";"=""CONVENTIONAL""";"=""2026-05-01T09:54:00+03:00""";"=""OA_YTM""";"=""BAYRAMHACILI BARAJI ve HES""";"=""10933818988""";"=""2110""";"=""BAYRAMHACILI 154""";158;159,88;0,05;0,24;;;;;;;;
"=""API""";"=""CONVENTIONAL""";"=""2026-05-01T09:55:00+03:00""";"=""OA_YTM""";"=""BAYRAMHACILI BARAJI ve HES""";"=""10933818988""";"=""2110""";"=""BAYRAMHACILI 154""";158;159,88;0,05;0,24;;;;;;;;
"=""API""";"=""CONVENTIONAL""";"=""2026-05-01T09:56:00+03:00""";"=""OA_YTM""";"=""BAYRAMHACILI BARAJI ve HES""";"=""10933818988""";"=""2110""";"=""BAYRAMHACILI 154""";158;159,88;0,05;0,24;;;;;;;;
"=""API""";"=""CONVENTIONAL""";"=""2026-05-01T09:57:00+03:00""";"=""OA_YTM""";"=""BAYRAMHACILI BARAJI ve HES""";"=""10933818988""";"=""2110""";"=""BAYRAMHACILI 154""";158;159,88;0,05;0,24;;;;;;;;
"=""API""";"=""CONVENTIONAL""";"=""2026-05-01T09:58:00+03:00""";"=""OA_YTM""";"=""BAYRAMHACILI BARAJI ve HES""";"=""10933818988""";"=""2110""";"=""BAYRAMHACILI 154""";158;159,88;0,05;0,24;;;;;;;;
"=""API""";"=""CONVENTIONAL""";"=""2026-05-01T09:59:00+03:00""";"=""OA_YTM""";"=""BAYRAMHACILI BARAJI ve HES""";"=""10933818988""";"=""2110""";"=""BAYRAMHACILI 154""";158;159,88;0,05;0,24;;;;;;;;
"=""API""";"=""CONVENTIONAL""";"=""2026-05-01T10:00:00+03:00""";"=""OA_YTM""";"=""BAYRAMHACILI BARAJI ve HES""";"=""10933818988""";"=""2110""";"=""BAYRAMHACILI 154""";158;160,64;0,05;0,24;;;;;;;;
"=""API""";"=""CONVENTIONAL""";"=""2026-05-01T10:01:00+03:00""";"=""OA_YTM""";"=""BAYRAMHACILI BARAJI ve HES""";"=""10933818988""";"=""2110""";"=""BAYRAMHACILI 154""";158;159,88;0,05;0,24;;;;;;;;
"=""API""";"=""CONVENTIONAL""";"=""2026-05-01T10:02:00+03:00""";"=""OA_YTM""";"=""BAYRAMHACILI BARAJI ve HES""";"=""10933818988""";"=""2110""";"=""BAYRAMHACILI 154""";158;159,12;0,05;0,24;;;;;;;;
"=""API""";"=""CONVENTIONAL""";"=""2026-05-01T10:03:00+03:00""";"=""OA_YTM""";"=""BAYRAMHACILI BARAJI ve HES""";"=""10933818988""";"=""2110""";"=""BAYRAMHACILI 154""";158;159,88;0,05;0,24;;;;;;;;
"=""API""";"=""CONVENTIONAL""";"=""2026-05-01T10:04:00+03:00""";"=""OA_YTM""";"=""BAYRAMHACILI BARAJI ve HES""";"=""10933818988""";"=""2110""";"=""BAYRAMHACILI 154""";158;159,88;0,05;0,24;;;;;;;;
"=""API""";"=""CONVENTIONAL""";"=""2026-05-01T10:05:00+03:00""";"=""OA_YTM""";"=""BAYRAMHACILI BARAJI ve HES""";"=""10933818988""";"=""2110""";"=""BAYRAMHACILI 154""";158;159,88;0,05;0,24;;;;;;;;
"=""API""";"=""CONVENTIONAL""";"=""2026-05-01T10:06:00+03:00""";"=""OA_YTM""";"=""BAYRAMHACILI BARAJI ve HES""";"=""10933818988""";"=""2110""";"=""BAYRAMHACILI 154""";158;160,64;0,05;0,24;;;;;;;;
"=""API""";"=""CONVENTIONAL""";"=""2026-05-01T10:07:00+03:00""";"=""OA_YTM""";"=""BAYRAMHACILI BARAJI ve HES""";"=""10933818988""";"=""2110""";"=""BAYRAMHACILI 154""";158;160,64;0,05;0,24;;;;;;;;
"=""API""";"=""CONVENTIONAL""";"=""2026-05-01T10:08:00+03:00""";"=""OA_YTM""";"=""BAYRAMHACILI BARAJI ve HES""";"=""10933818988""";"=""2110""";"=""BAYRAMHACILI 154""";158;161,41;0,05;0,24;;;;;;;;
"=""API""";"=""CONVENTIONAL""";"=""2026-05-01T10:09:00+03:00""";"=""OA_YTM""";"=""BAYRAMHACILI BARAJI ve HES""";"=""10933818988""";"=""2110""";"=""BAYRAMHACILI 154""";158;161,41;0,05;0,24;;;;;;;;
"=""API""";"=""CONVENTIONAL""";"=""2026-05-01T10:10:00+03:00""";"=""OA_YTM""";"=""BAYRAMHACILI BARAJI ve HES""";"=""10933818988""";"=""2110""";"=""BAYRAMHACILI 154""";158;161,41;0,05;0,24;;;;;;;;
"=""API""";"=""CONVENTIONAL""";"=""2026-05-01T10:11:00+03:00""";"=""OA_YTM""";"=""BAYRAMHACILI BARAJI ve HES""";"=""10933818988""";"=""2110""";"=""BAYRAMHACILI 154""";158;160,65;0,05;0,24;;;;;;;;
"=""API""";"=""CONVENTIONAL""";"=""2026-05-01T10:12:00+03:00""";"=""OA_YTM""";"=""BAYRAMHACILI BARAJI ve HES""";"=""10933818988""";"=""2110""";"=""BAYRAMHACILI 154""";158;160,65;0,05;0,24;;;;;;;;
"=""API""";"=""CONVENTIONAL""";"=""2026-05-01T10:13:00+03:00""";"=""OA_YTM""";"=""BAYRAMHACILI BARAJI ve HES""";"=""10933818988""";"=""2110""";"=""BAYRAMHACILI 154""";158;160,65;0,05;0,24;;;;;;;;
"=""API""";"=""CONVENTIONAL""";"=""2026-05-01T10:14:00+03:00""";"=""OA_YTM""";"=""BAYRAMHACILI BARAJI ve HES""";"=""10933818988""";"=""2110""";"=""BAYRAMHACILI 154""";158;160,65;0,05;0,24;;;;;;;;
"=""API""";"=""CONVENTIONAL""";"=""2026-05-01T10:15:00+03:00""";"=""OA_YTM""";"=""BAYRAMHACILI BARAJI ve HES""";"=""10933818988""";"=""2110""";"=""BAYRAMHACILI 154""";158;159,79;0,05;0,24;;;;;;;;
"=""API""";"=""CONVENTIONAL""";"=""2026-05-01T10:16:00+03:00""";"=""OA_YTM""";"=""BAYRAMHACILI BARAJI ve HES""";"=""10933818988""";"=""2110""";"=""BAYRAMHACILI 154""";158;159,79;0,05;0,24;;;;;;;;
"=""API""";"=""CONVENTIONAL""";"=""2026-05-01T10:17:00+03:00""";"=""OA_YTM""";"=""BAYRAMHACILI BARAJI ve HES""";"=""10933818988""";"=""2110""";"=""BAYRAMHACILI 154""";158;159,7;0,05;0,24;;;;;;;;
"=""API""";"=""CONVENTIONAL""";"=""2026-05-01T10:18:00+03:00""";"=""OA_YTM""";"=""BAYRAMHACILI BARAJI ve HES""";"=""10933818988""";"=""2110""";"=""BAYRAMHACILI 154""";158;159,58;0,05;0,24;;;;;;;;
"=""API""";"=""CONVENTIONAL""";"=""2026-05-01T10:19:00+03:00""";"=""OA_YTM""";"=""BAYRAMHACILI BARAJI ve HES""";"=""10933818988""";"=""2110""";"=""BAYRAMHACILI 154""";158;159,58;0,05;0,24;;;;;;;;
"=""API""";"=""CONVENTIONAL""";"=""2026-05-01T10:20:00+03:00""";"=""OA_YTM""";"=""BAYRAMHACILI BARAJI ve HES""";"=""10933818988""";"=""2110""";"=""BAYRAMHACILI 154""";158;159,58;0,05;0,24;;;;;;;;
"=""API""";"=""CONVENTIONAL""";"=""2026-05-01T10:21:00+03:00""";"=""OA_YTM""";"=""BAYRAMHACILI BARAJI ve HES""";"=""10933818988""";"=""2110""";"=""BAYRAMHACILI 154""";158;158,77;0,05;0,24;;;;;;;;
"=""API""";"=""CONVENTIONAL""";"=""2026-05-01T10:22:00+03:00""";"=""OA_YTM""";"=""BAYRAMHACILI BARAJI ve HES""";"=""10933818988""";"=""2110""";"=""BAYRAMHACILI 154""";158;158,77;0,05;0,24;;;;;;;;
"=""API""";"=""CONVENTIONAL""";"=""2026-05-01T10:23:00+03:00""";"=""OA_YTM""";"=""BAYRAMHACILI BARAJI ve HES""";"=""10933818988""";"=""2110""";"=""BAYRAMHACILI 154""";158;158,77;0,05;0,24;;;;;;;;
"=""API""";"=""CONVENTIONAL""";"=""2026-05-01T10:24:00+03:00""";"=""OA_YTM""";"=""BAYRAMHACILI BARAJI ve HES""";"=""10933818988""";"=""2110""";"=""BAYRAMHACILI 154""";158;160,09;0,05;0,24;;;;;;;;
"=""API""";"=""CONVENTIONAL""";"=""2026-05-01T10:25:00+03:00""";"=""OA_YTM""";"=""BAYRAMHACILI BARAJI ve HES""";"=""10933818988""";"=""2110""";"=""BAYRAMHACILI 154""";158;160,09;0,05;0,24;;;;;;;;
"=""API""";"=""CONVENTIONAL""";"=""2026-05-01T10:26:00+03:00""";"=""OA_YTM""";"=""BAYRAMHACILI BARAJI ve HES""";"=""10933818988""";"=""2110""";"=""BAYRAMHACILI 154""";158;159,21;0,05;0,24;;;;;;;;
"=""API""";"=""CONVENTIONAL""";"=""2026-05-01T10:27:00+03:00""";"=""OA_YTM""";"=""BAYRAMHACILI BARAJI ve HES""";"=""10933818988""";"=""2110""";"=""BAYRAMHACILI 154""";158;158,78;0,05;0,24;;;;;;;;
"=""API""";"=""CONVENTIONAL""";"=""2026-05-01T10:28:00+03:00""";"=""OA_YTM""";"=""BAYRAMHACILI BARAJI ve HES""";"=""10933818988""";"=""2110""";"=""BAYRAMHACILI 154""";158;158,78;0,05;0,24;;;;;;;;
"=""API""";"=""CONVENTIONAL""";"=""2026-05-01T10:29:00+03:00""";"=""OA_YTM""";"=""BAYRAMHACILI BARAJI ve HES""";"=""10933818988""";"=""2110""";"=""BAYRAMHACILI 154""";158;158,78;0,05;0,24;;;;;;;;
"=""API""";"=""CONVENTIONAL""";"=""2026-05-01T10:30:00+03:00""";"=""OA_YTM""";"=""BAYRAMHACILI BARAJI ve HES""";"=""10933818988""";"=""2110""";"=""BAYRAMHACILI 154""";158;158,78;0,05;0,24;;;;;;;;
"=""API""";"=""CONVENTIONAL""";"=""2026-05-01T10:31:00+03:00""";"=""OA_YTM""";"=""BAYRAMHACILI BARAJI ve HES""";"=""10933818988""";"=""2110""";"=""BAYRAMHACILI 154""";158;159,6;0,05;0,24;;;;;;;;
"=""API""";"=""CONVENTIONAL""";"=""2026-05-01T10:32:00+03:00""";"=""OA_YTM""";"=""BAYRAMHACILI BARAJI ve HES""";"=""10933818988""";"=""2110""";"=""BAYRAMHACILI 154""";158;158,85;0,05;0,24;;;;;;;;
"=""API""";"=""CONVENTIONAL""";"=""2026-05-01T10:33:00+03:00""";"=""OA_YTM""";"=""BAYRAMHACILI BARAJI ve HES""";"=""10933818988""";"=""2110""";"=""BAYRAMHACILI 154""";158;159,6;0,05;0,24;;;;;;;;
"=""API""";"=""CONVENTIONAL""";"=""2026-05-01T10:34:00+03:00""";"=""OA_YTM""";"=""BAYRAMHACILI BARAJI ve HES""";"=""10933818988""";"=""2110""";"=""BAYRAMHACILI 154""";158;159,6;0,05;0,24;;;;;;;;
"=""API""";"=""CONVENTIONAL""";"=""2026-05-01T10:35:00+03:00""";"=""OA_YTM""";"=""BAYRAMHACILI BARAJI ve HES""";"=""10933818988""";"=""2110""";"=""BAYRAMHACILI 154""";158;160,48;0,05;0,24;;;;;;;;
"=""API""";"=""CONVENTIONAL""";"=""2026-05-01T10:36:00+03:00""";"=""OA_YTM""";"=""BAYRAMHACILI BARAJI ve HES""";"=""10933818988""";"=""2110""";"=""BAYRAMHACILI 154""";158;160,48;0,05;0,24;;;;;;;;
"=""API""";"=""CONVENTIONAL""";"=""2026-05-01T10:37:00+03:00""";"=""OA_YTM""";"=""BAYRAMHACILI BARAJI ve HES""";"=""10933818988""";"=""2110""";"=""BAYRAMHACILI 154""";158;160,48;0,05;0,24;;;;;;;;
"=""API""";"=""CONVENTIONAL""";"=""2026-05-01T10:38:00+03:00""";"=""OA_YTM""";"=""BAYRAMHACILI BARAJI ve HES""";"=""10933818988""";"=""2110""";"=""BAYRAMHACILI 154""";158;160,48;0,05;0,24;;;;;;;;
"=""API""";"=""CONVENTIONAL""";"=""2026-05-01T10:39:00+03:00""";"=""OA_YTM""";"=""BAYRAMHACILI BARAJI ve HES""";"=""10933818988""";"=""2110""";"=""BAYRAMHACILI 154""";158;160,48;0,05;0,24;;;;;;;;
"=""API""";"=""CONVENTIONAL""";"=""2026-05-01T10:40:00+03:00""";"=""OA_YTM""";"=""BAYRAMHACILI BARAJI ve HES""";"=""10933818988""";"=""2110""";"=""BAYRAMHACILI 154""";158;160,48;0,05;0,24;;;;;;;;
"=""API""";"=""CONVENTIONAL""";"=""2026-05-01T10:41:00+03:00""";"=""OA_YTM""";"=""BAYRAMHACILI BARAJI ve HES""";"=""10933818988""";"=""2110""";"=""BAYRAMHACILI 154""";158;160,48;0,05;0,24;;;;;;;;
"=""API""";"=""CONVENTIONAL""";"=""2026-05-01T10:42:00+03:00""";"=""OA_YTM""";"=""BAYRAMHACILI BARAJI ve HES""";"=""10933818988""";"=""2110""";"=""BAYRAMHACILI 154""";158;160,48;0,05;0,24;;;;;;;;
"=""API""";"=""CONVENTIONAL""";"=""2026-05-01T10:43:00+03:00""";"=""OA_YTM""";"=""BAYRAMHACILI BARAJI ve HES""";"=""10933818988""";"=""2110""";"=""BAYRAMHACILI 154""";158;160,48;0,05;0,24;;;;;;;;
"=""API""";"=""CONVENTIONAL""";"=""2026-05-01T10:44:00+03:00""";"=""OA_YTM""";"=""BAYRAMHACILI BARAJI ve HES""";"=""10933818988""";"=""2110""";"=""BAYRAMHACILI 154""";158;160,48;0,05;0,24;;;;;;;;
"=""API""";"=""CONVENTIONAL""";"=""2026-05-01T10:45:00+03:00""";"=""OA_YTM""";"=""BAYRAMHACILI BARAJI ve HES""";"=""10933818988""";"=""2110""";"=""BAYRAMHACILI 154""";158;159,69;0,05;0,24;;;;;;;;
"=""API""";"=""CONVENTIONAL""";"=""2026-05-01T10:46:00+03:00""";"=""OA_YTM""";"=""BAYRAMHACILI BARAJI ve HES""";"=""10933818988""";"=""2110""";"=""BAYRAMHACILI 154""";158;160,45;0,05;0,24;;;;;;;;
"=""API""";"=""CONVENTIONAL""";"=""2026-05-01T10:47:00+03:00""";"=""OA_YTM""";"=""BAYRAMHACILI BARAJI ve HES""";"=""10933818988""";"=""2110""";"=""BAYRAMHACILI 154""";158;160,45;0,05;0,24;;;;;;;;
"=""API""";"=""CONVENTIONAL""";"=""2026-05-01T10:48:00+03:00""";"=""OA_YTM""";"=""BAYRAMHACILI BARAJI ve HES""";"=""10933818988""";"=""2110""";"=""BAYRAMHACILI 154""";158;159,7;0,05;0,24;;;;;;;;
"=""API""";"=""CONVENTIONAL""";"=""2026-05-01T10:49:00+03:00""";"=""OA_YTM""";"=""BAYRAMHACILI BARAJI ve HES""";"=""10933818988""";"=""2110""";"=""BAYRAMHACILI 154""";158;160,48;0,05;0,24;;;;;;;;
"=""API""";"=""CONVENTIONAL""";"=""2026-05-01T10:50:00+03:00""";"=""OA_YTM""";"=""BAYRAMHACILI BARAJI ve HES""";"=""10933818988""";"=""2110""";"=""BAYRAMHACILI 154""";158;160,48;0,05;0,24;;;;;;;;
"=""API""";"=""CONVENTIONAL""";"=""2026-05-01T10:51:00+03:00""";"=""OA_YTM""";"=""BAYRAMHACILI BARAJI ve HES""";"=""10933818988""";"=""2110""";"=""BAYRAMHACILI 154""";158;160,48;0,05;0,24;;;;;;;;
"=""API""";"=""CONVENTIONAL""";"=""2026-05-01T10:52:00+03:00""";"=""OA_YTM""";"=""BAYRAMHACILI BARAJI ve HES""";"=""10933818988""";"=""2110""";"=""BAYRAMHACILI 154""";158;159,74;0,05;0,24;;;;;;;;
"=""API""";"=""CONVENTIONAL""";"=""2026-05-01T10:53:00+03:00""";"=""OA_YTM""";"=""BAYRAMHACILI BARAJI ve HES""";"=""10933818988""";"=""2110""";"=""BAYRAMHACILI 154""";158;159,74;0,05;0,24;;;;;;;;
"=""API""";"=""CONVENTIONAL""";"=""2026-05-01T10:54:00+03:00""";"=""OA_YTM""";"=""BAYRAMHACILI BARAJI ve HES""";"=""10933818988""";"=""2110""";"=""BAYRAMHACILI 154""";158;159,74;0,05;0,24;;;;;;;;
"=""API""";"=""CONVENTIONAL""";"=""2026-05-01T10:55:00+03:00""";"=""OA_YTM""";"=""BAYRAMHACILI BARAJI ve HES""";"=""10933818988""";"=""2110""";"=""BAYRAMHACILI 154""";158;159,74;0,05;0,24;;;;;;;;
"=""API""";"=""CONVENTIONAL""";"=""2026-05-01T10:56:00+03:00""";"=""OA_YTM""";"=""BAYRAMHACILI BARAJI ve HES""";"=""10933818988""";"=""2110""";"=""BAYRAMHACILI 154""";158;160,59;0,05;0,24;;;;;;;;
"=""API""";"=""CONVENTIONAL""";"=""2026-05-01T10:57:00+03:00""";"=""OA_YTM""";"=""BAYRAMHACILI BARAJI ve HES""";"=""10933818988""";"=""2110""";"=""BAYRAMHACILI 154""";158;160,59;0,05;0,24;;;;;;;;
"=""API""";"=""CONVENTIONAL""";"=""2026-05-01T10:58:00+03:00""";"=""OA_YTM""";"=""BAYRAMHACILI BARAJI ve HES""";"=""10933818988""";"=""2110""";"=""BAYRAMHACILI 154""";158;160,59;0,05;0,24;;;;;;;;
"=""API""";"=""CONVENTIONAL""";"=""2026-05-01T10:59:00+03:00""";"=""OA_YTM""";"=""BAYRAMHACILI BARAJI ve HES""";"=""10933818988""";"=""2110""";"=""BAYRAMHACILI 154""";158;160,59;0,05;0,24;;;;;;;;
"=""API""";"=""CONVENTIONAL""";"=""2026-05-01T11:00:00+03:00""";"=""OA_YTM""";"=""BAYRAMHACILI BARAJI ve HES""";"=""10933818988""";"=""2110""";"=""BAYRAMHACILI 154""";158;160,59;0,05;0,24;;;;;;;;
"=""API""";"=""CONVENTIONAL""";"=""2026-05-01T11:01:00+03:00""";"=""OA_YTM""";"=""BAYRAMHACILI BARAJI ve HES""";"=""10933818988""";"=""2110""";"=""BAYRAMHACILI 154""";158;159,79;0,05;0,24;;;;;;;;
"=""API""";"=""CONVENTIONAL""";"=""2026-05-01T11:02:00+03:00""";"=""OA_YTM""";"=""BAYRAMHACILI BARAJI ve HES""";"=""10933818988""";"=""2110""";"=""BAYRAMHACILI 154""";158;158,99;0,05;0,24;;;;;;;;
"=""API""";"=""CONVENTIONAL""";"=""2026-05-01T11:03:00+03:00""";"=""OA_YTM""";"=""BAYRAMHACILI BARAJI ve HES""";"=""10933818988""";"=""2110""";"=""BAYRAMHACILI 154""";158;158,99;0,05;0,24;;;;;;;;
"=""API""";"=""CONVENTIONAL""";"=""2026-05-01T11:04:00+03:00""";"=""OA_YTM""";"=""BAYRAMHACILI BARAJI ve HES""";"=""10933818988""";"=""2110""";"=""BAYRAMHACILI 154""";158;159,8;0,05;0,24;;;;;;;;
"=""API""";"=""CONVENTIONAL""";"=""2026-05-01T11:05:00+03:00""";"=""OA_YTM""";"=""BAYRAMHACILI BARAJI ve HES""";"=""10933818988""";"=""2110""";"=""BAYRAMHACILI 154""";158;159,8;0,05;0,24;;;;;;;;
"=""API""";"=""CONVENTIONAL""";"=""2026-05-01T11:06:00+03:00""";"=""OA_YTM""";"=""BAYRAMHACILI BARAJI ve HES""";"=""10933818988""";"=""2110""";"=""BAYRAMHACILI 154""";158;159,02;0,05;0,24;;;;;;;;
"=""API""";"=""CONVENTIONAL""";"=""2026-05-01T11:07:00+03:00""";"=""OA_YTM""";"=""BAYRAMHACILI BARAJI ve HES""";"=""10933818988""";"=""2110""";"=""BAYRAMHACILI 154""";158;159,02;0,05;0,24;;;;;;;;
"=""API""";"=""CONVENTIONAL""";"=""2026-05-01T11:08:00+03:00""";"=""OA_YTM""";"=""BAYRAMHACILI BARAJI ve HES""";"=""10933818988""";"=""2110""";"=""BAYRAMHACILI 154""";158;159,78;0,05;0,24;;;;;;;;
"=""API""";"=""CONVENTIONAL""";"=""2026-05-01T11:09:00+03:00""";"=""OA_YTM""";"=""BAYRAMHACILI BARAJI ve HES""";"=""10933818988""";"=""2110""";"=""BAYRAMHACILI 154""";158;159,78;0,05;0,24;;;;;;;;
"=""API""";"=""CONVENTIONAL""";"=""2026-05-01T11:10:00+03:00""";"=""OA_YTM""";"=""BAYRAMHACILI BARAJI ve HES""";"=""10933818988""";"=""2110""";"=""BAYRAMHACILI 154""";158;159,78;0,05;0,24;;;;;;;;
"=""API""";"=""CONVENTIONAL""";"=""2026-05-01T11:11:00+03:00""";"=""OA_YTM""";"=""BAYRAMHACILI BARAJI ve HES""";"=""10933818988""";"=""2110""";"=""BAYRAMHACILI 154""";158;159,78;0,05;0,24;;;;;;;;
"=""API""";"=""CONVENTIONAL""";"=""2026-05-01T11:12:00+03:00""";"=""OA_YTM""";"=""BAYRAMHACILI BARAJI ve HES""";"=""10933818988""";"=""2110""";"=""BAYRAMHACILI 154""";158;159,78;0,05;0,24;;;;;;;;
"=""API""";"=""CONVENTIONAL""";"=""2026-05-01T11:13:00+03:00""";"=""OA_YTM""";"=""BAYRAMHACILI BARAJI ve HES""";"=""10933818988""";"=""2110""";"=""BAYRAMHACILI 154""";158;160,57;0,05;0,24;;;;;;;;
"=""API""";"=""CONVENTIONAL""";"=""2026-05-01T11:14:00+03:00""";"=""OA_YTM""";"=""BAYRAMHACILI BARAJI ve HES""";"=""10933818988""";"=""2110""";"=""BAYRAMHACILI 154""";158;159,73;0,05;0,24;;;;;;;;
"=""API""";"=""CONVENTIONAL""";"=""2026-05-01T11:15:00+03:00""";"=""OA_YTM""";"=""BAYRAMHACILI BARAJI ve HES""";"=""10933818988""";"=""2110""";"=""BAYRAMHACILI 154""";158;159,73;0,05;0,24;;;;;;;;
"=""API""";"=""CONVENTIONAL""";"=""2026-05-01T11:16:00+03:00""";"=""OA_YTM""";"=""BAYRAMHACILI BARAJI ve HES""";"=""10933818988""";"=""2110""";"=""BAYRAMHACILI 154""";158;158,96;0,05;0,24;;;;;;;;
"=""API""";"=""CONVENTIONAL""";"=""2026-05-01T11:17:00+03:00""";"=""OA_YTM""";"=""BAYRAMHACILI BARAJI ve HES""";"=""10933818988""";"=""2110""";"=""BAYRAMHACILI 154""";158;158,96;0,05;0,24;;;;;;;;
"=""API""";"=""CONVENTIONAL""";"=""2026-05-01T11:18:00+03:00""";"=""OA_YTM""";"=""BAYRAMHACILI BARAJI ve HES""";"=""10933818988""";"=""2110""";"=""BAYRAMHACILI 154""";158;158,96;0,05;0,24;;;;;;;;
"=""API""";"=""CONVENTIONAL""";"=""2026-05-01T11:19:00+03:00""";"=""OA_YTM""";"=""BAYRAMHACILI BARAJI ve HES""";"=""10933818988""";"=""2110""";"=""BAYRAMHACILI 154""";158;158,96;0,05;0,24;;;;;;;;
"=""API""";"=""CONVENTIONAL""";"=""2026-05-01T11:20:00+03:00""";"=""OA_YTM""";"=""BAYRAMHACILI BARAJI ve HES""";"=""10933818988""";"=""2110""";"=""BAYRAMHACILI 154""";158;158,96;0,05;0,24;;;;;;;;
"=""API""";"=""CONVENTIONAL""";"=""2026-05-01T11:21:00+03:00""";"=""OA_YTM""";"=""BAYRAMHACILI BARAJI ve HES""";"=""10933818988""";"=""2110""";"=""BAYRAMHACILI 154""";158;159,82;0,05;0,24;;;;;;;;
"=""API""";"=""CONVENTIONAL""";"=""2026-05-01T11:22:00+03:00""";"=""OA_YTM""";"=""BAYRAMHACILI BARAJI ve HES""";"=""10933818988""";"=""2110""";"=""BAYRAMHACILI 154""";158;159,82;0,05;0,24;;;;;;;;
"=""API""";"=""CONVENTIONAL""";"=""2026-05-01T11:23:00+03:00""";"=""OA_YTM""";"=""BAYRAMHACILI BARAJI ve HES""";"=""10933818988""";"=""2110""";"=""BAYRAMHACILI 154""";158;158,91;0,05;0,24;;;;;;;;
"=""API""";"=""CONVENTIONAL""";"=""2026-05-01T11:24:00+03:00""";"=""OA_YTM""";"=""BAYRAMHACILI BARAJI ve HES""";"=""10933818988""";"=""2110""";"=""BAYRAMHACILI 154""";158;160,44;0,05;0,24;;;;;;;;
"=""API""";"=""CONVENTIONAL""";"=""2026-05-01T11:25:00+03:00""";"=""OA_YTM""";"=""BAYRAMHACILI BARAJI ve HES""";"=""10933818988""";"=""2110""";"=""BAYRAMHACILI 154""";158;159,69;0,05;0,24;;;;;;;;
"=""API""";"=""CONVENTIONAL""";"=""2026-05-01T11:26:00+03:00""";"=""OA_YTM""";"=""BAYRAMHACILI BARAJI ve HES""";"=""10933818988""";"=""2110""";"=""BAYRAMHACILI 154""";158;159,69;0,05;0,24;;;;;;;;
"=""API""";"=""CONVENTIONAL""";"=""2026-05-01T11:27:00+03:00""";"=""OA_YTM""";"=""BAYRAMHACILI BARAJI ve HES""";"=""10933818988""";"=""2110""";"=""BAYRAMHACILI 154""";158;160,54;0,05;0,24;;;;;;;;
"=""API""";"=""CONVENTIONAL""";"=""2026-05-01T11:28:00+03:00""";"=""OA_YTM""";"=""BAYRAMHACILI BARAJI ve HES""";"=""10933818988""";"=""2110""";"=""BAYRAMHACILI 154""";158;159,78;0,05;0,24;;;;;;;;
"=""API""";"=""CONVENTIONAL""";"=""2026-05-01T11:29:00+03:00""";"=""OA_YTM""";"=""BAYRAMHACILI BARAJI ve HES""";"=""10933818988""";"=""2110""";"=""BAYRAMHACILI 154""";158;159,78;0,05;0,24;;;;;;;;
"=""API""";"=""CONVENTIONAL""";"=""2026-05-01T11:30:00+03:00""";"=""OA_YTM""";"=""BAYRAMHACILI BARAJI ve HES""";"=""10933818988""";"=""2110""";"=""BAYRAMHACILI 154""";158;160,53;0,05;0,24;;;;;;;;
"=""API""";"=""CONVENTIONAL""";"=""2026-05-01T11:31:00+03:00""";"=""OA_YTM""";"=""BAYRAMHACILI BARAJI ve HES""";"=""10933818988""";"=""2110""";"=""BAYRAMHACILI 154""";158;158,96;0,05;0,24;;;;;;;;
"=""API""";"=""CONVENTIONAL""";"=""2026-05-01T11:32:00+03:00""";"=""OA_YTM""";"=""BAYRAMHACILI BARAJI ve HES""";"=""10933818988""";"=""2110""";"=""BAYRAMHACILI 154""";158;158,18;0,05;0,24;;;;;;;;
"=""API""";"=""CONVENTIONAL""";"=""2026-05-01T11:33:00+03:00""";"=""OA_YTM""";"=""BAYRAMHACILI BARAJI ve HES""";"=""10933818988""";"=""2110""";"=""BAYRAMHACILI 154""";158;157,43;0,05;0,24;;;;;;;;
"=""API""";"=""CONVENTIONAL""";"=""2026-05-01T11:34:00+03:00""";"=""OA_YTM""";"=""BAYRAMHACILI BARAJI ve HES""";"=""10933818988""";"=""2110""";"=""BAYRAMHACILI 154""";158;159,18;0,05;0,24;;;;;;;;
"=""API""";"=""CONVENTIONAL""";"=""2026-05-01T11:35:00+03:00""";"=""OA_YTM""";"=""BAYRAMHACILI BARAJI ve HES""";"=""10933818988""";"=""2110""";"=""BAYRAMHACILI 154""";158;159,18;0,05;0,24;;;;;;;;
"=""API""";"=""CONVENTIONAL""";"=""2026-05-01T11:36:00+03:00""";"=""OA_YTM""";"=""BAYRAMHACILI BARAJI ve HES""";"=""10933818988""";"=""2110""";"=""BAYRAMHACILI 154""";158;159,18;0,05;0,24;;;;;;;;
"=""API""";"=""CONVENTIONAL""";"=""2026-05-01T11:37:00+03:00""";"=""OA_YTM""";"=""BAYRAMHACILI BARAJI ve HES""";"=""10933818988""";"=""2110""";"=""BAYRAMHACILI 154""";158;159,97;0,05;0,24;;;;;;;;
"=""API""";"=""CONVENTIONAL""";"=""2026-05-01T11:38:00+03:00""";"=""OA_YTM""";"=""BAYRAMHACILI BARAJI ve HES""";"=""10933818988""";"=""2110""";"=""BAYRAMHACILI 154""";158;160,12;0,05;0,24;;;;;;;;
"=""API""";"=""CONVENTIONAL""";"=""2026-05-01T11:39:00+03:00""";"=""OA_YTM""";"=""BAYRAMHACILI BARAJI ve HES""";"=""10933818988""";"=""2110""";"=""BAYRAMHACILI 154""";158;159,3;0,05;0,24;;;;;;;;
"=""API""";"=""CONVENTIONAL""";"=""2026-05-01T11:40:00+03:00""";"=""OA_YTM""";"=""BAYRAMHACILI BARAJI ve HES""";"=""10933818988""";"=""2110""";"=""BAYRAMHACILI 154""";158;159,3;0,05;0,24;;;;;;;;
"=""API""";"=""CONVENTIONAL""";"=""2026-05-01T11:41:00+03:00""";"=""OA_YTM""";"=""BAYRAMHACILI BARAJI ve HES""";"=""10933818988""";"=""2110""";"=""BAYRAMHACILI 154""";158;159,3;0,05;0,24;;;;;;;;
"=""API""";"=""CONVENTIONAL""";"=""2026-05-01T11:42:00+03:00""";"=""OA_YTM""";"=""BAYRAMHACILI BARAJI ve HES""";"=""10933818988""";"=""2110""";"=""BAYRAMHACILI 154""";158;159,3;0,05;0,24;;;;;;;;
"=""API""";"=""CONVENTIONAL""";"=""2026-05-01T11:43:00+03:00""";"=""OA_YTM""";"=""BAYRAMHACILI BARAJI ve HES""";"=""10933818988""";"=""2110""";"=""BAYRAMHACILI 154""";158;159,3;0,05;0,24;;;;;;;;
"=""API""";"=""CONVENTIONAL""";"=""2026-05-01T11:44:00+03:00""";"=""OA_YTM""";"=""BAYRAMHACILI BARAJI ve HES""";"=""10933818988""";"=""2110""";"=""BAYRAMHACILI 154""";158;159,3;0,05;0,24;;;;;;;;
"=""API""";"=""CONVENTIONAL""";"=""2026-05-01T11:45:00+03:00""";"=""OA_YTM""";"=""BAYRAMHACILI BARAJI ve HES""";"=""10933818988""";"=""2110""";"=""BAYRAMHACILI 154""";158;159,3;0,05;0,24;;;;;;;;
"=""API""";"=""CONVENTIONAL""";"=""2026-05-01T11:46:00+03:00""";"=""OA_YTM""";"=""BAYRAMHACILI BARAJI ve HES""";"=""10933818988""";"=""2110""";"=""BAYRAMHACILI 154""";158;158,48;0,05;0,24;;;;;;;;
"=""API""";"=""CONVENTIONAL""";"=""2026-05-01T11:47:00+03:00""";"=""OA_YTM""";"=""BAYRAMHACILI BARAJI ve HES""";"=""10933818988""";"=""2110""";"=""BAYRAMHACILI 154""";158;158,48;0,05;0,24;;;;;;;;
"=""API""";"=""CONVENTIONAL""";"=""2026-05-01T11:48:00+03:00""";"=""OA_YTM""";"=""BAYRAMHACILI BARAJI ve HES""";"=""10933818988""";"=""2110""";"=""BAYRAMHACILI 154""";158;158,48;0,05;0,24;;;;;;;;
"=""API""";"=""CONVENTIONAL""";"=""2026-05-01T11:49:00+03:00""";"=""OA_YTM""";"=""BAYRAMHACILI BARAJI ve HES""";"=""10933818988""";"=""2110""";"=""BAYRAMHACILI 154""";158;158,48;0,05;0,24;;;;;;;;
"=""API""";"=""CONVENTIONAL""";"=""2026-05-01T11:50:00+03:00""";"=""OA_YTM""";"=""BAYRAMHACILI BARAJI ve HES""";"=""10933818988""";"=""2110""";"=""BAYRAMHACILI 154""";158;159,24;0,05;0,24;;;;;;;;
"=""API""";"=""CONVENTIONAL""";"=""2026-05-01T11:51:00+03:00""";"=""OA_YTM""";"=""BAYRAMHACILI BARAJI ve HES""";"=""10933818988""";"=""2110""";"=""BAYRAMHACILI 154""";158;159,24;0,05;0,24;;;;;;;;
"=""API""";"=""CONVENTIONAL""";"=""2026-05-01T11:52:00+03:00""";"=""OA_YTM""";"=""BAYRAMHACILI BARAJI ve HES""";"=""10933818988""";"=""2110""";"=""BAYRAMHACILI 154""";158;159,24;0,05;0,24;;;;;;;;
"=""API""";"=""CONVENTIONAL""";"=""2026-05-01T11:53:00+03:00""";"=""OA_YTM""";"=""BAYRAMHACILI BARAJI ve HES""";"=""10933818988""";"=""2110""";"=""BAYRAMHACILI 154""";158;159,98;0,05;0,24;;;;;;;;
"=""API""";"=""CONVENTIONAL""";"=""2026-05-01T11:54:00+03:00""";"=""OA_YTM""";"=""BAYRAMHACILI BARAJI ve HES""";"=""10933818988""";"=""2110""";"=""BAYRAMHACILI 154""";158;158,38;0,05;0,24;;;;;;;;
"=""API""";"=""CONVENTIONAL""";"=""2026-05-01T11:55:00+03:00""";"=""OA_YTM""";"=""BAYRAMHACILI BARAJI ve HES""";"=""10933818988""";"=""2110""";"=""BAYRAMHACILI 154""";158;160,17;0,05;0,24;;;;;;;;
"=""API""";"=""CONVENTIONAL""";"=""2026-05-01T11:56:00+03:00""";"=""OA_YTM""";"=""BAYRAMHACILI BARAJI ve HES""";"=""10933818988""";"=""2110""";"=""BAYRAMHACILI 154""";158;160,17;0,05;0,24;;;;;;;;
"=""API""";"=""CONVENTIONAL""";"=""2026-05-01T11:57:00+03:00""";"=""OA_YTM""";"=""BAYRAMHACILI BARAJI ve HES""";"=""10933818988""";"=""2110""";"=""BAYRAMHACILI 154""";158;160,17;0,05;0,24;;;;;;;;
"=""API""";"=""CONVENTIONAL""";"=""2026-05-01T11:58:00+03:00""";"=""OA_YTM""";"=""BAYRAMHACILI BARAJI ve HES""";"=""10933818988""";"=""2110""";"=""BAYRAMHACILI 154""";158;160,17;0,05;0,24;;;;;;;;
"=""API""";"=""CONVENTIONAL""";"=""2026-05-01T11:59:00+03:00""";"=""OA_YTM""";"=""BAYRAMHACILI BARAJI ve HES""";"=""10933818988""";"=""2110""";"=""BAYRAMHACILI 154""";158;160,17;0,05;0,24;;;;;;;;
"=""API""";"=""CONVENTIONAL""";"=""2026-05-01T12:00:00+03:00""";"=""OA_YTM""";"=""BAYRAMHACILI BARAJI ve HES""";"=""10933818988""";"=""2110""";"=""BAYRAMHACILI 154""";158;160,17;0,05;0,24;;;;;;;;
"=""API""";"=""CONVENTIONAL""";"=""2026-05-01T12:01:00+03:00""";"=""OA_YTM""";"=""BAYRAMHACILI BARAJI ve HES""";"=""10933818988""";"=""2110""";"=""BAYRAMHACILI 154""";158;160,17;0,05;0,24;;;;;;;;
"=""API""";"=""CONVENTIONAL""";"=""2026-05-01T12:02:00+03:00""";"=""OA_YTM""";"=""BAYRAMHACILI BARAJI ve HES""";"=""10933818988""";"=""2110""";"=""BAYRAMHACILI 154""";158;160,17;0,05;0,24;;;;;;;;
"=""API""";"=""CONVENTIONAL""";"=""2026-05-01T12:03:00+03:00""";"=""OA_YTM""";"=""BAYRAMHACILI BARAJI ve HES""";"=""10933818988""";"=""2110""";"=""BAYRAMHACILI 154""";158;160,17;0,05;0,24;;;;;;;;
"=""API""";"=""CONVENTIONAL""";"=""2026-05-01T12:04:00+03:00""";"=""OA_YTM""";"=""BAYRAMHACILI BARAJI ve HES""";"=""10933818988""";"=""2110""";"=""BAYRAMHACILI 154""";158;160,17;0,05;0,24;;;;;;;;
"=""API""";"=""CONVENTIONAL""";"=""2026-05-01T12:05:00+03:00""";"=""OA_YTM""";"=""BAYRAMHACILI BARAJI ve HES""";"=""10933818988""";"=""2110""";"=""BAYRAMHACILI 154""";158;160,17;0,05;0,24;;;;;;;;
"=""API""";"=""CONVENTIONAL""";"=""2026-05-01T12:06:00+03:00""";"=""OA_YTM""";"=""BAYRAMHACILI BARAJI ve HES""";"=""10933818988""";"=""2110""";"=""BAYRAMHACILI 154""";158;160,17;0,05;0,24;;;;;;;;
"=""API""";"=""CONVENTIONAL""";"=""2026-05-01T12:07:00+03:00""";"=""OA_YTM""";"=""BAYRAMHACILI BARAJI ve HES""";"=""10933818988""";"=""2110""";"=""BAYRAMHACILI 154""";158;160,17;0,05;0,24;;;;;;;;
"=""API""";"=""CONVENTIONAL""";"=""2026-05-01T12:08:00+03:00""";"=""OA_YTM""";"=""BAYRAMHACILI BARAJI ve HES""";"=""10933818988""";"=""2110""";"=""BAYRAMHACILI 154""";158;160,17;0,05;0,24;;;;;;;;
"=""API""";"=""CONVENTIONAL""";"=""2026-05-01T12:09:00+03:00""";"=""OA_YTM""";"=""BAYRAMHACILI BARAJI ve HES""";"=""10933818988""";"=""2110""";"=""BAYRAMHACILI 154""";158;160,17;0,05;0,24;;;;;;;;
"=""API""";"=""CONVENTIONAL""";"=""2026-05-01T12:10:00+03:00""";"=""OA_YTM""";"=""BAYRAMHACILI BARAJI ve HES""";"=""10933818988""";"=""2110""";"=""BAYRAMHACILI 154""";158;160,17;0,05;0,24;;;;;;;;
"=""API""";"=""CONVENTIONAL""";"=""2026-05-01T12:11:00+03:00""";"=""OA_YTM""";"=""BAYRAMHACILI BARAJI ve HES""";"=""10933818988""";"=""2110""";"=""BAYRAMHACILI 154""";158;160,17;0,05;0,24;;;;;;;;
"=""API""";"=""CONVENTIONAL""";"=""2026-05-01T12:12:00+03:00""";"=""OA_YTM""";"=""BAYRAMHACILI BARAJI ve HES""";"=""10933818988""";"=""2110""";"=""BAYRAMHACILI 154""";158;161,04;0,05;0,24;;;;;;;;
"=""API""";"=""CONVENTIONAL""";"=""2026-05-01T12:13:00+03:00""";"=""OA_YTM""";"=""BAYRAMHACILI BARAJI ve HES""";"=""10933818988""";"=""2110""";"=""BAYRAMHACILI 154""";158;161,04;0,05;0,24;;;;;;;;
"=""API""";"=""CONVENTIONAL""";"=""2026-05-01T12:14:00+03:00""";"=""OA_YTM""";"=""BAYRAMHACILI BARAJI ve HES""";"=""10933818988""";"=""2110""";"=""BAYRAMHACILI 154""";158;161,04;0,05;0,24;;;;;;;;
"=""API""";"=""CONVENTIONAL""";"=""2026-05-01T12:15:00+03:00""";"=""OA_YTM""";"=""BAYRAMHACILI BARAJI ve HES""";"=""10933818988""";"=""2110""";"=""BAYRAMHACILI 154""";158;160,23;0,05;0,24;;;;;;;;
"=""API""";"=""CONVENTIONAL""";"=""2026-05-01T12:16:00+03:00""";"=""OA_YTM""";"=""BAYRAMHACILI BARAJI ve HES""";"=""10933818988""";"=""2110""";"=""BAYRAMHACILI 154""";158;159,42;0,05;0,24;;;;;;;;
"=""API""";"=""CONVENTIONAL""";"=""2026-05-01T12:17:00+03:00""";"=""OA_YTM""";"=""BAYRAMHACILI BARAJI ve HES""";"=""10933818988""";"=""2110""";"=""BAYRAMHACILI 154""";158;160,17;0,05;0,24;;;;;;;;
"=""API""";"=""CONVENTIONAL""";"=""2026-05-01T12:18:00+03:00""";"=""OA_YTM""";"=""BAYRAMHACILI BARAJI ve HES""";"=""10933818988""";"=""2110""";"=""BAYRAMHACILI 154""";158;160,17;0,05;0,24;;;;;;;;
"=""API""";"=""CONVENTIONAL""";"=""2026-05-01T12:19:00+03:00""";"=""OA_YTM""";"=""BAYRAMHACILI BARAJI ve HES""";"=""10933818988""";"=""2110""";"=""BAYRAMHACILI 154""";158;160,92;0,05;0,24;;;;;;;;
"=""API""";"=""CONVENTIONAL""";"=""2026-05-01T12:20:00+03:00""";"=""OA_YTM""";"=""BAYRAMHACILI BARAJI ve HES""";"=""10933818988""";"=""2110""";"=""BAYRAMHACILI 154""";158;160,92;0,05;0,24;;;;;;;;
"=""API""";"=""CONVENTIONAL""";"=""2026-05-01T12:21:00+03:00""";"=""OA_YTM""";"=""BAYRAMHACILI BARAJI ve HES""";"=""10933818988""";"=""2110""";"=""BAYRAMHACILI 154""";158;160,92;0,05;0,24;;;;;;;;
"=""API""";"=""CONVENTIONAL""";"=""2026-05-01T12:22:00+03:00""";"=""OA_YTM""";"=""BAYRAMHACILI BARAJI ve HES""";"=""10933818988""";"=""2110""";"=""BAYRAMHACILI 154""";158;160;0,05;0,24;;;;;;;;
"=""API""";"=""CONVENTIONAL""";"=""2026-05-01T12:23:00+03:00""";"=""OA_YTM""";"=""BAYRAMHACILI BARAJI ve HES""";"=""10933818988""";"=""2110""";"=""BAYRAMHACILI 154""";158;160,22;0,05;0,24;;;;;;;;
"=""API""";"=""CONVENTIONAL""";"=""2026-05-01T12:24:00+03:00""";"=""OA_YTM""";"=""BAYRAMHACILI BARAJI ve HES""";"=""10933818988""";"=""2110""";"=""BAYRAMHACILI 154""";158;160,22;0,05;0,24;;;;;;;;
"=""API""";"=""CONVENTIONAL""";"=""2026-05-01T12:25:00+03:00""";"=""OA_YTM""";"=""BAYRAMHACILI BARAJI ve HES""";"=""10933818988""";"=""2110""";"=""BAYRAMHACILI 154""";158;160,22;0,05;0,24;;;;;;;;
"=""API""";"=""CONVENTIONAL""";"=""2026-05-01T12:26:00+03:00""";"=""OA_YTM""";"=""BAYRAMHACILI BARAJI ve HES""";"=""10933818988""";"=""2110""";"=""BAYRAMHACILI 154""";158;161,02;0,05;0,24;;;;;;;;
"=""API""";"=""CONVENTIONAL""";"=""2026-05-01T12:27:00+03:00""";"=""OA_YTM""";"=""BAYRAMHACILI BARAJI ve HES""";"=""10933818988""";"=""2110""";"=""BAYRAMHACILI 154""";158;161,02;0,05;0,24;;;;;;;;
"=""API""";"=""CONVENTIONAL""";"=""2026-05-01T12:28:00+03:00""";"=""OA_YTM""";"=""BAYRAMHACILI BARAJI ve HES""";"=""10933818988""";"=""2110""";"=""BAYRAMHACILI 154""";158;161,02;0,05;0,24;;;;;;;;
"=""API""";"=""CONVENTIONAL""";"=""2026-05-01T12:29:00+03:00""";"=""OA_YTM""";"=""BAYRAMHACILI BARAJI ve HES""";"=""10933818988""";"=""2110""";"=""BAYRAMHACILI 154""";158;161,77;0,05;0,24;;;;;;;;
"=""API""";"=""CONVENTIONAL""";"=""2026-05-01T12:30:00+03:00""";"=""OA_YTM""";"=""BAYRAMHACILI BARAJI ve HES""";"=""10933818988""";"=""2110""";"=""BAYRAMHACILI 154""";158;161,77;0,05;0,24;;;;;;;;
"=""API""";"=""CONVENTIONAL""";"=""2026-05-01T12:31:00+03:00""";"=""OA_YTM""";"=""BAYRAMHACILI BARAJI ve HES""";"=""10933818988""";"=""2110""";"=""BAYRAMHACILI 154""";158;160,86;0,05;0,24;;;;;;;;
"=""API""";"=""CONVENTIONAL""";"=""2026-05-01T12:32:00+03:00""";"=""OA_YTM""";"=""BAYRAMHACILI BARAJI ve HES""";"=""10933818988""";"=""2110""";"=""BAYRAMHACILI 154""";158;160,86;0,05;0,24;;;;;;;;
"=""API""";"=""CONVENTIONAL""";"=""2026-05-01T12:33:00+03:00""";"=""OA_YTM""";"=""BAYRAMHACILI BARAJI ve HES""";"=""10933818988""";"=""2110""";"=""BAYRAMHACILI 154""";158;160,86;0,05;0,24;;;;;;;;
"=""API""";"=""CONVENTIONAL""";"=""2026-05-01T12:34:00+03:00""";"=""OA_YTM""";"=""BAYRAMHACILI BARAJI ve HES""";"=""10933818988""";"=""2110""";"=""BAYRAMHACILI 154""";158;160,86;0,05;0,24;;;;;;;;
"=""API""";"=""CONVENTIONAL""";"=""2026-05-01T12:35:00+03:00""";"=""OA_YTM""";"=""BAYRAMHACILI BARAJI ve HES""";"=""10933818988""";"=""2110""";"=""BAYRAMHACILI 154""";158;161,61;0,05;0,24;;;;;;;;
"=""API""";"=""CONVENTIONAL""";"=""2026-05-01T12:36:00+03:00""";"=""OA_YTM""";"=""BAYRAMHACILI BARAJI ve HES""";"=""10933818988""";"=""2110""";"=""BAYRAMHACILI 154""";158;161,61;0,05;0,24;;;;;;;;
"=""API""";"=""CONVENTIONAL""";"=""2026-05-01T12:37:00+03:00""";"=""OA_YTM""";"=""BAYRAMHACILI BARAJI ve HES""";"=""10933818988""";"=""2110""";"=""BAYRAMHACILI 154""";158;161,61;0,05;0,24;;;;;;;;
"=""API""";"=""CONVENTIONAL""";"=""2026-05-01T12:38:00+03:00""";"=""OA_YTM""";"=""BAYRAMHACILI BARAJI ve HES""";"=""10933818988""";"=""2110""";"=""BAYRAMHACILI 154""";158;160,84;0,05;0,24;;;;;;;;
"=""API""";"=""CONVENTIONAL""";"=""2026-05-01T12:39:00+03:00""";"=""OA_YTM""";"=""BAYRAMHACILI BARAJI ve HES""";"=""10933818988""";"=""2110""";"=""BAYRAMHACILI 154""";158;161,64;0,05;0,24;;;;;;;;
"=""API""";"=""CONVENTIONAL""";"=""2026-05-01T12:40:00+03:00""";"=""OA_YTM""";"=""BAYRAMHACILI BARAJI ve HES""";"=""10933818988""";"=""2110""";"=""BAYRAMHACILI 154""";158;161,64;0,05;0,24;;;;;;;;
"=""API""";"=""CONVENTIONAL""";"=""2026-05-01T12:41:00+03:00""";"=""OA_YTM""";"=""BAYRAMHACILI BARAJI ve HES""";"=""10933818988""";"=""2110""";"=""BAYRAMHACILI 154""";158;160,87;0,05;0,24;;;;;;;;
"=""API""";"=""CONVENTIONAL""";"=""2026-05-01T12:42:00+03:00""";"=""OA_YTM""";"=""BAYRAMHACILI BARAJI ve HES""";"=""10933818988""";"=""2110""";"=""BAYRAMHACILI 154""";158;160,87;0,05;0,24;;;;;;;;
"=""API""";"=""CONVENTIONAL""";"=""2026-05-01T12:43:00+03:00""";"=""OA_YTM""";"=""BAYRAMHACILI BARAJI ve HES""";"=""10933818988""";"=""2110""";"=""BAYRAMHACILI 154""";158;160,87;0,05;0,24;;;;;;;;
"=""API""";"=""CONVENTIONAL""";"=""2026-05-01T12:44:00+03:00""";"=""OA_YTM""";"=""BAYRAMHACILI BARAJI ve HES""";"=""10933818988""";"=""2110""";"=""BAYRAMHACILI 154""";158;161,63;0,05;0,24;;;;;;;;
"=""API""";"=""CONVENTIONAL""";"=""2026-05-01T12:45:00+03:00""";"=""OA_YTM""";"=""BAYRAMHACILI BARAJI ve HES""";"=""10933818988""";"=""2110""";"=""BAYRAMHACILI 154""";158;161,63;0,05;0,24;;;;;;;;
"=""API""";"=""CONVENTIONAL""";"=""2026-05-01T12:46:00+03:00""";"=""OA_YTM""";"=""BAYRAMHACILI BARAJI ve HES""";"=""10933818988""";"=""2110""";"=""BAYRAMHACILI 154""";158;161,63;0,05;0,24;;;;;;;;
"=""API""";"=""CONVENTIONAL""";"=""2026-05-01T12:47:00+03:00""";"=""OA_YTM""";"=""BAYRAMHACILI BARAJI ve HES""";"=""10933818988""";"=""2110""";"=""BAYRAMHACILI 154""";158;161,63;0,05;0,24;;;;;;;;
"=""API""";"=""CONVENTIONAL""";"=""2026-05-01T12:48:00+03:00""";"=""OA_YTM""";"=""BAYRAMHACILI BARAJI ve HES""";"=""10933818988""";"=""2110""";"=""BAYRAMHACILI 154""";158;161,63;0,05;0,24;;;;;;;;
"=""API""";"=""CONVENTIONAL""";"=""2026-05-01T12:49:00+03:00""";"=""OA_YTM""";"=""BAYRAMHACILI BARAJI ve HES""";"=""10933818988""";"=""2110""";"=""BAYRAMHACILI 154""";158;161,63;0,05;0,24;;;;;;;;
"=""API""";"=""CONVENTIONAL""";"=""2026-05-01T12:50:00+03:00""";"=""OA_YTM""";"=""BAYRAMHACILI BARAJI ve HES""";"=""10933818988""";"=""2110""";"=""BAYRAMHACILI 154""";158;161,63;0,05;0,24;;;;;;;;
"=""API""";"=""CONVENTIONAL""";"=""2026-05-01T12:51:00+03:00""";"=""OA_YTM""";"=""BAYRAMHACILI BARAJI ve HES""";"=""10933818988""";"=""2110""";"=""BAYRAMHACILI 154""";158;161,63;0,05;0,24;;;;;;;;
"=""API""";"=""CONVENTIONAL""";"=""2026-05-01T12:52:00+03:00""";"=""OA_YTM""";"=""BAYRAMHACILI BARAJI ve HES""";"=""10933818988""";"=""2110""";"=""BAYRAMHACILI 154""";158;161,63;0,05;0,24;;;;;;;;
"=""API""";"=""CONVENTIONAL""";"=""2026-05-01T12:53:00+03:00""";"=""OA_YTM""";"=""BAYRAMHACILI BARAJI ve HES""";"=""10933818988""";"=""2110""";"=""BAYRAMHACILI 154""";158;161,63;0,05;0,24;;;;;;;;
"=""API""";"=""CONVENTIONAL""";"=""2026-05-01T12:54:00+03:00""";"=""OA_YTM""";"=""BAYRAMHACILI BARAJI ve HES""";"=""10933818988""";"=""2110""";"=""BAYRAMHACILI 154""";158;162,38;0,05;0,24;;;;;;;;
"=""API""";"=""CONVENTIONAL""";"=""2026-05-01T12:55:00+03:00""";"=""OA_YTM""";"=""BAYRAMHACILI BARAJI ve HES""";"=""10933818988""";"=""2110""";"=""BAYRAMHACILI 154""";158;161,62;0,05;0,24;;;;;;;;
"=""API""";"=""CONVENTIONAL""";"=""2026-05-01T12:56:00+03:00""";"=""OA_YTM""";"=""BAYRAMHACILI BARAJI ve HES""";"=""10933818988""";"=""2110""";"=""BAYRAMHACILI 154""";158;161,62;0,05;0,24;;;;;;;;
"=""API""";"=""CONVENTIONAL""";"=""2026-05-01T12:57:00+03:00""";"=""OA_YTM""";"=""BAYRAMHACILI BARAJI ve HES""";"=""10933818988""";"=""2110""";"=""BAYRAMHACILI 154""";158;161,62;0,05;0,24;;;;;;;;
"=""API""";"=""CONVENTIONAL""";"=""2026-05-01T12:58:00+03:00""";"=""OA_YTM""";"=""BAYRAMHACILI BARAJI ve HES""";"=""10933818988""";"=""2110""";"=""BAYRAMHACILI 154""";158;161,62;0,05;0,24;;;;;;;;
"=""API""";"=""CONVENTIONAL""";"=""2026-05-01T12:59:00+03:00""";"=""OA_YTM""";"=""BAYRAMHACILI BARAJI ve HES""";"=""10933818988""";"=""2110""";"=""BAYRAMHACILI 154""";158;160,88;0,05;0,24;;;;;;;;
"=""API""";"=""CONVENTIONAL""";"=""2026-05-01T13:00:00+03:00""";"=""OA_YTM""";"=""BAYRAMHACILI BARAJI ve HES""";"=""10933818988""";"=""2110""";"=""BAYRAMHACILI 154""";158;161,75;0,05;0,24;;;;;;;;
"=""API""";"=""CONVENTIONAL""";"=""2026-05-01T13:01:00+03:00""";"=""OA_YTM""";"=""BAYRAMHACILI BARAJI ve HES""";"=""10933818988""";"=""2110""";"=""BAYRAMHACILI 154""";158;160,99;0,05;0,24;;;;;;;;
"=""API""";"=""CONVENTIONAL""";"=""2026-05-01T13:02:00+03:00""";"=""OA_YTM""";"=""BAYRAMHACILI BARAJI ve HES""";"=""10933818988""";"=""2110""";"=""BAYRAMHACILI 154""";158;160,99;0,05;0,24;;;;;;;;
"=""API""";"=""CONVENTIONAL""";"=""2026-05-01T13:03:00+03:00""";"=""OA_YTM""";"=""BAYRAMHACILI BARAJI ve HES""";"=""10933818988""";"=""2110""";"=""BAYRAMHACILI 154""";158;161,76;0,05;0,24;;;;;;;;
"=""API""";"=""CONVENTIONAL""";"=""2026-05-01T13:04:00+03:00""";"=""OA_YTM""";"=""BAYRAMHACILI BARAJI ve HES""";"=""10933818988""";"=""2110""";"=""BAYRAMHACILI 154""";158;161,76;0,05;0,24;;;;;;;;
"=""API""";"=""CONVENTIONAL""";"=""2026-05-01T13:05:00+03:00""";"=""OA_YTM""";"=""BAYRAMHACILI BARAJI ve HES""";"=""10933818988""";"=""2110""";"=""BAYRAMHACILI 154""";158;162,58;0,05;0,24;;;;;;;;
"=""API""";"=""CONVENTIONAL""";"=""2026-05-01T13:06:00+03:00""";"=""OA_YTM""";"=""BAYRAMHACILI BARAJI ve HES""";"=""10933818988""";"=""2110""";"=""BAYRAMHACILI 154""";158;162,58;0,05;0,24;;;;;;;;
"=""API""";"=""CONVENTIONAL""";"=""2026-05-01T13:07:00+03:00""";"=""OA_YTM""";"=""BAYRAMHACILI BARAJI ve HES""";"=""10933818988""";"=""2110""";"=""BAYRAMHACILI 154""";158;161,55;0,05;0,24;;;;;;;;
"=""API""";"=""CONVENTIONAL""";"=""2026-05-01T13:08:00+03:00""";"=""OA_YTM""";"=""BAYRAMHACILI BARAJI ve HES""";"=""10933818988""";"=""2110""";"=""BAYRAMHACILI 154""";158;161,55;0,05;0,24;;;;;;;;
"=""API""";"=""CONVENTIONAL""";"=""2026-05-01T13:09:00+03:00""";"=""OA_YTM""";"=""BAYRAMHACILI BARAJI ve HES""";"=""10933818988""";"=""2110""";"=""BAYRAMHACILI 154""";158;161,55;0,05;0,24;;;;;;;;
"=""API""";"=""CONVENTIONAL""";"=""2026-05-01T13:10:00+03:00""";"=""OA_YTM""";"=""BAYRAMHACILI BARAJI ve HES""";"=""10933818988""";"=""2110""";"=""BAYRAMHACILI 154""";158;161,55;0,05;0,24;;;;;;;;
"=""API""";"=""CONVENTIONAL""";"=""2026-05-01T13:11:00+03:00""";"=""OA_YTM""";"=""BAYRAMHACILI BARAJI ve HES""";"=""10933818988""";"=""2110""";"=""BAYRAMHACILI 154""";158;161,55;0,05;0,24;;;;;;;;
"=""API""";"=""CONVENTIONAL""";"=""2026-05-01T13:12:00+03:00""";"=""OA_YTM""";"=""BAYRAMHACILI BARAJI ve HES""";"=""10933818988""";"=""2110""";"=""BAYRAMHACILI 154""";158;161,55;0,05;0,24;;;;;;;;
"=""API""";"=""CONVENTIONAL""";"=""2026-05-01T13:13:00+03:00""";"=""OA_YTM""";"=""BAYRAMHACILI BARAJI ve HES""";"=""10933818988""";"=""2110""";"=""BAYRAMHACILI 154""";158;162,33;0,05;0,24;;;;;;;;
"=""API""";"=""CONVENTIONAL""";"=""2026-05-01T13:14:00+03:00""";"=""OA_YTM""";"=""BAYRAMHACILI BARAJI ve HES""";"=""10933818988""";"=""2110""";"=""BAYRAMHACILI 154""";158;162,33;0,05;0,24;;;;;;;;
"=""API""";"=""CONVENTIONAL""";"=""2026-05-01T13:15:00+03:00""";"=""OA_YTM""";"=""BAYRAMHACILI BARAJI ve HES""";"=""10933818988""";"=""2110""";"=""BAYRAMHACILI 154""";158;161,51;0,05;0,24;;;;;;;;
"=""API""";"=""CONVENTIONAL""";"=""2026-05-01T13:16:00+03:00""";"=""OA_YTM""";"=""BAYRAMHACILI BARAJI ve HES""";"=""10933818988""";"=""2110""";"=""BAYRAMHACILI 154""";158;161,51;0,05;0,24;;;;;;;;
"=""API""";"=""CONVENTIONAL""";"=""2026-05-01T13:17:00+03:00""";"=""OA_YTM""";"=""BAYRAMHACILI BARAJI ve HES""";"=""10933818988""";"=""2110""";"=""BAYRAMHACILI 154""";158;161,51;0,05;0,24;;;;;;;;
"=""API""";"=""CONVENTIONAL""";"=""2026-05-01T13:18:00+03:00""";"=""OA_YTM""";"=""BAYRAMHACILI BARAJI ve HES""";"=""10933818988""";"=""2110""";"=""BAYRAMHACILI 154""";158;161,51;0,05;0,24;;;;;;;;
"=""API""";"=""CONVENTIONAL""";"=""2026-05-01T13:19:00+03:00""";"=""OA_YTM""";"=""BAYRAMHACILI BARAJI ve HES""";"=""10933818988""";"=""2110""";"=""BAYRAMHACILI 154""";158;162,26;0,05;0,24;;;;;;;;
"=""API""";"=""CONVENTIONAL""";"=""2026-05-01T13:20:00+03:00""";"=""OA_YTM""";"=""BAYRAMHACILI BARAJI ve HES""";"=""10933818988""";"=""2110""";"=""BAYRAMHACILI 154""";158;161,42;0,05;0,24;;;;;;;;
"=""API""";"=""CONVENTIONAL""";"=""2026-05-01T13:21:00+03:00""";"=""OA_YTM""";"=""BAYRAMHACILI BARAJI ve HES""";"=""10933818988""";"=""2110""";"=""BAYRAMHACILI 154""";158;161,42;0,05;0,24;;;;;;;;
"=""API""";"=""CONVENTIONAL""";"=""2026-05-01T13:22:00+03:00""";"=""OA_YTM""";"=""BAYRAMHACILI BARAJI ve HES""";"=""10933818988""";"=""2110""";"=""BAYRAMHACILI 154""";158;161,42;0,05;0,24;;;;;;;;
"=""API""";"=""CONVENTIONAL""";"=""2026-05-01T13:23:00+03:00""";"=""OA_YTM""";"=""BAYRAMHACILI BARAJI ve HES""";"=""10933818988""";"=""2110""";"=""BAYRAMHACILI 154""";158;161,42;0,05;0,24;;;;;;;;
"=""API""";"=""CONVENTIONAL""";"=""2026-05-01T13:24:00+03:00""";"=""OA_YTM""";"=""BAYRAMHACILI BARAJI ve HES""";"=""10933818988""";"=""2110""";"=""BAYRAMHACILI 154""";158;161,42;0,05;0,24;;;;;;;;
"=""API""";"=""CONVENTIONAL""";"=""2026-05-01T13:25:00+03:00""";"=""OA_YTM""";"=""BAYRAMHACILI BARAJI ve HES""";"=""10933818988""";"=""2110""";"=""BAYRAMHACILI 154""";158;161,42;0,05;0,24;;;;;;;;
"=""API""";"=""CONVENTIONAL""";"=""2026-05-01T13:26:00+03:00""";"=""OA_YTM""";"=""BAYRAMHACILI BARAJI ve HES""";"=""10933818988""";"=""2110""";"=""BAYRAMHACILI 154""";158;161,42;0,05;0,24;;;;;;;;
"=""API""";"=""CONVENTIONAL""";"=""2026-05-01T13:27:00+03:00""";"=""OA_YTM""";"=""BAYRAMHACILI BARAJI ve HES""";"=""10933818988""";"=""2110""";"=""BAYRAMHACILI 154""";158;161,42;0,05;0,24;;;;;;;;
"=""API""";"=""CONVENTIONAL""";"=""2026-05-01T13:28:00+03:00""";"=""OA_YTM""";"=""BAYRAMHACILI BARAJI ve HES""";"=""10933818988""";"=""2110""";"=""BAYRAMHACILI 154""";158;161,42;0,05;0,24;;;;;;;;
"=""API""";"=""CONVENTIONAL""";"=""2026-05-01T13:29:00+03:00""";"=""OA_YTM""";"=""BAYRAMHACILI BARAJI ve HES""";"=""10933818988""";"=""2110""";"=""BAYRAMHACILI 154""";158;161,42;0,05;0,24;;;;;;;;
"=""API""";"=""CONVENTIONAL""";"=""2026-05-01T13:30:00+03:00""";"=""OA_YTM""";"=""BAYRAMHACILI BARAJI ve HES""";"=""10933818988""";"=""2110""";"=""BAYRAMHACILI 154""";158;161,42;0,05;0,24;;;;;;;;
"=""API""";"=""CONVENTIONAL""";"=""2026-05-01T13:31:00+03:00""";"=""OA_YTM""";"=""BAYRAMHACILI BARAJI ve HES""";"=""10933818988""";"=""2110""";"=""BAYRAMHACILI 154""";158;161,42;0,05;0,24;;;;;;;;
"=""API""";"=""CONVENTIONAL""";"=""2026-05-01T13:32:00+03:00""";"=""OA_YTM""";"=""BAYRAMHACILI BARAJI ve HES""";"=""10933818988""";"=""2110""";"=""BAYRAMHACILI 154""";158;161,42;0,05;0,24;;;;;;;;
"=""API""";"=""CONVENTIONAL""";"=""2026-05-01T13:33:00+03:00""";"=""OA_YTM""";"=""BAYRAMHACILI BARAJI ve HES""";"=""10933818988""";"=""2110""";"=""BAYRAMHACILI 154""";158;161,42;0,05;0,24;;;;;;;;
"=""API""";"=""CONVENTIONAL""";"=""2026-05-01T13:34:00+03:00""";"=""OA_YTM""";"=""BAYRAMHACILI BARAJI ve HES""";"=""10933818988""";"=""2110""";"=""BAYRAMHACILI 154""";158;160,66;0,05;0,24;;;;;;;;
"=""API""";"=""CONVENTIONAL""";"=""2026-05-01T13:35:00+03:00""";"=""OA_YTM""";"=""BAYRAMHACILI BARAJI ve HES""";"=""10933818988""";"=""2110""";"=""BAYRAMHACILI 154""";158;160,66;0,05;0,24;;;;;;;;
"=""API""";"=""CONVENTIONAL""";"=""2026-05-01T13:36:00+03:00""";"=""OA_YTM""";"=""BAYRAMHACILI BARAJI ve HES""";"=""10933818988""";"=""2110""";"=""BAYRAMHACILI 154""";158;161,45;0,05;0,24;;;;;;;;
"=""API""";"=""CONVENTIONAL""";"=""2026-05-01T13:37:00+03:00""";"=""OA_YTM""";"=""BAYRAMHACILI BARAJI ve HES""";"=""10933818988""";"=""2110""";"=""BAYRAMHACILI 154""";158;161,45;0,05;0,24;;;;;;;;
"=""API""";"=""CONVENTIONAL""";"=""2026-05-01T13:38:00+03:00""";"=""OA_YTM""";"=""BAYRAMHACILI BARAJI ve HES""";"=""10933818988""";"=""2110""";"=""BAYRAMHACILI 154""";158;161,45;0,05;0,24;;;;;;;;
"=""API""";"=""CONVENTIONAL""";"=""2026-05-01T13:39:00+03:00""";"=""OA_YTM""";"=""BAYRAMHACILI BARAJI ve HES""";"=""10933818988""";"=""2110""";"=""BAYRAMHACILI 154""";158;161,45;0,05;0,24;;;;;;;;
"=""API""";"=""CONVENTIONAL""";"=""2026-05-01T13:40:00+03:00""";"=""OA_YTM""";"=""BAYRAMHACILI BARAJI ve HES""";"=""10933818988""";"=""2110""";"=""BAYRAMHACILI 154""";158;161,45;0,05;0,24;;;;;;;;
"=""API""";"=""CONVENTIONAL""";"=""2026-05-01T13:41:00+03:00""";"=""OA_YTM""";"=""BAYRAMHACILI BARAJI ve HES""";"=""10933818988""";"=""2110""";"=""BAYRAMHACILI 154""";158;160,53;0,05;0,24;;;;;;;;
"=""API""";"=""CONVENTIONAL""";"=""2026-05-01T13:42:00+03:00""";"=""OA_YTM""";"=""BAYRAMHACILI BARAJI ve HES""";"=""10933818988""";"=""2110""";"=""BAYRAMHACILI 154""";158;160,53;0,05;0,24;;;;;;;;
"=""API""";"=""CONVENTIONAL""";"=""2026-05-01T13:43:00+03:00""";"=""OA_YTM""";"=""BAYRAMHACILI BARAJI ve HES""";"=""10933818988""";"=""2110""";"=""BAYRAMHACILI 154""";158;160,53;0,05;0,24;;;;;;;;
"=""API""";"=""CONVENTIONAL""";"=""2026-05-01T13:44:00+03:00""";"=""OA_YTM""";"=""BAYRAMHACILI BARAJI ve HES""";"=""10933818988""";"=""2110""";"=""BAYRAMHACILI 154""";158;160,53;0,05;0,24;;;;;;;;
"=""API""";"=""CONVENTIONAL""";"=""2026-05-01T13:45:00+03:00""";"=""OA_YTM""";"=""BAYRAMHACILI BARAJI ve HES""";"=""10933818988""";"=""2110""";"=""BAYRAMHACILI 154""";158;160,53;0,05;0,24;;;;;;;;
"=""API""";"=""CONVENTIONAL""";"=""2026-05-01T13:46:00+03:00""";"=""OA_YTM""";"=""BAYRAMHACILI BARAJI ve HES""";"=""10933818988""";"=""2110""";"=""BAYRAMHACILI 154""";158;159,76;0,05;0,24;;;;;;;;
"=""API""";"=""CONVENTIONAL""";"=""2026-05-01T13:47:00+03:00""";"=""OA_YTM""";"=""BAYRAMHACILI BARAJI ve HES""";"=""10933818988""";"=""2110""";"=""BAYRAMHACILI 154""";158;159,78;0,05;0,24;;;;;;;;
"=""API""";"=""CONVENTIONAL""";"=""2026-05-01T13:48:00+03:00""";"=""OA_YTM""";"=""BAYRAMHACILI BARAJI ve HES""";"=""10933818988""";"=""2110""";"=""BAYRAMHACILI 154""";158;159,78;0,05;0,24;;;;;;;;
"=""API""";"=""CONVENTIONAL""";"=""2026-05-01T13:49:00+03:00""";"=""OA_YTM""";"=""BAYRAMHACILI BARAJI ve HES""";"=""10933818988""";"=""2110""";"=""BAYRAMHACILI 154""";158;159,78;0,05;0,24;;;;;;;;
"=""API""";"=""CONVENTIONAL""";"=""2026-05-01T13:50:00+03:00""";"=""OA_YTM""";"=""BAYRAMHACILI BARAJI ve HES""";"=""10933818988""";"=""2110""";"=""BAYRAMHACILI 154""";158;159,78;0,05;0,24;;;;;;;;
"=""API""";"=""CONVENTIONAL""";"=""2026-05-01T13:51:00+03:00""";"=""OA_YTM""";"=""BAYRAMHACILI BARAJI ve HES""";"=""10933818988""";"=""2110""";"=""BAYRAMHACILI 154""";158;160,53;0,05;0,24;;;;;;;;
"=""API""";"=""CONVENTIONAL""";"=""2026-05-01T13:52:00+03:00""";"=""OA_YTM""";"=""BAYRAMHACILI BARAJI ve HES""";"=""10933818988""";"=""2110""";"=""BAYRAMHACILI 154""";158;159,74;0,05;0,24;;;;;;;;
"=""API""";"=""CONVENTIONAL""";"=""2026-05-01T13:53:00+03:00""";"=""OA_YTM""";"=""BAYRAMHACILI BARAJI ve HES""";"=""10933818988""";"=""2110""";"=""BAYRAMHACILI 154""";158;159,74;0,05;0,24;;;;;;;;
"=""API""";"=""CONVENTIONAL""";"=""2026-05-01T13:54:00+03:00""";"=""OA_YTM""";"=""BAYRAMHACILI BARAJI ve HES""";"=""10933818988""";"=""2110""";"=""BAYRAMHACILI 154""";158;159,74;0,05;0,24;;;;;;;;
"=""API""";"=""CONVENTIONAL""";"=""2026-05-01T13:55:00+03:00""";"=""OA_YTM""";"=""BAYRAMHACILI BARAJI ve HES""";"=""10933818988""";"=""2110""";"=""BAYRAMHACILI 154""";158;159,74;0,05;0,24;;;;;;;;
"=""API""";"=""CONVENTIONAL""";"=""2026-05-01T13:56:00+03:00""";"=""OA_YTM""";"=""BAYRAMHACILI BARAJI ve HES""";"=""10933818988""";"=""2110""";"=""BAYRAMHACILI 154""";158;158,99;0,05;0,24;;;;;;;;
"=""API""";"=""CONVENTIONAL""";"=""2026-05-01T13:57:00+03:00""";"=""OA_YTM""";"=""BAYRAMHACILI BARAJI ve HES""";"=""10933818988""";"=""2110""";"=""BAYRAMHACILI 154""";158;159,83;0,05;0,24;;;;;;;;
"=""API""";"=""CONVENTIONAL""";"=""2026-05-01T13:58:00+03:00""";"=""OA_YTM""";"=""BAYRAMHACILI BARAJI ve HES""";"=""10933818988""";"=""2110""";"=""BAYRAMHACILI 154""";158;159,83;0,05;0,24;;;;;;;;
"=""API""";"=""CONVENTIONAL""";"=""2026-05-01T13:59:00+03:00""";"=""OA_YTM""";"=""BAYRAMHACILI BARAJI ve HES""";"=""10933818988""";"=""2110""";"=""BAYRAMHACILI 154""";158;159,83;0,05;0,24;;;;;;;;
"=""API""";"=""CONVENTIONAL""";"=""2026-05-01T14:00:00+03:00""";"=""OA_YTM""";"=""BAYRAMHACILI BARAJI ve HES""";"=""10933818988""";"=""2110""";"=""BAYRAMHACILI 154""";158;159,83;0,05;0,24;;;;;;;;
"=""API""";"=""CONVENTIONAL""";"=""2026-05-01T14:01:00+03:00""";"=""OA_YTM""";"=""BAYRAMHACILI BARAJI ve HES""";"=""10933818988""";"=""2110""";"=""BAYRAMHACILI 154""";158;158,96;0,05;0,24;;;;;;;;
"=""API""";"=""CONVENTIONAL""";"=""2026-05-01T14:02:00+03:00""";"=""OA_YTM""";"=""BAYRAMHACILI BARAJI ve HES""";"=""10933818988""";"=""2110""";"=""BAYRAMHACILI 154""";158;159,2;0,05;0,24;;;;;;;;
"=""API""";"=""CONVENTIONAL""";"=""2026-05-01T14:03:00+03:00""";"=""OA_YTM""";"=""BAYRAMHACILI BARAJI ve HES""";"=""10933818988""";"=""2110""";"=""BAYRAMHACILI 154""";158;158,43;0,05;0,24;;;;;;;;
"=""API""";"=""CONVENTIONAL""";"=""2026-05-01T14:04:00+03:00""";"=""OA_YTM""";"=""BAYRAMHACILI BARAJI ve HES""";"=""10933818988""";"=""2110""";"=""BAYRAMHACILI 154""";158;158,43;0,05;0,24;;;;;;;;
"=""API""";"=""CONVENTIONAL""";"=""2026-05-01T14:05:00+03:00""";"=""OA_YTM""";"=""BAYRAMHACILI BARAJI ve HES""";"=""10933818988""";"=""2110""";"=""BAYRAMHACILI 154""";158;158,43;0,05;0,24;;;;;;;;
"=""API""";"=""CONVENTIONAL""";"=""2026-05-01T14:06:00+03:00""";"=""OA_YTM""";"=""BAYRAMHACILI BARAJI ve HES""";"=""10933818988""";"=""2110""";"=""BAYRAMHACILI 154""";158;158,43;0,05;0,24;;;;;;;;
"=""API""";"=""CONVENTIONAL""";"=""2026-05-01T14:07:00+03:00""";"=""OA_YTM""";"=""BAYRAMHACILI BARAJI ve HES""";"=""10933818988""";"=""2110""";"=""BAYRAMHACILI 154""";158;159,2;0,05;0,24;;;;;;;;
"=""API""";"=""CONVENTIONAL""";"=""2026-05-01T14:08:00+03:00""";"=""OA_YTM""";"=""BAYRAMHACILI BARAJI ve HES""";"=""10933818988""";"=""2110""";"=""BAYRAMHACILI 154""";158;159,2;0,05;0,24;;;;;;;;
"=""API""";"=""CONVENTIONAL""";"=""2026-05-01T14:09:00+03:00""";"=""OA_YTM""";"=""BAYRAMHACILI BARAJI ve HES""";"=""10933818988""";"=""2110""";"=""BAYRAMHACILI 154""";158;159,2;0,05;0,24;;;;;;;;
"=""API""";"=""CONVENTIONAL""";"=""2026-05-01T14:10:00+03:00""";"=""OA_YTM""";"=""BAYRAMHACILI BARAJI ve HES""";"=""10933818988""";"=""2110""";"=""BAYRAMHACILI 154""";158;159,2;0,05;0,24;;;;;;;;
"=""API""";"=""CONVENTIONAL""";"=""2026-05-01T14:11:00+03:00""";"=""OA_YTM""";"=""BAYRAMHACILI BARAJI ve HES""";"=""10933818988""";"=""2110""";"=""BAYRAMHACILI 154""";158;158,42;0,05;0,24;;;;;;;;
"=""API""";"=""CONVENTIONAL""";"=""2026-05-01T14:12:00+03:00""";"=""OA_YTM""";"=""BAYRAMHACILI BARAJI ve HES""";"=""10933818988""";"=""2110""";"=""BAYRAMHACILI 154""";158;158,42;0,05;0,24;;;;;;;;
"=""API""";"=""CONVENTIONAL""";"=""2026-05-01T14:13:00+03:00""";"=""OA_YTM""";"=""BAYRAMHACILI BARAJI ve HES""";"=""10933818988""";"=""2110""";"=""BAYRAMHACILI 154""";158;158,42;0,05;0,24;;;;;;;;
"=""API""";"=""CONVENTIONAL""";"=""2026-05-01T14:14:00+03:00""";"=""OA_YTM""";"=""BAYRAMHACILI BARAJI ve HES""";"=""10933818988""";"=""2110""";"=""BAYRAMHACILI 154""";158;157,66;0,05;0,24;;;;;;;;
"=""API""";"=""CONVENTIONAL""";"=""2026-05-01T14:15:00+03:00""";"=""OA_YTM""";"=""BAYRAMHACILI BARAJI ve HES""";"=""10933818988""";"=""2110""";"=""BAYRAMHACILI 154""";158;157,71;0,05;0,24;;;;;;;;
"=""API""";"=""CONVENTIONAL""";"=""2026-05-01T14:16:00+03:00""";"=""OA_YTM""";"=""BAYRAMHACILI BARAJI ve HES""";"=""10933818988""";"=""2110""";"=""BAYRAMHACILI 154""";158;157,71;0,05;0,24;;;;;;;;
"=""API""";"=""CONVENTIONAL""";"=""2026-05-01T14:17:00+03:00""";"=""OA_YTM""";"=""BAYRAMHACILI BARAJI ve HES""";"=""10933818988""";"=""2110""";"=""BAYRAMHACILI 154""";158;159,11;0,05;0,24;;;;;;;;
"=""API""";"=""CONVENTIONAL""";"=""2026-05-01T14:18:00+03:00""";"=""OA_YTM""";"=""BAYRAMHACILI BARAJI ve HES""";"=""10933818988""";"=""2110""";"=""BAYRAMHACILI 154""";158;159,11;0,05;0,24;;;;;;;;
"=""API""";"=""CONVENTIONAL""";"=""2026-05-01T14:19:00+03:00""";"=""OA_YTM""";"=""BAYRAMHACILI BARAJI ve HES""";"=""10933818988""";"=""2110""";"=""BAYRAMHACILI 154""";158;159,89;0,05;0,24;;;;;;;;
"=""API""";"=""CONVENTIONAL""";"=""2026-05-01T14:20:00+03:00""";"=""OA_YTM""";"=""BAYRAMHACILI BARAJI ve HES""";"=""10933818988""";"=""2110""";"=""BAYRAMHACILI 154""";158;159;0,05;0,24;;;;;;;;
"=""API""";"=""CONVENTIONAL""";"=""2026-05-01T14:21:00+03:00""";"=""OA_YTM""";"=""BAYRAMHACILI BARAJI ve HES""";"=""10933818988""";"=""2110""";"=""BAYRAMHACILI 154""";158;159;0,05;0,24;;;;;;;;
"=""API""";"=""CONVENTIONAL""";"=""2026-05-01T14:22:00+03:00""";"=""OA_YTM""";"=""BAYRAMHACILI BARAJI ve HES""";"=""10933818988""";"=""2110""";"=""BAYRAMHACILI 154""";158;159,88;0,05;0,24;;;;;;;;
"=""API""";"=""CONVENTIONAL""";"=""2026-05-01T14:23:00+03:00""";"=""OA_YTM""";"=""BAYRAMHACILI BARAJI ve HES""";"=""10933818988""";"=""2110""";"=""BAYRAMHACILI 154""";158;160,67;0,05;0,24;;;;;;;;
"=""API""";"=""CONVENTIONAL""";"=""2026-05-01T14:24:00+03:00""";"=""OA_YTM""";"=""BAYRAMHACILI BARAJI ve HES""";"=""10933818988""";"=""2110""";"=""BAYRAMHACILI 154""";158;159,83;0,05;0,24;;;;;;;;
"=""API""";"=""CONVENTIONAL""";"=""2026-05-01T14:25:00+03:00""";"=""OA_YTM""";"=""BAYRAMHACILI BARAJI ve HES""";"=""10933818988""";"=""2110""";"=""BAYRAMHACILI 154""";158;159,83;0,05;0,24;;;;;;;;
"=""API""";"=""CONVENTIONAL""";"=""2026-05-01T14:26:00+03:00""";"=""OA_YTM""";"=""BAYRAMHACILI BARAJI ve HES""";"=""10933818988""";"=""2110""";"=""BAYRAMHACILI 154""";158;159,83;0,05;0,24;;;;;;;;
"=""API""";"=""CONVENTIONAL""";"=""2026-05-01T14:27:00+03:00""";"=""OA_YTM""";"=""BAYRAMHACILI BARAJI ve HES""";"=""10933818988""";"=""2110""";"=""BAYRAMHACILI 154""";158;160,57;0,05;0,24;;;;;;;;
"=""API""";"=""CONVENTIONAL""";"=""2026-05-01T14:28:00+03:00""";"=""OA_YTM""";"=""BAYRAMHACILI BARAJI ve HES""";"=""10933818988""";"=""2110""";"=""BAYRAMHACILI 154""";158;160,57;0,05;0,24;;;;;;;;
"=""API""";"=""CONVENTIONAL""";"=""2026-05-01T14:29:00+03:00""";"=""OA_YTM""";"=""BAYRAMHACILI BARAJI ve HES""";"=""10933818988""";"=""2110""";"=""BAYRAMHACILI 154""";158;160,57;0,05;0,24;;;;;;;;
"=""API""";"=""CONVENTIONAL""";"=""2026-05-01T14:30:00+03:00""";"=""OA_YTM""";"=""BAYRAMHACILI BARAJI ve HES""";"=""10933818988""";"=""2110""";"=""BAYRAMHACILI 154""";158;159,76;0,05;0,24;;;;;;;;
"=""API""";"=""CONVENTIONAL""";"=""2026-05-01T14:31:00+03:00""";"=""OA_YTM""";"=""BAYRAMHACILI BARAJI ve HES""";"=""10933818988""";"=""2110""";"=""BAYRAMHACILI 154""";158;159,76;0,05;0,24;;;;;;;;
"=""API""";"=""CONVENTIONAL""";"=""2026-05-01T14:32:00+03:00""";"=""OA_YTM""";"=""BAYRAMHACILI BARAJI ve HES""";"=""10933818988""";"=""2110""";"=""BAYRAMHACILI 154""";158;159,76;0,05;0,24;;;;;;;;
"=""API""";"=""CONVENTIONAL""";"=""2026-05-01T14:33:00+03:00""";"=""OA_YTM""";"=""BAYRAMHACILI BARAJI ve HES""";"=""10933818988""";"=""2110""";"=""BAYRAMHACILI 154""";158;159,02;0,05;0,24;;;;;;;;
"=""API""";"=""CONVENTIONAL""";"=""2026-05-01T14:34:00+03:00""";"=""OA_YTM""";"=""BAYRAMHACILI BARAJI ve HES""";"=""10933818988""";"=""2110""";"=""BAYRAMHACILI 154""";158;159,02;0,05;0,24;;;;;;;;
"=""API""";"=""CONVENTIONAL""";"=""2026-05-01T14:35:00+03:00""";"=""OA_YTM""";"=""BAYRAMHACILI BARAJI ve HES""";"=""10933818988""";"=""2110""";"=""BAYRAMHACILI 154""";158;159,02;0,05;0,24;;;;;;;;
"=""API""";"=""CONVENTIONAL""";"=""2026-05-01T14:36:00+03:00""";"=""OA_YTM""";"=""BAYRAMHACILI BARAJI ve HES""";"=""10933818988""";"=""2110""";"=""BAYRAMHACILI 154""";158;158,26;0,05;0,24;;;;;;;;
"=""API""";"=""CONVENTIONAL""";"=""2026-05-01T14:37:00+03:00""";"=""OA_YTM""";"=""BAYRAMHACILI BARAJI ve HES""";"=""10933818988""";"=""2110""";"=""BAYRAMHACILI 154""";158;159,17;0,05;0,24;;;;;;;;
"=""API""";"=""CONVENTIONAL""";"=""2026-05-01T14:38:00+03:00""";"=""OA_YTM""";"=""BAYRAMHACILI BARAJI ve HES""";"=""10933818988""";"=""2110""";"=""BAYRAMHACILI 154""";158;158,41;0,05;0,24;;;;;;;;
"=""API""";"=""CONVENTIONAL""";"=""2026-05-01T14:39:00+03:00""";"=""OA_YTM""";"=""BAYRAMHACILI BARAJI ve HES""";"=""10933818988""";"=""2110""";"=""BAYRAMHACILI 154""";158;159,23;0,05;0,24;;;;;;;;
"=""API""";"=""CONVENTIONAL""";"=""2026-05-01T14:40:00+03:00""";"=""OA_YTM""";"=""BAYRAMHACILI BARAJI ve HES""";"=""10933818988""";"=""2110""";"=""BAYRAMHACILI 154""";158;160,01;0,05;0,24;;;;;;;;
"=""API""";"=""CONVENTIONAL""";"=""2026-05-01T14:41:00+03:00""";"=""OA_YTM""";"=""BAYRAMHACILI BARAJI ve HES""";"=""10933818988""";"=""2110""";"=""BAYRAMHACILI 154""";158;159,22;0,05;0,24;;;;;;;;
"=""API""";"=""CONVENTIONAL""";"=""2026-05-01T14:42:00+03:00""";"=""OA_YTM""";"=""BAYRAMHACILI BARAJI ve HES""";"=""10933818988""";"=""2110""";"=""BAYRAMHACILI 154""";158;158,28;0,05;0,24;;;;;;;;
"=""API""";"=""CONVENTIONAL""";"=""2026-05-01T14:43:00+03:00""";"=""OA_YTM""";"=""BAYRAMHACILI BARAJI ve HES""";"=""10933818988""";"=""2110""";"=""BAYRAMHACILI 154""";158;160,18;0,05;0,24;;;;;;;;
"=""API""";"=""CONVENTIONAL""";"=""2026-05-01T14:44:00+03:00""";"=""OA_YTM""";"=""BAYRAMHACILI BARAJI ve HES""";"=""10933818988""";"=""2110""";"=""BAYRAMHACILI 154""";158;160,94;0,05;0,24;;;;;;;;
"=""API""";"=""CONVENTIONAL""";"=""2026-05-01T14:45:00+03:00""";"=""OA_YTM""";"=""BAYRAMHACILI BARAJI ve HES""";"=""10933818988""";"=""2110""";"=""BAYRAMHACILI 154""";158;159,97;0,05;0,24;;;;;;;;
"=""API""";"=""CONVENTIONAL""";"=""2026-05-01T14:46:00+03:00""";"=""OA_YTM""";"=""BAYRAMHACILI BARAJI ve HES""";"=""10933818988""";"=""2110""";"=""BAYRAMHACILI 154""";158;159,97;0,05;0,24;;;;;;;;
"=""API""";"=""CONVENTIONAL""";"=""2026-05-01T14:47:00+03:00""";"=""OA_YTM""";"=""BAYRAMHACILI BARAJI ve HES""";"=""10933818988""";"=""2110""";"=""BAYRAMHACILI 154""";158;160,01;0,05;0,24;;;;;;;;
"=""API""";"=""CONVENTIONAL""";"=""2026-05-01T14:48:00+03:00""";"=""OA_YTM""";"=""BAYRAMHACILI BARAJI ve HES""";"=""10933818988""";"=""2110""";"=""BAYRAMHACILI 154""";158;160,01;0,05;0,24;;;;;;;;
"=""API""";"=""CONVENTIONAL""";"=""2026-05-01T14:49:00+03:00""";"=""OA_YTM""";"=""BAYRAMHACILI BARAJI ve HES""";"=""10933818988""";"=""2110""";"=""BAYRAMHACILI 154""";158;160,01;0,05;0,24;;;;;;;;
"=""API""";"=""CONVENTIONAL""";"=""2026-05-01T14:50:00+03:00""";"=""OA_YTM""";"=""BAYRAMHACILI BARAJI ve HES""";"=""10933818988""";"=""2110""";"=""BAYRAMHACILI 154""";158;160,01;0,05;0,24;;;;;;;;
"=""API""";"=""CONVENTIONAL""";"=""2026-05-01T14:51:00+03:00""";"=""OA_YTM""";"=""BAYRAMHACILI BARAJI ve HES""";"=""10933818988""";"=""2110""";"=""BAYRAMHACILI 154""";158;160,77;0,05;0,24;;;;;;;;
"=""API""";"=""CONVENTIONAL""";"=""2026-05-01T14:52:00+03:00""";"=""OA_YTM""";"=""BAYRAMHACILI BARAJI ve HES""";"=""10933818988""";"=""2110""";"=""BAYRAMHACILI 154""";158;159,91;0,05;0,24;;;;;;;;
"=""API""";"=""CONVENTIONAL""";"=""2026-05-01T14:53:00+03:00""";"=""OA_YTM""";"=""BAYRAMHACILI BARAJI ve HES""";"=""10933818988""";"=""2110""";"=""BAYRAMHACILI 154""";158;159,16;0,05;0,24;;;;;;;;
"=""API""";"=""CONVENTIONAL""";"=""2026-05-01T14:54:00+03:00""";"=""OA_YTM""";"=""BAYRAMHACILI BARAJI ve HES""";"=""10933818988""";"=""2110""";"=""BAYRAMHACILI 154""";158;159,09;0,05;0,24;;;;;;;;
"=""API""";"=""CONVENTIONAL""";"=""2026-05-01T14:55:00+03:00""";"=""OA_YTM""";"=""BAYRAMHACILI BARAJI ve HES""";"=""10933818988""";"=""2110""";"=""BAYRAMHACILI 154""";158;159,09;0,05;0,24;;;;;;;;
"=""API""";"=""CONVENTIONAL""";"=""2026-05-01T14:56:00+03:00""";"=""OA_YTM""";"=""BAYRAMHACILI BARAJI ve HES""";"=""10933818988""";"=""2110""";"=""BAYRAMHACILI 154""";158;158,29;0,05;0,24;;;;;;;;
"=""API""";"=""CONVENTIONAL""";"=""2026-05-01T14:57:00+03:00""";"=""OA_YTM""";"=""BAYRAMHACILI BARAJI ve HES""";"=""10933818988""";"=""2110""";"=""BAYRAMHACILI 154""";158;158,29;0,05;0,24;;;;;;;;
"=""API""";"=""CONVENTIONAL""";"=""2026-05-01T14:58:00+03:00""";"=""OA_YTM""";"=""BAYRAMHACILI BARAJI ve HES""";"=""10933818988""";"=""2110""";"=""BAYRAMHACILI 154""";158;158,29;0,05;0,24;;;;;;;;
"=""API""";"=""CONVENTIONAL""";"=""2026-05-01T14:59:00+03:00""";"=""OA_YTM""";"=""BAYRAMHACILI BARAJI ve HES""";"=""10933818988""";"=""2110""";"=""BAYRAMHACILI 154""";158;160,24;0,05;0,24;;;;;;;;
"=""API""";"=""CONVENTIONAL""";"=""2026-05-01T15:00:00+03:00""";"=""OA_YTM""";"=""BAYRAMHACILI BARAJI ve HES""";"=""10933818988""";"=""2110""";"=""BAYRAMHACILI 154""";158;160,24;0,05;0,24;;;;;;;;
"=""API""";"=""CONVENTIONAL""";"=""2026-05-01T15:01:00+03:00""";"=""OA_YTM""";"=""BAYRAMHACILI BARAJI ve HES""";"=""10933818988""";"=""2110""";"=""BAYRAMHACILI 154""";158;159,35;0,05;0,24;;;;;;;;
"=""API""";"=""CONVENTIONAL""";"=""2026-05-01T15:02:00+03:00""";"=""OA_YTM""";"=""BAYRAMHACILI BARAJI ve HES""";"=""10933818988""";"=""2110""";"=""BAYRAMHACILI 154""";158;160,11;0,05;0,24;;;;;;;;
"=""API""";"=""CONVENTIONAL""";"=""2026-05-01T15:03:00+03:00""";"=""OA_YTM""";"=""BAYRAMHACILI BARAJI ve HES""";"=""10933818988""";"=""2110""";"=""BAYRAMHACILI 154""";158;160,11;0,05;0,24;;;;;;;;
"=""API""";"=""CONVENTIONAL""";"=""2026-05-01T15:04:00+03:00""";"=""OA_YTM""";"=""BAYRAMHACILI BARAJI ve HES""";"=""10933818988""";"=""2110""";"=""BAYRAMHACILI 154""";158;160,11;0,05;0,24;;;;;;;;
"=""API""";"=""CONVENTIONAL""";"=""2026-05-01T15:05:00+03:00""";"=""OA_YTM""";"=""BAYRAMHACILI BARAJI ve HES""";"=""10933818988""";"=""2110""";"=""BAYRAMHACILI 154""";158;160,11;0,05;0,24;;;;;;;;
"=""API""";"=""CONVENTIONAL""";"=""2026-05-01T15:06:00+03:00""";"=""OA_YTM""";"=""BAYRAMHACILI BARAJI ve HES""";"=""10933818988""";"=""2110""";"=""BAYRAMHACILI 154""";158;160,11;0,05;0,24;;;;;;;;
"=""API""";"=""CONVENTIONAL""";"=""2026-05-01T15:07:00+03:00""";"=""OA_YTM""";"=""BAYRAMHACILI BARAJI ve HES""";"=""10933818988""";"=""2110""";"=""BAYRAMHACILI 154""";158;161,66;0,05;0,24;;;;;;;;
"=""API""";"=""CONVENTIONAL""";"=""2026-05-01T15:08:00+03:00""";"=""OA_YTM""";"=""BAYRAMHACILI BARAJI ve HES""";"=""10933818988""";"=""2110""";"=""BAYRAMHACILI 154""";158;160,88;0,05;0,24;;;;;;;;
"=""API""";"=""CONVENTIONAL""";"=""2026-05-01T15:09:00+03:00""";"=""OA_YTM""";"=""BAYRAMHACILI BARAJI ve HES""";"=""10933818988""";"=""2110""";"=""BAYRAMHACILI 154""";158;160,88;0,05;0,24;;;;;;;;
"=""API""";"=""CONVENTIONAL""";"=""2026-05-01T15:10:00+03:00""";"=""OA_YTM""";"=""BAYRAMHACILI BARAJI ve HES""";"=""10933818988""";"=""2110""";"=""BAYRAMHACILI 154""";158;161,65;0,05;0,24;;;;;;;;
"=""API""";"=""CONVENTIONAL""";"=""2026-05-01T15:11:00+03:00""";"=""OA_YTM""";"=""BAYRAMHACILI BARAJI ve HES""";"=""10933818988""";"=""2110""";"=""BAYRAMHACILI 154""";158;160,9;0,05;0,24;;;;;;;;
"=""API""";"=""CONVENTIONAL""";"=""2026-05-01T15:12:00+03:00""";"=""OA_YTM""";"=""BAYRAMHACILI BARAJI ve HES""";"=""10933818988""";"=""2110""";"=""BAYRAMHACILI 154""";158;160,9;0,05;0,24;;;;;;;;
"=""API""";"=""CONVENTIONAL""";"=""2026-05-01T15:13:00+03:00""";"=""OA_YTM""";"=""BAYRAMHACILI BARAJI ve HES""";"=""10933818988""";"=""2110""";"=""BAYRAMHACILI 154""";158;161,01;0,05;0,24;;;;;;;;
"=""API""";"=""CONVENTIONAL""";"=""2026-05-01T15:14:00+03:00""";"=""OA_YTM""";"=""BAYRAMHACILI BARAJI ve HES""";"=""10933818988""";"=""2110""";"=""BAYRAMHACILI 154""";158;161,01;0,05;0,24;;;;;;;;
"=""API""";"=""CONVENTIONAL""";"=""2026-05-01T15:15:00+03:00""";"=""OA_YTM""";"=""BAYRAMHACILI BARAJI ve HES""";"=""10933818988""";"=""2110""";"=""BAYRAMHACILI 154""";158;161,01;0,05;0,24;;;;;;;;
"=""API""";"=""CONVENTIONAL""";"=""2026-05-01T15:16:00+03:00""";"=""OA_YTM""";"=""BAYRAMHACILI BARAJI ve HES""";"=""10933818988""";"=""2110""";"=""BAYRAMHACILI 154""";158;161,03;0,05;0,24;;;;;;;;
"=""API""";"=""CONVENTIONAL""";"=""2026-05-01T15:17:00+03:00""";"=""OA_YTM""";"=""BAYRAMHACILI BARAJI ve HES""";"=""10933818988""";"=""2110""";"=""BAYRAMHACILI 154""";158;161,03;0,05;0,24;;;;;;;;
"=""API""";"=""CONVENTIONAL""";"=""2026-05-01T15:18:00+03:00""";"=""OA_YTM""";"=""BAYRAMHACILI BARAJI ve HES""";"=""10933818988""";"=""2110""";"=""BAYRAMHACILI 154""";158;160,31;0,05;0,24;;;;;;;;
"=""API""";"=""CONVENTIONAL""";"=""2026-05-01T15:19:00+03:00""";"=""OA_YTM""";"=""BAYRAMHACILI BARAJI ve HES""";"=""10933818988""";"=""2110""";"=""BAYRAMHACILI 154""";158;161,06;0,05;0,24;;;;;;;;
"=""API""";"=""CONVENTIONAL""";"=""2026-05-01T15:20:00+03:00""";"=""OA_YTM""";"=""BAYRAMHACILI BARAJI ve HES""";"=""10933818988""";"=""2110""";"=""BAYRAMHACILI 154""";158;161,06;0,05;0,24;;;;;;;;
"=""API""";"=""CONVENTIONAL""";"=""2026-05-01T15:21:00+03:00""";"=""OA_YTM""";"=""BAYRAMHACILI BARAJI ve HES""";"=""10933818988""";"=""2110""";"=""BAYRAMHACILI 154""";158;160,3;0,05;0,24;;;;;;;;
"=""API""";"=""CONVENTIONAL""";"=""2026-05-01T15:22:00+03:00""";"=""OA_YTM""";"=""BAYRAMHACILI BARAJI ve HES""";"=""10933818988""";"=""2110""";"=""BAYRAMHACILI 154""";158;160,3;0,05;0,24;;;;;;;;
"=""API""";"=""CONVENTIONAL""";"=""2026-05-01T15:23:00+03:00""";"=""OA_YTM""";"=""BAYRAMHACILI BARAJI ve HES""";"=""10933818988""";"=""2110""";"=""BAYRAMHACILI 154""";158;161,07;0,05;0,24;;;;;;;;
"=""API""";"=""CONVENTIONAL""";"=""2026-05-01T15:24:00+03:00""";"=""OA_YTM""";"=""BAYRAMHACILI BARAJI ve HES""";"=""10933818988""";"=""2110""";"=""BAYRAMHACILI 154""";158;161,07;0,05;0,24;;;;;;;;
"=""API""";"=""CONVENTIONAL""";"=""2026-05-01T15:25:00+03:00""";"=""OA_YTM""";"=""BAYRAMHACILI BARAJI ve HES""";"=""10933818988""";"=""2110""";"=""BAYRAMHACILI 154""";158;161,07;0,05;0,24;;;;;;;;
"=""API""";"=""CONVENTIONAL""";"=""2026-05-01T15:26:00+03:00""";"=""OA_YTM""";"=""BAYRAMHACILI BARAJI ve HES""";"=""10933818988""";"=""2110""";"=""BAYRAMHACILI 154""";158;161,07;0,05;0,24;;;;;;;;
"=""API""";"=""CONVENTIONAL""";"=""2026-05-01T15:27:00+03:00""";"=""OA_YTM""";"=""BAYRAMHACILI BARAJI ve HES""";"=""10933818988""";"=""2110""";"=""BAYRAMHACILI 154""";158;161,07;0,05;0,24;;;;;;;;
"=""API""";"=""CONVENTIONAL""";"=""2026-05-01T15:28:00+03:00""";"=""OA_YTM""";"=""BAYRAMHACILI BARAJI ve HES""";"=""10933818988""";"=""2110""";"=""BAYRAMHACILI 154""";158;161,07;0,05;0,24;;;;;;;;
"=""API""";"=""CONVENTIONAL""";"=""2026-05-01T15:29:00+03:00""";"=""OA_YTM""";"=""BAYRAMHACILI BARAJI ve HES""";"=""10933818988""";"=""2110""";"=""BAYRAMHACILI 154""";158;161,07;0,05;0,24;;;;;;;;
"=""API""";"=""CONVENTIONAL""";"=""2026-05-01T15:30:00+03:00""";"=""OA_YTM""";"=""BAYRAMHACILI BARAJI ve HES""";"=""10933818988""";"=""2110""";"=""BAYRAMHACILI 154""";158;161,07;0,05;0,24;;;;;;;;
"=""API""";"=""CONVENTIONAL""";"=""2026-05-01T15:31:00+03:00""";"=""OA_YTM""";"=""BAYRAMHACILI BARAJI ve HES""";"=""10933818988""";"=""2110""";"=""BAYRAMHACILI 154""";158;161,07;0,05;0,24;;;;;;;;
"=""API""";"=""CONVENTIONAL""";"=""2026-05-01T15:32:00+03:00""";"=""OA_YTM""";"=""BAYRAMHACILI BARAJI ve HES""";"=""10933818988""";"=""2110""";"=""BAYRAMHACILI 154""";158;161,07;0,05;0,24;;;;;;;;
"=""API""";"=""CONVENTIONAL""";"=""2026-05-01T15:33:00+03:00""";"=""OA_YTM""";"=""BAYRAMHACILI BARAJI ve HES""";"=""10933818988""";"=""2110""";"=""BAYRAMHACILI 154""";158;161,07;0,05;0,24;;;;;;;;
"=""API""";"=""CONVENTIONAL""";"=""2026-05-01T15:34:00+03:00""";"=""OA_YTM""";"=""BAYRAMHACILI BARAJI ve HES""";"=""10933818988""";"=""2110""";"=""BAYRAMHACILI 154""";158;161,07;0,05;0,24;;;;;;;;
"=""API""";"=""CONVENTIONAL""";"=""2026-05-01T15:35:00+03:00""";"=""OA_YTM""";"=""BAYRAMHACILI BARAJI ve HES""";"=""10933818988""";"=""2110""";"=""BAYRAMHACILI 154""";158;161,07;0,05;0,24;;;;;;;;
"=""API""";"=""CONVENTIONAL""";"=""2026-05-01T15:36:00+03:00""";"=""OA_YTM""";"=""BAYRAMHACILI BARAJI ve HES""";"=""10933818988""";"=""2110""";"=""BAYRAMHACILI 154""";158;161,07;0,05;0,24;;;;;;;;
"=""API""";"=""CONVENTIONAL""";"=""2026-05-01T15:37:00+03:00""";"=""OA_YTM""";"=""BAYRAMHACILI BARAJI ve HES""";"=""10933818988""";"=""2110""";"=""BAYRAMHACILI 154""";158;161,82;0,05;0,24;;;;;;;;
"=""API""";"=""CONVENTIONAL""";"=""2026-05-01T15:38:00+03:00""";"=""OA_YTM""";"=""BAYRAMHACILI BARAJI ve HES""";"=""10933818988""";"=""2110""";"=""BAYRAMHACILI 154""";158;161,82;0,05;0,24;;;;;;;;
"=""API""";"=""CONVENTIONAL""";"=""2026-05-01T15:39:00+03:00""";"=""OA_YTM""";"=""BAYRAMHACILI BARAJI ve HES""";"=""10933818988""";"=""2110""";"=""BAYRAMHACILI 154""";158;161,04;0,05;0,24;;;;;;;;
"=""API""";"=""CONVENTIONAL""";"=""2026-05-01T15:40:00+03:00""";"=""OA_YTM""";"=""BAYRAMHACILI BARAJI ve HES""";"=""10933818988""";"=""2110""";"=""BAYRAMHACILI 154""";158;161,04;0,05;0,24;;;;;;;;
"=""API""";"=""CONVENTIONAL""";"=""2026-05-01T15:41:00+03:00""";"=""OA_YTM""";"=""BAYRAMHACILI BARAJI ve HES""";"=""10933818988""";"=""2110""";"=""BAYRAMHACILI 154""";158;161,04;0,05;0,24;;;;;;;;
"=""API""";"=""CONVENTIONAL""";"=""2026-05-01T15:42:00+03:00""";"=""OA_YTM""";"=""BAYRAMHACILI BARAJI ve HES""";"=""10933818988""";"=""2110""";"=""BAYRAMHACILI 154""";158;161,04;0,05;0,24;;;;;;;;
"=""API""";"=""CONVENTIONAL""";"=""2026-05-01T15:43:00+03:00""";"=""OA_YTM""";"=""BAYRAMHACILI BARAJI ve HES""";"=""10933818988""";"=""2110""";"=""BAYRAMHACILI 154""";158;161,04;0,05;0,24;;;;;;;;
"=""API""";"=""CONVENTIONAL""";"=""2026-05-01T15:44:00+03:00""";"=""OA_YTM""";"=""BAYRAMHACILI BARAJI ve HES""";"=""10933818988""";"=""2110""";"=""BAYRAMHACILI 154""";158;161,04;0,05;0,24;;;;;;;;
"=""API""";"=""CONVENTIONAL""";"=""2026-05-01T15:45:00+03:00""";"=""OA_YTM""";"=""BAYRAMHACILI BARAJI ve HES""";"=""10933818988""";"=""2110""";"=""BAYRAMHACILI 154""";158;161,04;0,05;0,24;;;;;;;;
"=""API""";"=""CONVENTIONAL""";"=""2026-05-01T15:46:00+03:00""";"=""OA_YTM""";"=""BAYRAMHACILI BARAJI ve HES""";"=""10933818988""";"=""2110""";"=""BAYRAMHACILI 154""";158;160,29;0,05;0,24;;;;;;;;
"=""API""";"=""CONVENTIONAL""";"=""2026-05-01T15:47:00+03:00""";"=""OA_YTM""";"=""BAYRAMHACILI BARAJI ve HES""";"=""10933818988""";"=""2110""";"=""BAYRAMHACILI 154""";158;160,29;0,05;0,24;;;;;;;;
"=""API""";"=""CONVENTIONAL""";"=""2026-05-01T15:48:00+03:00""";"=""OA_YTM""";"=""BAYRAMHACILI BARAJI ve HES""";"=""10933818988""";"=""2110""";"=""BAYRAMHACILI 154""";158;160,29;0,05;0,24;;;;;;;;
"=""API""";"=""CONVENTIONAL""";"=""2026-05-01T15:49:00+03:00""";"=""OA_YTM""";"=""BAYRAMHACILI BARAJI ve HES""";"=""10933818988""";"=""2110""";"=""BAYRAMHACILI 154""";158;160,25;0,05;0,24;;;;;;;;
"=""API""";"=""CONVENTIONAL""";"=""2026-05-01T15:50:00+03:00""";"=""OA_YTM""";"=""BAYRAMHACILI BARAJI ve HES""";"=""10933818988""";"=""2110""";"=""BAYRAMHACILI 154""";158;161,02;0,05;0,24;;;;;;;;
"=""API""";"=""CONVENTIONAL""";"=""2026-05-01T15:51:00+03:00""";"=""OA_YTM""";"=""BAYRAMHACILI BARAJI ve HES""";"=""10933818988""";"=""2110""";"=""BAYRAMHACILI 154""";158;160,26;0,05;0,24;;;;;;;;
"=""API""";"=""CONVENTIONAL""";"=""2026-05-01T15:52:00+03:00""";"=""OA_YTM""";"=""BAYRAMHACILI BARAJI ve HES""";"=""10933818988""";"=""2110""";"=""BAYRAMHACILI 154""";158;161,09;0,05;0,24;;;;;;;;
"=""API""";"=""CONVENTIONAL""";"=""2026-05-01T15:53:00+03:00""";"=""OA_YTM""";"=""BAYRAMHACILI BARAJI ve HES""";"=""10933818988""";"=""2110""";"=""BAYRAMHACILI 154""";158;161,09;0,05;0,24;;;;;;;;
"=""API""";"=""CONVENTIONAL""";"=""2026-05-01T15:54:00+03:00""";"=""OA_YTM""";"=""BAYRAMHACILI BARAJI ve HES""";"=""10933818988""";"=""2110""";"=""BAYRAMHACILI 154""";158;161,09;0,05;0,24;;;;;;;;
"=""API""";"=""CONVENTIONAL""";"=""2026-05-01T15:55:00+03:00""";"=""OA_YTM""";"=""BAYRAMHACILI BARAJI ve HES""";"=""10933818988""";"=""2110""";"=""BAYRAMHACILI 154""";158;161,09;0,05;0,24;;;;;;;;
"=""API""";"=""CONVENTIONAL""";"=""2026-05-01T15:56:00+03:00""";"=""OA_YTM""";"=""BAYRAMHACILI BARAJI ve HES""";"=""10933818988""";"=""2110""";"=""BAYRAMHACILI 154""";158;161,09;0,05;0,24;;;;;;;;
"=""API""";"=""CONVENTIONAL""";"=""2026-05-01T15:57:00+03:00""";"=""OA_YTM""";"=""BAYRAMHACILI BARAJI ve HES""";"=""10933818988""";"=""2110""";"=""BAYRAMHACILI 154""";158;161,09;0,05;0,24;;;;;;;;
"=""API""";"=""CONVENTIONAL""";"=""2026-05-01T15:58:00+03:00""";"=""OA_YTM""";"=""BAYRAMHACILI BARAJI ve HES""";"=""10933818988""";"=""2110""";"=""BAYRAMHACILI 154""";158;161,09;0,05;0,24;;;;;;;;
"=""API""";"=""CONVENTIONAL""";"=""2026-05-01T15:59:00+03:00""";"=""OA_YTM""";"=""BAYRAMHACILI BARAJI ve HES""";"=""10933818988""";"=""2110""";"=""BAYRAMHACILI 154""";158;161,09;0,05;0,24;;;;;;;;
"=""API""";"=""CONVENTIONAL""";"=""2026-05-01T16:00:00+03:00""";"=""OA_YTM""";"=""BAYRAMHACILI BARAJI ve HES""";"=""10933818988""";"=""2110""";"=""BAYRAMHACILI 154""";158;161,09;0,05;0,24;;;;;;;;
"=""API""";"=""CONVENTIONAL""";"=""2026-05-01T16:01:00+03:00""";"=""OA_YTM""";"=""BAYRAMHACILI BARAJI ve HES""";"=""10933818988""";"=""2110""";"=""BAYRAMHACILI 154""";158;161,09;0,05;0,24;;;;;;;;
"=""API""";"=""CONVENTIONAL""";"=""2026-05-01T16:02:00+03:00""";"=""OA_YTM""";"=""BAYRAMHACILI BARAJI ve HES""";"=""10933818988""";"=""2110""";"=""BAYRAMHACILI 154""";158;161,09;0,05;0,24;;;;;;;;
"=""API""";"=""CONVENTIONAL""";"=""2026-05-01T16:03:00+03:00""";"=""OA_YTM""";"=""BAYRAMHACILI BARAJI ve HES""";"=""10933818988""";"=""2110""";"=""BAYRAMHACILI 154""";158;160,25;0,05;0,24;;;;;;;;
"=""API""";"=""CONVENTIONAL""";"=""2026-05-01T16:04:00+03:00""";"=""OA_YTM""";"=""BAYRAMHACILI BARAJI ve HES""";"=""10933818988""";"=""2110""";"=""BAYRAMHACILI 154""";158;160,25;0,05;0,24;;;;;;;;
"=""API""";"=""CONVENTIONAL""";"=""2026-05-01T16:05:00+03:00""";"=""OA_YTM""";"=""BAYRAMHACILI BARAJI ve HES""";"=""10933818988""";"=""2110""";"=""BAYRAMHACILI 154""";158;160,25;0,05;0,24;;;;;;;;
"=""API""";"=""CONVENTIONAL""";"=""2026-05-01T16:06:00+03:00""";"=""OA_YTM""";"=""BAYRAMHACILI BARAJI ve HES""";"=""10933818988""";"=""2110""";"=""BAYRAMHACILI 154""";158;160,25;0,05;0,24;;;;;;;;
"=""API""";"=""CONVENTIONAL""";"=""2026-05-01T16:07:00+03:00""";"=""OA_YTM""";"=""BAYRAMHACILI BARAJI ve HES""";"=""10933818988""";"=""2110""";"=""BAYRAMHACILI 154""";158;160,25;0,05;0,24;;;;;;;;
"=""API""";"=""CONVENTIONAL""";"=""2026-05-01T16:08:00+03:00""";"=""OA_YTM""";"=""BAYRAMHACILI BARAJI ve HES""";"=""10933818988""";"=""2110""";"=""BAYRAMHACILI 154""";158;160,25;0,05;0,24;;;;;;;;
"=""API""";"=""CONVENTIONAL""";"=""2026-05-01T16:09:00+03:00""";"=""OA_YTM""";"=""BAYRAMHACILI BARAJI ve HES""";"=""10933818988""";"=""2110""";"=""BAYRAMHACILI 154""";158;160,25;0,05;0,24;;;;;;;;
"=""API""";"=""CONVENTIONAL""";"=""2026-05-01T16:10:00+03:00""";"=""OA_YTM""";"=""BAYRAMHACILI BARAJI ve HES""";"=""10933818988""";"=""2110""";"=""BAYRAMHACILI 154""";158;160,23;0,05;0,24;;;;;;;;
"=""API""";"=""CONVENTIONAL""";"=""2026-05-01T16:11:00+03:00""";"=""OA_YTM""";"=""BAYRAMHACILI BARAJI ve HES""";"=""10933818988""";"=""2110""";"=""BAYRAMHACILI 154""";158;160,23;0,05;0,24;;;;;;;;
"=""API""";"=""CONVENTIONAL""";"=""2026-05-01T16:12:00+03:00""";"=""OA_YTM""";"=""BAYRAMHACILI BARAJI ve HES""";"=""10933818988""";"=""2110""";"=""BAYRAMHACILI 154""";158;160,31;0,05;0,24;;;;;;;;
"=""API""";"=""CONVENTIONAL""";"=""2026-05-01T16:13:00+03:00""";"=""OA_YTM""";"=""BAYRAMHACILI BARAJI ve HES""";"=""10933818988""";"=""2110""";"=""BAYRAMHACILI 154""";158;160,31;0,05;0,24;;;;;;;;
"=""API""";"=""CONVENTIONAL""";"=""2026-05-01T16:14:00+03:00""";"=""OA_YTM""";"=""BAYRAMHACILI BARAJI ve HES""";"=""10933818988""";"=""2110""";"=""BAYRAMHACILI 154""";158;160,31;0,05;0,24;;;;;;;;
"=""API""";"=""CONVENTIONAL""";"=""2026-05-01T16:15:00+03:00""";"=""OA_YTM""";"=""BAYRAMHACILI BARAJI ve HES""";"=""10933818988""";"=""2110""";"=""BAYRAMHACILI 154""";158;159,56;0,05;0,24;;;;;;;;
"=""API""";"=""CONVENTIONAL""";"=""2026-05-01T16:16:00+03:00""";"=""OA_YTM""";"=""BAYRAMHACILI BARAJI ve HES""";"=""10933818988""";"=""2110""";"=""BAYRAMHACILI 154""";158;160,38;0,05;0,24;;;;;;;;
"=""API""";"=""CONVENTIONAL""";"=""2026-05-01T16:17:00+03:00""";"=""OA_YTM""";"=""BAYRAMHACILI BARAJI ve HES""";"=""10933818988""";"=""2110""";"=""BAYRAMHACILI 154""";158;160,38;0,05;0,24;;;;;;;;
"=""API""";"=""CONVENTIONAL""";"=""2026-05-01T16:18:00+03:00""";"=""OA_YTM""";"=""BAYRAMHACILI BARAJI ve HES""";"=""10933818988""";"=""2110""";"=""BAYRAMHACILI 154""";158;160,38;0,05;0,24;;;;;;;;
"=""API""";"=""CONVENTIONAL""";"=""2026-05-01T16:19:00+03:00""";"=""OA_YTM""";"=""BAYRAMHACILI BARAJI ve HES""";"=""10933818988""";"=""2110""";"=""BAYRAMHACILI 154""";158;159,56;0,05;0,24;;;;;;;;
"=""API""";"=""CONVENTIONAL""";"=""2026-05-01T16:20:00+03:00""";"=""OA_YTM""";"=""BAYRAMHACILI BARAJI ve HES""";"=""10933818988""";"=""2110""";"=""BAYRAMHACILI 154""";158;158,77;0,05;0,24;;;;;;;;
"=""API""";"=""CONVENTIONAL""";"=""2026-05-01T16:21:00+03:00""";"=""OA_YTM""";"=""BAYRAMHACILI BARAJI ve HES""";"=""10933818988""";"=""2110""";"=""BAYRAMHACILI 154""";158;159,52;0,05;0,24;;;;;;;;
"=""API""";"=""CONVENTIONAL""";"=""2026-05-01T16:22:00+03:00""";"=""OA_YTM""";"=""BAYRAMHACILI BARAJI ve HES""";"=""10933818988""";"=""2110""";"=""BAYRAMHACILI 154""";158;160,54;0,05;0,24;;;;;;;;
"=""API""";"=""CONVENTIONAL""";"=""2026-05-01T16:23:00+03:00""";"=""OA_YTM""";"=""BAYRAMHACILI BARAJI ve HES""";"=""10933818988""";"=""2110""";"=""BAYRAMHACILI 154""";158;158,94;0,05;0,24;;;;;;;;
"=""API""";"=""CONVENTIONAL""";"=""2026-05-01T16:24:00+03:00""";"=""OA_YTM""";"=""BAYRAMHACILI BARAJI ve HES""";"=""10933818988""";"=""2110""";"=""BAYRAMHACILI 154""";158;158,94;0,05;0,24;;;;;;;;
"=""API""";"=""CONVENTIONAL""";"=""2026-05-01T16:25:00+03:00""";"=""OA_YTM""";"=""BAYRAMHACILI BARAJI ve HES""";"=""10933818988""";"=""2110""";"=""BAYRAMHACILI 154""";158;158,94;0,05;0,24;;;;;;;;
"=""API""";"=""CONVENTIONAL""";"=""2026-05-01T16:26:00+03:00""";"=""OA_YTM""";"=""BAYRAMHACILI BARAJI ve HES""";"=""10933818988""";"=""2110""";"=""BAYRAMHACILI 154""";158;158,94;0,05;0,24;;;;;;;;
"=""API""";"=""CONVENTIONAL""";"=""2026-05-01T16:27:00+03:00""";"=""OA_YTM""";"=""BAYRAMHACILI BARAJI ve HES""";"=""10933818988""";"=""2110""";"=""BAYRAMHACILI 154""";158;158,94;0,05;0,24;;;;;;;;
"=""API""";"=""CONVENTIONAL""";"=""2026-05-01T16:28:00+03:00""";"=""OA_YTM""";"=""BAYRAMHACILI BARAJI ve HES""";"=""10933818988""";"=""2110""";"=""BAYRAMHACILI 154""";158;158,94;0,05;0,24;;;;;;;;
"=""API""";"=""CONVENTIONAL""";"=""2026-05-01T16:29:00+03:00""";"=""OA_YTM""";"=""BAYRAMHACILI BARAJI ve HES""";"=""10933818988""";"=""2110""";"=""BAYRAMHACILI 154""";158;158,94;0,05;0,24;;;;;;;;
"=""API""";"=""CONVENTIONAL""";"=""2026-05-01T16:30:00+03:00""";"=""OA_YTM""";"=""BAYRAMHACILI BARAJI ve HES""";"=""10933818988""";"=""2110""";"=""BAYRAMHACILI 154""";158;159,73;0,05;0,24;;;;;;;;
"=""API""";"=""CONVENTIONAL""";"=""2026-05-01T16:31:00+03:00""";"=""OA_YTM""";"=""BAYRAMHACILI BARAJI ve HES""";"=""10933818988""";"=""2110""";"=""BAYRAMHACILI 154""";158;159,73;0,05;0,24;;;;;;;;
"=""API""";"=""CONVENTIONAL""";"=""2026-05-01T16:32:00+03:00""";"=""OA_YTM""";"=""BAYRAMHACILI BARAJI ve HES""";"=""10933818988""";"=""2110""";"=""BAYRAMHACILI 154""";158;159,73;0,05;0,24;;;;;;;;
"=""API""";"=""CONVENTIONAL""";"=""2026-05-01T16:33:00+03:00""";"=""OA_YTM""";"=""BAYRAMHACILI BARAJI ve HES""";"=""10933818988""";"=""2110""";"=""BAYRAMHACILI 154""";158;159,73;0,05;0,24;;;;;;;;
"=""API""";"=""CONVENTIONAL""";"=""2026-05-01T16:34:00+03:00""";"=""OA_YTM""";"=""BAYRAMHACILI BARAJI ve HES""";"=""10933818988""";"=""2110""";"=""BAYRAMHACILI 154""";158;158,99;0,05;0,24;;;;;;;;
"=""API""";"=""CONVENTIONAL""";"=""2026-05-01T16:35:00+03:00""";"=""OA_YTM""";"=""BAYRAMHACILI BARAJI ve HES""";"=""10933818988""";"=""2110""";"=""BAYRAMHACILI 154""";158;158,99;0,05;0,24;;;;;;;;
"=""API""";"=""CONVENTIONAL""";"=""2026-05-01T16:36:00+03:00""";"=""OA_YTM""";"=""BAYRAMHACILI BARAJI ve HES""";"=""10933818988""";"=""2110""";"=""BAYRAMHACILI 154""";158;159,74;0,05;0,24;;;;;;;;
"=""API""";"=""CONVENTIONAL""";"=""2026-05-01T16:37:00+03:00""";"=""OA_YTM""";"=""BAYRAMHACILI BARAJI ve HES""";"=""10933818988""";"=""2110""";"=""BAYRAMHACILI 154""";158;159,74;0,05;0,24;;;;;;;;
"=""API""";"=""CONVENTIONAL""";"=""2026-05-01T16:38:00+03:00""";"=""OA_YTM""";"=""BAYRAMHACILI BARAJI ve HES""";"=""10933818988""";"=""2110""";"=""BAYRAMHACILI 154""";158;159,74;0,05;0,24;;;;;;;;
"=""API""";"=""CONVENTIONAL""";"=""2026-05-01T16:39:00+03:00""";"=""OA_YTM""";"=""BAYRAMHACILI BARAJI ve HES""";"=""10933818988""";"=""2110""";"=""BAYRAMHACILI 154""";158;159,74;0,05;0,24;;;;;;;;
"=""API""";"=""CONVENTIONAL""";"=""2026-05-01T16:40:00+03:00""";"=""OA_YTM""";"=""BAYRAMHACILI BARAJI ve HES""";"=""10933818988""";"=""2110""";"=""BAYRAMHACILI 154""";158;159,74;0,05;0,24;;;;;;;;
"=""API""";"=""CONVENTIONAL""";"=""2026-05-01T16:41:00+03:00""";"=""OA_YTM""";"=""BAYRAMHACILI BARAJI ve HES""";"=""10933818988""";"=""2110""";"=""BAYRAMHACILI 154""";158;158,92;0,05;0,24;;;;;;;;
"=""API""";"=""CONVENTIONAL""";"=""2026-05-01T16:42:00+03:00""";"=""OA_YTM""";"=""BAYRAMHACILI BARAJI ve HES""";"=""10933818988""";"=""2110""";"=""BAYRAMHACILI 154""";158;158,92;0,05;0,24;;;;;;;;
"=""API""";"=""CONVENTIONAL""";"=""2026-05-01T16:43:00+03:00""";"=""OA_YTM""";"=""BAYRAMHACILI BARAJI ve HES""";"=""10933818988""";"=""2110""";"=""BAYRAMHACILI 154""";158;159,67;0,05;0,24;;;;;;;;
"=""API""";"=""CONVENTIONAL""";"=""2026-05-01T16:44:00+03:00""";"=""OA_YTM""";"=""BAYRAMHACILI BARAJI ve HES""";"=""10933818988""";"=""2110""";"=""BAYRAMHACILI 154""";158;159,67;0,05;0,24;;;;;;;;
"=""API""";"=""CONVENTIONAL""";"=""2026-05-01T16:45:00+03:00""";"=""OA_YTM""";"=""BAYRAMHACILI BARAJI ve HES""";"=""10933818988""";"=""2110""";"=""BAYRAMHACILI 154""";158;158,87;0,05;0,24;;;;;;;;
"=""API""";"=""CONVENTIONAL""";"=""2026-05-01T16:46:00+03:00""";"=""OA_YTM""";"=""BAYRAMHACILI BARAJI ve HES""";"=""10933818988""";"=""2110""";"=""BAYRAMHACILI 154""";158;159,7;0,05;0,24;;;;;;;;
"=""API""";"=""CONVENTIONAL""";"=""2026-05-01T16:47:00+03:00""";"=""OA_YTM""";"=""BAYRAMHACILI BARAJI ve HES""";"=""10933818988""";"=""2110""";"=""BAYRAMHACILI 154""";158;159,7;0,05;0,24;;;;;;;;
"=""API""";"=""CONVENTIONAL""";"=""2026-05-01T16:48:00+03:00""";"=""OA_YTM""";"=""BAYRAMHACILI BARAJI ve HES""";"=""10933818988""";"=""2110""";"=""BAYRAMHACILI 154""";158;158,95;0,05;0,24;;;;;;;;
"=""API""";"=""CONVENTIONAL""";"=""2026-05-01T16:49:00+03:00""";"=""OA_YTM""";"=""BAYRAMHACILI BARAJI ve HES""";"=""10933818988""";"=""2110""";"=""BAYRAMHACILI 154""";158;158,95;0,05;0,24;;;;;;;;
"=""API""";"=""CONVENTIONAL""";"=""2026-05-01T16:50:00+03:00""";"=""OA_YTM""";"=""BAYRAMHACILI BARAJI ve HES""";"=""10933818988""";"=""2110""";"=""BAYRAMHACILI 154""";158;158,5;0,05;0,24;;;;;;;;
"=""API""";"=""CONVENTIONAL""";"=""2026-05-01T16:51:00+03:00""";"=""OA_YTM""";"=""BAYRAMHACILI BARAJI ve HES""";"=""10933818988""";"=""2110""";"=""BAYRAMHACILI 154""";158;157,65;0,05;0,24;;;;;;;;
"=""API""";"=""CONVENTIONAL""";"=""2026-05-01T16:52:00+03:00""";"=""OA_YTM""";"=""BAYRAMHACILI BARAJI ve HES""";"=""10933818988""";"=""2110""";"=""BAYRAMHACILI 154""";158;158,6;0,05;0,24;;;;;;;;
"=""API""";"=""CONVENTIONAL""";"=""2026-05-01T16:53:00+03:00""";"=""OA_YTM""";"=""BAYRAMHACILI BARAJI ve HES""";"=""10933818988""";"=""2110""";"=""BAYRAMHACILI 154""";158;157,85;0,05;0,24;;;;;;;;
"=""API""";"=""CONVENTIONAL""";"=""2026-05-01T16:54:00+03:00""";"=""OA_YTM""";"=""BAYRAMHACILI BARAJI ve HES""";"=""10933818988""";"=""2110""";"=""BAYRAMHACILI 154""";158;158,59;0,05;0,24;;;;;;;;
"=""API""";"=""CONVENTIONAL""";"=""2026-05-01T16:55:00+03:00""";"=""OA_YTM""";"=""BAYRAMHACILI BARAJI ve HES""";"=""10933818988""";"=""2110""";"=""BAYRAMHACILI 154""";158;159,65;0,05;0,24;;;;;;;;
"=""API""";"=""CONVENTIONAL""";"=""2026-05-01T16:56:00+03:00""";"=""OA_YTM""";"=""BAYRAMHACILI BARAJI ve HES""";"=""10933818988""";"=""2110""";"=""BAYRAMHACILI 154""";158;159,64;0,05;0,24;;;;;;;;
"=""API""";"=""CONVENTIONAL""";"=""2026-05-01T16:57:00+03:00""";"=""OA_YTM""";"=""BAYRAMHACILI BARAJI ve HES""";"=""10933818988""";"=""2110""";"=""BAYRAMHACILI 154""";158;158,76;0,05;0,24;;;;;;;;
"=""API""";"=""CONVENTIONAL""";"=""2026-05-01T16:58:00+03:00""";"=""OA_YTM""";"=""BAYRAMHACILI BARAJI ve HES""";"=""10933818988""";"=""2110""";"=""BAYRAMHACILI 154""";158;157,7;0,05;0,24;;;;;;;;
"=""API""";"=""CONVENTIONAL""";"=""2026-05-01T16:59:00+03:00""";"=""OA_YTM""";"=""BAYRAMHACILI BARAJI ve HES""";"=""10933818988""";"=""2110""";"=""BAYRAMHACILI 154""";158;158,52;0,05;0,24;;;;;;;;
"=""API""";"=""CONVENTIONAL""";"=""2026-05-01T17:00:00+03:00""";"=""OA_YTM""";"=""BAYRAMHACILI BARAJI ve HES""";"=""10933818988""";"=""2110""";"=""BAYRAMHACILI 154""";158;159,44;0,05;0,24;;;;;;;;
"=""API""";"=""CONVENTIONAL""";"=""2026-05-01T17:01:00+03:00""";"=""OA_YTM""";"=""BAYRAMHACILI BARAJI ve HES""";"=""10933818988""";"=""2110""";"=""BAYRAMHACILI 154""";158;161,08;0,05;0,24;;;;;;;;
"=""API""";"=""CONVENTIONAL""";"=""2026-05-01T17:02:00+03:00""";"=""OA_YTM""";"=""BAYRAMHACILI BARAJI ve HES""";"=""10933818988""";"=""2110""";"=""BAYRAMHACILI 154""";158;160,32;0,05;0,24;;;;;;;;
"=""API""";"=""CONVENTIONAL""";"=""2026-05-01T17:03:00+03:00""";"=""OA_YTM""";"=""BAYRAMHACILI BARAJI ve HES""";"=""10933818988""";"=""2110""";"=""BAYRAMHACILI 154""";158;161,3;0,05;0,24;;;;;;;;
"=""API""";"=""CONVENTIONAL""";"=""2026-05-01T17:04:00+03:00""";"=""OA_YTM""";"=""BAYRAMHACILI BARAJI ve HES""";"=""10933818988""";"=""2110""";"=""BAYRAMHACILI 154""";158;161,24;0,05;0,24;;;;;;;;
"=""API""";"=""CONVENTIONAL""";"=""2026-05-01T17:05:00+03:00""";"=""OA_YTM""";"=""BAYRAMHACILI BARAJI ve HES""";"=""10933818988""";"=""2110""";"=""BAYRAMHACILI 154""";158;161,24;0,05;0,24;;;;;;;;
"=""API""";"=""CONVENTIONAL""";"=""2026-05-01T17:06:00+03:00""";"=""OA_YTM""";"=""BAYRAMHACILI BARAJI ve HES""";"=""10933818988""";"=""2110""";"=""BAYRAMHACILI 154""";158;161,24;0,05;0,24;;;;;;;;
"=""API""";"=""CONVENTIONAL""";"=""2026-05-01T17:07:00+03:00""";"=""OA_YTM""";"=""BAYRAMHACILI BARAJI ve HES""";"=""10933818988""";"=""2110""";"=""BAYRAMHACILI 154""";158;161,24;0,05;0,24;;;;;;;;
"=""API""";"=""CONVENTIONAL""";"=""2026-05-01T17:08:00+03:00""";"=""OA_YTM""";"=""BAYRAMHACILI BARAJI ve HES""";"=""10933818988""";"=""2110""";"=""BAYRAMHACILI 154""";158;161,24;0,05;0,24;;;;;;;;
"=""API""";"=""CONVENTIONAL""";"=""2026-05-01T17:09:00+03:00""";"=""OA_YTM""";"=""BAYRAMHACILI BARAJI ve HES""";"=""10933818988""";"=""2110""";"=""BAYRAMHACILI 154""";158;160,45;0,05;0,24;;;;;;;;
"=""API""";"=""CONVENTIONAL""";"=""2026-05-01T17:10:00+03:00""";"=""OA_YTM""";"=""BAYRAMHACILI BARAJI ve HES""";"=""10933818988""";"=""2110""";"=""BAYRAMHACILI 154""";158;161,22;0,05;0,24;;;;;;;;
"=""API""";"=""CONVENTIONAL""";"=""2026-05-01T17:11:00+03:00""";"=""OA_YTM""";"=""BAYRAMHACILI BARAJI ve HES""";"=""10933818988""";"=""2110""";"=""BAYRAMHACILI 154""";158;161,22;0,05;0,24;;;;;;;;
"=""API""";"=""CONVENTIONAL""";"=""2026-05-01T17:12:00+03:00""";"=""OA_YTM""";"=""BAYRAMHACILI BARAJI ve HES""";"=""10933818988""";"=""2110""";"=""BAYRAMHACILI 154""";158;161,22;0,05;0,24;;;;;;;;
"=""API""";"=""CONVENTIONAL""";"=""2026-05-01T17:13:00+03:00""";"=""OA_YTM""";"=""BAYRAMHACILI BARAJI ve HES""";"=""10933818988""";"=""2110""";"=""BAYRAMHACILI 154""";158;161,22;0,05;0,24;;;;;;;;
"=""API""";"=""CONVENTIONAL""";"=""2026-05-01T17:14:00+03:00""";"=""OA_YTM""";"=""BAYRAMHACILI BARAJI ve HES""";"=""10933818988""";"=""2110""";"=""BAYRAMHACILI 154""";158;160,46;0,05;0,24;;;;;;;;
"=""API""";"=""CONVENTIONAL""";"=""2026-05-01T17:15:00+03:00""";"=""OA_YTM""";"=""BAYRAMHACILI BARAJI ve HES""";"=""10933818988""";"=""2110""";"=""BAYRAMHACILI 154""";158;160,46;0,05;0,24;;;;;;;;
"=""API""";"=""CONVENTIONAL""";"=""2026-05-01T17:16:00+03:00""";"=""OA_YTM""";"=""BAYRAMHACILI BARAJI ve HES""";"=""10933818988""";"=""2110""";"=""BAYRAMHACILI 154""";158;161,3;0,05;0,24;;;;;;;;
"=""API""";"=""CONVENTIONAL""";"=""2026-05-01T17:17:00+03:00""";"=""OA_YTM""";"=""BAYRAMHACILI BARAJI ve HES""";"=""10933818988""";"=""2110""";"=""BAYRAMHACILI 154""";158;161,3;0,05;0,24;;;;;;;;
"=""API""";"=""CONVENTIONAL""";"=""2026-05-01T17:18:00+03:00""";"=""OA_YTM""";"=""BAYRAMHACILI BARAJI ve HES""";"=""10933818988""";"=""2110""";"=""BAYRAMHACILI 154""";158;161,3;0,05;0,24;;;;;;;;
"=""API""";"=""CONVENTIONAL""";"=""2026-05-01T17:19:00+03:00""";"=""OA_YTM""";"=""BAYRAMHACILI BARAJI ve HES""";"=""10933818988""";"=""2110""";"=""BAYRAMHACILI 154""";158;162,1;0,05;0,24;;;;;;;;
"=""API""";"=""CONVENTIONAL""";"=""2026-05-01T17:20:00+03:00""";"=""OA_YTM""";"=""BAYRAMHACILI BARAJI ve HES""";"=""10933818988""";"=""2110""";"=""BAYRAMHACILI 154""";158;161,32;0,05;0,24;;;;;;;;
"=""API""";"=""CONVENTIONAL""";"=""2026-05-01T17:21:00+03:00""";"=""OA_YTM""";"=""BAYRAMHACILI BARAJI ve HES""";"=""10933818988""";"=""2110""";"=""BAYRAMHACILI 154""";158;161,32;0,05;0,24;;;;;;;;
"=""API""";"=""CONVENTIONAL""";"=""2026-05-01T17:22:00+03:00""";"=""OA_YTM""";"=""BAYRAMHACILI BARAJI ve HES""";"=""10933818988""";"=""2110""";"=""BAYRAMHACILI 154""";158;160,55;0,05;0,24;;;;;;;;
"=""API""";"=""CONVENTIONAL""";"=""2026-05-01T17:23:00+03:00""";"=""OA_YTM""";"=""BAYRAMHACILI BARAJI ve HES""";"=""10933818988""";"=""2110""";"=""BAYRAMHACILI 154""";158;160,55;0,05;0,24;;;;;;;;
"=""API""";"=""CONVENTIONAL""";"=""2026-05-01T17:24:00+03:00""";"=""OA_YTM""";"=""BAYRAMHACILI BARAJI ve HES""";"=""10933818988""";"=""2110""";"=""BAYRAMHACILI 154""";158;160,55;0,05;0,24;;;;;;;;
"=""API""";"=""CONVENTIONAL""";"=""2026-05-01T17:25:00+03:00""";"=""OA_YTM""";"=""BAYRAMHACILI BARAJI ve HES""";"=""10933818988""";"=""2110""";"=""BAYRAMHACILI 154""";158;160,55;0,05;0,24;;;;;;;;
"=""API""";"=""CONVENTIONAL""";"=""2026-05-01T17:26:00+03:00""";"=""OA_YTM""";"=""BAYRAMHACILI BARAJI ve HES""";"=""10933818988""";"=""2110""";"=""BAYRAMHACILI 154""";158;160,55;0,05;0,24;;;;;;;;
"=""API""";"=""CONVENTIONAL""";"=""2026-05-01T17:27:00+03:00""";"=""OA_YTM""";"=""BAYRAMHACILI BARAJI ve HES""";"=""10933818988""";"=""2110""";"=""BAYRAMHACILI 154""";158;160,55;0,05;0,24;;;;;;;;
"=""API""";"=""CONVENTIONAL""";"=""2026-05-01T17:28:00+03:00""";"=""OA_YTM""";"=""BAYRAMHACILI BARAJI ve HES""";"=""10933818988""";"=""2110""";"=""BAYRAMHACILI 154""";158;160,55;0,05;0,24;;;;;;;;
"=""API""";"=""CONVENTIONAL""";"=""2026-05-01T17:29:00+03:00""";"=""OA_YTM""";"=""BAYRAMHACILI BARAJI ve HES""";"=""10933818988""";"=""2110""";"=""BAYRAMHACILI 154""";158;159,78;0,05;0,24;;;;;;;;
"=""API""";"=""CONVENTIONAL""";"=""2026-05-01T17:30:00+03:00""";"=""OA_YTM""";"=""BAYRAMHACILI BARAJI ve HES""";"=""10933818988""";"=""2110""";"=""BAYRAMHACILI 154""";158;161,33;0,05;0,24;;;;;;;;
"=""API""";"=""CONVENTIONAL""";"=""2026-05-01T17:31:00+03:00""";"=""OA_YTM""";"=""BAYRAMHACILI BARAJI ve HES""";"=""10933818988""";"=""2110""";"=""BAYRAMHACILI 154""";158;161,33;0,05;0,24;;;;;;;;
"=""API""";"=""CONVENTIONAL""";"=""2026-05-01T17:32:00+03:00""";"=""OA_YTM""";"=""BAYRAMHACILI BARAJI ve HES""";"=""10933818988""";"=""2110""";"=""BAYRAMHACILI 154""";158;162,18;0,05;0,24;;;;;;;;
"=""API""";"=""CONVENTIONAL""";"=""2026-05-01T17:33:00+03:00""";"=""OA_YTM""";"=""BAYRAMHACILI BARAJI ve HES""";"=""10933818988""";"=""2110""";"=""BAYRAMHACILI 154""";158;161,44;0,05;0,24;;;;;;;;
"=""API""";"=""CONVENTIONAL""";"=""2026-05-01T17:34:00+03:00""";"=""OA_YTM""";"=""BAYRAMHACILI BARAJI ve HES""";"=""10933818988""";"=""2110""";"=""BAYRAMHACILI 154""";158;161,44;0,05;0,24;;;;;;;;
"=""API""";"=""CONVENTIONAL""";"=""2026-05-01T17:35:00+03:00""";"=""OA_YTM""";"=""BAYRAMHACILI BARAJI ve HES""";"=""10933818988""";"=""2110""";"=""BAYRAMHACILI 154""";158;161,44;0,05;0,24;;;;;;;;
"=""API""";"=""CONVENTIONAL""";"=""2026-05-01T17:36:00+03:00""";"=""OA_YTM""";"=""BAYRAMHACILI BARAJI ve HES""";"=""10933818988""";"=""2110""";"=""BAYRAMHACILI 154""";158;161,44;0,05;0,24;;;;;;;;
"=""API""";"=""CONVENTIONAL""";"=""2026-05-01T17:37:00+03:00""";"=""OA_YTM""";"=""BAYRAMHACILI BARAJI ve HES""";"=""10933818988""";"=""2110""";"=""BAYRAMHACILI 154""";158;161,44;0,05;0,24;;;;;;;;
"=""API""";"=""CONVENTIONAL""";"=""2026-05-01T17:38:00+03:00""";"=""OA_YTM""";"=""BAYRAMHACILI BARAJI ve HES""";"=""10933818988""";"=""2110""";"=""BAYRAMHACILI 154""";158;161,44;0,05;0,24;;;;;;;;
"=""API""";"=""CONVENTIONAL""";"=""2026-05-01T17:39:00+03:00""";"=""OA_YTM""";"=""BAYRAMHACILI BARAJI ve HES""";"=""10933818988""";"=""2110""";"=""BAYRAMHACILI 154""";158;160,7;0,05;0,24;;;;;;;;
"=""API""";"=""CONVENTIONAL""";"=""2026-05-01T17:40:00+03:00""";"=""OA_YTM""";"=""BAYRAMHACILI BARAJI ve HES""";"=""10933818988""";"=""2110""";"=""BAYRAMHACILI 154""";158;160,7;0,05;0,24;;;;;;;;
"=""API""";"=""CONVENTIONAL""";"=""2026-05-01T17:41:00+03:00""";"=""OA_YTM""";"=""BAYRAMHACILI BARAJI ve HES""";"=""10933818988""";"=""2110""";"=""BAYRAMHACILI 154""";158;159,89;0,05;0,24;;;;;;;;
"=""API""";"=""CONVENTIONAL""";"=""2026-05-01T17:42:00+03:00""";"=""OA_YTM""";"=""BAYRAMHACILI BARAJI ve HES""";"=""10933818988""";"=""2110""";"=""BAYRAMHACILI 154""";158;159,89;0,05;0,24;;;;;;;;
"=""API""";"=""CONVENTIONAL""";"=""2026-05-01T17:43:00+03:00""";"=""OA_YTM""";"=""BAYRAMHACILI BARAJI ve HES""";"=""10933818988""";"=""2110""";"=""BAYRAMHACILI 154""";158;160,66;0,05;0,24;;;;;;;;
"=""API""";"=""CONVENTIONAL""";"=""2026-05-01T17:44:00+03:00""";"=""OA_YTM""";"=""BAYRAMHACILI BARAJI ve HES""";"=""10933818988""";"=""2110""";"=""BAYRAMHACILI 154""";158;160,66;0,05;0,24;;;;;;;;
"=""API""";"=""CONVENTIONAL""";"=""2026-05-01T17:45:00+03:00""";"=""OA_YTM""";"=""BAYRAMHACILI BARAJI ve HES""";"=""10933818988""";"=""2110""";"=""BAYRAMHACILI 154""";158;160,66;0,05;0,24;;;;;;;;
"=""API""";"=""CONVENTIONAL""";"=""2026-05-01T17:46:00+03:00""";"=""OA_YTM""";"=""BAYRAMHACILI BARAJI ve HES""";"=""10933818988""";"=""2110""";"=""BAYRAMHACILI 154""";158;160,66;0,05;0,24;;;;;;;;
"=""API""";"=""CONVENTIONAL""";"=""2026-05-01T17:47:00+03:00""";"=""OA_YTM""";"=""BAYRAMHACILI BARAJI ve HES""";"=""10933818988""";"=""2110""";"=""BAYRAMHACILI 154""";158;160,66;0,05;0,24;;;;;;;;
"=""API""";"=""CONVENTIONAL""";"=""2026-05-01T17:48:00+03:00""";"=""OA_YTM""";"=""BAYRAMHACILI BARAJI ve HES""";"=""10933818988""";"=""2110""";"=""BAYRAMHACILI 154""";158;160,66;0,05;0,24;;;;;;;;
"=""API""";"=""CONVENTIONAL""";"=""2026-05-01T17:49:00+03:00""";"=""OA_YTM""";"=""BAYRAMHACILI BARAJI ve HES""";"=""10933818988""";"=""2110""";"=""BAYRAMHACILI 154""";158;160,66;0,05;0,24;;;;;;;;
"=""API""";"=""CONVENTIONAL""";"=""2026-05-01T17:50:00+03:00""";"=""OA_YTM""";"=""BAYRAMHACILI BARAJI ve HES""";"=""10933818988""";"=""2110""";"=""BAYRAMHACILI 154""";158;160,66;0,05;0,24;;;;;;;;
"=""API""";"=""CONVENTIONAL""";"=""2026-05-01T17:51:00+03:00""";"=""OA_YTM""";"=""BAYRAMHACILI BARAJI ve HES""";"=""10933818988""";"=""2110""";"=""BAYRAMHACILI 154""";158;160,66;0,05;0,24;;;;;;;;
"=""API""";"=""CONVENTIONAL""";"=""2026-05-01T17:52:00+03:00""";"=""OA_YTM""";"=""BAYRAMHACILI BARAJI ve HES""";"=""10933818988""";"=""2110""";"=""BAYRAMHACILI 154""";158;161,42;0,05;0,24;;;;;;;;
"=""API""";"=""CONVENTIONAL""";"=""2026-05-01T17:53:00+03:00""";"=""OA_YTM""";"=""BAYRAMHACILI BARAJI ve HES""";"=""10933818988""";"=""2110""";"=""BAYRAMHACILI 154""";158;161,42;0,05;0,24;;;;;;;;
"=""API""";"=""CONVENTIONAL""";"=""2026-05-01T17:54:00+03:00""";"=""OA_YTM""";"=""BAYRAMHACILI BARAJI ve HES""";"=""10933818988""";"=""2110""";"=""BAYRAMHACILI 154""";158;161,42;0,05;0,24;;;;;;;;
"=""API""";"=""CONVENTIONAL""";"=""2026-05-01T17:55:00+03:00""";"=""OA_YTM""";"=""BAYRAMHACILI BARAJI ve HES""";"=""10933818988""";"=""2110""";"=""BAYRAMHACILI 154""";158;161,42;0,05;0,24;;;;;;;;
"=""API""";"=""CONVENTIONAL""";"=""2026-05-01T17:56:00+03:00""";"=""OA_YTM""";"=""BAYRAMHACILI BARAJI ve HES""";"=""10933818988""";"=""2110""";"=""BAYRAMHACILI 154""";158;161,42;0,05;0,24;;;;;;;;
"=""API""";"=""CONVENTIONAL""";"=""2026-05-01T17:57:00+03:00""";"=""OA_YTM""";"=""BAYRAMHACILI BARAJI ve HES""";"=""10933818988""";"=""2110""";"=""BAYRAMHACILI 154""";158;161,42;0,05;0,24;;;;;;;;
"=""API""";"=""CONVENTIONAL""";"=""2026-05-01T17:58:00+03:00""";"=""OA_YTM""";"=""BAYRAMHACILI BARAJI ve HES""";"=""10933818988""";"=""2110""";"=""BAYRAMHACILI 154""";158;161,42;0,05;0,24;;;;;;;;
"=""API""";"=""CONVENTIONAL""";"=""2026-05-01T17:59:00+03:00""";"=""OA_YTM""";"=""BAYRAMHACILI BARAJI ve HES""";"=""10933818988""";"=""2110""";"=""BAYRAMHACILI 154""";158;160,46;0,05;0,24;;;;;;;;
"=""API""";"=""CONVENTIONAL""";"=""2026-05-01T18:00:00+03:00""";"=""OA_YTM""";"=""BAYRAMHACILI BARAJI ve HES""";"=""10933818988""";"=""2110""";"=""BAYRAMHACILI 154""";158;160,44;0,05;0,24;;;;;;;;
"=""API""";"=""CONVENTIONAL""";"=""2026-05-01T18:01:00+03:00""";"=""OA_YTM""";"=""BAYRAMHACILI BARAJI ve HES""";"=""10933818988""";"=""2110""";"=""BAYRAMHACILI 154""";158;160,44;0,05;0,24;;;;;;;;
"=""API""";"=""CONVENTIONAL""";"=""2026-05-01T18:02:00+03:00""";"=""OA_YTM""";"=""BAYRAMHACILI BARAJI ve HES""";"=""10933818988""";"=""2110""";"=""BAYRAMHACILI 154""";158;161,32;0,05;0,24;;;;;;;;
"=""API""";"=""CONVENTIONAL""";"=""2026-05-01T18:03:00+03:00""";"=""OA_YTM""";"=""BAYRAMHACILI BARAJI ve HES""";"=""10933818988""";"=""2110""";"=""BAYRAMHACILI 154""";158;162,07;0,05;0,24;;;;;;;;
"=""API""";"=""CONVENTIONAL""";"=""2026-05-01T18:04:00+03:00""";"=""OA_YTM""";"=""BAYRAMHACILI BARAJI ve HES""";"=""10933818988""";"=""2110""";"=""BAYRAMHACILI 154""";158;162,07;0,05;0,24;;;;;;;;
"=""API""";"=""CONVENTIONAL""";"=""2026-05-01T18:05:00+03:00""";"=""OA_YTM""";"=""BAYRAMHACILI BARAJI ve HES""";"=""10933818988""";"=""2110""";"=""BAYRAMHACILI 154""";158;162,07;0,05;0,24;;;;;;;;
"=""API""";"=""CONVENTIONAL""";"=""2026-05-01T18:06:00+03:00""";"=""OA_YTM""";"=""BAYRAMHACILI BARAJI ve HES""";"=""10933818988""";"=""2110""";"=""BAYRAMHACILI 154""";158;161,06;0,05;0,24;;;;;;;;
"=""API""";"=""CONVENTIONAL""";"=""2026-05-01T18:07:00+03:00""";"=""OA_YTM""";"=""BAYRAMHACILI BARAJI ve HES""";"=""10933818988""";"=""2110""";"=""BAYRAMHACILI 154""";158;161,06;0,05;0,24;;;;;;;;
"=""API""";"=""CONVENTIONAL""";"=""2026-05-01T18:08:00+03:00""";"=""OA_YTM""";"=""BAYRAMHACILI BARAJI ve HES""";"=""10933818988""";"=""2110""";"=""BAYRAMHACILI 154""";158;161,06;0,05;0,24;;;;;;;;
"=""API""";"=""CONVENTIONAL""";"=""2026-05-01T18:09:00+03:00""";"=""OA_YTM""";"=""BAYRAMHACILI BARAJI ve HES""";"=""10933818988""";"=""2110""";"=""BAYRAMHACILI 154""";158;161,06;0,05;0,24;;;;;;;;
"=""API""";"=""CONVENTIONAL""";"=""2026-05-01T18:10:00+03:00""";"=""OA_YTM""";"=""BAYRAMHACILI BARAJI ve HES""";"=""10933818988""";"=""2110""";"=""BAYRAMHACILI 154""";158;160,28;0,05;0,24;;;;;;;;
"=""API""";"=""CONVENTIONAL""";"=""2026-05-01T18:11:00+03:00""";"=""OA_YTM""";"=""BAYRAMHACILI BARAJI ve HES""";"=""10933818988""";"=""2110""";"=""BAYRAMHACILI 154""";158;160,28;0,05;0,24;;;;;;;;
"=""API""";"=""CONVENTIONAL""";"=""2026-05-01T18:12:00+03:00""";"=""OA_YTM""";"=""BAYRAMHACILI BARAJI ve HES""";"=""10933818988""";"=""2110""";"=""BAYRAMHACILI 154""";158;160,28;0,05;0,24;;;;;;;;
"=""API""";"=""CONVENTIONAL""";"=""2026-05-01T18:13:00+03:00""";"=""OA_YTM""";"=""BAYRAMHACILI BARAJI ve HES""";"=""10933818988""";"=""2110""";"=""BAYRAMHACILI 154""";158;160,28;0,05;0,24;;;;;;;;
"=""API""";"=""CONVENTIONAL""";"=""2026-05-01T18:14:00+03:00""";"=""OA_YTM""";"=""BAYRAMHACILI BARAJI ve HES""";"=""10933818988""";"=""2110""";"=""BAYRAMHACILI 154""";158;160,28;0,05;0,24;;;;;;;;
"=""API""";"=""CONVENTIONAL""";"=""2026-05-01T18:15:00+03:00""";"=""OA_YTM""";"=""BAYRAMHACILI BARAJI ve HES""";"=""10933818988""";"=""2110""";"=""BAYRAMHACILI 154""";158;160,28;0,05;0,24;;;;;;;;
"=""API""";"=""CONVENTIONAL""";"=""2026-05-01T18:16:00+03:00""";"=""OA_YTM""";"=""BAYRAMHACILI BARAJI ve HES""";"=""10933818988""";"=""2110""";"=""BAYRAMHACILI 154""";158;160,28;0,05;0,24;;;;;;;;
"=""API""";"=""CONVENTIONAL""";"=""2026-05-01T18:17:00+03:00""";"=""OA_YTM""";"=""BAYRAMHACILI BARAJI ve HES""";"=""10933818988""";"=""2110""";"=""BAYRAMHACILI 154""";158;160,28;0,05;0,24;;;;;;;;
"=""API""";"=""CONVENTIONAL""";"=""2026-05-01T18:18:00+03:00""";"=""OA_YTM""";"=""BAYRAMHACILI BARAJI ve HES""";"=""10933818988""";"=""2110""";"=""BAYRAMHACILI 154""";158;160,28;0,05;0,24;;;;;;;;
"=""API""";"=""CONVENTIONAL""";"=""2026-05-01T18:19:00+03:00""";"=""OA_YTM""";"=""BAYRAMHACILI BARAJI ve HES""";"=""10933818988""";"=""2110""";"=""BAYRAMHACILI 154""";158;160,28;0,05;0,24;;;;;;;;
"=""API""";"=""CONVENTIONAL""";"=""2026-05-01T18:20:00+03:00""";"=""OA_YTM""";"=""BAYRAMHACILI BARAJI ve HES""";"=""10933818988""";"=""2110""";"=""BAYRAMHACILI 154""";158;159,51;0,05;0,24;;;;;;;;
"=""API""";"=""CONVENTIONAL""";"=""2026-05-01T18:21:00+03:00""";"=""OA_YTM""";"=""BAYRAMHACILI BARAJI ve HES""";"=""10933818988""";"=""2110""";"=""BAYRAMHACILI 154""";158;159,51;0,05;0,24;;;;;;;;
"=""API""";"=""CONVENTIONAL""";"=""2026-05-01T18:22:00+03:00""";"=""OA_YTM""";"=""BAYRAMHACILI BARAJI ve HES""";"=""10933818988""";"=""2110""";"=""BAYRAMHACILI 154""";158;160,29;0,05;0,24;;;;;;;;
"=""API""";"=""CONVENTIONAL""";"=""2026-05-01T18:23:00+03:00""";"=""OA_YTM""";"=""BAYRAMHACILI BARAJI ve HES""";"=""10933818988""";"=""2110""";"=""BAYRAMHACILI 154""";158;160,29;0,05;0,24;;;;;;;;
"=""API""";"=""CONVENTIONAL""";"=""2026-05-01T18:24:00+03:00""";"=""OA_YTM""";"=""BAYRAMHACILI BARAJI ve HES""";"=""10933818988""";"=""2110""";"=""BAYRAMHACILI 154""";158;160,29;0,05;0,24;;;;;;;;
"=""API""";"=""CONVENTIONAL""";"=""2026-05-01T18:25:00+03:00""";"=""OA_YTM""";"=""BAYRAMHACILI BARAJI ve HES""";"=""10933818988""";"=""2110""";"=""BAYRAMHACILI 154""";158;160,29;0,05;0,24;;;;;;;;
"=""API""";"=""CONVENTIONAL""";"=""2026-05-01T18:26:00+03:00""";"=""OA_YTM""";"=""BAYRAMHACILI BARAJI ve HES""";"=""10933818988""";"=""2110""";"=""BAYRAMHACILI 154""";158;159,51;0,05;0,24;;;;;;;;
"=""API""";"=""CONVENTIONAL""";"=""2026-05-01T18:27:00+03:00""";"=""OA_YTM""";"=""BAYRAMHACILI BARAJI ve HES""";"=""10933818988""";"=""2110""";"=""BAYRAMHACILI 154""";158;159,51;0,05;0,24;;;;;;;;
"=""API""";"=""CONVENTIONAL""";"=""2026-05-01T18:28:00+03:00""";"=""OA_YTM""";"=""BAYRAMHACILI BARAJI ve HES""";"=""10933818988""";"=""2110""";"=""BAYRAMHACILI 154""";158;160,26;0,05;0,24;;;;;;;;
"=""API""";"=""CONVENTIONAL""";"=""2026-05-01T18:29:00+03:00""";"=""OA_YTM""";"=""BAYRAMHACILI BARAJI ve HES""";"=""10933818988""";"=""2110""";"=""BAYRAMHACILI 154""";158;159,5;0,05;0,24;;;;;;;;
"=""API""";"=""CONVENTIONAL""";"=""2026-05-01T18:30:00+03:00""";"=""OA_YTM""";"=""BAYRAMHACILI BARAJI ve HES""";"=""10933818988""";"=""2110""";"=""BAYRAMHACILI 154""";158;159,5;0,05;0,24;;;;;;;;
"=""API""";"=""CONVENTIONAL""";"=""2026-05-01T18:31:00+03:00""";"=""OA_YTM""";"=""BAYRAMHACILI BARAJI ve HES""";"=""10933818988""";"=""2110""";"=""BAYRAMHACILI 154""";158;160,24;0,05;0,24;;;;;;;;
"=""API""";"=""CONVENTIONAL""";"=""2026-05-01T18:32:00+03:00""";"=""OA_YTM""";"=""BAYRAMHACILI BARAJI ve HES""";"=""10933818988""";"=""2110""";"=""BAYRAMHACILI 154""";158;160,24;0,05;0,24;;;;;;;;
"=""API""";"=""CONVENTIONAL""";"=""2026-05-01T18:33:00+03:00""";"=""OA_YTM""";"=""BAYRAMHACILI BARAJI ve HES""";"=""10933818988""";"=""2110""";"=""BAYRAMHACILI 154""";158;160,24;0,05;0,24;;;;;;;;
"=""API""";"=""CONVENTIONAL""";"=""2026-05-01T18:34:00+03:00""";"=""OA_YTM""";"=""BAYRAMHACILI BARAJI ve HES""";"=""10933818988""";"=""2110""";"=""BAYRAMHACILI 154""";158;160,24;0,05;0,24;;;;;;;;
"=""API""";"=""CONVENTIONAL""";"=""2026-05-01T18:35:00+03:00""";"=""OA_YTM""";"=""BAYRAMHACILI BARAJI ve HES""";"=""10933818988""";"=""2110""";"=""BAYRAMHACILI 154""";158;160,24;0,05;0,24;;;;;;;;
"=""API""";"=""CONVENTIONAL""";"=""2026-05-01T18:36:00+03:00""";"=""OA_YTM""";"=""BAYRAMHACILI BARAJI ve HES""";"=""10933818988""";"=""2110""";"=""BAYRAMHACILI 154""";158;159,46;0,05;0,24;;;;;;;;
"=""API""";"=""CONVENTIONAL""";"=""2026-05-01T18:37:00+03:00""";"=""OA_YTM""";"=""BAYRAMHACILI BARAJI ve HES""";"=""10933818988""";"=""2110""";"=""BAYRAMHACILI 154""";158;159,46;0,05;0,24;;;;;;;;
"=""API""";"=""CONVENTIONAL""";"=""2026-05-01T18:38:00+03:00""";"=""OA_YTM""";"=""BAYRAMHACILI BARAJI ve HES""";"=""10933818988""";"=""2110""";"=""BAYRAMHACILI 154""";158;159,46;0,05;0,24;;;;;;;;
"=""API""";"=""CONVENTIONAL""";"=""2026-05-01T18:39:00+03:00""";"=""OA_YTM""";"=""BAYRAMHACILI BARAJI ve HES""";"=""10933818988""";"=""2110""";"=""BAYRAMHACILI 154""";158;158,64;0,05;0,24;;;;;;;;
"=""API""";"=""CONVENTIONAL""";"=""2026-05-01T18:40:00+03:00""";"=""OA_YTM""";"=""BAYRAMHACILI BARAJI ve HES""";"=""10933818988""";"=""2110""";"=""BAYRAMHACILI 154""";158;158,64;0,05;0,24;;;;;;;;
"=""API""";"=""CONVENTIONAL""";"=""2026-05-01T18:41:00+03:00""";"=""OA_YTM""";"=""BAYRAMHACILI BARAJI ve HES""";"=""10933818988""";"=""2110""";"=""BAYRAMHACILI 154""";158;158,64;0,05;0,24;;;;;;;;
"=""API""";"=""CONVENTIONAL""";"=""2026-05-01T18:42:00+03:00""";"=""OA_YTM""";"=""BAYRAMHACILI BARAJI ve HES""";"=""10933818988""";"=""2110""";"=""BAYRAMHACILI 154""";158;159,45;0,05;0,24;;;;;;;;
"=""API""";"=""CONVENTIONAL""";"=""2026-05-01T18:43:00+03:00""";"=""OA_YTM""";"=""BAYRAMHACILI BARAJI ve HES""";"=""10933818988""";"=""2110""";"=""BAYRAMHACILI 154""";158;159,45;0,05;0,24;;;;;;;;
"=""API""";"=""CONVENTIONAL""";"=""2026-05-01T18:44:00+03:00""";"=""OA_YTM""";"=""BAYRAMHACILI BARAJI ve HES""";"=""10933818988""";"=""2110""";"=""BAYRAMHACILI 154""";158;159,45;0,05;0,24;;;;;;;;
"=""API""";"=""CONVENTIONAL""";"=""2026-05-01T18:45:00+03:00""";"=""OA_YTM""";"=""BAYRAMHACILI BARAJI ve HES""";"=""10933818988""";"=""2110""";"=""BAYRAMHACILI 154""";158;159,45;0,05;0,24;;;;;;;;
"=""API""";"=""CONVENTIONAL""";"=""2026-05-01T18:46:00+03:00""";"=""OA_YTM""";"=""BAYRAMHACILI BARAJI ve HES""";"=""10933818988""";"=""2110""";"=""BAYRAMHACILI 154""";158;159,45;0,05;0,24;;;;;;;;
"=""API""";"=""CONVENTIONAL""";"=""2026-05-01T18:47:00+03:00""";"=""OA_YTM""";"=""BAYRAMHACILI BARAJI ve HES""";"=""10933818988""";"=""2110""";"=""BAYRAMHACILI 154""";158;159,45;0,05;0,24;;;;;;;;
"=""API""";"=""CONVENTIONAL""";"=""2026-05-01T18:48:00+03:00""";"=""OA_YTM""";"=""BAYRAMHACILI BARAJI ve HES""";"=""10933818988""";"=""2110""";"=""BAYRAMHACILI 154""";158;159,45;0,05;0,24;;;;;;;;
"=""API""";"=""CONVENTIONAL""";"=""2026-05-01T18:49:00+03:00""";"=""OA_YTM""";"=""BAYRAMHACILI BARAJI ve HES""";"=""10933818988""";"=""2110""";"=""BAYRAMHACILI 154""";158;159,45;0,05;0,24;;;;;;;;
"=""API""";"=""CONVENTIONAL""";"=""2026-05-01T18:50:00+03:00""";"=""OA_YTM""";"=""BAYRAMHACILI BARAJI ve HES""";"=""10933818988""";"=""2110""";"=""BAYRAMHACILI 154""";158;159,45;0,05;0,24;;;;;;;;
"=""API""";"=""CONVENTIONAL""";"=""2026-05-01T18:51:00+03:00""";"=""OA_YTM""";"=""BAYRAMHACILI BARAJI ve HES""";"=""10933818988""";"=""2110""";"=""BAYRAMHACILI 154""";158;159,45;0,05;0,24;;;;;;;;
"=""API""";"=""CONVENTIONAL""";"=""2026-05-01T18:52:00+03:00""";"=""OA_YTM""";"=""BAYRAMHACILI BARAJI ve HES""";"=""10933818988""";"=""2110""";"=""BAYRAMHACILI 154""";158;159,45;0,05;0,24;;;;;;;;
"=""API""";"=""CONVENTIONAL""";"=""2026-05-01T18:53:00+03:00""";"=""OA_YTM""";"=""BAYRAMHACILI BARAJI ve HES""";"=""10933818988""";"=""2110""";"=""BAYRAMHACILI 154""";158;159,45;0,05;0,24;;;;;;;;
"=""API""";"=""CONVENTIONAL""";"=""2026-05-01T18:54:00+03:00""";"=""OA_YTM""";"=""BAYRAMHACILI BARAJI ve HES""";"=""10933818988""";"=""2110""";"=""BAYRAMHACILI 154""";158;159,45;0,05;0,24;;;;;;;;
"=""API""";"=""CONVENTIONAL""";"=""2026-05-01T18:55:00+03:00""";"=""OA_YTM""";"=""BAYRAMHACILI BARAJI ve HES""";"=""10933818988""";"=""2110""";"=""BAYRAMHACILI 154""";158;158,58;0,05;0,24;;;;;;;;
"=""API""";"=""CONVENTIONAL""";"=""2026-05-01T18:56:00+03:00""";"=""OA_YTM""";"=""BAYRAMHACILI BARAJI ve HES""";"=""10933818988""";"=""2110""";"=""BAYRAMHACILI 154""";158;158,58;0,05;0,24;;;;;;;;
"=""API""";"=""CONVENTIONAL""";"=""2026-05-01T18:57:00+03:00""";"=""OA_YTM""";"=""BAYRAMHACILI BARAJI ve HES""";"=""10933818988""";"=""2110""";"=""BAYRAMHACILI 154""";158;158,58;0,05;0,24;;;;;;;;
"=""API""";"=""CONVENTIONAL""";"=""2026-05-01T18:58:00+03:00""";"=""OA_YTM""";"=""BAYRAMHACILI BARAJI ve HES""";"=""10933818988""";"=""2110""";"=""BAYRAMHACILI 154""";158;158,58;0,05;0,24;;;;;;;;
"=""API""";"=""CONVENTIONAL""";"=""2026-05-01T18:59:00+03:00""";"=""OA_YTM""";"=""BAYRAMHACILI BARAJI ve HES""";"=""10933818988""";"=""2110""";"=""BAYRAMHACILI 154""";158;158,58;0,05;0,24;;;;;;;;
"=""API""";"=""CONVENTIONAL""";"=""2026-05-01T19:00:00+03:00""";"=""OA_YTM""";"=""BAYRAMHACILI BARAJI ve HES""";"=""10933818988""";"=""2110""";"=""BAYRAMHACILI 154""";157;159,59;3,45;-2,57;;;;;;;;
"=""API""";"=""CONVENTIONAL""";"=""2026-05-01T19:01:00+03:00""";"=""OA_YTM""";"=""BAYRAMHACILI BARAJI ve HES""";"=""10933818988""";"=""2110""";"=""BAYRAMHACILI 154""";157;158,83;35,61;-2,83;;;;;-13,896;26,208;"=""1""";
"=""API""";"=""CONVENTIONAL""";"=""2026-05-01T19:02:00+03:00""";"=""OA_YTM""";"=""BAYRAMHACILI BARAJI ve HES""";"=""10933818988""";"=""2110""";"=""BAYRAMHACILI 154""";157;158,83;41,78;-11,63;;;;;-13,896;26,208;"=""1""";
"=""API""";"=""CONVENTIONAL""";"=""2026-05-01T19:03:00+03:00""";"=""OA_YTM""";"=""BAYRAMHACILI BARAJI ve HES""";"=""10933818988""";"=""2110""";"=""BAYRAMHACILI 154""";157;158,03;42,44;-15,73;;;;;-13,896;26,208;"=""1""";
"=""API""";"=""CONVENTIONAL""";"=""2026-05-01T19:04:00+03:00""";"=""OA_YTM""";"=""BAYRAMHACILI BARAJI ve HES""";"=""10933818988""";"=""2110""";"=""BAYRAMHACILI 154""";157;158,03;42,19;-15,74;;;;;-13,896;26,208;"=""1""";
"=""API""";"=""CONVENTIONAL""";"=""2026-05-01T19:05:00+03:00""";"=""OA_YTM""";"=""BAYRAMHACILI BARAJI ve HES""";"=""10933818988""";"=""2110""";"=""BAYRAMHACILI 154""";157;157,23;42,16;-15,67;;;;;-13,896;26,208;"=""1""";
"=""API""";"=""CONVENTIONAL""";"=""2026-05-01T19:06:00+03:00""";"=""OA_YTM""";"=""BAYRAMHACILI BARAJI ve HES""";"=""10933818988""";"=""2110""";"=""BAYRAMHACILI 154""";157;157,23;42,77;-15,67;;;;;-13,896;26,208;"=""1""";
"=""API""";"=""CONVENTIONAL""";"=""2026-05-01T19:07:00+03:00""";"=""OA_YTM""";"=""BAYRAMHACILI BARAJI ve HES""";"=""10933818988""";"=""2110""";"=""BAYRAMHACILI 154""";157;157,23;42,29;-15,05;;;;;-13,896;26,208;"=""1""";
"=""API""";"=""CONVENTIONAL""";"=""2026-05-01T19:08:00+03:00""";"=""OA_YTM""";"=""BAYRAMHACILI BARAJI ve HES""";"=""10933818988""";"=""2110""";"=""BAYRAMHACILI 154""";157;157,23;42,36;-14,71;;;;;-13,896;26,208;"=""1""";
"=""API""";"=""CONVENTIONAL""";"=""2026-05-01T19:09:00+03:00""";"=""OA_YTM""";"=""BAYRAMHACILI BARAJI ve HES""";"=""10933818988""";"=""2110""";"=""BAYRAMHACILI 154""";157;157,23;42,6;-14,71;;;;;-13,896;26,208;"=""1""";
"=""API""";"=""CONVENTIONAL""";"=""2026-05-01T19:10:00+03:00""";"=""OA_YTM""";"=""BAYRAMHACILI BARAJI ve HES""";"=""10933818988""";"=""2110""";"=""BAYRAMHACILI 154""";157;157,23;42,48;-14,04;;;;;-13,896;26,208;"=""1""";
"=""API""";"=""CONVENTIONAL""";"=""2026-05-01T19:11:00+03:00""";"=""OA_YTM""";"=""BAYRAMHACILI BARAJI ve HES""";"=""10933818988""";"=""2110""";"=""BAYRAMHACILI 154""";157;157,23;42,67;-14,64;;;;;-13,896;26,208;"=""1""";
"=""API""";"=""CONVENTIONAL""";"=""2026-05-01T19:12:00+03:00""";"=""OA_YTM""";"=""BAYRAMHACILI BARAJI ve HES""";"=""10933818988""";"=""2110""";"=""BAYRAMHACILI 154""";157;157,23;42,49;-15,33;;;;;-13,896;26,208;"=""1""";
"=""API""";"=""CONVENTIONAL""";"=""2026-05-01T19:13:00+03:00""";"=""OA_YTM""";"=""BAYRAMHACILI BARAJI ve HES""";"=""10933818988""";"=""2110""";"=""BAYRAMHACILI 154""";157;157,23;42,49;-16,06;;;;;-13,896;26,208;"=""1""";
"=""API""";"=""CONVENTIONAL""";"=""2026-05-01T19:14:00+03:00""";"=""OA_YTM""";"=""BAYRAMHACILI BARAJI ve HES""";"=""10933818988""";"=""2110""";"=""BAYRAMHACILI 154""";157;157,23;42,64;-16,05;;;;;-13,896;26,208;"=""1""";
"=""API""";"=""CONVENTIONAL""";"=""2026-05-01T19:15:00+03:00""";"=""OA_YTM""";"=""BAYRAMHACILI BARAJI ve HES""";"=""10933818988""";"=""2110""";"=""BAYRAMHACILI 154""";157;157,23;42,2;-16;;;;;-13,896;26,208;"=""1""";
"=""API""";"=""CONVENTIONAL""";"=""2026-05-01T19:16:00+03:00""";"=""OA_YTM""";"=""BAYRAMHACILI BARAJI ve HES""";"=""10933818988""";"=""2110""";"=""BAYRAMHACILI 154""";157;157,23;42,27;-16,65;;;;;-13,896;26,208;"=""1""";
"=""API""";"=""CONVENTIONAL""";"=""2026-05-01T19:17:00+03:00""";"=""OA_YTM""";"=""BAYRAMHACILI BARAJI ve HES""";"=""10933818988""";"=""2110""";"=""BAYRAMHACILI 154""";157;158,14;42,35;-16,95;;;;;-13,896;26,208;"=""1""";
"=""API""";"=""CONVENTIONAL""";"=""2026-05-01T19:18:00+03:00""";"=""OA_YTM""";"=""BAYRAMHACILI BARAJI ve HES""";"=""10933818988""";"=""2110""";"=""BAYRAMHACILI 154""";157;158,14;42,5;-16,53;;;;;-13,896;26,208;"=""1""";
"=""API""";"=""CONVENTIONAL""";"=""2026-05-01T19:19:00+03:00""";"=""OA_YTM""";"=""BAYRAMHACILI BARAJI ve HES""";"=""10933818988""";"=""2110""";"=""BAYRAMHACILI 154""";157;158,14;42,53;-15,54;;;;;-13,896;26,208;"=""1""";
"=""API""";"=""CONVENTIONAL""";"=""2026-05-01T19:20:00+03:00""";"=""OA_YTM""";"=""BAYRAMHACILI BARAJI ve HES""";"=""10933818988""";"=""2110""";"=""BAYRAMHACILI 154""";157;158,14;42,61;-16,24;;;;;-13,896;26,208;"=""1""";
"=""API""";"=""CONVENTIONAL""";"=""2026-05-01T19:21:00+03:00""";"=""OA_YTM""";"=""BAYRAMHACILI BARAJI ve HES""";"=""10933818988""";"=""2110""";"=""BAYRAMHACILI 154""";157;158,14;42,65;-16,31;;;;;-13,896;26,208;"=""1""";
"=""API""";"=""CONVENTIONAL""";"=""2026-05-01T19:22:00+03:00""";"=""OA_YTM""";"=""BAYRAMHACILI BARAJI ve HES""";"=""10933818988""";"=""2110""";"=""BAYRAMHACILI 154""";157;158,14;42,48;-15,56;;;;;-13,896;26,208;"=""1""";
"=""API""";"=""CONVENTIONAL""";"=""2026-05-01T19:23:00+03:00""";"=""OA_YTM""";"=""BAYRAMHACILI BARAJI ve HES""";"=""10933818988""";"=""2110""";"=""BAYRAMHACILI 154""";157;158,14;42,6;-16,2;;;;;-13,896;26,208;"=""1""";
"=""API""";"=""CONVENTIONAL""";"=""2026-05-01T19:24:00+03:00""";"=""OA_YTM""";"=""BAYRAMHACILI BARAJI ve HES""";"=""10933818988""";"=""2110""";"=""BAYRAMHACILI 154""";157;157,23;42,86;-15,14;;;;;-13,896;26,208;"=""1""";
"=""API""";"=""CONVENTIONAL""";"=""2026-05-01T19:25:00+03:00""";"=""OA_YTM""";"=""BAYRAMHACILI BARAJI ve HES""";"=""10933818988""";"=""2110""";"=""BAYRAMHACILI 154""";157;157,99;42,93;-15,54;;;;;-13,896;26,208;"=""1""";
"=""API""";"=""CONVENTIONAL""";"=""2026-05-01T19:26:00+03:00""";"=""OA_YTM""";"=""BAYRAMHACILI BARAJI ve HES""";"=""10933818988""";"=""2110""";"=""BAYRAMHACILI 154""";157;157,99;42,66;-15,46;;;;;-13,896;26,208;"=""1""";
"=""API""";"=""CONVENTIONAL""";"=""2026-05-01T19:27:00+03:00""";"=""OA_YTM""";"=""BAYRAMHACILI BARAJI ve HES""";"=""10933818988""";"=""2110""";"=""BAYRAMHACILI 154""";157;157,99;42,68;-15,75;;;;;-13,896;26,208;"=""1""";
"=""API""";"=""CONVENTIONAL""";"=""2026-05-01T19:28:00+03:00""";"=""OA_YTM""";"=""BAYRAMHACILI BARAJI ve HES""";"=""10933818988""";"=""2110""";"=""BAYRAMHACILI 154""";157;157,99;42,59;-15,43;;;;;-13,896;26,208;"=""1""";
"=""API""";"=""CONVENTIONAL""";"=""2026-05-01T19:29:00+03:00""";"=""OA_YTM""";"=""BAYRAMHACILI BARAJI ve HES""";"=""10933818988""";"=""2110""";"=""BAYRAMHACILI 154""";157;157,14;42,77;-16,2;;;;;-13,896;26,208;"=""1""";
"=""API""";"=""CONVENTIONAL""";"=""2026-05-01T19:30:00+03:00""";"=""OA_YTM""";"=""BAYRAMHACILI BARAJI ve HES""";"=""10933818988""";"=""2110""";"=""BAYRAMHACILI 154""";157;157,14;42,63;-15,63;;;;;-13,896;26,208;"=""1""";
"=""API""";"=""CONVENTIONAL""";"=""2026-05-01T19:31:00+03:00""";"=""OA_YTM""";"=""BAYRAMHACILI BARAJI ve HES""";"=""10933818988""";"=""2110""";"=""BAYRAMHACILI 154""";157;157,14;42,83;-16,38;;;;;-13,896;26,208;"=""1""";
"=""API""";"=""CONVENTIONAL""";"=""2026-05-01T19:32:00+03:00""";"=""OA_YTM""";"=""BAYRAMHACILI BARAJI ve HES""";"=""10933818988""";"=""2110""";"=""BAYRAMHACILI 154""";157;157,14;42,89;-15,72;;;;;-13,896;26,208;"=""1""";
"=""API""";"=""CONVENTIONAL""";"=""2026-05-01T19:33:00+03:00""";"=""OA_YTM""";"=""BAYRAMHACILI BARAJI ve HES""";"=""10933818988""";"=""2110""";"=""BAYRAMHACILI 154""";157;157,14;42,71;-16,03;;;;;-13,896;26,208;"=""1""";
"=""API""";"=""CONVENTIONAL""";"=""2026-05-01T19:34:00+03:00""";"=""OA_YTM""";"=""BAYRAMHACILI BARAJI ve HES""";"=""10933818988""";"=""2110""";"=""BAYRAMHACILI 154""";157;157,89;42,2;-16,34;;;;;-13,896;26,208;"=""1""";
"=""API""";"=""CONVENTIONAL""";"=""2026-05-01T19:35:00+03:00""";"=""OA_YTM""";"=""BAYRAMHACILI BARAJI ve HES""";"=""10933818988""";"=""2110""";"=""BAYRAMHACILI 154""";157;157,89;41,98;-16,34;;;;;-13,896;26,208;"=""1""";
"=""API""";"=""CONVENTIONAL""";"=""2026-05-01T19:36:00+03:00""";"=""OA_YTM""";"=""BAYRAMHACILI BARAJI ve HES""";"=""10933818988""";"=""2110""";"=""BAYRAMHACILI 154""";157;157,89;42,06;-16,34;;;;;-13,896;26,208;"=""1""";
"=""API""";"=""CONVENTIONAL""";"=""2026-05-01T19:37:00+03:00""";"=""OA_YTM""";"=""BAYRAMHACILI BARAJI ve HES""";"=""10933818988""";"=""2110""";"=""BAYRAMHACILI 154""";157;157,89;41,91;-16,34;;;;;-13,896;26,208;"=""1""";
"=""API""";"=""CONVENTIONAL""";"=""2026-05-01T19:38:00+03:00""";"=""OA_YTM""";"=""BAYRAMHACILI BARAJI ve HES""";"=""10933818988""";"=""2110""";"=""BAYRAMHACILI 154""";157;157,89;42,21;-16,38;;;;;-13,896;26,208;"=""1""";
"=""API""";"=""CONVENTIONAL""";"=""2026-05-01T19:39:00+03:00""";"=""OA_YTM""";"=""BAYRAMHACILI BARAJI ve HES""";"=""10933818988""";"=""2110""";"=""BAYRAMHACILI 154""";157;157,89;42,18;-15,76;;;;;-13,896;26,208;"=""1""";
"=""API""";"=""CONVENTIONAL""";"=""2026-05-01T19:40:00+03:00""";"=""OA_YTM""";"=""BAYRAMHACILI BARAJI ve HES""";"=""10933818988""";"=""2110""";"=""BAYRAMHACILI 154""";157;157,1;41,94;-15,82;;;;;-13,896;26,208;"=""1""";
"=""API""";"=""CONVENTIONAL""";"=""2026-05-01T19:41:00+03:00""";"=""OA_YTM""";"=""BAYRAMHACILI BARAJI ve HES""";"=""10933818988""";"=""2110""";"=""BAYRAMHACILI 154""";157;157,1;41,9;-15,82;;;;;-13,896;26,208;"=""1""";
"=""API""";"=""CONVENTIONAL""";"=""2026-05-01T19:42:00+03:00""";"=""OA_YTM""";"=""BAYRAMHACILI BARAJI ve HES""";"=""10933818988""";"=""2110""";"=""BAYRAMHACILI 154""";157;157,1;41,89;-15,78;;;;;-13,896;26,208;"=""1""";
"=""API""";"=""CONVENTIONAL""";"=""2026-05-01T19:43:00+03:00""";"=""OA_YTM""";"=""BAYRAMHACILI BARAJI ve HES""";"=""10933818988""";"=""2110""";"=""BAYRAMHACILI 154""";157;157,1;41,96;-15,82;;;;;-13,896;26,208;"=""1""";
"=""API""";"=""CONVENTIONAL""";"=""2026-05-01T19:44:00+03:00""";"=""OA_YTM""";"=""BAYRAMHACILI BARAJI ve HES""";"=""10933818988""";"=""2110""";"=""BAYRAMHACILI 154""";157;157,1;41,9;-15,13;;;;;-13,896;26,208;"=""1""";
"=""API""";"=""CONVENTIONAL""";"=""2026-05-01T19:45:00+03:00""";"=""OA_YTM""";"=""BAYRAMHACILI BARAJI ve HES""";"=""10933818988""";"=""2110""";"=""BAYRAMHACILI 154""";157;157,1;41,99;-13,49;;;;;-13,896;26,208;"=""1""";
"=""API""";"=""CONVENTIONAL""";"=""2026-05-01T19:46:00+03:00""";"=""OA_YTM""";"=""BAYRAMHACILI BARAJI ve HES""";"=""10933818988""";"=""2110""";"=""BAYRAMHACILI 154""";157;157,1;42,07;-10,91;;;;;-13,896;26,208;"=""1""";
"=""API""";"=""CONVENTIONAL""";"=""2026-05-01T19:47:00+03:00""";"=""OA_YTM""";"=""BAYRAMHACILI BARAJI ve HES""";"=""10933818988""";"=""2110""";"=""BAYRAMHACILI 154""";157;157,1;41,69;-13,21;;;;;-13,896;26,208;"=""1""";
"=""API""";"=""CONVENTIONAL""";"=""2026-05-01T19:48:00+03:00""";"=""OA_YTM""";"=""BAYRAMHACILI BARAJI ve HES""";"=""10933818988""";"=""2110""";"=""BAYRAMHACILI 154""";157;157,1;41,49;-15,1;;;;;-13,896;26,208;"=""1""";
"=""API""";"=""CONVENTIONAL""";"=""2026-05-01T19:49:00+03:00""";"=""OA_YTM""";"=""BAYRAMHACILI BARAJI ve HES""";"=""10933818988""";"=""2110""";"=""BAYRAMHACILI 154""";157;157,1;41,39;-13,2;;;;;-13,896;26,208;"=""1""";
"=""API""";"=""CONVENTIONAL""";"=""2026-05-01T19:50:00+03:00""";"=""OA_YTM""";"=""BAYRAMHACILI BARAJI ve HES""";"=""10933818988""";"=""2110""";"=""BAYRAMHACILI 154""";157;157,1;41,58;-12,15;;;;;-13,896;26,208;"=""1""";
"=""API""";"=""CONVENTIONAL""";"=""2026-05-01T19:51:00+03:00""";"=""OA_YTM""";"=""BAYRAMHACILI BARAJI ve HES""";"=""10933818988""";"=""2110""";"=""BAYRAMHACILI 154""";157;157,1;41,76;-13,16;;;;;-13,896;26,208;"=""1""";
"=""API""";"=""CONVENTIONAL""";"=""2026-05-01T19:52:00+03:00""";"=""OA_YTM""";"=""BAYRAMHACILI BARAJI ve HES""";"=""10933818988""";"=""2110""";"=""BAYRAMHACILI 154""";157;157,1;41,49;-11,76;;;;;-13,896;26,208;"=""1""";
"=""API""";"=""CONVENTIONAL""";"=""2026-05-01T19:53:00+03:00""";"=""OA_YTM""";"=""BAYRAMHACILI BARAJI ve HES""";"=""10933818988""";"=""2110""";"=""BAYRAMHACILI 154""";157;157,1;41,85;-9,15;;;;;-13,896;26,208;"=""1""";
"=""API""";"=""CONVENTIONAL""";"=""2026-05-01T19:54:00+03:00""";"=""OA_YTM""";"=""BAYRAMHACILI BARAJI ve HES""";"=""10933818988""";"=""2110""";"=""BAYRAMHACILI 154""";157;157,1;41,58;-7,91;;;;;-13,896;26,208;"=""1""";
"=""API""";"=""CONVENTIONAL""";"=""2026-05-01T19:55:00+03:00""";"=""OA_YTM""";"=""BAYRAMHACILI BARAJI ve HES""";"=""10933818988""";"=""2110""";"=""BAYRAMHACILI 154""";157;157,1;41,25;-9,97;;;;;-13,896;26,208;"=""1""";
"=""API""";"=""CONVENTIONAL""";"=""2026-05-01T19:56:00+03:00""";"=""OA_YTM""";"=""BAYRAMHACILI BARAJI ve HES""";"=""10933818988""";"=""2110""";"=""BAYRAMHACILI 154""";157;157,1;41,49;-8,4;;;;;-13,896;26,208;"=""1""";
"=""API""";"=""CONVENTIONAL""";"=""2026-05-01T19:57:00+03:00""";"=""OA_YTM""";"=""BAYRAMHACILI BARAJI ve HES""";"=""10933818988""";"=""2110""";"=""BAYRAMHACILI 154""";157;157,1;41,87;-8,76;;;;;-13,896;26,208;"=""1""";
"=""API""";"=""CONVENTIONAL""";"=""2026-05-01T19:58:00+03:00""";"=""OA_YTM""";"=""BAYRAMHACILI BARAJI ve HES""";"=""10933818988""";"=""2110""";"=""BAYRAMHACILI 154""";157;157,1;41,46;-9,35;;;;;-13,896;26,208;"=""1""";
"=""API""";"=""CONVENTIONAL""";"=""2026-05-01T19:59:00+03:00""";"=""OA_YTM""";"=""BAYRAMHACILI BARAJI ve HES""";"=""10933818988""";"=""2110""";"=""BAYRAMHACILI 154""";157;157,1;41,85;-12,96;;;;;-13,896;26,208;"=""1""";
"=""API""";"=""CONVENTIONAL""";"=""2026-05-01T20:00:00+03:00""";"=""OA_YTM""";"=""BAYRAMHACILI BARAJI ve HES""";"=""10933818988""";"=""2110""";"=""BAYRAMHACILI 154""";157;157,1;41,76;-14,42;;;;;-13,896;26,208;"=""1""";
"=""API""";"=""CONVENTIONAL""";"=""2026-05-01T20:01:00+03:00""";"=""OA_YTM""";"=""BAYRAMHACILI BARAJI ve HES""";"=""10933818988""";"=""2110""";"=""BAYRAMHACILI 154""";157;157,1;41,77;-14,29;;;;;-13,896;26,208;"=""1""";
"=""API""";"=""CONVENTIONAL""";"=""2026-05-01T20:02:00+03:00""";"=""OA_YTM""";"=""BAYRAMHACILI BARAJI ve HES""";"=""10933818988""";"=""2110""";"=""BAYRAMHACILI 154""";157;157,1;41,84;-14,87;;;;;-13,896;26,208;"=""1""";
"=""API""";"=""CONVENTIONAL""";"=""2026-05-01T20:03:00+03:00""";"=""OA_YTM""";"=""BAYRAMHACILI BARAJI ve HES""";"=""10933818988""";"=""2110""";"=""BAYRAMHACILI 154""";157;157,1;41,77;-15,57;;;;;-13,896;26,208;"=""1""";
"=""API""";"=""CONVENTIONAL""";"=""2026-05-01T20:04:00+03:00""";"=""OA_YTM""";"=""BAYRAMHACILI BARAJI ve HES""";"=""10933818988""";"=""2110""";"=""BAYRAMHACILI 154""";157;157,91;41,6;-15,69;;;;;-13,896;26,208;"=""1""";
"=""API""";"=""CONVENTIONAL""";"=""2026-05-01T20:05:00+03:00""";"=""OA_YTM""";"=""BAYRAMHACILI BARAJI ve HES""";"=""10933818988""";"=""2110""";"=""BAYRAMHACILI 154""";157;157,91;41,63;-15,38;;;;;-13,896;26,208;"=""1""";
"=""API""";"=""CONVENTIONAL""";"=""2026-05-01T20:06:00+03:00""";"=""OA_YTM""";"=""BAYRAMHACILI BARAJI ve HES""";"=""10933818988""";"=""2110""";"=""BAYRAMHACILI 154""";157;157,13;41,71;-15,03;;;;;-13,896;26,208;"=""1""";
"=""API""";"=""CONVENTIONAL""";"=""2026-05-01T20:07:00+03:00""";"=""OA_YTM""";"=""BAYRAMHACILI BARAJI ve HES""";"=""10933818988""";"=""2110""";"=""BAYRAMHACILI 154""";157;157,13;41,76;-14,58;;;;;-13,896;26,208;"=""1""";
"=""API""";"=""CONVENTIONAL""";"=""2026-05-01T20:08:00+03:00""";"=""OA_YTM""";"=""BAYRAMHACILI BARAJI ve HES""";"=""10933818988""";"=""2110""";"=""BAYRAMHACILI 154""";157;157,13;41,59;-14,24;;;;;-13,896;26,208;"=""1""";
"=""API""";"=""CONVENTIONAL""";"=""2026-05-01T20:09:00+03:00""";"=""OA_YTM""";"=""BAYRAMHACILI BARAJI ve HES""";"=""10933818988""";"=""2110""";"=""BAYRAMHACILI 154""";157;157,07;41,94;-9,09;;;;;-13,896;26,208;"=""1""";
"=""API""";"=""CONVENTIONAL""";"=""2026-05-01T20:10:00+03:00""";"=""OA_YTM""";"=""BAYRAMHACILI BARAJI ve HES""";"=""10933818988""";"=""2110""";"=""BAYRAMHACILI 154""";157;157,07;41,77;-6,44;;;;;-13,896;26,208;"=""1""";
"=""API""";"=""CONVENTIONAL""";"=""2026-05-01T20:11:00+03:00""";"=""OA_YTM""";"=""BAYRAMHACILI BARAJI ve HES""";"=""10933818988""";"=""2110""";"=""BAYRAMHACILI 154""";157;157,07;41,63;-14,24;;;;;-13,896;26,208;"=""1""";
"=""API""";"=""CONVENTIONAL""";"=""2026-05-01T20:12:00+03:00""";"=""OA_YTM""";"=""BAYRAMHACILI BARAJI ve HES""";"=""10933818988""";"=""2110""";"=""BAYRAMHACILI 154""";157;157,07;41,87;-13,27;;;;;-13,896;26,208;"=""1""";
"=""API""";"=""CONVENTIONAL""";"=""2026-05-01T20:13:00+03:00""";"=""OA_YTM""";"=""BAYRAMHACILI BARAJI ve HES""";"=""10933818988""";"=""2110""";"=""BAYRAMHACILI 154""";157;157,07;41,87;-14,38;;;;;-13,896;26,208;"=""1""";
"=""API""";"=""CONVENTIONAL""";"=""2026-05-01T20:14:00+03:00""";"=""OA_YTM""";"=""BAYRAMHACILI BARAJI ve HES""";"=""10933818988""";"=""2110""";"=""BAYRAMHACILI 154""";157;157,07;41,62;-15,02;;;;;-13,896;26,208;"=""1""";
"=""API""";"=""CONVENTIONAL""";"=""2026-05-01T20:15:00+03:00""";"=""OA_YTM""";"=""BAYRAMHACILI BARAJI ve HES""";"=""10933818988""";"=""2110""";"=""BAYRAMHACILI 154""";157;157,07;41,83;-15,02;;;;;-13,896;26,208;"=""1""";
"=""API""";"=""CONVENTIONAL""";"=""2026-05-01T20:16:00+03:00""";"=""OA_YTM""";"=""BAYRAMHACILI BARAJI ve HES""";"=""10933818988""";"=""2110""";"=""BAYRAMHACILI 154""";157;157,07;41,73;-15,02;;;;;-13,896;26,208;"=""1""";
"=""API""";"=""CONVENTIONAL""";"=""2026-05-01T20:17:00+03:00""";"=""OA_YTM""";"=""BAYRAMHACILI BARAJI ve HES""";"=""10933818988""";"=""2110""";"=""BAYRAMHACILI 154""";157;157,07;41,83;-15,02;;;;;-13,896;26,208;"=""1""";
"=""API""";"=""CONVENTIONAL""";"=""2026-05-01T20:18:00+03:00""";"=""OA_YTM""";"=""BAYRAMHACILI BARAJI ve HES""";"=""10933818988""";"=""2110""";"=""BAYRAMHACILI 154""";157;157,07;42,13;-15,02;;;;;-13,896;26,208;"=""1""";
"=""API""";"=""CONVENTIONAL""";"=""2026-05-01T20:19:00+03:00""";"=""OA_YTM""";"=""BAYRAMHACILI BARAJI ve HES""";"=""10933818988""";"=""2110""";"=""BAYRAMHACILI 154""";157;157,07;41,95;-14,94;;;;;-13,896;26,208;"=""1""";
"=""API""";"=""CONVENTIONAL""";"=""2026-05-01T20:20:00+03:00""";"=""OA_YTM""";"=""BAYRAMHACILI BARAJI ve HES""";"=""10933818988""";"=""2110""";"=""BAYRAMHACILI 154""";157;157,35;41,75;-15,18;;;;;-13,896;26,208;"=""1""";
"=""API""";"=""CONVENTIONAL""";"=""2026-05-01T20:21:00+03:00""";"=""OA_YTM""";"=""BAYRAMHACILI BARAJI ve HES""";"=""10933818988""";"=""2110""";"=""BAYRAMHACILI 154""";157;157,35;42;-15,18;;;;;-13,896;26,208;"=""1""";
"=""API""";"=""CONVENTIONAL""";"=""2026-05-01T20:22:00+03:00""";"=""OA_YTM""";"=""BAYRAMHACILI BARAJI ve HES""";"=""10933818988""";"=""2110""";"=""BAYRAMHACILI 154""";157;157,35;42,01;-14,84;;;;;-13,896;26,208;"=""1""";
"=""API""";"=""CONVENTIONAL""";"=""2026-05-01T20:23:00+03:00""";"=""OA_YTM""";"=""BAYRAMHACILI BARAJI ve HES""";"=""10933818988""";"=""2110""";"=""BAYRAMHACILI 154""";157;156,55;42,01;-15,29;;;;;-13,896;26,208;"=""1""";
"=""API""";"=""CONVENTIONAL""";"=""2026-05-01T20:24:00+03:00""";"=""OA_YTM""";"=""BAYRAMHACILI BARAJI ve HES""";"=""10933818988""";"=""2110""";"=""BAYRAMHACILI 154""";157;157,4;41,77;-15,95;;;;;-13,896;26,208;"=""1""";
"=""API""";"=""CONVENTIONAL""";"=""2026-05-01T20:25:00+03:00""";"=""OA_YTM""";"=""BAYRAMHACILI BARAJI ve HES""";"=""10933818988""";"=""2110""";"=""BAYRAMHACILI 154""";157;157,4;41,85;-15,95;;;;;-13,896;26,208;"=""1""";
"=""API""";"=""CONVENTIONAL""";"=""2026-05-01T20:26:00+03:00""";"=""OA_YTM""";"=""BAYRAMHACILI BARAJI ve HES""";"=""10933818988""";"=""2110""";"=""BAYRAMHACILI 154""";157;157,4;42,04;-15,27;;;;;-13,896;26,208;"=""1""";
"=""API""";"=""CONVENTIONAL""";"=""2026-05-01T20:27:00+03:00""";"=""OA_YTM""";"=""BAYRAMHACILI BARAJI ve HES""";"=""10933818988""";"=""2110""";"=""BAYRAMHACILI 154""";157;157,4;41,77;-15,4;;;;;-13,896;26,208;"=""1""";
"=""API""";"=""CONVENTIONAL""";"=""2026-05-01T20:28:00+03:00""";"=""OA_YTM""";"=""BAYRAMHACILI BARAJI ve HES""";"=""10933818988""";"=""2110""";"=""BAYRAMHACILI 154""";157;157,4;41,99;-15,02;;;;;-13,896;26,208;"=""1""";
"=""API""";"=""CONVENTIONAL""";"=""2026-05-01T20:29:00+03:00""";"=""OA_YTM""";"=""BAYRAMHACILI BARAJI ve HES""";"=""10933818988""";"=""2110""";"=""BAYRAMHACILI 154""";157;157,4;41,64;-15,37;;;;;-13,896;26,208;"=""1""";
"=""API""";"=""CONVENTIONAL""";"=""2026-05-01T20:30:00+03:00""";"=""OA_YTM""";"=""BAYRAMHACILI BARAJI ve HES""";"=""10933818988""";"=""2110""";"=""BAYRAMHACILI 154""";157;157,4;41,65;-15,37;;;;;-13,896;26,208;"=""1""";
"=""API""";"=""CONVENTIONAL""";"=""2026-05-01T20:31:00+03:00""";"=""OA_YTM""";"=""BAYRAMHACILI BARAJI ve HES""";"=""10933818988""";"=""2110""";"=""BAYRAMHACILI 154""";157;157,4;41,84;-15,88;;;;;-13,896;26,208;"=""1""";
"=""API""";"=""CONVENTIONAL""";"=""2026-05-01T20:32:00+03:00""";"=""OA_YTM""";"=""BAYRAMHACILI BARAJI ve HES""";"=""10933818988""";"=""2110""";"=""BAYRAMHACILI 154""";157;157,4;41,69;-16,64;;;;;-13,896;26,208;"=""1""";
"=""API""";"=""CONVENTIONAL""";"=""2026-05-01T20:33:00+03:00""";"=""OA_YTM""";"=""BAYRAMHACILI BARAJI ve HES""";"=""10933818988""";"=""2110""";"=""BAYRAMHACILI 154""";157;157,4;41,7;-16,97;;;;;-13,896;26,208;"=""1""";
"=""API""";"=""CONVENTIONAL""";"=""2026-05-01T20:34:00+03:00""";"=""OA_YTM""";"=""BAYRAMHACILI BARAJI ve HES""";"=""10933818988""";"=""2110""";"=""BAYRAMHACILI 154""";157;157,4;41,71;-16,62;;;;;-13,896;26,208;"=""1""";
"=""API""";"=""CONVENTIONAL""";"=""2026-05-01T20:35:00+03:00""";"=""OA_YTM""";"=""BAYRAMHACILI BARAJI ve HES""";"=""10933818988""";"=""2110""";"=""BAYRAMHACILI 154""";157;157,4;41,84;-16,3;;;;;-13,896;26,208;"=""1""";
"=""API""";"=""CONVENTIONAL""";"=""2026-05-01T20:36:00+03:00""";"=""OA_YTM""";"=""BAYRAMHACILI BARAJI ve HES""";"=""10933818988""";"=""2110""";"=""BAYRAMHACILI 154""";157;157,4;41,5;-16,01;;;;;-13,896;26,208;"=""1""";
"=""API""";"=""CONVENTIONAL""";"=""2026-05-01T20:37:00+03:00""";"=""OA_YTM""";"=""BAYRAMHACILI BARAJI ve HES""";"=""10933818988""";"=""2110""";"=""BAYRAMHACILI 154""";157;157,4;41,52;-15,34;;;;;-13,896;26,208;"=""1""";
"=""API""";"=""CONVENTIONAL""";"=""2026-05-01T20:38:00+03:00""";"=""OA_YTM""";"=""BAYRAMHACILI BARAJI ve HES""";"=""10933818988""";"=""2110""";"=""BAYRAMHACILI 154""";157;157,4;41,74;-15,66;;;;;-13,896;26,208;"=""1""";
"=""API""";"=""CONVENTIONAL""";"=""2026-05-01T20:39:00+03:00""";"=""OA_YTM""";"=""BAYRAMHACILI BARAJI ve HES""";"=""10933818988""";"=""2110""";"=""BAYRAMHACILI 154""";157;157,4;41,63;-14,84;;;;;-13,896;26,208;"=""1""";
"=""API""";"=""CONVENTIONAL""";"=""2026-05-01T20:40:00+03:00""";"=""OA_YTM""";"=""BAYRAMHACILI BARAJI ve HES""";"=""10933818988""";"=""2110""";"=""BAYRAMHACILI 154""";157;157,4;41,84;-15,64;;;;;-13,896;26,208;"=""1""";
"=""API""";"=""CONVENTIONAL""";"=""2026-05-01T20:41:00+03:00""";"=""OA_YTM""";"=""BAYRAMHACILI BARAJI ve HES""";"=""10933818988""";"=""2110""";"=""BAYRAMHACILI 154""";157;157,4;41,82;-16,26;;;;;-13,896;26,208;"=""1""";
"=""API""";"=""CONVENTIONAL""";"=""2026-05-01T20:42:00+03:00""";"=""OA_YTM""";"=""BAYRAMHACILI BARAJI ve HES""";"=""10933818988""";"=""2110""";"=""BAYRAMHACILI 154""";157;157,4;41,57;-15,95;;;;;-13,896;26,208;"=""1""";
"=""API""";"=""CONVENTIONAL""";"=""2026-05-01T20:43:00+03:00""";"=""OA_YTM""";"=""BAYRAMHACILI BARAJI ve HES""";"=""10933818988""";"=""2110""";"=""BAYRAMHACILI 154""";157;157,4;41,64;-15,63;;;;;-13,896;26,208;"=""1""";
"=""API""";"=""CONVENTIONAL""";"=""2026-05-01T20:44:00+03:00""";"=""OA_YTM""";"=""BAYRAMHACILI BARAJI ve HES""";"=""10933818988""";"=""2110""";"=""BAYRAMHACILI 154""";157;157,4;41,52;-15,84;;;;;-13,896;26,208;"=""1""";
"=""API""";"=""CONVENTIONAL""";"=""2026-05-01T20:45:00+03:00""";"=""OA_YTM""";"=""BAYRAMHACILI BARAJI ve HES""";"=""10933818988""";"=""2110""";"=""BAYRAMHACILI 154""";157;157,4;41,63;-15,6;;;;;-13,896;26,208;"=""1""";
"=""API""";"=""CONVENTIONAL""";"=""2026-05-01T20:46:00+03:00""";"=""OA_YTM""";"=""BAYRAMHACILI BARAJI ve HES""";"=""10933818988""";"=""2110""";"=""BAYRAMHACILI 154""";157;157,4;41,76;-15,32;;;;;-13,896;26,208;"=""1""";
"=""API""";"=""CONVENTIONAL""";"=""2026-05-01T20:47:00+03:00""";"=""OA_YTM""";"=""BAYRAMHACILI BARAJI ve HES""";"=""10933818988""";"=""2110""";"=""BAYRAMHACILI 154""";157;157,4;41,63;-15,33;;;;;-13,896;26,208;"=""1""";
"=""API""";"=""CONVENTIONAL""";"=""2026-05-01T20:48:00+03:00""";"=""OA_YTM""";"=""BAYRAMHACILI BARAJI ve HES""";"=""10933818988""";"=""2110""";"=""BAYRAMHACILI 154""";157;157,4;41,61;-15,4;;;;;-13,896;26,208;"=""1""";
"=""API""";"=""CONVENTIONAL""";"=""2026-05-01T20:49:00+03:00""";"=""OA_YTM""";"=""BAYRAMHACILI BARAJI ve HES""";"=""10933818988""";"=""2110""";"=""BAYRAMHACILI 154""";157;157,4;41,72;-15,72;;;;;-13,896;26,208;"=""1""";
"=""API""";"=""CONVENTIONAL""";"=""2026-05-01T20:50:00+03:00""";"=""OA_YTM""";"=""BAYRAMHACILI BARAJI ve HES""";"=""10933818988""";"=""2110""";"=""BAYRAMHACILI 154""";157;157,4;41,59;-16,39;;;;;-13,896;26,208;"=""1""";
"=""API""";"=""CONVENTIONAL""";"=""2026-05-01T20:51:00+03:00""";"=""OA_YTM""";"=""BAYRAMHACILI BARAJI ve HES""";"=""10933818988""";"=""2110""";"=""BAYRAMHACILI 154""";157;157,4;41,67;-15,99;;;;;-13,896;26,208;"=""1""";
"=""API""";"=""CONVENTIONAL""";"=""2026-05-01T20:52:00+03:00""";"=""OA_YTM""";"=""BAYRAMHACILI BARAJI ve HES""";"=""10933818988""";"=""2110""";"=""BAYRAMHACILI 154""";157;157,4;41,84;-15,89;;;;;-13,896;26,208;"=""1""";
"=""API""";"=""CONVENTIONAL""";"=""2026-05-01T20:53:00+03:00""";"=""OA_YTM""";"=""BAYRAMHACILI BARAJI ve HES""";"=""10933818988""";"=""2110""";"=""BAYRAMHACILI 154""";157;157,4;41,96;-15,89;;;;;-13,896;26,208;"=""1""";
"=""API""";"=""CONVENTIONAL""";"=""2026-05-01T20:54:00+03:00""";"=""OA_YTM""";"=""BAYRAMHACILI BARAJI ve HES""";"=""10933818988""";"=""2110""";"=""BAYRAMHACILI 154""";157;157,4;41,89;-16,2;;;;;-13,896;26,208;"=""1""";
"=""API""";"=""CONVENTIONAL""";"=""2026-05-01T20:55:00+03:00""";"=""OA_YTM""";"=""BAYRAMHACILI BARAJI ve HES""";"=""10933818988""";"=""2110""";"=""BAYRAMHACILI 154""";157;157,4;42,5;-15,88;;;;;-13,896;26,208;"=""1""";
"=""API""";"=""CONVENTIONAL""";"=""2026-05-01T20:56:00+03:00""";"=""OA_YTM""";"=""BAYRAMHACILI BARAJI ve HES""";"=""10933818988""";"=""2110""";"=""BAYRAMHACILI 154""";157;157,4;42,31;-15,3;;;;;-13,896;26,208;"=""1""";
"=""API""";"=""CONVENTIONAL""";"=""2026-05-01T20:57:00+03:00""";"=""OA_YTM""";"=""BAYRAMHACILI BARAJI ve HES""";"=""10933818988""";"=""2110""";"=""BAYRAMHACILI 154""";157;157,4;42,18;-15,6;;;;;-13,896;26,208;"=""1""";
"=""API""";"=""CONVENTIONAL""";"=""2026-05-01T20:58:00+03:00""";"=""OA_YTM""";"=""BAYRAMHACILI BARAJI ve HES""";"=""10933818988""";"=""2110""";"=""BAYRAMHACILI 154""";157;157,4;42,03;-15,98;;;;;-13,896;26,208;"=""1""";
"=""API""";"=""CONVENTIONAL""";"=""2026-05-01T20:59:00+03:00""";"=""OA_YTM""";"=""BAYRAMHACILI BARAJI ve HES""";"=""10933818988""";"=""2110""";"=""BAYRAMHACILI 154""";157;157,4;42,17;-16,57;;;;;-13,896;26,208;"=""1""";
"=""API""";"=""CONVENTIONAL""";"=""2026-05-01T21:00:00+03:00""";"=""OA_YTM""";"=""BAYRAMHACILI BARAJI ve HES""";"=""10933818988""";"=""2110""";"=""BAYRAMHACILI 154""";157;157,4;42,24;-16,29;;;;;-13,896;26,208;"=""1""";
"=""API""";"=""CONVENTIONAL""";"=""2026-05-01T21:01:00+03:00""";"=""OA_YTM""";"=""BAYRAMHACILI BARAJI ve HES""";"=""10933818988""";"=""2110""";"=""BAYRAMHACILI 154""";157;157,4;42,23;-15,81;;;;;-13,896;26,208;"=""1""";
"=""API""";"=""CONVENTIONAL""";"=""2026-05-01T21:02:00+03:00""";"=""OA_YTM""";"=""BAYRAMHACILI BARAJI ve HES""";"=""10933818988""";"=""2110""";"=""BAYRAMHACILI 154""";157;156,6;42,2;-14,67;;;;;-13,896;26,208;"=""1""";
"=""API""";"=""CONVENTIONAL""";"=""2026-05-01T21:03:00+03:00""";"=""OA_YTM""";"=""BAYRAMHACILI BARAJI ve HES""";"=""10933818988""";"=""2110""";"=""BAYRAMHACILI 154""";157;157,41;42;-14,87;;;;;-13,896;26,208;"=""1""";
"=""API""";"=""CONVENTIONAL""";"=""2026-05-01T21:04:00+03:00""";"=""OA_YTM""";"=""BAYRAMHACILI BARAJI ve HES""";"=""10933818988""";"=""2110""";"=""BAYRAMHACILI 154""";157;156,82;42,15;-13,53;;;;;-13,896;26,208;"=""1""";
"=""API""";"=""CONVENTIONAL""";"=""2026-05-01T21:05:00+03:00""";"=""OA_YTM""";"=""BAYRAMHACILI BARAJI ve HES""";"=""10933818988""";"=""2110""";"=""BAYRAMHACILI 154""";157;157,64;42,05;-16,15;;;;;-13,896;26,208;"=""1""";
"=""API""";"=""CONVENTIONAL""";"=""2026-05-01T21:06:00+03:00""";"=""OA_YTM""";"=""BAYRAMHACILI BARAJI ve HES""";"=""10933818988""";"=""2110""";"=""BAYRAMHACILI 154""";157;157,64;42,15;-15,82;;;;;-13,896;26,208;"=""1""";
"=""API""";"=""CONVENTIONAL""";"=""2026-05-01T21:07:00+03:00""";"=""OA_YTM""";"=""BAYRAMHACILI BARAJI ve HES""";"=""10933818988""";"=""2110""";"=""BAYRAMHACILI 154""";157;157,64;42,17;-15,16;;;;;-13,896;26,208;"=""1""";
"=""API""";"=""CONVENTIONAL""";"=""2026-05-01T21:08:00+03:00""";"=""OA_YTM""";"=""BAYRAMHACILI BARAJI ve HES""";"=""10933818988""";"=""2110""";"=""BAYRAMHACILI 154""";157;157,64;42,14;-15,21;;;;;-13,896;26,208;"=""1""";
"=""API""";"=""CONVENTIONAL""";"=""2026-05-01T21:09:00+03:00""";"=""OA_YTM""";"=""BAYRAMHACILI BARAJI ve HES""";"=""10933818988""";"=""2110""";"=""BAYRAMHACILI 154""";157;156,76;41,93;-15,32;;;;;-13,896;26,208;"=""1""";
"=""API""";"=""CONVENTIONAL""";"=""2026-05-01T21:10:00+03:00""";"=""OA_YTM""";"=""BAYRAMHACILI BARAJI ve HES""";"=""10933818988""";"=""2110""";"=""BAYRAMHACILI 154""";157;157,53;41,88;-15,38;;;;;-13,896;26,208;"=""1""";
"=""API""";"=""CONVENTIONAL""";"=""2026-05-01T21:11:00+03:00""";"=""OA_YTM""";"=""BAYRAMHACILI BARAJI ve HES""";"=""10933818988""";"=""2110""";"=""BAYRAMHACILI 154""";157;157,53;41,96;-16,13;;;;;-13,896;26,208;"=""1""";
"=""API""";"=""CONVENTIONAL""";"=""2026-05-01T21:12:00+03:00""";"=""OA_YTM""";"=""BAYRAMHACILI BARAJI ve HES""";"=""10933818988""";"=""2110""";"=""BAYRAMHACILI 154""";157;157,53;41,88;-16,38;;;;;-13,896;26,208;"=""1""";
"=""API""";"=""CONVENTIONAL""";"=""2026-05-01T21:13:00+03:00""";"=""OA_YTM""";"=""BAYRAMHACILI BARAJI ve HES""";"=""10933818988""";"=""2110""";"=""BAYRAMHACILI 154""";157;157,53;41,87;-15,31;;;;;-13,896;26,208;"=""1""";
"=""API""";"=""CONVENTIONAL""";"=""2026-05-01T21:14:00+03:00""";"=""OA_YTM""";"=""BAYRAMHACILI BARAJI ve HES""";"=""10933818988""";"=""2110""";"=""BAYRAMHACILI 154""";157;157,53;41,57;-15,27;;;;;-13,896;26,208;"=""1""";
"=""API""";"=""CONVENTIONAL""";"=""2026-05-01T21:15:00+03:00""";"=""OA_YTM""";"=""BAYRAMHACILI BARAJI ve HES""";"=""10933818988""";"=""2110""";"=""BAYRAMHACILI 154""";157;157,53;41,62;-15,87;;;;;-13,896;26,208;"=""1""";
"=""API""";"=""CONVENTIONAL""";"=""2026-05-01T21:16:00+03:00""";"=""OA_YTM""";"=""BAYRAMHACILI BARAJI ve HES""";"=""10933818988""";"=""2110""";"=""BAYRAMHACILI 154""";157;157,53;41,74;-16,2;;;;;-13,896;26,208;"=""1""";
"=""API""";"=""CONVENTIONAL""";"=""2026-05-01T21:17:00+03:00""";"=""OA_YTM""";"=""BAYRAMHACILI BARAJI ve HES""";"=""10933818988""";"=""2110""";"=""BAYRAMHACILI 154""";157;157,53;41,61;-15,79;;;;;-13,896;26,208;"=""1""";
"=""API""";"=""CONVENTIONAL""";"=""2026-05-01T21:18:00+03:00""";"=""OA_YTM""";"=""BAYRAMHACILI BARAJI ve HES""";"=""10933818988""";"=""2110""";"=""BAYRAMHACILI 154""";157;157,53;41,49;-15,82;;;;;-13,896;26,208;"=""1""";
"=""API""";"=""CONVENTIONAL""";"=""2026-05-01T21:19:00+03:00""";"=""OA_YTM""";"=""BAYRAMHACILI BARAJI ve HES""";"=""10933818988""";"=""2110""";"=""BAYRAMHACILI 154""";157;157,53;41,69;-15,68;;;;;-13,896;26,208;"=""1""";
"=""API""";"=""CONVENTIONAL""";"=""2026-05-01T21:20:00+03:00""";"=""OA_YTM""";"=""BAYRAMHACILI BARAJI ve HES""";"=""10933818988""";"=""2110""";"=""BAYRAMHACILI 154""";157;157,53;41,75;-16,09;;;;;-13,896;26,208;"=""1""";
"=""API""";"=""CONVENTIONAL""";"=""2026-05-01T21:21:00+03:00""";"=""OA_YTM""";"=""BAYRAMHACILI BARAJI ve HES""";"=""10933818988""";"=""2110""";"=""BAYRAMHACILI 154""";157;157,53;41,77;-16,22;;;;;-13,896;26,208;"=""1""";
"=""API""";"=""CONVENTIONAL""";"=""2026-05-01T21:22:00+03:00""";"=""OA_YTM""";"=""BAYRAMHACILI BARAJI ve HES""";"=""10933818988""";"=""2110""";"=""BAYRAMHACILI 154""";157;157,53;41,62;-16,22;;;;;-13,896;26,208;"=""1""";
"=""API""";"=""CONVENTIONAL""";"=""2026-05-01T21:23:00+03:00""";"=""OA_YTM""";"=""BAYRAMHACILI BARAJI ve HES""";"=""10933818988""";"=""2110""";"=""BAYRAMHACILI 154""";157;157,53;41,64;-16,22;;;;;-13,896;26,208;"=""1""";
"=""API""";"=""CONVENTIONAL""";"=""2026-05-01T21:24:00+03:00""";"=""OA_YTM""";"=""BAYRAMHACILI BARAJI ve HES""";"=""10933818988""";"=""2110""";"=""BAYRAMHACILI 154""";157;157,53;41,57;-16,22;;;;;-13,896;26,208;"=""1""";
"=""API""";"=""CONVENTIONAL""";"=""2026-05-01T21:25:00+03:00""";"=""OA_YTM""";"=""BAYRAMHACILI BARAJI ve HES""";"=""10933818988""";"=""2110""";"=""BAYRAMHACILI 154""";157;157,53;41,69;-16,23;;;;;-13,896;26,208;"=""1""";
"=""API""";"=""CONVENTIONAL""";"=""2026-05-01T21:26:00+03:00""";"=""OA_YTM""";"=""BAYRAMHACILI BARAJI ve HES""";"=""10933818988""";"=""2110""";"=""BAYRAMHACILI 154""";157;157,53;41,54;-16,91;;;;;-13,896;26,208;"=""1""";
"=""API""";"=""CONVENTIONAL""";"=""2026-05-01T21:27:00+03:00""";"=""OA_YTM""";"=""BAYRAMHACILI BARAJI ve HES""";"=""10933818988""";"=""2110""";"=""BAYRAMHACILI 154""";157;157,53;41,68;-16,26;;;;;-13,896;26,208;"=""1""";
"=""API""";"=""CONVENTIONAL""";"=""2026-05-01T21:28:00+03:00""";"=""OA_YTM""";"=""BAYRAMHACILI BARAJI ve HES""";"=""10933818988""";"=""2110""";"=""BAYRAMHACILI 154""";157;157,53;41,6;-15,94;;;;;-13,896;26,208;"=""1""";
"=""API""";"=""CONVENTIONAL""";"=""2026-05-01T21:29:00+03:00""";"=""OA_YTM""";"=""BAYRAMHACILI BARAJI ve HES""";"=""10933818988""";"=""2110""";"=""BAYRAMHACILI 154""";157;157,53;41,64;-15,93;;;;;-13,896;26,208;"=""1""";
"=""API""";"=""CONVENTIONAL""";"=""2026-05-01T21:30:00+03:00""";"=""OA_YTM""";"=""BAYRAMHACILI BARAJI ve HES""";"=""10933818988""";"=""2110""";"=""BAYRAMHACILI 154""";157;157,53;41,58;-15,32;;;;;-13,896;26,208;"=""1""";
"=""API""";"=""CONVENTIONAL""";"=""2026-05-01T21:31:00+03:00""";"=""OA_YTM""";"=""BAYRAMHACILI BARAJI ve HES""";"=""10933818988""";"=""2110""";"=""BAYRAMHACILI 154""";157;157,53;41,4;-15,99;;;;;-13,896;26,208;"=""1""";
"=""API""";"=""CONVENTIONAL""";"=""2026-05-01T21:32:00+03:00""";"=""OA_YTM""";"=""BAYRAMHACILI BARAJI ve HES""";"=""10933818988""";"=""2110""";"=""BAYRAMHACILI 154""";157;157,53;41,57;-15,99;;;;;-13,896;26,208;"=""1""";
"=""API""";"=""CONVENTIONAL""";"=""2026-05-01T21:33:00+03:00""";"=""OA_YTM""";"=""BAYRAMHACILI BARAJI ve HES""";"=""10933818988""";"=""2110""";"=""BAYRAMHACILI 154""";157;157,53;41,69;-16,66;;;;;-13,896;26,208;"=""1""";
"=""API""";"=""CONVENTIONAL""";"=""2026-05-01T21:34:00+03:00""";"=""OA_YTM""";"=""BAYRAMHACILI BARAJI ve HES""";"=""10933818988""";"=""2110""";"=""BAYRAMHACILI 154""";157;157,53;41,5;-16,38;;;;;-13,896;26,208;"=""1""";
"=""API""";"=""CONVENTIONAL""";"=""2026-05-01T21:35:00+03:00""";"=""OA_YTM""";"=""BAYRAMHACILI BARAJI ve HES""";"=""10933818988""";"=""2110""";"=""BAYRAMHACILI 154""";157;157,53;41,56;-16,8;;;;;-13,896;26,208;"=""1""";
"=""API""";"=""CONVENTIONAL""";"=""2026-05-01T21:36:00+03:00""";"=""OA_YTM""";"=""BAYRAMHACILI BARAJI ve HES""";"=""10933818988""";"=""2110""";"=""BAYRAMHACILI 154""";157;157,53;41,57;-16,12;;;;;-13,896;26,208;"=""1""";
"=""API""";"=""CONVENTIONAL""";"=""2026-05-01T21:37:00+03:00""";"=""OA_YTM""";"=""BAYRAMHACILI BARAJI ve HES""";"=""10933818988""";"=""2110""";"=""BAYRAMHACILI 154""";157;157,53;41,54;-16,4;;;;;-13,896;26,208;"=""1""";
"=""API""";"=""CONVENTIONAL""";"=""2026-05-01T21:38:00+03:00""";"=""OA_YTM""";"=""BAYRAMHACILI BARAJI ve HES""";"=""10933818988""";"=""2110""";"=""BAYRAMHACILI 154""";157;157,53;41,57;-16,73;;;;;-13,896;26,208;"=""1""";
"=""API""";"=""CONVENTIONAL""";"=""2026-05-01T21:39:00+03:00""";"=""OA_YTM""";"=""BAYRAMHACILI BARAJI ve HES""";"=""10933818988""";"=""2110""";"=""BAYRAMHACILI 154""";157;157,53;41,49;-16,79;;;;;-13,896;26,208;"=""1""";
"=""API""";"=""CONVENTIONAL""";"=""2026-05-01T21:40:00+03:00""";"=""OA_YTM""";"=""BAYRAMHACILI BARAJI ve HES""";"=""10933818988""";"=""2110""";"=""BAYRAMHACILI 154""";157;158,32;41,64;-16,75;;;;;-13,896;26,208;"=""1""";
"=""API""";"=""CONVENTIONAL""";"=""2026-05-01T21:41:00+03:00""";"=""OA_YTM""";"=""BAYRAMHACILI BARAJI ve HES""";"=""10933818988""";"=""2110""";"=""BAYRAMHACILI 154""";157;158,32;41,7;-16,13;;;;;-13,896;26,208;"=""1""";
"=""API""";"=""CONVENTIONAL""";"=""2026-05-01T21:42:00+03:00""";"=""OA_YTM""";"=""BAYRAMHACILI BARAJI ve HES""";"=""10933818988""";"=""2110""";"=""BAYRAMHACILI 154""";157;158,32;41,48;-16,04;;;;;-13,896;26,208;"=""1""";
"=""API""";"=""CONVENTIONAL""";"=""2026-05-01T21:43:00+03:00""";"=""OA_YTM""";"=""BAYRAMHACILI BARAJI ve HES""";"=""10933818988""";"=""2110""";"=""BAYRAMHACILI 154""";157;158,32;41,63;-16,7;;;;;-13,896;26,208;"=""1""";
"=""API""";"=""CONVENTIONAL""";"=""2026-05-01T21:44:00+03:00""";"=""OA_YTM""";"=""BAYRAMHACILI BARAJI ve HES""";"=""10933818988""";"=""2110""";"=""BAYRAMHACILI 154""";157;158,32;41,64;-16,14;;;;;-13,896;26,208;"=""1""";
"=""API""";"=""CONVENTIONAL""";"=""2026-05-01T21:45:00+03:00""";"=""OA_YTM""";"=""BAYRAMHACILI BARAJI ve HES""";"=""10933818988""";"=""2110""";"=""BAYRAMHACILI 154""";157;158,32;41,62;-15,83;;;;;-13,896;26,208;"=""1""";
"=""API""";"=""CONVENTIONAL""";"=""2026-05-01T21:46:00+03:00""";"=""OA_YTM""";"=""BAYRAMHACILI BARAJI ve HES""";"=""10933818988""";"=""2110""";"=""BAYRAMHACILI 154""";157;158,32;41,54;-15,83;;;;;-13,896;26,208;"=""1""";
"=""API""";"=""CONVENTIONAL""";"=""2026-05-01T21:47:00+03:00""";"=""OA_YTM""";"=""BAYRAMHACILI BARAJI ve HES""";"=""10933818988""";"=""2110""";"=""BAYRAMHACILI 154""";157;158,32;41,62;-15,77;;;;;-13,896;26,208;"=""1""";
"=""API""";"=""CONVENTIONAL""";"=""2026-05-01T21:48:00+03:00""";"=""OA_YTM""";"=""BAYRAMHACILI BARAJI ve HES""";"=""10933818988""";"=""2110""";"=""BAYRAMHACILI 154""";157;158,32;41,8;-15,77;;;;;-13,896;26,208;"=""1""";
"=""API""";"=""CONVENTIONAL""";"=""2026-05-01T21:49:00+03:00""";"=""OA_YTM""";"=""BAYRAMHACILI BARAJI ve HES""";"=""10933818988""";"=""2110""";"=""BAYRAMHACILI 154""";157;158,32;41,96;-16,08;;;;;-13,896;26,208;"=""1""";
"=""API""";"=""CONVENTIONAL""";"=""2026-05-01T21:50:00+03:00""";"=""OA_YTM""";"=""BAYRAMHACILI BARAJI ve HES""";"=""10933818988""";"=""2110""";"=""BAYRAMHACILI 154""";157;158,32;41,87;-16,44;;;;;-13,896;26,208;"=""1""";
"=""API""";"=""CONVENTIONAL""";"=""2026-05-01T21:51:00+03:00""";"=""OA_YTM""";"=""BAYRAMHACILI BARAJI ve HES""";"=""10933818988""";"=""2110""";"=""BAYRAMHACILI 154""";157;158,32;41,55;-16,4;;;;;-13,896;26,208;"=""1""";
"=""API""";"=""CONVENTIONAL""";"=""2026-05-01T21:52:00+03:00""";"=""OA_YTM""";"=""BAYRAMHACILI BARAJI ve HES""";"=""10933818988""";"=""2110""";"=""BAYRAMHACILI 154""";157;158,32;41,8;-15,93;;;;;-13,896;26,208;"=""1""";
"=""API""";"=""CONVENTIONAL""";"=""2026-05-01T21:53:00+03:00""";"=""OA_YTM""";"=""BAYRAMHACILI BARAJI ve HES""";"=""10933818988""";"=""2110""";"=""BAYRAMHACILI 154""";157;159,24;41,81;-17,28;;;;;-13,896;26,208;"=""1""";
"=""API""";"=""CONVENTIONAL""";"=""2026-05-01T21:54:00+03:00""";"=""OA_YTM""";"=""BAYRAMHACILI BARAJI ve HES""";"=""10933818988""";"=""2110""";"=""BAYRAMHACILI 154""";157;159,24;41,84;-15,92;;;;;-13,896;26,208;"=""1""";
"=""API""";"=""CONVENTIONAL""";"=""2026-05-01T21:55:00+03:00""";"=""OA_YTM""";"=""BAYRAMHACILI BARAJI ve HES""";"=""10933818988""";"=""2110""";"=""BAYRAMHACILI 154""";157;159,24;41,82;-14,69;;;;;-13,896;26,208;"=""1""";
"=""API""";"=""CONVENTIONAL""";"=""2026-05-01T21:56:00+03:00""";"=""OA_YTM""";"=""BAYRAMHACILI BARAJI ve HES""";"=""10933818988""";"=""2110""";"=""BAYRAMHACILI 154""";157;159,24;41,82;-16,06;;;;;-13,896;26,208;"=""1""";
"=""API""";"=""CONVENTIONAL""";"=""2026-05-01T21:57:00+03:00""";"=""OA_YTM""";"=""BAYRAMHACILI BARAJI ve HES""";"=""10933818988""";"=""2110""";"=""BAYRAMHACILI 154""";157;159,24;41,84;-15,99;;;;;-13,896;26,208;"=""1""";
"=""API""";"=""CONVENTIONAL""";"=""2026-05-01T21:58:00+03:00""";"=""OA_YTM""";"=""BAYRAMHACILI BARAJI ve HES""";"=""10933818988""";"=""2110""";"=""BAYRAMHACILI 154""";157;159,24;41,77;-15,02;;;;;-13,896;26,208;"=""1""";
"=""API""";"=""CONVENTIONAL""";"=""2026-05-01T21:59:00+03:00""";"=""OA_YTM""";"=""BAYRAMHACILI BARAJI ve HES""";"=""10933818988""";"=""2110""";"=""BAYRAMHACILI 154""";157;159,24;41,67;-15,33;;;;;-13,896;26,208;"=""1""";
"=""API""";"=""CONVENTIONAL""";"=""2026-05-01T22:00:00+03:00""";"=""OA_YTM""";"=""BAYRAMHACILI BARAJI ve HES""";"=""10933818988""";"=""2110""";"=""BAYRAMHACILI 154""";157;159,24;42;-16,35;;;;;-13,896;26,208;"=""1""";
"=""API""";"=""CONVENTIONAL""";"=""2026-05-01T22:01:00+03:00""";"=""OA_YTM""";"=""BAYRAMHACILI BARAJI ve HES""";"=""10933818988""";"=""2110""";"=""BAYRAMHACILI 154""";157;159,24;41,44;-15,64;;;;;-13,896;26,208;"=""1""";
"=""API""";"=""CONVENTIONAL""";"=""2026-05-01T22:02:00+03:00""";"=""OA_YTM""";"=""BAYRAMHACILI BARAJI ve HES""";"=""10933818988""";"=""2110""";"=""BAYRAMHACILI 154""";157;159,24;41,79;-15,94;;;;;-13,896;26,208;"=""1""";
"=""API""";"=""CONVENTIONAL""";"=""2026-05-01T22:03:00+03:00""";"=""OA_YTM""";"=""BAYRAMHACILI BARAJI ve HES""";"=""10933818988""";"=""2110""";"=""BAYRAMHACILI 154""";157;159,24;41,68;-16,06;;;;;-13,896;26,208;"=""1""";
"=""API""";"=""CONVENTIONAL""";"=""2026-05-01T22:04:00+03:00""";"=""OA_YTM""";"=""BAYRAMHACILI BARAJI ve HES""";"=""10933818988""";"=""2110""";"=""BAYRAMHACILI 154""";157;159,24;41,84;-16,76;;;;;-13,896;26,208;"=""1""";
"=""API""";"=""CONVENTIONAL""";"=""2026-05-01T22:05:00+03:00""";"=""OA_YTM""";"=""BAYRAMHACILI BARAJI ve HES""";"=""10933818988""";"=""2110""";"=""BAYRAMHACILI 154""";157;159,24;41,63;-15,52;;;;;-13,896;26,208;"=""1""";
"=""API""";"=""CONVENTIONAL""";"=""2026-05-01T22:06:00+03:00""";"=""OA_YTM""";"=""BAYRAMHACILI BARAJI ve HES""";"=""10933818988""";"=""2110""";"=""BAYRAMHACILI 154""";157;159,24;41,84;-15,76;;;;;-13,896;26,208;"=""1""";
"=""API""";"=""CONVENTIONAL""";"=""2026-05-01T22:07:00+03:00""";"=""OA_YTM""";"=""BAYRAMHACILI BARAJI ve HES""";"=""10933818988""";"=""2110""";"=""BAYRAMHACILI 154""";157;159,24;41,81;-16,06;;;;;-13,896;26,208;"=""1""";
"=""API""";"=""CONVENTIONAL""";"=""2026-05-01T22:08:00+03:00""";"=""OA_YTM""";"=""BAYRAMHACILI BARAJI ve HES""";"=""10933818988""";"=""2110""";"=""BAYRAMHACILI 154""";157;159,24;41,74;-15,67;;;;;-13,896;26,208;"=""1""";
"=""API""";"=""CONVENTIONAL""";"=""2026-05-01T22:09:00+03:00""";"=""OA_YTM""";"=""BAYRAMHACILI BARAJI ve HES""";"=""10933818988""";"=""2110""";"=""BAYRAMHACILI 154""";157;158,46;41,78;-13,32;;;;;-13,896;26,208;"=""1""";
"=""API""";"=""CONVENTIONAL""";"=""2026-05-01T22:10:00+03:00""";"=""OA_YTM""";"=""BAYRAMHACILI BARAJI ve HES""";"=""10933818988""";"=""2110""";"=""BAYRAMHACILI 154""";157;158,46;41,82;-14,17;;;;;-13,896;26,208;"=""1""";
"=""API""";"=""CONVENTIONAL""";"=""2026-05-01T22:11:00+03:00""";"=""OA_YTM""";"=""BAYRAMHACILI BARAJI ve HES""";"=""10933818988""";"=""2110""";"=""BAYRAMHACILI 154""";157;158,46;41,82;-16,33;;;;;-13,896;26,208;"=""1""";
"=""API""";"=""CONVENTIONAL""";"=""2026-05-01T22:12:00+03:00""";"=""OA_YTM""";"=""BAYRAMHACILI BARAJI ve HES""";"=""10933818988""";"=""2110""";"=""BAYRAMHACILI 154""";157;158,46;41,84;-16,78;;;;;-13,896;26,208;"=""1""";
"=""API""";"=""CONVENTIONAL""";"=""2026-05-01T22:13:00+03:00""";"=""OA_YTM""";"=""BAYRAMHACILI BARAJI ve HES""";"=""10933818988""";"=""2110""";"=""BAYRAMHACILI 154""";157;158,46;41,73;-15,91;;;;;-13,896;26,208;"=""1""";
"=""API""";"=""CONVENTIONAL""";"=""2026-05-01T22:14:00+03:00""";"=""OA_YTM""";"=""BAYRAMHACILI BARAJI ve HES""";"=""10933818988""";"=""2110""";"=""BAYRAMHACILI 154""";157;159,24;41,83;-16,6;;;;;-13,896;26,208;"=""1""";
"=""API""";"=""CONVENTIONAL""";"=""2026-05-01T22:15:00+03:00""";"=""OA_YTM""";"=""BAYRAMHACILI BARAJI ve HES""";"=""10933818988""";"=""2110""";"=""BAYRAMHACILI 154""";157;158,41;41,6;-16,75;;;;;-13,896;26,208;"=""1""";
"=""API""";"=""CONVENTIONAL""";"=""2026-05-01T22:16:00+03:00""";"=""OA_YTM""";"=""BAYRAMHACILI BARAJI ve HES""";"=""10933818988""";"=""2110""";"=""BAYRAMHACILI 154""";157;158,41;42,01;-16,31;;;;;-13,896;26,208;"=""1""";
"=""API""";"=""CONVENTIONAL""";"=""2026-05-01T22:17:00+03:00""";"=""OA_YTM""";"=""BAYRAMHACILI BARAJI ve HES""";"=""10933818988""";"=""2110""";"=""BAYRAMHACILI 154""";157;158,41;41,95;-16,31;;;;;-13,896;26,208;"=""1""";
"=""API""";"=""CONVENTIONAL""";"=""2026-05-01T22:18:00+03:00""";"=""OA_YTM""";"=""BAYRAMHACILI BARAJI ve HES""";"=""10933818988""";"=""2110""";"=""BAYRAMHACILI 154""";157;158,41;41,88;-16,31;;;;;-13,896;26,208;"=""1""";
"=""API""";"=""CONVENTIONAL""";"=""2026-05-01T22:19:00+03:00""";"=""OA_YTM""";"=""BAYRAMHACILI BARAJI ve HES""";"=""10933818988""";"=""2110""";"=""BAYRAMHACILI 154""";157;158,41;42;-15,71;;;;;-13,896;26,208;"=""1""";
"=""API""";"=""CONVENTIONAL""";"=""2026-05-01T22:20:00+03:00""";"=""OA_YTM""";"=""BAYRAMHACILI BARAJI ve HES""";"=""10933818988""";"=""2110""";"=""BAYRAMHACILI 154""";157;158,41;41,83;-16,3;;;;;-13,896;26,208;"=""1""";
"=""API""";"=""CONVENTIONAL""";"=""2026-05-01T22:21:00+03:00""";"=""OA_YTM""";"=""BAYRAMHACILI BARAJI ve HES""";"=""10933818988""";"=""2110""";"=""BAYRAMHACILI 154""";157;158,41;42,17;-15,72;;;;;-13,896;26,208;"=""1""";
"=""API""";"=""CONVENTIONAL""";"=""2026-05-01T22:22:00+03:00""";"=""OA_YTM""";"=""BAYRAMHACILI BARAJI ve HES""";"=""10933818988""";"=""2110""";"=""BAYRAMHACILI 154""";157;158,41;41,95;-15,72;;;;;-13,896;26,208;"=""1""";
"=""API""";"=""CONVENTIONAL""";"=""2026-05-01T22:23:00+03:00""";"=""OA_YTM""";"=""BAYRAMHACILI BARAJI ve HES""";"=""10933818988""";"=""2110""";"=""BAYRAMHACILI 154""";157;158,41;41,86;-16,07;;;;;-13,896;26,208;"=""1""";
"=""API""";"=""CONVENTIONAL""";"=""2026-05-01T22:24:00+03:00""";"=""OA_YTM""";"=""BAYRAMHACILI BARAJI ve HES""";"=""10933818988""";"=""2110""";"=""BAYRAMHACILI 154""";157;158,41;41,97;-16,88;;;;;-13,896;26,208;"=""1""";
"=""API""";"=""CONVENTIONAL""";"=""2026-05-01T22:25:00+03:00""";"=""OA_YTM""";"=""BAYRAMHACILI BARAJI ve HES""";"=""10933818988""";"=""2110""";"=""BAYRAMHACILI 154""";157;158,41;41,82;-16,57;;;;;-13,896;26,208;"=""1""";
"=""API""";"=""CONVENTIONAL""";"=""2026-05-01T22:26:00+03:00""";"=""OA_YTM""";"=""BAYRAMHACILI BARAJI ve HES""";"=""10933818988""";"=""2110""";"=""BAYRAMHACILI 154""";157;159,23;41,83;-17,88;;;;;-13,896;26,208;"=""1""";
"=""API""";"=""CONVENTIONAL""";"=""2026-05-01T22:27:00+03:00""";"=""OA_YTM""";"=""BAYRAMHACILI BARAJI ve HES""";"=""10933818988""";"=""2110""";"=""BAYRAMHACILI 154""";157;159,23;41,89;-16,99;;;;;-13,896;26,208;"=""1""";
"=""API""";"=""CONVENTIONAL""";"=""2026-05-01T22:28:00+03:00""";"=""OA_YTM""";"=""BAYRAMHACILI BARAJI ve HES""";"=""10933818988""";"=""2110""";"=""BAYRAMHACILI 154""";157;159,23;41,96;-17,53;;;;;-13,896;26,208;"=""1""";
"=""API""";"=""CONVENTIONAL""";"=""2026-05-01T22:29:00+03:00""";"=""OA_YTM""";"=""BAYRAMHACILI BARAJI ve HES""";"=""10933818988""";"=""2110""";"=""BAYRAMHACILI 154""";157;160,08;41,92;-17,55;;;;;-13,896;26,208;"=""1""";
"=""API""";"=""CONVENTIONAL""";"=""2026-05-01T22:30:00+03:00""";"=""OA_YTM""";"=""BAYRAMHACILI BARAJI ve HES""";"=""10933818988""";"=""2110""";"=""BAYRAMHACILI 154""";157;160,08;41,81;-16,9;;;;;-13,896;26,208;"=""1""";
"=""API""";"=""CONVENTIONAL""";"=""2026-05-01T22:31:00+03:00""";"=""OA_YTM""";"=""BAYRAMHACILI BARAJI ve HES""";"=""10933818988""";"=""2110""";"=""BAYRAMHACILI 154""";157;160,08;41,73;-16,22;;;;;-13,896;26,208;"=""1""";
"=""API""";"=""CONVENTIONAL""";"=""2026-05-01T22:32:00+03:00""";"=""OA_YTM""";"=""BAYRAMHACILI BARAJI ve HES""";"=""10933818988""";"=""2110""";"=""BAYRAMHACILI 154""";157;160,08;41,65;-16,22;;;;;-13,896;26,208;"=""1""";
"=""API""";"=""CONVENTIONAL""";"=""2026-05-01T22:33:00+03:00""";"=""OA_YTM""";"=""BAYRAMHACILI BARAJI ve HES""";"=""10933818988""";"=""2110""";"=""BAYRAMHACILI 154""";157;159,24;42,1;-15,55;;;;;-13,896;26,208;"=""1""";
"=""API""";"=""CONVENTIONAL""";"=""2026-05-01T22:34:00+03:00""";"=""OA_YTM""";"=""BAYRAMHACILI BARAJI ve HES""";"=""10933818988""";"=""2110""";"=""BAYRAMHACILI 154""";157;159,24;41,87;-14,84;;;;;-13,896;26,208;"=""1""";
"=""API""";"=""CONVENTIONAL""";"=""2026-05-01T22:35:00+03:00""";"=""OA_YTM""";"=""BAYRAMHACILI BARAJI ve HES""";"=""10933818988""";"=""2110""";"=""BAYRAMHACILI 154""";157;159,24;41,97;-16,93;;;;;-13,896;26,208;"=""1""";
"=""API""";"=""CONVENTIONAL""";"=""2026-05-01T22:36:00+03:00""";"=""OA_YTM""";"=""BAYRAMHACILI BARAJI ve HES""";"=""10933818988""";"=""2110""";"=""BAYRAMHACILI 154""";157;158,4;41,86;-15,98;;;;;-13,896;26,208;"=""1""";
"=""API""";"=""CONVENTIONAL""";"=""2026-05-01T22:37:00+03:00""";"=""OA_YTM""";"=""BAYRAMHACILI BARAJI ve HES""";"=""10933818988""";"=""2110""";"=""BAYRAMHACILI 154""";157;158,4;41,76;-16,33;;;;;-13,896;26,208;"=""1""";
"=""API""";"=""CONVENTIONAL""";"=""2026-05-01T22:38:00+03:00""";"=""OA_YTM""";"=""BAYRAMHACILI BARAJI ve HES""";"=""10933818988""";"=""2110""";"=""BAYRAMHACILI 154""";157;158,4;41,83;-15,94;;;;;-13,896;26,208;"=""1""";
"=""API""";"=""CONVENTIONAL""";"=""2026-05-01T22:39:00+03:00""";"=""OA_YTM""";"=""BAYRAMHACILI BARAJI ve HES""";"=""10933818988""";"=""2110""";"=""BAYRAMHACILI 154""";157;158,4;41,84;-16,32;;;;;-13,896;26,208;"=""1""";
"=""API""";"=""CONVENTIONAL""";"=""2026-05-01T22:40:00+03:00""";"=""OA_YTM""";"=""BAYRAMHACILI BARAJI ve HES""";"=""10933818988""";"=""2110""";"=""BAYRAMHACILI 154""";157;157,62;42,12;-15,66;;;;;-13,896;26,208;"=""1""";
"=""API""";"=""CONVENTIONAL""";"=""2026-05-01T22:41:00+03:00""";"=""OA_YTM""";"=""BAYRAMHACILI BARAJI ve HES""";"=""10933818988""";"=""2110""";"=""BAYRAMHACILI 154""";157;157,62;41,82;-15,66;;;;;-13,896;26,208;"=""1""";
"=""API""";"=""CONVENTIONAL""";"=""2026-05-01T22:42:00+03:00""";"=""OA_YTM""";"=""BAYRAMHACILI BARAJI ve HES""";"=""10933818988""";"=""2110""";"=""BAYRAMHACILI 154""";157;157,62;41,86;-15,59;;;;;-13,896;26,208;"=""1""";
"=""API""";"=""CONVENTIONAL""";"=""2026-05-01T22:43:00+03:00""";"=""OA_YTM""";"=""BAYRAMHACILI BARAJI ve HES""";"=""10933818988""";"=""2110""";"=""BAYRAMHACILI 154""";157;157,62;41,9;-16,25;;;;;-13,896;26,208;"=""1""";
"=""API""";"=""CONVENTIONAL""";"=""2026-05-01T22:44:00+03:00""";"=""OA_YTM""";"=""BAYRAMHACILI BARAJI ve HES""";"=""10933818988""";"=""2110""";"=""BAYRAMHACILI 154""";157;157,62;41,65;-16,21;;;;;-13,896;26,208;"=""1""";
"=""API""";"=""CONVENTIONAL""";"=""2026-05-01T22:45:00+03:00""";"=""OA_YTM""";"=""BAYRAMHACILI BARAJI ve HES""";"=""10933818988""";"=""2110""";"=""BAYRAMHACILI 154""";157;157,62;41,78;-16,21;;;;;-13,896;26,208;"=""1""";
"=""API""";"=""CONVENTIONAL""";"=""2026-05-01T22:46:00+03:00""";"=""OA_YTM""";"=""BAYRAMHACILI BARAJI ve HES""";"=""10933818988""";"=""2110""";"=""BAYRAMHACILI 154""";157;157,62;41,93;-16,1;;;;;-13,896;26,208;"=""1""";
"=""API""";"=""CONVENTIONAL""";"=""2026-05-01T22:47:00+03:00""";"=""OA_YTM""";"=""BAYRAMHACILI BARAJI ve HES""";"=""10933818988""";"=""2110""";"=""BAYRAMHACILI 154""";157;158,38;41,53;-16,79;;;;;-13,896;26,208;"=""1""";
"=""API""";"=""CONVENTIONAL""";"=""2026-05-01T22:48:00+03:00""";"=""OA_YTM""";"=""BAYRAMHACILI BARAJI ve HES""";"=""10933818988""";"=""2110""";"=""BAYRAMHACILI 154""";157;158,38;41,38;-15,95;;;;;-13,896;26,208;"=""1""";
"=""API""";"=""CONVENTIONAL""";"=""2026-05-01T22:49:00+03:00""";"=""OA_YTM""";"=""BAYRAMHACILI BARAJI ve HES""";"=""10933818988""";"=""2110""";"=""BAYRAMHACILI 154""";157;158,38;41,53;-17,25;;;;;-13,896;26,208;"=""1""";
"=""API""";"=""CONVENTIONAL""";"=""2026-05-01T22:50:00+03:00""";"=""OA_YTM""";"=""BAYRAMHACILI BARAJI ve HES""";"=""10933818988""";"=""2110""";"=""BAYRAMHACILI 154""";157;158,38;41,65;-17,29;;;;;-13,896;26,208;"=""1""";
"=""API""";"=""CONVENTIONAL""";"=""2026-05-01T22:51:00+03:00""";"=""OA_YTM""";"=""BAYRAMHACILI BARAJI ve HES""";"=""10933818988""";"=""2110""";"=""BAYRAMHACILI 154""";157;159,14;41,57;-16,64;;;;;-13,896;26,208;"=""1""";
"=""API""";"=""CONVENTIONAL""";"=""2026-05-01T22:52:00+03:00""";"=""OA_YTM""";"=""BAYRAMHACILI BARAJI ve HES""";"=""10933818988""";"=""2110""";"=""BAYRAMHACILI 154""";157;158,39;41,75;-16,34;;;;;-13,896;26,208;"=""1""";
"=""API""";"=""CONVENTIONAL""";"=""2026-05-01T22:53:00+03:00""";"=""OA_YTM""";"=""BAYRAMHACILI BARAJI ve HES""";"=""10933818988""";"=""2110""";"=""BAYRAMHACILI 154""";157;158,39;41,66;-16,95;;;;;-13,896;26,208;"=""1""";
"=""API""";"=""CONVENTIONAL""";"=""2026-05-01T22:54:00+03:00""";"=""OA_YTM""";"=""BAYRAMHACILI BARAJI ve HES""";"=""10933818988""";"=""2110""";"=""BAYRAMHACILI 154""";157;158,39;41,53;-16,63;;;;;-13,896;26,208;"=""1""";
"=""API""";"=""CONVENTIONAL""";"=""2026-05-01T22:55:00+03:00""";"=""OA_YTM""";"=""BAYRAMHACILI BARAJI ve HES""";"=""10933818988""";"=""2110""";"=""BAYRAMHACILI 154""";157;159,21;41,77;-17,66;;;;;-13,896;26,208;"=""1""";
"=""API""";"=""CONVENTIONAL""";"=""2026-05-01T22:56:00+03:00""";"=""OA_YTM""";"=""BAYRAMHACILI BARAJI ve HES""";"=""10933818988""";"=""2110""";"=""BAYRAMHACILI 154""";157;159,21;41,82;-17,26;;;;;-13,896;26,208;"=""1""";
"=""API""";"=""CONVENTIONAL""";"=""2026-05-01T22:57:00+03:00""";"=""OA_YTM""";"=""BAYRAMHACILI BARAJI ve HES""";"=""10933818988""";"=""2110""";"=""BAYRAMHACILI 154""";157;159,21;41,66;-16,39;;;;;-13,896;26,208;"=""1""";
"=""API""";"=""CONVENTIONAL""";"=""2026-05-01T22:58:00+03:00""";"=""OA_YTM""";"=""BAYRAMHACILI BARAJI ve HES""";"=""10933818988""";"=""2110""";"=""BAYRAMHACILI 154""";157;159,21;41,69;-16,25;;;;;-13,896;26,208;"=""1""";
"=""API""";"=""CONVENTIONAL""";"=""2026-05-01T22:59:00+03:00""";"=""OA_YTM""";"=""BAYRAMHACILI BARAJI ve HES""";"=""10933818988""";"=""2110""";"=""BAYRAMHACILI 154""";157;158,42;41,56;-15,52;;;;;-13,896;26,208;"=""1""";
"=""API""";"=""CONVENTIONAL""";"=""2026-05-01T23:00:00+03:00""";"=""OA_YTM""";"=""BAYRAMHACILI BARAJI ve HES""";"=""10933818988""";"=""2110""";"=""BAYRAMHACILI 154""";157;158,42;41,55;-15,91;;;;;-13,896;26,208;"=""1""";
"=""API""";"=""CONVENTIONAL""";"=""2026-05-01T23:01:00+03:00""";"=""OA_YTM""";"=""BAYRAMHACILI BARAJI ve HES""";"=""10933818988""";"=""2110""";"=""BAYRAMHACILI 154""";157;156,8;41,62;-12,97;;;;;-13,896;26,208;"=""1""";
"=""API""";"=""CONVENTIONAL""";"=""2026-05-01T23:02:00+03:00""";"=""OA_YTM""";"=""BAYRAMHACILI BARAJI ve HES""";"=""10933818988""";"=""2110""";"=""BAYRAMHACILI 154""";157;156,8;41,85;-8,81;;;;;-13,896;26,208;"=""1""";
"=""API""";"=""CONVENTIONAL""";"=""2026-05-01T23:03:00+03:00""";"=""OA_YTM""";"=""BAYRAMHACILI BARAJI ve HES""";"=""10933818988""";"=""2110""";"=""BAYRAMHACILI 154""";157;156,96;41,8;-10,4;;;;;-13,896;26,208;"=""1""";
"=""API""";"=""CONVENTIONAL""";"=""2026-05-01T23:04:00+03:00""";"=""OA_YTM""";"=""BAYRAMHACILI BARAJI ve HES""";"=""10933818988""";"=""2110""";"=""BAYRAMHACILI 154""";157;156,19;41,59;-11,2;;;;;-13,896;26,208;"=""1""";
"=""API""";"=""CONVENTIONAL""";"=""2026-05-01T23:05:00+03:00""";"=""OA_YTM""";"=""BAYRAMHACILI BARAJI ve HES""";"=""10933818988""";"=""2110""";"=""BAYRAMHACILI 154""";157;157,16;41,63;-8,09;;;;;-13,896;26,208;"=""1""";
"=""API""";"=""CONVENTIONAL""";"=""2026-05-01T23:06:00+03:00""";"=""OA_YTM""";"=""BAYRAMHACILI BARAJI ve HES""";"=""10933818988""";"=""2110""";"=""BAYRAMHACILI 154""";157;157,16;41,89;-8,78;;;;;-13,896;26,208;"=""1""";
"=""API""";"=""CONVENTIONAL""";"=""2026-05-01T23:07:00+03:00""";"=""OA_YTM""";"=""BAYRAMHACILI BARAJI ve HES""";"=""10933818988""";"=""2110""";"=""BAYRAMHACILI 154""";157;157,16;41,58;-10,31;;;;;-13,896;26,208;"=""1""";
"=""API""";"=""CONVENTIONAL""";"=""2026-05-01T23:08:00+03:00""";"=""OA_YTM""";"=""BAYRAMHACILI BARAJI ve HES""";"=""10933818988""";"=""2110""";"=""BAYRAMHACILI 154""";157;157,16;41,6;-9,25;;;;;-13,896;26,208;"=""1""";
"=""API""";"=""CONVENTIONAL""";"=""2026-05-01T23:09:00+03:00""";"=""OA_YTM""";"=""BAYRAMHACILI BARAJI ve HES""";"=""10933818988""";"=""2110""";"=""BAYRAMHACILI 154""";157;156,23;41,61;-6,41;;;;;-13,896;26,208;"=""1""";
"=""API""";"=""CONVENTIONAL""";"=""2026-05-01T23:10:00+03:00""";"=""OA_YTM""";"=""BAYRAMHACILI BARAJI ve HES""";"=""10933818988""";"=""2110""";"=""BAYRAMHACILI 154""";157;157,06;41,36;-13,27;;;;;-13,896;26,208;"=""1""";
"=""API""";"=""CONVENTIONAL""";"=""2026-05-01T23:11:00+03:00""";"=""OA_YTM""";"=""BAYRAMHACILI BARAJI ve HES""";"=""10933818988""";"=""2110""";"=""BAYRAMHACILI 154""";157;157,06;41,71;-11,47;;;;;-13,896;26,208;"=""1""";
"=""API""";"=""CONVENTIONAL""";"=""2026-05-01T23:12:00+03:00""";"=""OA_YTM""";"=""BAYRAMHACILI BARAJI ve HES""";"=""10933818988""";"=""2110""";"=""BAYRAMHACILI 154""";157;157,06;41,61;-12,54;;;;;-13,896;26,208;"=""1""";
"=""API""";"=""CONVENTIONAL""";"=""2026-05-01T23:13:00+03:00""";"=""OA_YTM""";"=""BAYRAMHACILI BARAJI ve HES""";"=""10933818988""";"=""2110""";"=""BAYRAMHACILI 154""";157;157,06;41,56;-13,6;;;;;-13,896;26,208;"=""1""";
"=""API""";"=""CONVENTIONAL""";"=""2026-05-01T23:14:00+03:00""";"=""OA_YTM""";"=""BAYRAMHACILI BARAJI ve HES""";"=""10933818988""";"=""2110""";"=""BAYRAMHACILI 154""";157;157,86;41,56;-16,28;;;;;-13,896;26,208;"=""1""";
"=""API""";"=""CONVENTIONAL""";"=""2026-05-01T23:15:00+03:00""";"=""OA_YTM""";"=""BAYRAMHACILI BARAJI ve HES""";"=""10933818988""";"=""2110""";"=""BAYRAMHACILI 154""";157;157,86;41,6;-15,65;;;;;-13,896;26,208;"=""1""";
"=""API""";"=""CONVENTIONAL""";"=""2026-05-01T23:16:00+03:00""";"=""OA_YTM""";"=""BAYRAMHACILI BARAJI ve HES""";"=""10933818988""";"=""2110""";"=""BAYRAMHACILI 154""";157;157,86;41,59;-15,65;;;;;-13,896;26,208;"=""1""";
"=""API""";"=""CONVENTIONAL""";"=""2026-05-01T23:17:00+03:00""";"=""OA_YTM""";"=""BAYRAMHACILI BARAJI ve HES""";"=""10933818988""";"=""2110""";"=""BAYRAMHACILI 154""";157;157,86;41,64;-15,07;;;;;-13,896;26,208;"=""1""";
"=""API""";"=""CONVENTIONAL""";"=""2026-05-01T23:18:00+03:00""";"=""OA_YTM""";"=""BAYRAMHACILI BARAJI ve HES""";"=""10933818988""";"=""2110""";"=""BAYRAMHACILI 154""";157;157,11;41,86;-15,56;;;;;-13,896;26,208;"=""1""";
"=""API""";"=""CONVENTIONAL""";"=""2026-05-01T23:19:00+03:00""";"=""OA_YTM""";"=""BAYRAMHACILI BARAJI ve HES""";"=""10933818988""";"=""2110""";"=""BAYRAMHACILI 154""";157;157,11;41,64;-16,35;;;;;-13,896;26,208;"=""1""";
"=""API""";"=""CONVENTIONAL""";"=""2026-05-01T23:20:00+03:00""";"=""OA_YTM""";"=""BAYRAMHACILI BARAJI ve HES""";"=""10933818988""";"=""2110""";"=""BAYRAMHACILI 154""";157;157,86;42,15;-15,9;;;;;-13,896;26,208;"=""1""";
"=""API""";"=""CONVENTIONAL""";"=""2026-05-01T23:21:00+03:00""";"=""OA_YTM""";"=""BAYRAMHACILI BARAJI ve HES""";"=""10933818988""";"=""2110""";"=""BAYRAMHACILI 154""";157;157,1;41,75;-14,73;;;;;-13,896;26,208;"=""1""";
"=""API""";"=""CONVENTIONAL""";"=""2026-05-01T23:22:00+03:00""";"=""OA_YTM""";"=""BAYRAMHACILI BARAJI ve HES""";"=""10933818988""";"=""2110""";"=""BAYRAMHACILI 154""";157;156,3;41,74;-10,96;;;;;-13,896;26,208;"=""1""";
"=""API""";"=""CONVENTIONAL""";"=""2026-05-01T23:23:00+03:00""";"=""OA_YTM""";"=""BAYRAMHACILI BARAJI ve HES""";"=""10933818988""";"=""2110""";"=""BAYRAMHACILI 154""";157;157,11;42,04;-14,63;;;;;-13,896;26,208;"=""1""";
"=""API""";"=""CONVENTIONAL""";"=""2026-05-01T23:24:00+03:00""";"=""OA_YTM""";"=""BAYRAMHACILI BARAJI ve HES""";"=""10933818988""";"=""2110""";"=""BAYRAMHACILI 154""";157;157,11;42,1;-14,4;;;;;-13,896;26,208;"=""1""";
"=""API""";"=""CONVENTIONAL""";"=""2026-05-01T23:25:00+03:00""";"=""OA_YTM""";"=""BAYRAMHACILI BARAJI ve HES""";"=""10933818988""";"=""2110""";"=""BAYRAMHACILI 154""";157;157,11;42,15;-13,83;;;;;-13,896;26,208;"=""1""";
"=""API""";"=""CONVENTIONAL""";"=""2026-05-01T23:26:00+03:00""";"=""OA_YTM""";"=""BAYRAMHACILI BARAJI ve HES""";"=""10933818988""";"=""2110""";"=""BAYRAMHACILI 154""";157;157,11;42,1;-14,22;;;;;-13,896;26,208;"=""1""";
"=""API""";"=""CONVENTIONAL""";"=""2026-05-01T23:27:00+03:00""";"=""OA_YTM""";"=""BAYRAMHACILI BARAJI ve HES""";"=""10933818988""";"=""2110""";"=""BAYRAMHACILI 154""";157;157,11;42,12;-12,74;;;;;-13,896;26,208;"=""1""";
"=""API""";"=""CONVENTIONAL""";"=""2026-05-01T23:28:00+03:00""";"=""OA_YTM""";"=""BAYRAMHACILI BARAJI ve HES""";"=""10933818988""";"=""2110""";"=""BAYRAMHACILI 154""";157;157,09;42,31;-12,96;;;;;-13,896;26,208;"=""1""";
"=""API""";"=""CONVENTIONAL""";"=""2026-05-01T23:29:00+03:00""";"=""OA_YTM""";"=""BAYRAMHACILI BARAJI ve HES""";"=""10933818988""";"=""2110""";"=""BAYRAMHACILI 154""";157;157,09;41,91;-15,01;;;;;-13,896;26,208;"=""1""";
"=""API""";"=""CONVENTIONAL""";"=""2026-05-01T23:30:00+03:00""";"=""OA_YTM""";"=""BAYRAMHACILI BARAJI ve HES""";"=""10933818988""";"=""2110""";"=""BAYRAMHACILI 154""";157;157,09;42,09;-14,25;;;;;-13,896;26,208;"=""1""";
"=""API""";"=""CONVENTIONAL""";"=""2026-05-01T23:31:00+03:00""";"=""OA_YTM""";"=""BAYRAMHACILI BARAJI ve HES""";"=""10933818988""";"=""2110""";"=""BAYRAMHACILI 154""";157;156,27;41,93;-11,88;;;;;-13,896;26,208;"=""1""";
"=""API""";"=""CONVENTIONAL""";"=""2026-05-01T23:32:00+03:00""";"=""OA_YTM""";"=""BAYRAMHACILI BARAJI ve HES""";"=""10933818988""";"=""2110""";"=""BAYRAMHACILI 154""";157;157,16;42,31;-12,41;;;;;-13,896;26,208;"=""1""";
"=""API""";"=""CONVENTIONAL""";"=""2026-05-01T23:33:00+03:00""";"=""OA_YTM""";"=""BAYRAMHACILI BARAJI ve HES""";"=""10933818988""";"=""2110""";"=""BAYRAMHACILI 154""";157;157,16;42,24;-15,62;;;;;-13,896;26,208;"=""1""";
"=""API""";"=""CONVENTIONAL""";"=""2026-05-01T23:34:00+03:00""";"=""OA_YTM""";"=""BAYRAMHACILI BARAJI ve HES""";"=""10933818988""";"=""2110""";"=""BAYRAMHACILI 154""";157;157,94;42,16;-16,76;;;;;-13,896;26,208;"=""1""";
"=""API""";"=""CONVENTIONAL""";"=""2026-05-01T23:35:00+03:00""";"=""OA_YTM""";"=""BAYRAMHACILI BARAJI ve HES""";"=""10933818988""";"=""2110""";"=""BAYRAMHACILI 154""";157;157,94;42,38;-16,86;;;;;-13,896;26,208;"=""1""";
"=""API""";"=""CONVENTIONAL""";"=""2026-05-01T23:36:00+03:00""";"=""OA_YTM""";"=""BAYRAMHACILI BARAJI ve HES""";"=""10933818988""";"=""2110""";"=""BAYRAMHACILI 154""";157;157,94;42,14;-16,85;;;;;-13,896;26,208;"=""1""";
"=""API""";"=""CONVENTIONAL""";"=""2026-05-01T23:37:00+03:00""";"=""OA_YTM""";"=""BAYRAMHACILI BARAJI ve HES""";"=""10933818988""";"=""2110""";"=""BAYRAMHACILI 154""";157;157,94;42,41;-16,23;;;;;-13,896;26,208;"=""1""";
"=""API""";"=""CONVENTIONAL""";"=""2026-05-01T23:38:00+03:00""";"=""OA_YTM""";"=""BAYRAMHACILI BARAJI ve HES""";"=""10933818988""";"=""2110""";"=""BAYRAMHACILI 154""";157;157,94;42,35;-15,8;;;;;-13,896;26,208;"=""1""";
"=""API""";"=""CONVENTIONAL""";"=""2026-05-01T23:39:00+03:00""";"=""OA_YTM""";"=""BAYRAMHACILI BARAJI ve HES""";"=""10933818988""";"=""2110""";"=""BAYRAMHACILI 154""";157;157,94;42,11;-12,13;;;;;-13,896;26,208;"=""1""";
"=""API""";"=""CONVENTIONAL""";"=""2026-05-01T23:40:00+03:00""";"=""OA_YTM""";"=""BAYRAMHACILI BARAJI ve HES""";"=""10933818988""";"=""2110""";"=""BAYRAMHACILI 154""";157;157,94;42,25;-9,14;;;;;-13,896;26,208;"=""1""";
"=""API""";"=""CONVENTIONAL""";"=""2026-05-01T23:41:00+03:00""";"=""OA_YTM""";"=""BAYRAMHACILI BARAJI ve HES""";"=""10933818988""";"=""2110""";"=""BAYRAMHACILI 154""";157;157,94;42,29;-8,03;;;;;-13,896;26,208;"=""1""";
"=""API""";"=""CONVENTIONAL""";"=""2026-05-01T23:42:00+03:00""";"=""OA_YTM""";"=""BAYRAMHACILI BARAJI ve HES""";"=""10933818988""";"=""2110""";"=""BAYRAMHACILI 154""";157;157,94;25,08;-8,15;;;;;-6,948;13,104;"=""1""";
"=""API""";"=""CONVENTIONAL""";"=""2026-05-01T23:43:00+03:00""";"=""OA_YTM""";"=""BAYRAMHACILI BARAJI ve HES""";"=""10933818988""";"=""2110""";"=""BAYRAMHACILI 154""";157;157,94;21,11;-7,37;;;;;-6,948;13,104;"=""1""";
"=""API""";"=""CONVENTIONAL""";"=""2026-05-01T23:44:00+03:00""";"=""OA_YTM""";"=""BAYRAMHACILI BARAJI ve HES""";"=""10933818988""";"=""2110""";"=""BAYRAMHACILI 154""";157;157,99;20,5;-8,33;;;;;-6,948;13,104;"=""1""";
"=""API""";"=""CONVENTIONAL""";"=""2026-05-01T23:45:00+03:00""";"=""OA_YTM""";"=""BAYRAMHACILI BARAJI ve HES""";"=""10933818988""";"=""2110""";"=""BAYRAMHACILI 154""";157;158,77;20,61;-7,68;;;;;-6,948;13,104;"=""1""";
"=""API""";"=""CONVENTIONAL""";"=""2026-05-01T23:46:00+03:00""";"=""OA_YTM""";"=""BAYRAMHACILI BARAJI ve HES""";"=""10933818988""";"=""2110""";"=""BAYRAMHACILI 154""";157;157,82;20,42;-7,12;;;;;-6,948;13,104;"=""1""";
"=""API""";"=""CONVENTIONAL""";"=""2026-05-01T23:47:00+03:00""";"=""OA_YTM""";"=""BAYRAMHACILI BARAJI ve HES""";"=""10933818988""";"=""2110""";"=""BAYRAMHACILI 154""";157;157,82;20,55;-7,91;;;;;-6,948;13,104;"=""1""";
"=""API""";"=""CONVENTIONAL""";"=""2026-05-01T23:48:00+03:00""";"=""OA_YTM""";"=""BAYRAMHACILI BARAJI ve HES""";"=""10933818988""";"=""2110""";"=""BAYRAMHACILI 154""";157;157,82;20,62;-7,36;;;;;-6,948;13,104;"=""1""";
"=""API""";"=""CONVENTIONAL""";"=""2026-05-01T23:49:00+03:00""";"=""OA_YTM""";"=""BAYRAMHACILI BARAJI ve HES""";"=""10933818988""";"=""2110""";"=""BAYRAMHACILI 154""";157;157,08;20,57;-7,01;;;;;-6,948;13,104;"=""1""";
"=""API""";"=""CONVENTIONAL""";"=""2026-05-01T23:50:00+03:00""";"=""OA_YTM""";"=""BAYRAMHACILI BARAJI ve HES""";"=""10933818988""";"=""2110""";"=""BAYRAMHACILI 154""";157;157,85;20,57;-7,81;;;;;-6,948;13,104;"=""1""";
"=""API""";"=""CONVENTIONAL""";"=""2026-05-01T23:51:00+03:00""";"=""OA_YTM""";"=""BAYRAMHACILI BARAJI ve HES""";"=""10933818988""";"=""2110""";"=""BAYRAMHACILI 154""";157;157,91;20,7;-7,79;;;;;-6,948;13,104;"=""1""";
"=""API""";"=""CONVENTIONAL""";"=""2026-05-01T23:52:00+03:00""";"=""OA_YTM""";"=""BAYRAMHACILI BARAJI ve HES""";"=""10933818988""";"=""2110""";"=""BAYRAMHACILI 154""";157;157,91;20,54;-7,79;;;;;-6,948;13,104;"=""1""";
"=""API""";"=""CONVENTIONAL""";"=""2026-05-01T23:53:00+03:00""";"=""OA_YTM""";"=""BAYRAMHACILI BARAJI ve HES""";"=""10933818988""";"=""2110""";"=""BAYRAMHACILI 154""";157;158,73;20,58;-8,45;;;;;-6,948;13,104;"=""1""";
"=""API""";"=""CONVENTIONAL""";"=""2026-05-01T23:54:00+03:00""";"=""OA_YTM""";"=""BAYRAMHACILI BARAJI ve HES""";"=""10933818988""";"=""2110""";"=""BAYRAMHACILI 154""";157;158,73;20,54;-8,86;;;;;-6,948;13,104;"=""1""";
"=""API""";"=""CONVENTIONAL""";"=""2026-05-01T23:55:00+03:00""";"=""OA_YTM""";"=""BAYRAMHACILI BARAJI ve HES""";"=""10933818988""";"=""2110""";"=""BAYRAMHACILI 154""";157;158,73;20,44;-6,19;;;;;-6,948;13,104;"=""1""";
"=""API""";"=""CONVENTIONAL""";"=""2026-05-01T23:56:00+03:00""";"=""OA_YTM""";"=""BAYRAMHACILI BARAJI ve HES""";"=""10933818988""";"=""2110""";"=""BAYRAMHACILI 154""";157;159,63;20,64;-1,99;;;;;-6,948;13,104;"=""0""";
"=""API""";"=""CONVENTIONAL""";"=""2026-05-01T23:57:00+03:00""";"=""OA_YTM""";"=""BAYRAMHACILI BARAJI ve HES""";"=""10933818988""";"=""2110""";"=""BAYRAMHACILI 154""";157;160,41;20,66;0,14;;;;;-6,948;13,104;"=""0""";
"=""API""";"=""CONVENTIONAL""";"=""2026-05-01T23:58:00+03:00""";"=""OA_YTM""";"=""BAYRAMHACILI BARAJI ve HES""";"=""10933818988""";"=""2110""";"=""BAYRAMHACILI 154""";157;160,41;20,6;0,83;;;;;-6,948;13,104;"=""0""";
"=""API""";"=""CONVENTIONAL""";"=""2026-05-01T23:59:00+03:00""";"=""OA_YTM""";"=""BAYRAMHACILI BARAJI ve HES""";"=""10933818988""";"=""2110""";"=""BAYRAMHACILI 154""";157;159,61;20,6;0,17;;;;;-6,948;13,104;"=""0""";