Zaman;Seviye;Kategori;Route;Metot;URL;HTTP;Süre(ms);Mesaj;Detay;Job ID;Kaynak Tipi;Secili Bara ID;YKS Ic Bara ID;Saat Baslangic;Saat Bitis;Chunk Baslangic;Chunk Bitis;Hata Sinifi;Istek URL;API Satir;Metrik Bos Satir
2026-05-01T12:52:36.502Z;warn;fetch-job;rgdh-monitor;;;0;0;YKS cekim isi tamamlandi: rgdh-job-1777639788580-3;"{""requestHeaders"":{},""responseHeaders"":{},""detail"":{""jobId"":""rgdh-job-1777639788580-3"",""sourceType"":""WIND"",""selectedBusbar"":{""busbarId"":""6002"",""busbarName"":""AKYEL-1 RES"",""sourceType"":""WIND"",""ytm"":""OA_YTM"",""plantName"":""AKYEL-1 RES"",""hasAuxiliarySource"":""true""},""busbarInternalIds"":[""9490732369""],""displayBusbarId"":""6002"",""internalBusbarId"":""9490732369"",""apiRows"":""0"",""domRows"":""0"",""partialErrors"":""1"",""errorClass"":""YKS_HOURLY_TIMEOUT""}}";rgdh-job-1777639788580-3;WIND;6002;9490732369;;;;;YKS_HOURLY_TIMEOUT;;0;
2026-05-01T12:52:36.502Z;error;network;rgdh-wind-busbar-data;GET;https://yks.teias.gov.tr/api/rgdh-wind-busbar-data?measurementDate.greaterOrEqualThan=2026-05-01T11%3A00%3A00Z&measurementDate.lessThan=2026-05-01T12%3A00%3A00Z&size=60&page=0&sort=measurementDate%2Casc&busbarId.equals=9490732369;0;20994;signal is aborted without reason;"{""requestHeaders"":{},""responseHeaders"":{},""detail"":{""endpoint"":""/api/rgdh-wind-busbar-data"",""params"":{""measurementDate.greaterOrEqualThan"":""2026-05-01T11:00:00Z"",""measurementDate.lessThan"":""2026-05-01T12:00:00Z"",""size"":""60"",""page"":""0"",""sort"":""measurementDate,asc"",""busbarId.equals"":""9490732369""},""requestUrl"":""https://yks.teias.gov.tr/api/rgdh-wind-busbar-data?measurementDate.greaterOrEqualThan=2026-05-01T11%3A00%3A00Z&measurementDate.lessThan=2026-05-01T12%3A00%3A00Z&size=60&page=0&sort=measurementDate%2Casc&busbarId.equals=9490732369"",""rowCount"":""0"",""apiRows"":""0"",""httpStatus"":"""",""errorType"":""PAGE_FETCH_TIMEOUT"",""errorClass"":""PAGE_FETCH_TIMEOUT"",""transport"":""page-context"",""internalBusbarId"":""9490732369""}}";;;;9490732369;;;;;PAGE_FETCH_TIMEOUT;https://yks.teias.gov.tr/api/rgdh-wind-busbar-data?measurementDate.greaterOrEqualThan=2026-05-01T11%3A00%3A00Z&measurementDate.lessThan=2026-05-01T12%3A00%3A00Z&size=60&page=0&sort=measurementDate%2Casc&busbarId.equals=9490732369;0;
2026-05-01T12:52:19.476Z;success;network;rgdh-wind-busbar-data;GET;https://yks.teias.gov.tr/api/rgdh-wind-busbar-data?measurementDate.greaterOrEqualThan=2026-05-01T20%3A00%3A00Z&measurementDate.lessThan=2026-05-01T21%3A00%3A00Z&size=60&page=0&sort=measurementDate%2Casc&busbarId.equals=9490732369;200;703;GET /api/rgdh-wind-busbar-data -> 200;"{""requestHeaders"":{},""responseHeaders"":{},""detail"":{""endpoint"":""/api/rgdh-wind-busbar-data"",""params"":{""measurementDate.greaterOrEqualThan"":""2026-05-01T20:00:00Z"",""measurementDate.lessThan"":""2026-05-01T21:00:00Z"",""size"":""60"",""page"":""0"",""sort"":""measurementDate,asc"",""busbarId.equals"":""9490732369""},""requestUrl"":""https://yks.teias.gov.tr/api/rgdh-wind-busbar-data?measurementDate.greaterOrEqualThan=2026-05-01T20%3A00%3A00Z&measurementDate.lessThan=2026-05-01T21%3A00%3A00Z&size=60&page=0&sort=measurementDate%2Casc&busbarId.equals=9490732369"",""rowCount"":""0"",""apiRows"":""0"",""httpStatus"":""200"",""errorType"":"""",""errorClass"":"""",""transport"":""page-context"",""internalBusbarId"":""9490732369""}}";;;;9490732369;;;;;;https://yks.teias.gov.tr/api/rgdh-wind-busbar-data?measurementDate.greaterOrEqualThan=2026-05-01T20%3A00%3A00Z&measurementDate.lessThan=2026-05-01T21%3A00%3A00Z&size=60&page=0&sort=measurementDate%2Casc&busbarId.equals=9490732369;0;
2026-05-01T12:52:18.770Z;success;network;rgdh-wind-busbar-data;GET;https://yks.teias.gov.tr/api/rgdh-wind-busbar-data?measurementDate.greaterOrEqualThan=2026-05-01T19%3A00%3A00Z&measurementDate.lessThan=2026-05-01T20%3A00%3A00Z&size=60&page=0&sort=measurementDate%2Casc&busbarId.equals=9490732369;200;291;GET /api/rgdh-wind-busbar-data -> 200;"{""requestHeaders"":{},""responseHeaders"":{},""detail"":{""endpoint"":""/api/rgdh-wind-busbar-data"",""params"":{""measurementDate.greaterOrEqualThan"":""2026-05-01T19:00:00Z"",""measurementDate.lessThan"":""2026-05-01T20:00:00Z"",""size"":""60"",""page"":""0"",""sort"":""measurementDate,asc"",""busbarId.equals"":""9490732369""},""requestUrl"":""https://yks.teias.gov.tr/api/rgdh-wind-busbar-data?measurementDate.greaterOrEqualThan=2026-05-01T19%3A00%3A00Z&measurementDate.lessThan=2026-05-01T20%3A00%3A00Z&size=60&page=0&sort=measurementDate%2Casc&busbarId.equals=9490732369"",""rowCount"":""0"",""apiRows"":""0"",""httpStatus"":""200"",""errorType"":"""",""errorClass"":"""",""transport"":""page-context"",""internalBusbarId"":""9490732369""}}";;;;9490732369;;;;;;https://yks.teias.gov.tr/api/rgdh-wind-busbar-data?measurementDate.greaterOrEqualThan=2026-05-01T19%3A00%3A00Z&measurementDate.lessThan=2026-05-01T20%3A00%3A00Z&size=60&page=0&sort=measurementDate%2Casc&busbarId.equals=9490732369;0;
2026-05-01T12:52:18.473Z;success;network;rgdh-wind-busbar-data;GET;https://yks.teias.gov.tr/api/rgdh-wind-busbar-data?measurementDate.greaterOrEqualThan=2026-05-01T18%3A00%3A00Z&measurementDate.lessThan=2026-05-01T19%3A00%3A00Z&size=60&page=0&sort=measurementDate%2Casc&busbarId.equals=9490732369;200;59;GET /api/rgdh-wind-busbar-data -> 200;"{""requestHeaders"":{},""responseHeaders"":{},""detail"":{""endpoint"":""/api/rgdh-wind-busbar-data"",""params"":{""measurementDate.greaterOrEqualThan"":""2026-05-01T18:00:00Z"",""measurementDate.lessThan"":""2026-05-01T19:00:00Z"",""size"":""60"",""page"":""0"",""sort"":""measurementDate,asc"",""busbarId.equals"":""9490732369""},""requestUrl"":""https://yks.teias.gov.tr/api/rgdh-wind-busbar-data?measurementDate.greaterOrEqualThan=2026-05-01T18%3A00%3A00Z&measurementDate.lessThan=2026-05-01T19%3A00%3A00Z&size=60&page=0&sort=measurementDate%2Casc&busbarId.equals=9490732369"",""rowCount"":""0"",""apiRows"":""0"",""httpStatus"":""200"",""errorType"":"""",""errorClass"":"""",""transport"":""page-context"",""internalBusbarId"":""9490732369""}}";;;;9490732369;;;;;;https://yks.teias.gov.tr/api/rgdh-wind-busbar-data?measurementDate.greaterOrEqualThan=2026-05-01T18%3A00%3A00Z&measurementDate.lessThan=2026-05-01T19%3A00%3A00Z&size=60&page=0&sort=measurementDate%2Casc&busbarId.equals=9490732369;0;
2026-05-01T12:52:18.409Z;success;network;rgdh-wind-busbar-data;GET;https://yks.teias.gov.tr/api/rgdh-wind-busbar-data?measurementDate.greaterOrEqualThan=2026-05-01T17%3A00%3A00Z&measurementDate.lessThan=2026-05-01T18%3A00%3A00Z&size=60&page=0&sort=measurementDate%2Casc&busbarId.equals=9490732369;200;150;GET /api/rgdh-wind-busbar-data -> 200;"{""requestHeaders"":{},""responseHeaders"":{},""detail"":{""endpoint"":""/api/rgdh-wind-busbar-data"",""params"":{""measurementDate.greaterOrEqualThan"":""2026-05-01T17:00:00Z"",""measurementDate.lessThan"":""2026-05-01T18:00:00Z"",""size"":""60"",""page"":""0"",""sort"":""measurementDate,asc"",""busbarId.equals"":""9490732369""},""requestUrl"":""https://yks.teias.gov.tr/api/rgdh-wind-busbar-data?measurementDate.greaterOrEqualThan=2026-05-01T17%3A00%3A00Z&measurementDate.lessThan=2026-05-01T18%3A00%3A00Z&size=60&page=0&sort=measurementDate%2Casc&busbarId.equals=9490732369"",""rowCount"":""0"",""apiRows"":""0"",""httpStatus"":""200"",""errorType"":"""",""errorClass"":"""",""transport"":""page-context"",""internalBusbarId"":""9490732369""}}";;;;9490732369;;;;;;https://yks.teias.gov.tr/api/rgdh-wind-busbar-data?measurementDate.greaterOrEqualThan=2026-05-01T17%3A00%3A00Z&measurementDate.lessThan=2026-05-01T18%3A00%3A00Z&size=60&page=0&sort=measurementDate%2Casc&busbarId.equals=9490732369;0;
2026-05-01T12:52:18.254Z;success;network;rgdh-wind-busbar-data;GET;https://yks.teias.gov.tr/api/rgdh-wind-busbar-data?measurementDate.greaterOrEqualThan=2026-05-01T16%3A00%3A00Z&measurementDate.lessThan=2026-05-01T17%3A00%3A00Z&size=60&page=0&sort=measurementDate%2Casc&busbarId.equals=9490732369;200;452;GET /api/rgdh-wind-busbar-data -> 200;"{""requestHeaders"":{},""responseHeaders"":{},""detail"":{""endpoint"":""/api/rgdh-wind-busbar-data"",""params"":{""measurementDate.greaterOrEqualThan"":""2026-05-01T16:00:00Z"",""measurementDate.lessThan"":""2026-05-01T17:00:00Z"",""size"":""60"",""page"":""0"",""sort"":""measurementDate,asc"",""busbarId.equals"":""9490732369""},""requestUrl"":""https://yks.teias.gov.tr/api/rgdh-wind-busbar-data?measurementDate.greaterOrEqualThan=2026-05-01T16%3A00%3A00Z&measurementDate.lessThan=2026-05-01T17%3A00%3A00Z&size=60&page=0&sort=measurementDate%2Casc&busbarId.equals=9490732369"",""rowCount"":""0"",""apiRows"":""0"",""httpStatus"":""200"",""errorType"":"""",""errorClass"":"""",""transport"":""page-context"",""internalBusbarId"":""9490732369""}}";;;;9490732369;;;;;;https://yks.teias.gov.tr/api/rgdh-wind-busbar-data?measurementDate.greaterOrEqualThan=2026-05-01T16%3A00%3A00Z&measurementDate.lessThan=2026-05-01T17%3A00%3A00Z&size=60&page=0&sort=measurementDate%2Casc&busbarId.equals=9490732369;0;
2026-05-01T12:52:17.797Z;success;network;rgdh-wind-busbar-data;GET;https://yks.teias.gov.tr/api/rgdh-wind-busbar-data?measurementDate.greaterOrEqualThan=2026-05-01T15%3A00%3A00Z&measurementDate.lessThan=2026-05-01T16%3A00%3A00Z&size=60&page=0&sort=measurementDate%2Casc&busbarId.equals=9490732369;200;499;GET /api/rgdh-wind-busbar-data -> 200;"{""requestHeaders"":{},""responseHeaders"":{},""detail"":{""endpoint"":""/api/rgdh-wind-busbar-data"",""params"":{""measurementDate.greaterOrEqualThan"":""2026-05-01T15:00:00Z"",""measurementDate.lessThan"":""2026-05-01T16:00:00Z"",""size"":""60"",""page"":""0"",""sort"":""measurementDate,asc"",""busbarId.equals"":""9490732369""},""requestUrl"":""https://yks.teias.gov.tr/api/rgdh-wind-busbar-data?measurementDate.greaterOrEqualThan=2026-05-01T15%3A00%3A00Z&measurementDate.lessThan=2026-05-01T16%3A00%3A00Z&size=60&page=0&sort=measurementDate%2Casc&busbarId.equals=9490732369"",""rowCount"":""0"",""apiRows"":""0"",""httpStatus"":""200"",""errorType"":"""",""errorClass"":"""",""transport"":""page-context"",""internalBusbarId"":""9490732369""}}";;;;9490732369;;;;;;https://yks.teias.gov.tr/api/rgdh-wind-busbar-data?measurementDate.greaterOrEqualThan=2026-05-01T15%3A00%3A00Z&measurementDate.lessThan=2026-05-01T16%3A00%3A00Z&size=60&page=0&sort=measurementDate%2Casc&busbarId.equals=9490732369;0;
2026-05-01T12:52:17.291Z;success;network;rgdh-wind-busbar-data;GET;https://yks.teias.gov.tr/api/rgdh-wind-busbar-data?measurementDate.greaterOrEqualThan=2026-05-01T14%3A00%3A00Z&measurementDate.lessThan=2026-05-01T15%3A00%3A00Z&size=60&page=0&sort=measurementDate%2Casc&busbarId.equals=9490732369;200;1005;GET /api/rgdh-wind-busbar-data -> 200;"{""requestHeaders"":{},""responseHeaders"":{},""detail"":{""endpoint"":""/api/rgdh-wind-busbar-data"",""params"":{""measurementDate.greaterOrEqualThan"":""2026-05-01T14:00:00Z"",""measurementDate.lessThan"":""2026-05-01T15:00:00Z"",""size"":""60"",""page"":""0"",""sort"":""measurementDate,asc"",""busbarId.equals"":""9490732369""},""requestUrl"":""https://yks.teias.gov.tr/api/rgdh-wind-busbar-data?measurementDate.greaterOrEqualThan=2026-05-01T14%3A00%3A00Z&measurementDate.lessThan=2026-05-01T15%3A00%3A00Z&size=60&page=0&sort=measurementDate%2Casc&busbarId.equals=9490732369"",""rowCount"":""0"",""apiRows"":""0"",""httpStatus"":""200"",""errorType"":"""",""errorClass"":"""",""transport"":""page-context"",""internalBusbarId"":""9490732369""}}";;;;9490732369;;;;;;https://yks.teias.gov.tr/api/rgdh-wind-busbar-data?measurementDate.greaterOrEqualThan=2026-05-01T14%3A00%3A00Z&measurementDate.lessThan=2026-05-01T15%3A00%3A00Z&size=60&page=0&sort=measurementDate%2Casc&busbarId.equals=9490732369;0;
2026-05-01T12:52:16.277Z;success;network;rgdh-wind-busbar-data;GET;https://yks.teias.gov.tr/api/rgdh-wind-busbar-data?measurementDate.greaterOrEqualThan=2026-05-01T13%3A00%3A00Z&measurementDate.lessThan=2026-05-01T14%3A00%3A00Z&size=60&page=0&sort=measurementDate%2Casc&busbarId.equals=9490732369;200;247;GET /api/rgdh-wind-busbar-data -> 200;"{""requestHeaders"":{},""responseHeaders"":{},""detail"":{""endpoint"":""/api/rgdh-wind-busbar-data"",""params"":{""measurementDate.greaterOrEqualThan"":""2026-05-01T13:00:00Z"",""measurementDate.lessThan"":""2026-05-01T14:00:00Z"",""size"":""60"",""page"":""0"",""sort"":""measurementDate,asc"",""busbarId.equals"":""9490732369""},""requestUrl"":""https://yks.teias.gov.tr/api/rgdh-wind-busbar-data?measurementDate.greaterOrEqualThan=2026-05-01T13%3A00%3A00Z&measurementDate.lessThan=2026-05-01T14%3A00%3A00Z&size=60&page=0&sort=measurementDate%2Casc&busbarId.equals=9490732369"",""rowCount"":""0"",""apiRows"":""0"",""httpStatus"":""200"",""errorType"":"""",""errorClass"":"""",""transport"":""page-context"",""internalBusbarId"":""9490732369""}}";;;;9490732369;;;;;;https://yks.teias.gov.tr/api/rgdh-wind-busbar-data?measurementDate.greaterOrEqualThan=2026-05-01T13%3A00%3A00Z&measurementDate.lessThan=2026-05-01T14%3A00%3A00Z&size=60&page=0&sort=measurementDate%2Casc&busbarId.equals=9490732369;0;
2026-05-01T12:52:16.026Z;success;network;rgdh-wind-busbar-data;GET;https://yks.teias.gov.tr/api/rgdh-wind-busbar-data?measurementDate.greaterOrEqualThan=2026-05-01T12%3A00%3A00Z&measurementDate.lessThan=2026-05-01T13%3A00%3A00Z&size=60&page=0&sort=measurementDate%2Casc&busbarId.equals=9490732369;200;514;GET /api/rgdh-wind-busbar-data -> 200;"{""requestHeaders"":{},""responseHeaders"":{},""detail"":{""endpoint"":""/api/rgdh-wind-busbar-data"",""params"":{""measurementDate.greaterOrEqualThan"":""2026-05-01T12:00:00Z"",""measurementDate.lessThan"":""2026-05-01T13:00:00Z"",""size"":""60"",""page"":""0"",""sort"":""measurementDate,asc"",""busbarId.equals"":""9490732369""},""requestUrl"":""https://yks.teias.gov.tr/api/rgdh-wind-busbar-data?measurementDate.greaterOrEqualThan=2026-05-01T12%3A00%3A00Z&measurementDate.lessThan=2026-05-01T13%3A00%3A00Z&size=60&page=0&sort=measurementDate%2Casc&busbarId.equals=9490732369"",""rowCount"":""0"",""apiRows"":""0"",""httpStatus"":""200"",""errorType"":"""",""errorClass"":"""",""transport"":""page-context"",""internalBusbarId"":""9490732369""}}";;;;9490732369;;;;;;https://yks.teias.gov.tr/api/rgdh-wind-busbar-data?measurementDate.greaterOrEqualThan=2026-05-01T12%3A00%3A00Z&measurementDate.lessThan=2026-05-01T13%3A00%3A00Z&size=60&page=0&sort=measurementDate%2Casc&busbarId.equals=9490732369;0;
2026-05-01T12:52:15.501Z;error;network;rgdh-wind-busbar-data;GET;https://yks.teias.gov.tr/api/rgdh-wind-busbar-data?measurementDate.greaterOrEqualThan=2026-05-01T10%3A00%3A00Z&measurementDate.lessThan=2026-05-01T11%3A00%3A00Z&size=60&page=0&sort=measurementDate%2Casc&busbarId.equals=9490732369;0;20980;signal is aborted without reason;"{""requestHeaders"":{},""responseHeaders"":{},""detail"":{""endpoint"":""/api/rgdh-wind-busbar-data"",""params"":{""measurementDate.greaterOrEqualThan"":""2026-05-01T10:00:00Z"",""measurementDate.lessThan"":""2026-05-01T11:00:00Z"",""size"":""60"",""page"":""0"",""sort"":""measurementDate,asc"",""busbarId.equals"":""9490732369""},""requestUrl"":""https://yks.teias.gov.tr/api/rgdh-wind-busbar-data?measurementDate.greaterOrEqualThan=2026-05-01T10%3A00%3A00Z&measurementDate.lessThan=2026-05-01T11%3A00%3A00Z&size=60&page=0&sort=measurementDate%2Casc&busbarId.equals=9490732369"",""rowCount"":""0"",""apiRows"":""0"",""httpStatus"":"""",""errorType"":""PAGE_FETCH_TIMEOUT"",""errorClass"":""PAGE_FETCH_TIMEOUT"",""transport"":""page-context"",""internalBusbarId"":""9490732369""}}";;;;9490732369;;;;;PAGE_FETCH_TIMEOUT;https://yks.teias.gov.tr/api/rgdh-wind-busbar-data?measurementDate.greaterOrEqualThan=2026-05-01T10%3A00%3A00Z&measurementDate.lessThan=2026-05-01T11%3A00%3A00Z&size=60&page=0&sort=measurementDate%2Casc&busbarId.equals=9490732369;0;
2026-05-01T12:52:15.500Z;error;network;rgdh-wind-busbar-data;GET;https://yks.teias.gov.tr/api/rgdh-wind-busbar-data?measurementDate.greaterOrEqualThan=2026-05-01T09%3A00%3A00Z&measurementDate.lessThan=2026-05-01T10%3A00%3A00Z&size=60&page=0&sort=measurementDate%2Casc&busbarId.equals=9490732369;0;20982;signal is aborted without reason;"{""requestHeaders"":{},""responseHeaders"":{},""detail"":{""endpoint"":""/api/rgdh-wind-busbar-data"",""params"":{""measurementDate.greaterOrEqualThan"":""2026-05-01T09:00:00Z"",""measurementDate.lessThan"":""2026-05-01T10:00:00Z"",""size"":""60"",""page"":""0"",""sort"":""measurementDate,asc"",""busbarId.equals"":""9490732369""},""requestUrl"":""https://yks.teias.gov.tr/api/rgdh-wind-busbar-data?measurementDate.greaterOrEqualThan=2026-05-01T09%3A00%3A00Z&measurementDate.lessThan=2026-05-01T10%3A00%3A00Z&size=60&page=0&sort=measurementDate%2Casc&busbarId.equals=9490732369"",""rowCount"":""0"",""apiRows"":""0"",""httpStatus"":"""",""errorType"":""PAGE_FETCH_TIMEOUT"",""errorClass"":""PAGE_FETCH_TIMEOUT"",""transport"":""page-context"",""internalBusbarId"":""9490732369""}}";;;;9490732369;;;;;PAGE_FETCH_TIMEOUT;https://yks.teias.gov.tr/api/rgdh-wind-busbar-data?measurementDate.greaterOrEqualThan=2026-05-01T09%3A00%3A00Z&measurementDate.lessThan=2026-05-01T10%3A00%3A00Z&size=60&page=0&sort=measurementDate%2Casc&busbarId.equals=9490732369;0;
2026-05-01T12:51:54.509Z;error;network;rgdh-wind-busbar-data;GET;https://yks.teias.gov.tr/api/rgdh-wind-busbar-data?measurementDate.greaterOrEqualThan=2026-05-01T08%3A00%3A00Z&measurementDate.lessThan=2026-05-01T09%3A00%3A00Z&size=60&page=0&sort=measurementDate%2Casc&busbarId.equals=9490732369;0;20991;signal is aborted without reason;"{""requestHeaders"":{},""responseHeaders"":{},""detail"":{""endpoint"":""/api/rgdh-wind-busbar-data"",""params"":{""measurementDate.greaterOrEqualThan"":""2026-05-01T08:00:00Z"",""measurementDate.lessThan"":""2026-05-01T09:00:00Z"",""size"":""60"",""page"":""0"",""sort"":""measurementDate,asc"",""busbarId.equals"":""9490732369""},""requestUrl"":""https://yks.teias.gov.tr/api/rgdh-wind-busbar-data?measurementDate.greaterOrEqualThan=2026-05-01T08%3A00%3A00Z&measurementDate.lessThan=2026-05-01T09%3A00%3A00Z&size=60&page=0&sort=measurementDate%2Casc&busbarId.equals=9490732369"",""rowCount"":""0"",""apiRows"":""0"",""httpStatus"":"""",""errorType"":""PAGE_FETCH_TIMEOUT"",""errorClass"":""PAGE_FETCH_TIMEOUT"",""transport"":""page-context"",""internalBusbarId"":""9490732369""}}";;;;9490732369;;;;;PAGE_FETCH_TIMEOUT;https://yks.teias.gov.tr/api/rgdh-wind-busbar-data?measurementDate.greaterOrEqualThan=2026-05-01T08%3A00%3A00Z&measurementDate.lessThan=2026-05-01T09%3A00%3A00Z&size=60&page=0&sort=measurementDate%2Casc&busbarId.equals=9490732369;0;
2026-05-01T12:51:54.508Z;error;network;rgdh-wind-busbar-data;GET;https://yks.teias.gov.tr/api/rgdh-wind-busbar-data?measurementDate.greaterOrEqualThan=2026-05-01T07%3A00%3A00Z&measurementDate.lessThan=2026-05-01T08%3A00%3A00Z&size=60&page=0&sort=measurementDate%2Casc&busbarId.equals=9490732369;0;20991;signal is aborted without reason;"{""requestHeaders"":{},""responseHeaders"":{},""detail"":{""endpoint"":""/api/rgdh-wind-busbar-data"",""params"":{""measurementDate.greaterOrEqualThan"":""2026-05-01T07:00:00Z"",""measurementDate.lessThan"":""2026-05-01T08:00:00Z"",""size"":""60"",""page"":""0"",""sort"":""measurementDate,asc"",""busbarId.equals"":""9490732369""},""requestUrl"":""https://yks.teias.gov.tr/api/rgdh-wind-busbar-data?measurementDate.greaterOrEqualThan=2026-05-01T07%3A00%3A00Z&measurementDate.lessThan=2026-05-01T08%3A00%3A00Z&size=60&page=0&sort=measurementDate%2Casc&busbarId.equals=9490732369"",""rowCount"":""0"",""apiRows"":""0"",""httpStatus"":"""",""errorType"":""PAGE_FETCH_TIMEOUT"",""errorClass"":""PAGE_FETCH_TIMEOUT"",""transport"":""page-context"",""internalBusbarId"":""9490732369""}}";;;;9490732369;;;;;PAGE_FETCH_TIMEOUT;https://yks.teias.gov.tr/api/rgdh-wind-busbar-data?measurementDate.greaterOrEqualThan=2026-05-01T07%3A00%3A00Z&measurementDate.lessThan=2026-05-01T08%3A00%3A00Z&size=60&page=0&sort=measurementDate%2Casc&busbarId.equals=9490732369;0;
2026-05-01T12:51:33.510Z;error;network;rgdh-wind-busbar-data;GET;https://yks.teias.gov.tr/api/rgdh-wind-busbar-data?measurementDate.greaterOrEqualThan=2026-05-01T06%3A00%3A00Z&measurementDate.lessThan=2026-05-01T07%3A00%3A00Z&size=60&page=0&sort=measurementDate%2Casc&busbarId.equals=9490732369;0;20999;signal is aborted without reason;"{""requestHeaders"":{},""responseHeaders"":{},""detail"":{""endpoint"":""/api/rgdh-wind-busbar-data"",""params"":{""measurementDate.greaterOrEqualThan"":""2026-05-01T06:00:00Z"",""measurementDate.lessThan"":""2026-05-01T07:00:00Z"",""size"":""60"",""page"":""0"",""sort"":""measurementDate,asc"",""busbarId.equals"":""9490732369""},""requestUrl"":""https://yks.teias.gov.tr/api/rgdh-wind-busbar-data?measurementDate.greaterOrEqualThan=2026-05-01T06%3A00%3A00Z&measurementDate.lessThan=2026-05-01T07%3A00%3A00Z&size=60&page=0&sort=measurementDate%2Casc&busbarId.equals=9490732369"",""rowCount"":""0"",""apiRows"":""0"",""httpStatus"":"""",""errorType"":""PAGE_FETCH_TIMEOUT"",""errorClass"":""PAGE_FETCH_TIMEOUT"",""transport"":""page-context"",""internalBusbarId"":""9490732369""}}";;;;9490732369;;;;;PAGE_FETCH_TIMEOUT;https://yks.teias.gov.tr/api/rgdh-wind-busbar-data?measurementDate.greaterOrEqualThan=2026-05-01T06%3A00%3A00Z&measurementDate.lessThan=2026-05-01T07%3A00%3A00Z&size=60&page=0&sort=measurementDate%2Casc&busbarId.equals=9490732369;0;
2026-05-01T12:51:33.509Z;error;network;rgdh-wind-busbar-data;GET;https://yks.teias.gov.tr/api/rgdh-wind-busbar-data?measurementDate.greaterOrEqualThan=2026-05-01T05%3A00%3A00Z&measurementDate.lessThan=2026-05-01T06%3A00%3A00Z&size=60&page=0&sort=measurementDate%2Casc&busbarId.equals=9490732369;0;20999;signal is aborted without reason;"{""requestHeaders"":{},""responseHeaders"":{},""detail"":{""endpoint"":""/api/rgdh-wind-busbar-data"",""params"":{""measurementDate.greaterOrEqualThan"":""2026-05-01T05:00:00Z"",""measurementDate.lessThan"":""2026-05-01T06:00:00Z"",""size"":""60"",""page"":""0"",""sort"":""measurementDate,asc"",""busbarId.equals"":""9490732369""},""requestUrl"":""https://yks.teias.gov.tr/api/rgdh-wind-busbar-data?measurementDate.greaterOrEqualThan=2026-05-01T05%3A00%3A00Z&measurementDate.lessThan=2026-05-01T06%3A00%3A00Z&size=60&page=0&sort=measurementDate%2Casc&busbarId.equals=9490732369"",""rowCount"":""0"",""apiRows"":""0"",""httpStatus"":"""",""errorType"":""PAGE_FETCH_TIMEOUT"",""errorClass"":""PAGE_FETCH_TIMEOUT"",""transport"":""page-context"",""internalBusbarId"":""9490732369""}}";;;;9490732369;;;;;PAGE_FETCH_TIMEOUT;https://yks.teias.gov.tr/api/rgdh-wind-busbar-data?measurementDate.greaterOrEqualThan=2026-05-01T05%3A00%3A00Z&measurementDate.lessThan=2026-05-01T06%3A00%3A00Z&size=60&page=0&sort=measurementDate%2Casc&busbarId.equals=9490732369;0;
2026-05-01T12:51:12.505Z;error;network;rgdh-wind-busbar-data;GET;https://yks.teias.gov.tr/api/rgdh-wind-busbar-data?measurementDate.greaterOrEqualThan=2026-05-01T04%3A00%3A00Z&measurementDate.lessThan=2026-05-01T05%3A00%3A00Z&size=60&page=0&sort=measurementDate%2Casc&busbarId.equals=9490732369;0;20994;signal is aborted without reason;"{""requestHeaders"":{},""responseHeaders"":{},""detail"":{""endpoint"":""/api/rgdh-wind-busbar-data"",""params"":{""measurementDate.greaterOrEqualThan"":""2026-05-01T04:00:00Z"",""measurementDate.lessThan"":""2026-05-01T05:00:00Z"",""size"":""60"",""page"":""0"",""sort"":""measurementDate,asc"",""busbarId.equals"":""9490732369""},""requestUrl"":""https://yks.teias.gov.tr/api/rgdh-wind-busbar-data?measurementDate.greaterOrEqualThan=2026-05-01T04%3A00%3A00Z&measurementDate.lessThan=2026-05-01T05%3A00%3A00Z&size=60&page=0&sort=measurementDate%2Casc&busbarId.equals=9490732369"",""rowCount"":""0"",""apiRows"":""0"",""httpStatus"":"""",""errorType"":""PAGE_FETCH_TIMEOUT"",""errorClass"":""PAGE_FETCH_TIMEOUT"",""transport"":""page-context"",""internalBusbarId"":""9490732369""}}";;;;9490732369;;;;;PAGE_FETCH_TIMEOUT;https://yks.teias.gov.tr/api/rgdh-wind-busbar-data?measurementDate.greaterOrEqualThan=2026-05-01T04%3A00%3A00Z&measurementDate.lessThan=2026-05-01T05%3A00%3A00Z&size=60&page=0&sort=measurementDate%2Casc&busbarId.equals=9490732369;0;
2026-05-01T12:51:12.504Z;error;network;rgdh-wind-busbar-data;GET;https://yks.teias.gov.tr/api/rgdh-wind-busbar-data?measurementDate.greaterOrEqualThan=2026-05-01T03%3A00%3A00Z&measurementDate.lessThan=2026-05-01T04%3A00%3A00Z&size=60&page=0&sort=measurementDate%2Casc&busbarId.equals=9490732369;0;20996;signal is aborted without reason;"{""requestHeaders"":{},""responseHeaders"":{},""detail"":{""endpoint"":""/api/rgdh-wind-busbar-data"",""params"":{""measurementDate.greaterOrEqualThan"":""2026-05-01T03:00:00Z"",""measurementDate.lessThan"":""2026-05-01T04:00:00Z"",""size"":""60"",""page"":""0"",""sort"":""measurementDate,asc"",""busbarId.equals"":""9490732369""},""requestUrl"":""https://yks.teias.gov.tr/api/rgdh-wind-busbar-data?measurementDate.greaterOrEqualThan=2026-05-01T03%3A00%3A00Z&measurementDate.lessThan=2026-05-01T04%3A00%3A00Z&size=60&page=0&sort=measurementDate%2Casc&busbarId.equals=9490732369"",""rowCount"":""0"",""apiRows"":""0"",""httpStatus"":"""",""errorType"":""PAGE_FETCH_TIMEOUT"",""errorClass"":""PAGE_FETCH_TIMEOUT"",""transport"":""page-context"",""internalBusbarId"":""9490732369""}}";;;;9490732369;;;;;PAGE_FETCH_TIMEOUT;https://yks.teias.gov.tr/api/rgdh-wind-busbar-data?measurementDate.greaterOrEqualThan=2026-05-01T03%3A00%3A00Z&measurementDate.lessThan=2026-05-01T04%3A00%3A00Z&size=60&page=0&sort=measurementDate%2Casc&busbarId.equals=9490732369;0;
2026-05-01T12:50:51.500Z;error;network;rgdh-wind-busbar-data;GET;https://yks.teias.gov.tr/api/rgdh-wind-busbar-data?measurementDate.greaterOrEqualThan=2026-05-01T02%3A00%3A00Z&measurementDate.lessThan=2026-05-01T03%3A00%3A00Z&size=60&page=0&sort=measurementDate%2Casc&busbarId.equals=9490732369;0;20976;signal is aborted without reason;"{""requestHeaders"":{},""responseHeaders"":{},""detail"":{""endpoint"":""/api/rgdh-wind-busbar-data"",""params"":{""measurementDate.greaterOrEqualThan"":""2026-05-01T02:00:00Z"",""measurementDate.lessThan"":""2026-05-01T03:00:00Z"",""size"":""60"",""page"":""0"",""sort"":""measurementDate,asc"",""busbarId.equals"":""9490732369""},""requestUrl"":""https://yks.teias.gov.tr/api/rgdh-wind-busbar-data?measurementDate.greaterOrEqualThan=2026-05-01T02%3A00%3A00Z&measurementDate.lessThan=2026-05-01T03%3A00%3A00Z&size=60&page=0&sort=measurementDate%2Casc&busbarId.equals=9490732369"",""rowCount"":""0"",""apiRows"":""0"",""httpStatus"":"""",""errorType"":""PAGE_FETCH_TIMEOUT"",""errorClass"":""PAGE_FETCH_TIMEOUT"",""transport"":""page-context"",""internalBusbarId"":""9490732369""}}";;;;9490732369;;;;;PAGE_FETCH_TIMEOUT;https://yks.teias.gov.tr/api/rgdh-wind-busbar-data?measurementDate.greaterOrEqualThan=2026-05-01T02%3A00%3A00Z&measurementDate.lessThan=2026-05-01T03%3A00%3A00Z&size=60&page=0&sort=measurementDate%2Casc&busbarId.equals=9490732369;0;
2026-05-01T12:50:51.499Z;error;network;rgdh-wind-busbar-data;GET;https://yks.teias.gov.tr/api/rgdh-wind-busbar-data?measurementDate.greaterOrEqualThan=2026-05-01T01%3A00%3A00Z&measurementDate.lessThan=2026-05-01T02%3A00%3A00Z&size=60&page=0&sort=measurementDate%2Casc&busbarId.equals=9490732369;0;20980;signal is aborted without reason;"{""requestHeaders"":{},""responseHeaders"":{},""detail"":{""endpoint"":""/api/rgdh-wind-busbar-data"",""params"":{""measurementDate.greaterOrEqualThan"":""2026-05-01T01:00:00Z"",""measurementDate.lessThan"":""2026-05-01T02:00:00Z"",""size"":""60"",""page"":""0"",""sort"":""measurementDate,asc"",""busbarId.equals"":""9490732369""},""requestUrl"":""https://yks.teias.gov.tr/api/rgdh-wind-busbar-data?measurementDate.greaterOrEqualThan=2026-05-01T01%3A00%3A00Z&measurementDate.lessThan=2026-05-01T02%3A00%3A00Z&size=60&page=0&sort=measurementDate%2Casc&busbarId.equals=9490732369"",""rowCount"":""0"",""apiRows"":""0"",""httpStatus"":"""",""errorType"":""PAGE_FETCH_TIMEOUT"",""errorClass"":""PAGE_FETCH_TIMEOUT"",""transport"":""page-context"",""internalBusbarId"":""9490732369""}}";;;;9490732369;;;;;PAGE_FETCH_TIMEOUT;https://yks.teias.gov.tr/api/rgdh-wind-busbar-data?measurementDate.greaterOrEqualThan=2026-05-01T01%3A00%3A00Z&measurementDate.lessThan=2026-05-01T02%3A00%3A00Z&size=60&page=0&sort=measurementDate%2Casc&busbarId.equals=9490732369;0;
2026-05-01T12:50:30.509Z;error;network;rgdh-wind-busbar-data;GET;https://yks.teias.gov.tr/api/rgdh-wind-busbar-data?measurementDate.greaterOrEqualThan=2026-05-01T00%3A00%3A00Z&measurementDate.lessThan=2026-05-01T01%3A00%3A00Z&size=60&page=0&sort=measurementDate%2Casc&busbarId.equals=9490732369;0;20987;signal is aborted without reason;"{""requestHeaders"":{},""responseHeaders"":{},""detail"":{""endpoint"":""/api/rgdh-wind-busbar-data"",""params"":{""measurementDate.greaterOrEqualThan"":""2026-05-01T00:00:00Z"",""measurementDate.lessThan"":""2026-05-01T01:00:00Z"",""size"":""60"",""page"":""0"",""sort"":""measurementDate,asc"",""busbarId.equals"":""9490732369""},""requestUrl"":""https://yks.teias.gov.tr/api/rgdh-wind-busbar-data?measurementDate.greaterOrEqualThan=2026-05-01T00%3A00%3A00Z&measurementDate.lessThan=2026-05-01T01%3A00%3A00Z&size=60&page=0&sort=measurementDate%2Casc&busbarId.equals=9490732369"",""rowCount"":""0"",""apiRows"":""0"",""httpStatus"":"""",""errorType"":""PAGE_FETCH_TIMEOUT"",""errorClass"":""PAGE_FETCH_TIMEOUT"",""transport"":""page-context"",""internalBusbarId"":""9490732369""}}";;;;9490732369;;;;;PAGE_FETCH_TIMEOUT;https://yks.teias.gov.tr/api/rgdh-wind-busbar-data?measurementDate.greaterOrEqualThan=2026-05-01T00%3A00%3A00Z&measurementDate.lessThan=2026-05-01T01%3A00%3A00Z&size=60&page=0&sort=measurementDate%2Casc&busbarId.equals=9490732369;0;
2026-05-01T12:50:30.507Z;error;network;rgdh-wind-busbar-data;GET;https://yks.teias.gov.tr/api/rgdh-wind-busbar-data?measurementDate.greaterOrEqualThan=2026-04-30T23%3A00%3A00Z&measurementDate.lessThan=2026-05-01T00%3A00%3A00Z&size=60&page=0&sort=measurementDate%2Casc&busbarId.equals=9490732369;0;20989;signal is aborted without reason;"{""requestHeaders"":{},""responseHeaders"":{},""detail"":{""endpoint"":""/api/rgdh-wind-busbar-data"",""params"":{""measurementDate.greaterOrEqualThan"":""2026-04-30T23:00:00Z"",""measurementDate.lessThan"":""2026-05-01T00:00:00Z"",""size"":""60"",""page"":""0"",""sort"":""measurementDate,asc"",""busbarId.equals"":""9490732369""},""requestUrl"":""https://yks.teias.gov.tr/api/rgdh-wind-busbar-data?measurementDate.greaterOrEqualThan=2026-04-30T23%3A00%3A00Z&measurementDate.lessThan=2026-05-01T00%3A00%3A00Z&size=60&page=0&sort=measurementDate%2Casc&busbarId.equals=9490732369"",""rowCount"":""0"",""apiRows"":""0"",""httpStatus"":"""",""errorType"":""PAGE_FETCH_TIMEOUT"",""errorClass"":""PAGE_FETCH_TIMEOUT"",""transport"":""page-context"",""internalBusbarId"":""9490732369""}}";;;;9490732369;;;;;PAGE_FETCH_TIMEOUT;https://yks.teias.gov.tr/api/rgdh-wind-busbar-data?measurementDate.greaterOrEqualThan=2026-04-30T23%3A00%3A00Z&measurementDate.lessThan=2026-05-01T00%3A00%3A00Z&size=60&page=0&sort=measurementDate%2Casc&busbarId.equals=9490732369;0;
2026-05-01T12:50:09.511Z;error;network;rgdh-wind-busbar-data;GET;https://yks.teias.gov.tr/api/rgdh-wind-busbar-data?measurementDate.greaterOrEqualThan=2026-04-30T22%3A00%3A00Z&measurementDate.lessThan=2026-04-30T23%3A00%3A00Z&size=60&page=0&sort=measurementDate%2Casc&busbarId.equals=9490732369;0;20505;signal is aborted without reason;"{""requestHeaders"":{},""responseHeaders"":{},""detail"":{""endpoint"":""/api/rgdh-wind-busbar-data"",""params"":{""measurementDate.greaterOrEqualThan"":""2026-04-30T22:00:00Z"",""measurementDate.lessThan"":""2026-04-30T23:00:00Z"",""size"":""60"",""page"":""0"",""sort"":""measurementDate,asc"",""busbarId.equals"":""9490732369""},""requestUrl"":""https://yks.teias.gov.tr/api/rgdh-wind-busbar-data?measurementDate.greaterOrEqualThan=2026-04-30T22%3A00%3A00Z&measurementDate.lessThan=2026-04-30T23%3A00%3A00Z&size=60&page=0&sort=measurementDate%2Casc&busbarId.equals=9490732369"",""rowCount"":""0"",""apiRows"":""0"",""httpStatus"":"""",""errorType"":""PAGE_FETCH_TIMEOUT"",""errorClass"":""PAGE_FETCH_TIMEOUT"",""transport"":""page-context"",""internalBusbarId"":""9490732369""}}";;;;9490732369;;;;;PAGE_FETCH_TIMEOUT;https://yks.teias.gov.tr/api/rgdh-wind-busbar-data?measurementDate.greaterOrEqualThan=2026-04-30T22%3A00%3A00Z&measurementDate.lessThan=2026-04-30T23%3A00%3A00Z&size=60&page=0&sort=measurementDate%2Casc&busbarId.equals=9490732369;0;
2026-05-01T12:50:09.509Z;error;network;rgdh-wind-busbar-data;GET;https://yks.teias.gov.tr/api/rgdh-wind-busbar-data?measurementDate.greaterOrEqualThan=2026-04-30T21%3A00%3A00Z&measurementDate.lessThan=2026-04-30T22%3A00%3A00Z&size=60&page=0&sort=measurementDate%2Casc&busbarId.equals=9490732369;0;20504;signal is aborted without reason;"{""requestHeaders"":{},""responseHeaders"":{},""detail"":{""endpoint"":""/api/rgdh-wind-busbar-data"",""params"":{""measurementDate.greaterOrEqualThan"":""2026-04-30T21:00:00Z"",""measurementDate.lessThan"":""2026-04-30T22:00:00Z"",""size"":""60"",""page"":""0"",""sort"":""measurementDate,asc"",""busbarId.equals"":""9490732369""},""requestUrl"":""https://yks.teias.gov.tr/api/rgdh-wind-busbar-data?measurementDate.greaterOrEqualThan=2026-04-30T21%3A00%3A00Z&measurementDate.lessThan=2026-04-30T22%3A00%3A00Z&size=60&page=0&sort=measurementDate%2Casc&busbarId.equals=9490732369"",""rowCount"":""0"",""apiRows"":""0"",""httpStatus"":"""",""errorType"":""PAGE_FETCH_TIMEOUT"",""errorClass"":""PAGE_FETCH_TIMEOUT"",""transport"":""page-context"",""internalBusbarId"":""9490732369""}}";;;;9490732369;;;;;PAGE_FETCH_TIMEOUT;https://yks.teias.gov.tr/api/rgdh-wind-busbar-data?measurementDate.greaterOrEqualThan=2026-04-30T21%3A00%3A00Z&measurementDate.lessThan=2026-04-30T22%3A00%3A00Z&size=60&page=0&sort=measurementDate%2Casc&busbarId.equals=9490732369;0;
2026-05-01T12:49:49.002Z;success;network;busbars;GET;https://yks.teias.gov.tr/api/busbars?size=50&sort=busbarName%2Casc&busbarType.in=WIND%2CSOLAR%2CHYBRID&busbarId.equals=6002&page=0;200;416;GET /api/busbars -> 200;"{""requestHeaders"":{},""responseHeaders"":{},""detail"":{""endpoint"":""/api/busbars"",""params"":{""size"":""50"",""sort"":""busbarName,asc"",""busbarType.in"":""WIND,SOLAR,HYBRID"",""busbarId.equals"":""6002"",""page"":""0""},""requestUrl"":""https://yks.teias.gov.tr/api/busbars?size=50&sort=busbarName%2Casc&busbarType.in=WIND%2CSOLAR%2CHYBRID&busbarId.equals=6002&page=0"",""rowCount"":""485"",""apiRows"":""485"",""httpStatus"":""200"",""errorType"":"""",""errorClass"":"""",""transport"":""page-context"",""internalBusbarId"":""6002""}}";;;;6002;;;;;;https://yks.teias.gov.tr/api/busbars?size=50&sort=busbarName%2Casc&busbarType.in=WIND%2CSOLAR%2CHYBRID&busbarId.equals=6002&page=0;485;
2026-05-01T12:49:48.580Z;info;fetch-job;rgdh-monitor;;;0;0;YKS cekim isi basladi: rgdh-job-1777639788580-3;"{""requestHeaders"":{},""responseHeaders"":{},""detail"":{""jobId"":""rgdh-job-1777639788580-3"",""selectedBusbar"":{""busbarId"":""6002"",""busbarName"":""AKYEL-1 RES"",""sourceType"":""WIND"",""ytm"":""OA_YTM"",""plantName"":""AKYEL-1 RES"",""hasAuxiliarySource"":""true""},""busbarInternalIds"":[],""localDate"":""2026-05-01"",""sourceType"":""WIND"",""jobTimeoutMs"":""180000"",""displayBusbarId"":""6002"",""internalBusbarId"":""""}}";rgdh-job-1777639788580-3;WIND;6002;;;;;;;;;
2026-05-01T12:49:39.904Z;success;fetch-job;rgdh-monitor;;;0;0;YKS cekim isi tamamlandi: rgdh-job-1777639779185-2;"{""requestHeaders"":{},""responseHeaders"":{},""detail"":{""jobId"":""rgdh-job-1777639779185-2"",""sourceType"":""WIND"",""selectedBusbar"":{""busbarId"":""2890"",""busbarName"":""AKSU ÇAMLICA RES"",""sourceType"":""WIND"",""ytm"":""OA_YTM"",""plantName"":""AKSU RES"",""hasAuxiliarySource"":""false""},""busbarInternalIds"":[""10928268862""],""displayBusbarId"":""2890"",""internalBusbarId"":""10928268862"",""apiRows"":""900"",""domRows"":""0"",""partialErrors"":""0"",""errorClass"":""""}}";rgdh-job-1777639779185-2;WIND;2890;10928268862;;;;;;;900;
2026-05-01T12:49:39.904Z;success;network;rgdh-wind-busbar-data;GET;https://yks.teias.gov.tr/api/rgdh-wind-busbar-data?measurementDate.greaterOrEqualThan=2026-05-01T19%3A00%3A00Z&measurementDate.lessThan=2026-05-01T20%3A00%3A00Z&size=60&page=0&sort=measurementDate%2Casc&busbarId.equals=10928268862;200;54;GET /api/rgdh-wind-busbar-data -> 200;"{""requestHeaders"":{},""responseHeaders"":{},""detail"":{""endpoint"":""/api/rgdh-wind-busbar-data"",""params"":{""measurementDate.greaterOrEqualThan"":""2026-05-01T19:00:00Z"",""measurementDate.lessThan"":""2026-05-01T20:00:00Z"",""size"":""60"",""page"":""0"",""sort"":""measurementDate,asc"",""busbarId.equals"":""10928268862""},""requestUrl"":""https://yks.teias.gov.tr/api/rgdh-wind-busbar-data?measurementDate.greaterOrEqualThan=2026-05-01T19%3A00%3A00Z&measurementDate.lessThan=2026-05-01T20%3A00%3A00Z&size=60&page=0&sort=measurementDate%2Casc&busbarId.equals=10928268862"",""rowCount"":""0"",""apiRows"":""0"",""httpStatus"":""200"",""errorType"":"""",""errorClass"":"""",""transport"":""page-context"",""internalBusbarId"":""10928268862""}}";;;;10928268862;;;;;;https://yks.teias.gov.tr/api/rgdh-wind-busbar-data?measurementDate.greaterOrEqualThan=2026-05-01T19%3A00%3A00Z&measurementDate.lessThan=2026-05-01T20%3A00%3A00Z&size=60&page=0&sort=measurementDate%2Casc&busbarId.equals=10928268862;0;
2026-05-01T12:49:39.904Z;success;network;rgdh-wind-busbar-data;GET;https://yks.teias.gov.tr/api/rgdh-wind-busbar-data?measurementDate.greaterOrEqualThan=2026-05-01T18%3A00%3A00Z&measurementDate.lessThan=2026-05-01T19%3A00%3A00Z&size=60&page=0&sort=measurementDate%2Casc&busbarId.equals=10928268862;200;55;GET /api/rgdh-wind-busbar-data -> 200;"{""requestHeaders"":{},""responseHeaders"":{},""detail"":{""endpoint"":""/api/rgdh-wind-busbar-data"",""params"":{""measurementDate.greaterOrEqualThan"":""2026-05-01T18:00:00Z"",""measurementDate.lessThan"":""2026-05-01T19:00:00Z"",""size"":""60"",""page"":""0"",""sort"":""measurementDate,asc"",""busbarId.equals"":""10928268862""},""requestUrl"":""https://yks.teias.gov.tr/api/rgdh-wind-busbar-data?measurementDate.greaterOrEqualThan=2026-05-01T18%3A00%3A00Z&measurementDate.lessThan=2026-05-01T19%3A00%3A00Z&size=60&page=0&sort=measurementDate%2Casc&busbarId.equals=10928268862"",""rowCount"":""0"",""apiRows"":""0"",""httpStatus"":""200"",""errorType"":"""",""errorClass"":"""",""transport"":""page-context"",""internalBusbarId"":""10928268862""}}";;;;10928268862;;;;;;https://yks.teias.gov.tr/api/rgdh-wind-busbar-data?measurementDate.greaterOrEqualThan=2026-05-01T18%3A00%3A00Z&measurementDate.lessThan=2026-05-01T19%3A00%3A00Z&size=60&page=0&sort=measurementDate%2Casc&busbarId.equals=10928268862;0;
2026-05-01T12:49:39.903Z;success;network;rgdh-wind-busbar-data;GET;https://yks.teias.gov.tr/api/rgdh-wind-busbar-data?measurementDate.greaterOrEqualThan=2026-05-01T20%3A00%3A00Z&measurementDate.lessThan=2026-05-01T21%3A00%3A00Z&size=60&page=0&sort=measurementDate%2Casc&busbarId.equals=10928268862;200;51;GET /api/rgdh-wind-busbar-data -> 200;"{""requestHeaders"":{},""responseHeaders"":{},""detail"":{""endpoint"":""/api/rgdh-wind-busbar-data"",""params"":{""measurementDate.greaterOrEqualThan"":""2026-05-01T20:00:00Z"",""measurementDate.lessThan"":""2026-05-01T21:00:00Z"",""size"":""60"",""page"":""0"",""sort"":""measurementDate,asc"",""busbarId.equals"":""10928268862""},""requestUrl"":""https://yks.teias.gov.tr/api/rgdh-wind-busbar-data?measurementDate.greaterOrEqualThan=2026-05-01T20%3A00%3A00Z&measurementDate.lessThan=2026-05-01T21%3A00%3A00Z&size=60&page=0&sort=measurementDate%2Casc&busbarId.equals=10928268862"",""rowCount"":""0"",""apiRows"":""0"",""httpStatus"":""200"",""errorType"":"""",""errorClass"":"""",""transport"":""page-context"",""internalBusbarId"":""10928268862""}}";;;;10928268862;;;;;;https://yks.teias.gov.tr/api/rgdh-wind-busbar-data?measurementDate.greaterOrEqualThan=2026-05-01T20%3A00%3A00Z&measurementDate.lessThan=2026-05-01T21%3A00%3A00Z&size=60&page=0&sort=measurementDate%2Casc&busbarId.equals=10928268862;0;
2026-05-01T12:49:39.903Z;success;network;rgdh-wind-busbar-data;GET;https://yks.teias.gov.tr/api/rgdh-wind-busbar-data?measurementDate.greaterOrEqualThan=2026-05-01T17%3A00%3A00Z&measurementDate.lessThan=2026-05-01T18%3A00%3A00Z&size=60&page=0&sort=measurementDate%2Casc&busbarId.equals=10928268862;200;66;GET /api/rgdh-wind-busbar-data -> 200;"{""requestHeaders"":{},""responseHeaders"":{},""detail"":{""endpoint"":""/api/rgdh-wind-busbar-data"",""params"":{""measurementDate.greaterOrEqualThan"":""2026-05-01T17:00:00Z"",""measurementDate.lessThan"":""2026-05-01T18:00:00Z"",""size"":""60"",""page"":""0"",""sort"":""measurementDate,asc"",""busbarId.equals"":""10928268862""},""requestUrl"":""https://yks.teias.gov.tr/api/rgdh-wind-busbar-data?measurementDate.greaterOrEqualThan=2026-05-01T17%3A00%3A00Z&measurementDate.lessThan=2026-05-01T18%3A00%3A00Z&size=60&page=0&sort=measurementDate%2Casc&busbarId.equals=10928268862"",""rowCount"":""0"",""apiRows"":""0"",""httpStatus"":""200"",""errorType"":"""",""errorClass"":"""",""transport"":""page-context"",""internalBusbarId"":""10928268862""}}";;;;10928268862;;;;;;https://yks.teias.gov.tr/api/rgdh-wind-busbar-data?measurementDate.greaterOrEqualThan=2026-05-01T17%3A00%3A00Z&measurementDate.lessThan=2026-05-01T18%3A00%3A00Z&size=60&page=0&sort=measurementDate%2Casc&busbarId.equals=10928268862;0;
2026-05-01T12:49:39.900Z;success;network;rgdh-wind-busbar-data;GET;https://yks.teias.gov.tr/api/rgdh-wind-busbar-data?measurementDate.greaterOrEqualThan=2026-05-01T16%3A00%3A00Z&measurementDate.lessThan=2026-05-01T17%3A00%3A00Z&size=60&page=0&sort=measurementDate%2Casc&busbarId.equals=10928268862;200;64;GET /api/rgdh-wind-busbar-data -> 200;"{""requestHeaders"":{},""responseHeaders"":{},""detail"":{""endpoint"":""/api/rgdh-wind-busbar-data"",""params"":{""measurementDate.greaterOrEqualThan"":""2026-05-01T16:00:00Z"",""measurementDate.lessThan"":""2026-05-01T17:00:00Z"",""size"":""60"",""page"":""0"",""sort"":""measurementDate,asc"",""busbarId.equals"":""10928268862""},""requestUrl"":""https://yks.teias.gov.tr/api/rgdh-wind-busbar-data?measurementDate.greaterOrEqualThan=2026-05-01T16%3A00%3A00Z&measurementDate.lessThan=2026-05-01T17%3A00%3A00Z&size=60&page=0&sort=measurementDate%2Casc&busbarId.equals=10928268862"",""rowCount"":""0"",""apiRows"":""0"",""httpStatus"":""200"",""errorType"":"""",""errorClass"":"""",""transport"":""page-context"",""internalBusbarId"":""10928268862""}}";;;;10928268862;;;;;;https://yks.teias.gov.tr/api/rgdh-wind-busbar-data?measurementDate.greaterOrEqualThan=2026-05-01T16%3A00%3A00Z&measurementDate.lessThan=2026-05-01T17%3A00%3A00Z&size=60&page=0&sort=measurementDate%2Casc&busbarId.equals=10928268862;0;
2026-05-01T12:49:39.867Z;success;network;rgdh-wind-busbar-data;GET;https://yks.teias.gov.tr/api/rgdh-wind-busbar-data?measurementDate.greaterOrEqualThan=2026-05-01T15%3A00%3A00Z&measurementDate.lessThan=2026-05-01T16%3A00%3A00Z&size=60&page=0&sort=measurementDate%2Casc&busbarId.equals=10928268862;200;40;GET /api/rgdh-wind-busbar-data -> 200;"{""requestHeaders"":{},""responseHeaders"":{},""detail"":{""endpoint"":""/api/rgdh-wind-busbar-data"",""params"":{""measurementDate.greaterOrEqualThan"":""2026-05-01T15:00:00Z"",""measurementDate.lessThan"":""2026-05-01T16:00:00Z"",""size"":""60"",""page"":""0"",""sort"":""measurementDate,asc"",""busbarId.equals"":""10928268862""},""requestUrl"":""https://yks.teias.gov.tr/api/rgdh-wind-busbar-data?measurementDate.greaterOrEqualThan=2026-05-01T15%3A00%3A00Z&measurementDate.lessThan=2026-05-01T16%3A00%3A00Z&size=60&page=0&sort=measurementDate%2Casc&busbarId.equals=10928268862"",""rowCount"":""0"",""apiRows"":""0"",""httpStatus"":""200"",""errorType"":"""",""errorClass"":"""",""transport"":""page-context"",""internalBusbarId"":""10928268862""}}";;;;10928268862;;;;;;https://yks.teias.gov.tr/api/rgdh-wind-busbar-data?measurementDate.greaterOrEqualThan=2026-05-01T15%3A00%3A00Z&measurementDate.lessThan=2026-05-01T16%3A00%3A00Z&size=60&page=0&sort=measurementDate%2Casc&busbarId.equals=10928268862;0;
2026-05-01T12:49:39.849Z;success;network;rgdh-wind-busbar-data;GET;https://yks.teias.gov.tr/api/rgdh-wind-busbar-data?measurementDate.greaterOrEqualThan=2026-05-01T11%3A00%3A00Z&measurementDate.lessThan=2026-05-01T12%3A00%3A00Z&size=60&page=0&sort=measurementDate%2Casc&busbarId.equals=10928268862;200;65;GET /api/rgdh-wind-busbar-data -> 200;"{""requestHeaders"":{},""responseHeaders"":{},""detail"":{""endpoint"":""/api/rgdh-wind-busbar-data"",""params"":{""measurementDate.greaterOrEqualThan"":""2026-05-01T11:00:00Z"",""measurementDate.lessThan"":""2026-05-01T12:00:00Z"",""size"":""60"",""page"":""0"",""sort"":""measurementDate,asc"",""busbarId.equals"":""10928268862""},""requestUrl"":""https://yks.teias.gov.tr/api/rgdh-wind-busbar-data?measurementDate.greaterOrEqualThan=2026-05-01T11%3A00%3A00Z&measurementDate.lessThan=2026-05-01T12%3A00%3A00Z&size=60&page=0&sort=measurementDate%2Casc&busbarId.equals=10928268862"",""rowCount"":""60"",""apiRows"":""60"",""httpStatus"":""200"",""errorType"":"""",""errorClass"":"""",""transport"":""page-context"",""internalBusbarId"":""10928268862""}}";;;;10928268862;;;;;;https://yks.teias.gov.tr/api/rgdh-wind-busbar-data?measurementDate.greaterOrEqualThan=2026-05-01T11%3A00%3A00Z&measurementDate.lessThan=2026-05-01T12%3A00%3A00Z&size=60&page=0&sort=measurementDate%2Casc&busbarId.equals=10928268862;60;
2026-05-01T12:49:39.843Z;success;network;rgdh-wind-busbar-data;GET;https://yks.teias.gov.tr/api/rgdh-wind-busbar-data?measurementDate.greaterOrEqualThan=2026-05-01T10%3A00%3A00Z&measurementDate.lessThan=2026-05-01T11%3A00%3A00Z&size=60&page=0&sort=measurementDate%2Casc&busbarId.equals=10928268862;200;59;GET /api/rgdh-wind-busbar-data -> 200;"{""requestHeaders"":{},""responseHeaders"":{},""detail"":{""endpoint"":""/api/rgdh-wind-busbar-data"",""params"":{""measurementDate.greaterOrEqualThan"":""2026-05-01T10:00:00Z"",""measurementDate.lessThan"":""2026-05-01T11:00:00Z"",""size"":""60"",""page"":""0"",""sort"":""measurementDate,asc"",""busbarId.equals"":""10928268862""},""requestUrl"":""https://yks.teias.gov.tr/api/rgdh-wind-busbar-data?measurementDate.greaterOrEqualThan=2026-05-01T10%3A00%3A00Z&measurementDate.lessThan=2026-05-01T11%3A00%3A00Z&size=60&page=0&sort=measurementDate%2Casc&busbarId.equals=10928268862"",""rowCount"":""60"",""apiRows"":""60"",""httpStatus"":""200"",""errorType"":"""",""errorClass"":"""",""transport"":""page-context"",""internalBusbarId"":""10928268862""}}";;;;10928268862;;;;;;https://yks.teias.gov.tr/api/rgdh-wind-busbar-data?measurementDate.greaterOrEqualThan=2026-05-01T10%3A00%3A00Z&measurementDate.lessThan=2026-05-01T11%3A00%3A00Z&size=60&page=0&sort=measurementDate%2Casc&busbarId.equals=10928268862;60;
2026-05-01T12:49:39.835Z;success;network;rgdh-wind-busbar-data;GET;https://yks.teias.gov.tr/api/rgdh-wind-busbar-data?measurementDate.greaterOrEqualThan=2026-05-01T09%3A00%3A00Z&measurementDate.lessThan=2026-05-01T10%3A00%3A00Z&size=60&page=0&sort=measurementDate%2Casc&busbarId.equals=10928268862;200;57;GET /api/rgdh-wind-busbar-data -> 200;"{""requestHeaders"":{},""responseHeaders"":{},""detail"":{""endpoint"":""/api/rgdh-wind-busbar-data"",""params"":{""measurementDate.greaterOrEqualThan"":""2026-05-01T09:00:00Z"",""measurementDate.lessThan"":""2026-05-01T10:00:00Z"",""size"":""60"",""page"":""0"",""sort"":""measurementDate,asc"",""busbarId.equals"":""10928268862""},""requestUrl"":""https://yks.teias.gov.tr/api/rgdh-wind-busbar-data?measurementDate.greaterOrEqualThan=2026-05-01T09%3A00%3A00Z&measurementDate.lessThan=2026-05-01T10%3A00%3A00Z&size=60&page=0&sort=measurementDate%2Casc&busbarId.equals=10928268862"",""rowCount"":""60"",""apiRows"":""60"",""httpStatus"":""200"",""errorType"":"""",""errorClass"":"""",""transport"":""page-context"",""internalBusbarId"":""10928268862""}}";;;;10928268862;;;;;;https://yks.teias.gov.tr/api/rgdh-wind-busbar-data?measurementDate.greaterOrEqualThan=2026-05-01T09%3A00%3A00Z&measurementDate.lessThan=2026-05-01T10%3A00%3A00Z&size=60&page=0&sort=measurementDate%2Casc&busbarId.equals=10928268862;60;
2026-05-01T12:49:39.823Z;success;network;rgdh-wind-busbar-data;GET;https://yks.teias.gov.tr/api/rgdh-wind-busbar-data?measurementDate.greaterOrEqualThan=2026-05-01T14%3A00%3A00Z&measurementDate.lessThan=2026-05-01T15%3A00%3A00Z&size=60&page=0&sort=measurementDate%2Casc&busbarId.equals=10928268862;200;35;GET /api/rgdh-wind-busbar-data -> 200;"{""requestHeaders"":{},""responseHeaders"":{},""detail"":{""endpoint"":""/api/rgdh-wind-busbar-data"",""params"":{""measurementDate.greaterOrEqualThan"":""2026-05-01T14:00:00Z"",""measurementDate.lessThan"":""2026-05-01T15:00:00Z"",""size"":""60"",""page"":""0"",""sort"":""measurementDate,asc"",""busbarId.equals"":""10928268862""},""requestUrl"":""https://yks.teias.gov.tr/api/rgdh-wind-busbar-data?measurementDate.greaterOrEqualThan=2026-05-01T14%3A00%3A00Z&measurementDate.lessThan=2026-05-01T15%3A00%3A00Z&size=60&page=0&sort=measurementDate%2Casc&busbarId.equals=10928268862"",""rowCount"":""0"",""apiRows"":""0"",""httpStatus"":""200"",""errorType"":"""",""errorClass"":"""",""transport"":""page-context"",""internalBusbarId"":""10928268862""}}";;;;10928268862;;;;;;https://yks.teias.gov.tr/api/rgdh-wind-busbar-data?measurementDate.greaterOrEqualThan=2026-05-01T14%3A00%3A00Z&measurementDate.lessThan=2026-05-01T15%3A00%3A00Z&size=60&page=0&sort=measurementDate%2Casc&busbarId.equals=10928268862;0;
2026-05-01T12:49:39.823Z;success;network;rgdh-wind-busbar-data;GET;https://yks.teias.gov.tr/api/rgdh-wind-busbar-data?measurementDate.greaterOrEqualThan=2026-05-01T13%3A00%3A00Z&measurementDate.lessThan=2026-05-01T14%3A00%3A00Z&size=60&page=0&sort=measurementDate%2Casc&busbarId.equals=10928268862;200;39;GET /api/rgdh-wind-busbar-data -> 200;"{""requestHeaders"":{},""responseHeaders"":{},""detail"":{""endpoint"":""/api/rgdh-wind-busbar-data"",""params"":{""measurementDate.greaterOrEqualThan"":""2026-05-01T13:00:00Z"",""measurementDate.lessThan"":""2026-05-01T14:00:00Z"",""size"":""60"",""page"":""0"",""sort"":""measurementDate,asc"",""busbarId.equals"":""10928268862""},""requestUrl"":""https://yks.teias.gov.tr/api/rgdh-wind-busbar-data?measurementDate.greaterOrEqualThan=2026-05-01T13%3A00%3A00Z&measurementDate.lessThan=2026-05-01T14%3A00%3A00Z&size=60&page=0&sort=measurementDate%2Casc&busbarId.equals=10928268862"",""rowCount"":""0"",""apiRows"":""0"",""httpStatus"":""200"",""errorType"":"""",""errorClass"":"""",""transport"":""page-context"",""internalBusbarId"":""10928268862""}}";;;;10928268862;;;;;;https://yks.teias.gov.tr/api/rgdh-wind-busbar-data?measurementDate.greaterOrEqualThan=2026-05-01T13%3A00%3A00Z&measurementDate.lessThan=2026-05-01T14%3A00%3A00Z&size=60&page=0&sort=measurementDate%2Casc&busbarId.equals=10928268862;0;
2026-05-01T12:49:39.823Z;success;network;rgdh-wind-busbar-data;GET;https://yks.teias.gov.tr/api/rgdh-wind-busbar-data?measurementDate.greaterOrEqualThan=2026-05-01T12%3A00%3A00Z&measurementDate.lessThan=2026-05-01T13%3A00%3A00Z&size=60&page=0&sort=measurementDate%2Casc&busbarId.equals=10928268862;200;38;GET /api/rgdh-wind-busbar-data -> 200;"{""requestHeaders"":{},""responseHeaders"":{},""detail"":{""endpoint"":""/api/rgdh-wind-busbar-data"",""params"":{""measurementDate.greaterOrEqualThan"":""2026-05-01T12:00:00Z"",""measurementDate.lessThan"":""2026-05-01T13:00:00Z"",""size"":""60"",""page"":""0"",""sort"":""measurementDate,asc"",""busbarId.equals"":""10928268862""},""requestUrl"":""https://yks.teias.gov.tr/api/rgdh-wind-busbar-data?measurementDate.greaterOrEqualThan=2026-05-01T12%3A00%3A00Z&measurementDate.lessThan=2026-05-01T13%3A00%3A00Z&size=60&page=0&sort=measurementDate%2Casc&busbarId.equals=10928268862"",""rowCount"":""0"",""apiRows"":""0"",""httpStatus"":""200"",""errorType"":"""",""errorClass"":"""",""transport"":""page-context"",""internalBusbarId"":""10928268862""}}";;;;10928268862;;;;;;https://yks.teias.gov.tr/api/rgdh-wind-busbar-data?measurementDate.greaterOrEqualThan=2026-05-01T12%3A00%3A00Z&measurementDate.lessThan=2026-05-01T13%3A00%3A00Z&size=60&page=0&sort=measurementDate%2Casc&busbarId.equals=10928268862;0;
2026-05-01T12:49:39.784Z;success;network;rgdh-wind-busbar-data;GET;https://yks.teias.gov.tr/api/rgdh-wind-busbar-data?measurementDate.greaterOrEqualThan=2026-05-01T04%3A00%3A00Z&measurementDate.lessThan=2026-05-01T05%3A00%3A00Z&size=60&page=0&sort=measurementDate%2Casc&busbarId.equals=10928268862;200;109;GET /api/rgdh-wind-busbar-data -> 200;"{""requestHeaders"":{},""responseHeaders"":{},""detail"":{""endpoint"":""/api/rgdh-wind-busbar-data"",""params"":{""measurementDate.greaterOrEqualThan"":""2026-05-01T04:00:00Z"",""measurementDate.lessThan"":""2026-05-01T05:00:00Z"",""size"":""60"",""page"":""0"",""sort"":""measurementDate,asc"",""busbarId.equals"":""10928268862""},""requestUrl"":""https://yks.teias.gov.tr/api/rgdh-wind-busbar-data?measurementDate.greaterOrEqualThan=2026-05-01T04%3A00%3A00Z&measurementDate.lessThan=2026-05-01T05%3A00%3A00Z&size=60&page=0&sort=measurementDate%2Casc&busbarId.equals=10928268862"",""rowCount"":""60"",""apiRows"":""60"",""httpStatus"":""200"",""errorType"":"""",""errorClass"":"""",""transport"":""page-context"",""internalBusbarId"":""10928268862""}}";;;;10928268862;;;;;;https://yks.teias.gov.tr/api/rgdh-wind-busbar-data?measurementDate.greaterOrEqualThan=2026-05-01T04%3A00%3A00Z&measurementDate.lessThan=2026-05-01T05%3A00%3A00Z&size=60&page=0&sort=measurementDate%2Casc&busbarId.equals=10928268862;60;
2026-05-01T12:49:39.778Z;success;network;rgdh-wind-busbar-data;GET;https://yks.teias.gov.tr/api/rgdh-wind-busbar-data?measurementDate.greaterOrEqualThan=2026-05-01T05%3A00%3A00Z&measurementDate.lessThan=2026-05-01T06%3A00%3A00Z&size=60&page=0&sort=measurementDate%2Casc&busbarId.equals=10928268862;200;103;GET /api/rgdh-wind-busbar-data -> 200;"{""requestHeaders"":{},""responseHeaders"":{},""detail"":{""endpoint"":""/api/rgdh-wind-busbar-data"",""params"":{""measurementDate.greaterOrEqualThan"":""2026-05-01T05:00:00Z"",""measurementDate.lessThan"":""2026-05-01T06:00:00Z"",""size"":""60"",""page"":""0"",""sort"":""measurementDate,asc"",""busbarId.equals"":""10928268862""},""requestUrl"":""https://yks.teias.gov.tr/api/rgdh-wind-busbar-data?measurementDate.greaterOrEqualThan=2026-05-01T05%3A00%3A00Z&measurementDate.lessThan=2026-05-01T06%3A00%3A00Z&size=60&page=0&sort=measurementDate%2Casc&busbarId.equals=10928268862"",""rowCount"":""60"",""apiRows"":""60"",""httpStatus"":""200"",""errorType"":"""",""errorClass"":"""",""transport"":""page-context"",""internalBusbarId"":""10928268862""}}";;;;10928268862;;;;;;https://yks.teias.gov.tr/api/rgdh-wind-busbar-data?measurementDate.greaterOrEqualThan=2026-05-01T05%3A00%3A00Z&measurementDate.lessThan=2026-05-01T06%3A00%3A00Z&size=60&page=0&sort=measurementDate%2Casc&busbarId.equals=10928268862;60;
2026-05-01T12:49:39.771Z;success;network;rgdh-wind-busbar-data;GET;https://yks.teias.gov.tr/api/rgdh-wind-busbar-data?measurementDate.greaterOrEqualThan=2026-05-01T08%3A00%3A00Z&measurementDate.lessThan=2026-05-01T09%3A00%3A00Z&size=60&page=0&sort=measurementDate%2Casc&busbarId.equals=10928268862;200;89;GET /api/rgdh-wind-busbar-data -> 200;"{""requestHeaders"":{},""responseHeaders"":{},""detail"":{""endpoint"":""/api/rgdh-wind-busbar-data"",""params"":{""measurementDate.greaterOrEqualThan"":""2026-05-01T08:00:00Z"",""measurementDate.lessThan"":""2026-05-01T09:00:00Z"",""size"":""60"",""page"":""0"",""sort"":""measurementDate,asc"",""busbarId.equals"":""10928268862""},""requestUrl"":""https://yks.teias.gov.tr/api/rgdh-wind-busbar-data?measurementDate.greaterOrEqualThan=2026-05-01T08%3A00%3A00Z&measurementDate.lessThan=2026-05-01T09%3A00%3A00Z&size=60&page=0&sort=measurementDate%2Casc&busbarId.equals=10928268862"",""rowCount"":""60"",""apiRows"":""60"",""httpStatus"":""200"",""errorType"":"""",""errorClass"":"""",""transport"":""page-context"",""internalBusbarId"":""10928268862""}}";;;;10928268862;;;;;;https://yks.teias.gov.tr/api/rgdh-wind-busbar-data?measurementDate.greaterOrEqualThan=2026-05-01T08%3A00%3A00Z&measurementDate.lessThan=2026-05-01T09%3A00%3A00Z&size=60&page=0&sort=measurementDate%2Casc&busbarId.equals=10928268862;60;
2026-05-01T12:49:39.766Z;success;network;rgdh-wind-busbar-data;GET;https://yks.teias.gov.tr/api/rgdh-wind-busbar-data?measurementDate.greaterOrEqualThan=2026-05-01T07%3A00%3A00Z&measurementDate.lessThan=2026-05-01T08%3A00%3A00Z&size=60&page=0&sort=measurementDate%2Casc&busbarId.equals=10928268862;200;90;GET /api/rgdh-wind-busbar-data -> 200;"{""requestHeaders"":{},""responseHeaders"":{},""detail"":{""endpoint"":""/api/rgdh-wind-busbar-data"",""params"":{""measurementDate.greaterOrEqualThan"":""2026-05-01T07:00:00Z"",""measurementDate.lessThan"":""2026-05-01T08:00:00Z"",""size"":""60"",""page"":""0"",""sort"":""measurementDate,asc"",""busbarId.equals"":""10928268862""},""requestUrl"":""https://yks.teias.gov.tr/api/rgdh-wind-busbar-data?measurementDate.greaterOrEqualThan=2026-05-01T07%3A00%3A00Z&measurementDate.lessThan=2026-05-01T08%3A00%3A00Z&size=60&page=0&sort=measurementDate%2Casc&busbarId.equals=10928268862"",""rowCount"":""60"",""apiRows"":""60"",""httpStatus"":""200"",""errorType"":"""",""errorClass"":"""",""transport"":""page-context"",""internalBusbarId"":""10928268862""}}";;;;10928268862;;;;;;https://yks.teias.gov.tr/api/rgdh-wind-busbar-data?measurementDate.greaterOrEqualThan=2026-05-01T07%3A00%3A00Z&measurementDate.lessThan=2026-05-01T08%3A00%3A00Z&size=60&page=0&sort=measurementDate%2Casc&busbarId.equals=10928268862;60;
2026-05-01T12:49:39.755Z;success;network;rgdh-wind-busbar-data;GET;https://yks.teias.gov.tr/api/rgdh-wind-busbar-data?measurementDate.greaterOrEqualThan=2026-05-01T06%3A00%3A00Z&measurementDate.lessThan=2026-05-01T07%3A00%3A00Z&size=60&page=0&sort=measurementDate%2Casc&busbarId.equals=10928268862;200;80;GET /api/rgdh-wind-busbar-data -> 200;"{""requestHeaders"":{},""responseHeaders"":{},""detail"":{""endpoint"":""/api/rgdh-wind-busbar-data"",""params"":{""measurementDate.greaterOrEqualThan"":""2026-05-01T06:00:00Z"",""measurementDate.lessThan"":""2026-05-01T07:00:00Z"",""size"":""60"",""page"":""0"",""sort"":""measurementDate,asc"",""busbarId.equals"":""10928268862""},""requestUrl"":""https://yks.teias.gov.tr/api/rgdh-wind-busbar-data?measurementDate.greaterOrEqualThan=2026-05-01T06%3A00%3A00Z&measurementDate.lessThan=2026-05-01T07%3A00%3A00Z&size=60&page=0&sort=measurementDate%2Casc&busbarId.equals=10928268862"",""rowCount"":""60"",""apiRows"":""60"",""httpStatus"":""200"",""errorType"":"""",""errorClass"":"""",""transport"":""page-context"",""internalBusbarId"":""10928268862""}}";;;;10928268862;;;;;;https://yks.teias.gov.tr/api/rgdh-wind-busbar-data?measurementDate.greaterOrEqualThan=2026-05-01T06%3A00%3A00Z&measurementDate.lessThan=2026-05-01T07%3A00%3A00Z&size=60&page=0&sort=measurementDate%2Casc&busbarId.equals=10928268862;60;
2026-05-01T12:49:39.744Z;success;network;rgdh-wind-busbar-data;GET;https://yks.teias.gov.tr/api/rgdh-wind-busbar-data?measurementDate.greaterOrEqualThan=2026-05-01T03%3A00%3A00Z&measurementDate.lessThan=2026-05-01T04%3A00%3A00Z&size=60&page=0&sort=measurementDate%2Casc&busbarId.equals=10928268862;200;69;GET /api/rgdh-wind-busbar-data -> 200;"{""requestHeaders"":{},""responseHeaders"":{},""detail"":{""endpoint"":""/api/rgdh-wind-busbar-data"",""params"":{""measurementDate.greaterOrEqualThan"":""2026-05-01T03:00:00Z"",""measurementDate.lessThan"":""2026-05-01T04:00:00Z"",""size"":""60"",""page"":""0"",""sort"":""measurementDate,asc"",""busbarId.equals"":""10928268862""},""requestUrl"":""https://yks.teias.gov.tr/api/rgdh-wind-busbar-data?measurementDate.greaterOrEqualThan=2026-05-01T03%3A00%3A00Z&measurementDate.lessThan=2026-05-01T04%3A00%3A00Z&size=60&page=0&sort=measurementDate%2Casc&busbarId.equals=10928268862"",""rowCount"":""60"",""apiRows"":""60"",""httpStatus"":""200"",""errorType"":"""",""errorClass"":"""",""transport"":""page-context"",""internalBusbarId"":""10928268862""}}";;;;10928268862;;;;;;https://yks.teias.gov.tr/api/rgdh-wind-busbar-data?measurementDate.greaterOrEqualThan=2026-05-01T03%3A00%3A00Z&measurementDate.lessThan=2026-05-01T04%3A00%3A00Z&size=60&page=0&sort=measurementDate%2Casc&busbarId.equals=10928268862;60;
2026-05-01T12:49:39.675Z;success;network;rgdh-wind-busbar-data;GET;https://yks.teias.gov.tr/api/rgdh-wind-busbar-data?measurementDate.greaterOrEqualThan=2026-05-01T01%3A00%3A00Z&measurementDate.lessThan=2026-05-01T02%3A00%3A00Z&size=60&page=0&sort=measurementDate%2Casc&busbarId.equals=10928268862;200;103;GET /api/rgdh-wind-busbar-data -> 200;"{""requestHeaders"":{},""responseHeaders"":{},""detail"":{""endpoint"":""/api/rgdh-wind-busbar-data"",""params"":{""measurementDate.greaterOrEqualThan"":""2026-05-01T01:00:00Z"",""measurementDate.lessThan"":""2026-05-01T02:00:00Z"",""size"":""60"",""page"":""0"",""sort"":""measurementDate,asc"",""busbarId.equals"":""10928268862""},""requestUrl"":""https://yks.teias.gov.tr/api/rgdh-wind-busbar-data?measurementDate.greaterOrEqualThan=2026-05-01T01%3A00%3A00Z&measurementDate.lessThan=2026-05-01T02%3A00%3A00Z&size=60&page=0&sort=measurementDate%2Casc&busbarId.equals=10928268862"",""rowCount"":""60"",""apiRows"":""60"",""httpStatus"":""200"",""errorType"":"""",""errorClass"":"""",""transport"":""page-context"",""internalBusbarId"":""10928268862""}}";;;;10928268862;;;;;;https://yks.teias.gov.tr/api/rgdh-wind-busbar-data?measurementDate.greaterOrEqualThan=2026-05-01T01%3A00%3A00Z&measurementDate.lessThan=2026-05-01T02%3A00%3A00Z&size=60&page=0&sort=measurementDate%2Casc&busbarId.equals=10928268862;60;
2026-05-01T12:49:39.668Z;success;network;rgdh-wind-busbar-data;GET;https://yks.teias.gov.tr/api/rgdh-wind-busbar-data?measurementDate.greaterOrEqualThan=2026-05-01T00%3A00%3A00Z&measurementDate.lessThan=2026-05-01T01%3A00%3A00Z&size=60&page=0&sort=measurementDate%2Casc&busbarId.equals=10928268862;200;97;GET /api/rgdh-wind-busbar-data -> 200;"{""requestHeaders"":{},""responseHeaders"":{},""detail"":{""endpoint"":""/api/rgdh-wind-busbar-data"",""params"":{""measurementDate.greaterOrEqualThan"":""2026-05-01T00:00:00Z"",""measurementDate.lessThan"":""2026-05-01T01:00:00Z"",""size"":""60"",""page"":""0"",""sort"":""measurementDate,asc"",""busbarId.equals"":""10928268862""},""requestUrl"":""https://yks.teias.gov.tr/api/rgdh-wind-busbar-data?measurementDate.greaterOrEqualThan=2026-05-01T00%3A00%3A00Z&measurementDate.lessThan=2026-05-01T01%3A00%3A00Z&size=60&page=0&sort=measurementDate%2Casc&busbarId.equals=10928268862"",""rowCount"":""60"",""apiRows"":""60"",""httpStatus"":""200"",""errorType"":"""",""errorClass"":"""",""transport"":""page-context"",""internalBusbarId"":""10928268862""}}";;;;10928268862;;;;;;https://yks.teias.gov.tr/api/rgdh-wind-busbar-data?measurementDate.greaterOrEqualThan=2026-05-01T00%3A00%3A00Z&measurementDate.lessThan=2026-05-01T01%3A00%3A00Z&size=60&page=0&sort=measurementDate%2Casc&busbarId.equals=10928268862;60;
2026-05-01T12:49:39.661Z;success;network;rgdh-wind-busbar-data;GET;https://yks.teias.gov.tr/api/rgdh-wind-busbar-data?measurementDate.greaterOrEqualThan=2026-04-30T23%3A00%3A00Z&measurementDate.lessThan=2026-05-01T00%3A00%3A00Z&size=60&page=0&sort=measurementDate%2Casc&busbarId.equals=10928268862;200;91;GET /api/rgdh-wind-busbar-data -> 200;"{""requestHeaders"":{},""responseHeaders"":{},""detail"":{""endpoint"":""/api/rgdh-wind-busbar-data"",""params"":{""measurementDate.greaterOrEqualThan"":""2026-04-30T23:00:00Z"",""measurementDate.lessThan"":""2026-05-01T00:00:00Z"",""size"":""60"",""page"":""0"",""sort"":""measurementDate,asc"",""busbarId.equals"":""10928268862""},""requestUrl"":""https://yks.teias.gov.tr/api/rgdh-wind-busbar-data?measurementDate.greaterOrEqualThan=2026-04-30T23%3A00%3A00Z&measurementDate.lessThan=2026-05-01T00%3A00%3A00Z&size=60&page=0&sort=measurementDate%2Casc&busbarId.equals=10928268862"",""rowCount"":""60"",""apiRows"":""60"",""httpStatus"":""200"",""errorType"":"""",""errorClass"":"""",""transport"":""page-context"",""internalBusbarId"":""10928268862""}}";;;;10928268862;;;;;;https://yks.teias.gov.tr/api/rgdh-wind-busbar-data?measurementDate.greaterOrEqualThan=2026-04-30T23%3A00%3A00Z&measurementDate.lessThan=2026-05-01T00%3A00%3A00Z&size=60&page=0&sort=measurementDate%2Casc&busbarId.equals=10928268862;60;
2026-05-01T12:49:39.652Z;success;network;rgdh-wind-busbar-data;GET;https://yks.teias.gov.tr/api/rgdh-wind-busbar-data?measurementDate.greaterOrEqualThan=2026-04-30T22%3A00%3A00Z&measurementDate.lessThan=2026-04-30T23%3A00%3A00Z&size=60&page=0&sort=measurementDate%2Casc&busbarId.equals=10928268862;200;84;GET /api/rgdh-wind-busbar-data -> 200;"{""requestHeaders"":{},""responseHeaders"":{},""detail"":{""endpoint"":""/api/rgdh-wind-busbar-data"",""params"":{""measurementDate.greaterOrEqualThan"":""2026-04-30T22:00:00Z"",""measurementDate.lessThan"":""2026-04-30T23:00:00Z"",""size"":""60"",""page"":""0"",""sort"":""measurementDate,asc"",""busbarId.equals"":""10928268862""},""requestUrl"":""https://yks.teias.gov.tr/api/rgdh-wind-busbar-data?measurementDate.greaterOrEqualThan=2026-04-30T22%3A00%3A00Z&measurementDate.lessThan=2026-04-30T23%3A00%3A00Z&size=60&page=0&sort=measurementDate%2Casc&busbarId.equals=10928268862"",""rowCount"":""60"",""apiRows"":""60"",""httpStatus"":""200"",""errorType"":"""",""errorClass"":"""",""transport"":""page-context"",""internalBusbarId"":""10928268862""}}";;;;10928268862;;;;;;https://yks.teias.gov.tr/api/rgdh-wind-busbar-data?measurementDate.greaterOrEqualThan=2026-04-30T22%3A00%3A00Z&measurementDate.lessThan=2026-04-30T23%3A00%3A00Z&size=60&page=0&sort=measurementDate%2Casc&busbarId.equals=10928268862;60;
2026-05-01T12:49:39.645Z;success;network;rgdh-wind-busbar-data;GET;https://yks.teias.gov.tr/api/rgdh-wind-busbar-data?measurementDate.greaterOrEqualThan=2026-05-01T02%3A00%3A00Z&measurementDate.lessThan=2026-05-01T03%3A00%3A00Z&size=60&page=0&sort=measurementDate%2Casc&busbarId.equals=10928268862;200;73;GET /api/rgdh-wind-busbar-data -> 200;"{""requestHeaders"":{},""responseHeaders"":{},""detail"":{""endpoint"":""/api/rgdh-wind-busbar-data"",""params"":{""measurementDate.greaterOrEqualThan"":""2026-05-01T02:00:00Z"",""measurementDate.lessThan"":""2026-05-01T03:00:00Z"",""size"":""60"",""page"":""0"",""sort"":""measurementDate,asc"",""busbarId.equals"":""10928268862""},""requestUrl"":""https://yks.teias.gov.tr/api/rgdh-wind-busbar-data?measurementDate.greaterOrEqualThan=2026-05-01T02%3A00%3A00Z&measurementDate.lessThan=2026-05-01T03%3A00%3A00Z&size=60&page=0&sort=measurementDate%2Casc&busbarId.equals=10928268862"",""rowCount"":""60"",""apiRows"":""60"",""httpStatus"":""200"",""errorType"":"""",""errorClass"":"""",""transport"":""page-context"",""internalBusbarId"":""10928268862""}}";;;;10928268862;;;;;;https://yks.teias.gov.tr/api/rgdh-wind-busbar-data?measurementDate.greaterOrEqualThan=2026-05-01T02%3A00%3A00Z&measurementDate.lessThan=2026-05-01T03%3A00%3A00Z&size=60&page=0&sort=measurementDate%2Casc&busbarId.equals=10928268862;60;
2026-05-01T12:49:39.642Z;success;network;rgdh-wind-busbar-data;GET;https://yks.teias.gov.tr/api/rgdh-wind-busbar-data?measurementDate.greaterOrEqualThan=2026-04-30T21%3A00%3A00Z&measurementDate.lessThan=2026-04-30T22%3A00%3A00Z&size=60&page=0&sort=measurementDate%2Casc&busbarId.equals=10928268862;200;75;GET /api/rgdh-wind-busbar-data -> 200;"{""requestHeaders"":{},""responseHeaders"":{},""detail"":{""endpoint"":""/api/rgdh-wind-busbar-data"",""params"":{""measurementDate.greaterOrEqualThan"":""2026-04-30T21:00:00Z"",""measurementDate.lessThan"":""2026-04-30T22:00:00Z"",""size"":""60"",""page"":""0"",""sort"":""measurementDate,asc"",""busbarId.equals"":""10928268862""},""requestUrl"":""https://yks.teias.gov.tr/api/rgdh-wind-busbar-data?measurementDate.greaterOrEqualThan=2026-04-30T21%3A00%3A00Z&measurementDate.lessThan=2026-04-30T22%3A00%3A00Z&size=60&page=0&sort=measurementDate%2Casc&busbarId.equals=10928268862"",""rowCount"":""60"",""apiRows"":""60"",""httpStatus"":""200"",""errorType"":"""",""errorClass"":"""",""transport"":""page-context"",""internalBusbarId"":""10928268862""}}";;;;10928268862;;;;;;https://yks.teias.gov.tr/api/rgdh-wind-busbar-data?measurementDate.greaterOrEqualThan=2026-04-30T21%3A00%3A00Z&measurementDate.lessThan=2026-04-30T22%3A00%3A00Z&size=60&page=0&sort=measurementDate%2Casc&busbarId.equals=10928268862;60;
2026-05-01T12:49:39.564Z;success;network;busbars;GET;https://yks.teias.gov.tr/api/busbars?size=50&sort=busbarName%2Casc&busbarType.in=WIND%2CSOLAR%2CHYBRID&busbarId.equals=2890&page=0;200;372;GET /api/busbars -> 200;"{""requestHeaders"":{},""responseHeaders"":{},""detail"":{""endpoint"":""/api/busbars"",""params"":{""size"":""50"",""sort"":""busbarName,asc"",""busbarType.in"":""WIND,SOLAR,HYBRID"",""busbarId.equals"":""2890"",""page"":""0""},""requestUrl"":""https://yks.teias.gov.tr/api/busbars?size=50&sort=busbarName%2Casc&busbarType.in=WIND%2CSOLAR%2CHYBRID&busbarId.equals=2890&page=0"",""rowCount"":""485"",""apiRows"":""485"",""httpStatus"":""200"",""errorType"":"""",""errorClass"":"""",""transport"":""page-context"",""internalBusbarId"":""2890""}}";;;;2890;;;;;;https://yks.teias.gov.tr/api/busbars?size=50&sort=busbarName%2Casc&busbarType.in=WIND%2CSOLAR%2CHYBRID&busbarId.equals=2890&page=0;485;
2026-05-01T12:49:39.185Z;info;fetch-job;rgdh-monitor;;;0;0;YKS cekim isi basladi: rgdh-job-1777639779185-2;"{""requestHeaders"":{},""responseHeaders"":{},""detail"":{""jobId"":""rgdh-job-1777639779185-2"",""selectedBusbar"":{""busbarId"":""2890"",""busbarName"":""AKSU ÇAMLICA RES"",""sourceType"":""WIND"",""ytm"":""OA_YTM"",""plantName"":""AKSU RES"",""hasAuxiliarySource"":""false""},""busbarInternalIds"":[],""localDate"":""2026-05-01"",""sourceType"":""WIND"",""jobTimeoutMs"":""60000"",""displayBusbarId"":""2890"",""internalBusbarId"":""""}}";rgdh-job-1777639779185-2;WIND;2890;;;;;;;;;
2026-05-01T12:49:32.593Z;success;fetch-job;rgdh-monitor;;;0;0;YKS cekim isi tamamlandi: rgdh-job-1777639771285-1;"{""requestHeaders"":{},""responseHeaders"":{},""detail"":{""jobId"":""rgdh-job-1777639771285-1"",""sourceType"":""CONVENTIONAL"",""selectedBusbar"":{""busbarId"":""5532"",""busbarName"":""ACWA KIRIKKALE DGKÇ"",""sourceType"":""CONVENTIONAL"",""ytm"":""OA_YTM"",""plantName"":""ACWA KIRIKKALE"",""hasAuxiliarySource"":""false""},""busbarInternalIds"":[""9333006401""],""displayBusbarId"":""5532"",""internalBusbarId"":""9333006401"",""apiRows"":""900"",""domRows"":""0"",""partialErrors"":""0"",""errorClass"":""""}}";rgdh-job-1777639771285-1;CONVENTIONAL;5532;9333006401;;;;;;;900;
2026-05-01T12:49:32.593Z;success;network;rgdh-conventional-busbar-data;GET;https://yks.teias.gov.tr/api/rgdh-conventional-busbar-data?measurementDate.greaterOrEqualThan=2026-05-01T20%3A00%3A00Z&measurementDate.lessThan=2026-05-01T21%3A00%3A00Z&size=60&page=0&sort=measurementDate%2Casc&busbarId.equals=9333006401;200;42;GET /api/rgdh-conventional-busbar-data -> 200;"{""requestHeaders"":{},""responseHeaders"":{},""detail"":{""endpoint"":""/api/rgdh-conventional-busbar-data"",""params"":{""measurementDate.greaterOrEqualThan"":""2026-05-01T20:00:00Z"",""measurementDate.lessThan"":""2026-05-01T21:00:00Z"",""size"":""60"",""page"":""0"",""sort"":""measurementDate,asc"",""busbarId.equals"":""9333006401""},""requestUrl"":""https://yks.teias.gov.tr/api/rgdh-conventional-busbar-data?measurementDate.greaterOrEqualThan=2026-05-01T20%3A00%3A00Z&measurementDate.lessThan=2026-05-01T21%3A00%3A00Z&size=60&page=0&sort=measurementDate%2Casc&busbarId.equals=9333006401"",""rowCount"":""0"",""apiRows"":""0"",""httpStatus"":""200"",""errorType"":"""",""errorClass"":"""",""transport"":""page-context"",""internalBusbarId"":""9333006401""}}";;;;9333006401;;;;;;https://yks.teias.gov.tr/api/rgdh-conventional-busbar-data?measurementDate.greaterOrEqualThan=2026-05-01T20%3A00%3A00Z&measurementDate.lessThan=2026-05-01T21%3A00%3A00Z&size=60&page=0&sort=measurementDate%2Casc&busbarId.equals=9333006401;0;
2026-05-01T12:49:32.593Z;success;network;rgdh-conventional-busbar-data;GET;https://yks.teias.gov.tr/api/rgdh-conventional-busbar-data?measurementDate.greaterOrEqualThan=2026-05-01T11%3A00%3A00Z&measurementDate.lessThan=2026-05-01T12%3A00%3A00Z&size=60&page=0&sort=measurementDate%2Casc&busbarId.equals=9333006401;200;136;GET /api/rgdh-conventional-busbar-data -> 200;"{""requestHeaders"":{},""responseHeaders"":{},""detail"":{""endpoint"":""/api/rgdh-conventional-busbar-data"",""params"":{""measurementDate.greaterOrEqualThan"":""2026-05-01T11:00:00Z"",""measurementDate.lessThan"":""2026-05-01T12:00:00Z"",""size"":""60"",""page"":""0"",""sort"":""measurementDate,asc"",""busbarId.equals"":""9333006401""},""requestUrl"":""https://yks.teias.gov.tr/api/rgdh-conventional-busbar-data?measurementDate.greaterOrEqualThan=2026-05-01T11%3A00%3A00Z&measurementDate.lessThan=2026-05-01T12%3A00%3A00Z&size=60&page=0&sort=measurementDate%2Casc&busbarId.equals=9333006401"",""rowCount"":""60"",""apiRows"":""60"",""httpStatus"":""200"",""errorType"":"""",""errorClass"":"""",""transport"":""page-context"",""internalBusbarId"":""9333006401""}}";;;;9333006401;;;;;;https://yks.teias.gov.tr/api/rgdh-conventional-busbar-data?measurementDate.greaterOrEqualThan=2026-05-01T11%3A00%3A00Z&measurementDate.lessThan=2026-05-01T12%3A00%3A00Z&size=60&page=0&sort=measurementDate%2Casc&busbarId.equals=9333006401;60;
2026-05-01T12:49:32.572Z;success;network;rgdh-conventional-busbar-data;GET;https://yks.teias.gov.tr/api/rgdh-conventional-busbar-data?measurementDate.greaterOrEqualThan=2026-05-01T19%3A00%3A00Z&measurementDate.lessThan=2026-05-01T20%3A00%3A00Z&size=60&page=0&sort=measurementDate%2Casc&busbarId.equals=9333006401;200;39;GET /api/rgdh-conventional-busbar-data -> 200;"{""requestHeaders"":{},""responseHeaders"":{},""detail"":{""endpoint"":""/api/rgdh-conventional-busbar-data"",""params"":{""measurementDate.greaterOrEqualThan"":""2026-05-01T19:00:00Z"",""measurementDate.lessThan"":""2026-05-01T20:00:00Z"",""size"":""60"",""page"":""0"",""sort"":""measurementDate,asc"",""busbarId.equals"":""9333006401""},""requestUrl"":""https://yks.teias.gov.tr/api/rgdh-conventional-busbar-data?measurementDate.greaterOrEqualThan=2026-05-01T19%3A00%3A00Z&measurementDate.lessThan=2026-05-01T20%3A00%3A00Z&size=60&page=0&sort=measurementDate%2Casc&busbarId.equals=9333006401"",""rowCount"":""0"",""apiRows"":""0"",""httpStatus"":""200"",""errorType"":"""",""errorClass"":"""",""transport"":""page-context"",""internalBusbarId"":""9333006401""}}";;;;9333006401;;;;;;https://yks.teias.gov.tr/api/rgdh-conventional-busbar-data?measurementDate.greaterOrEqualThan=2026-05-01T19%3A00%3A00Z&measurementDate.lessThan=2026-05-01T20%3A00%3A00Z&size=60&page=0&sort=measurementDate%2Casc&busbarId.equals=9333006401;0;
2026-05-01T12:49:32.571Z;success;network;rgdh-conventional-busbar-data;GET;https://yks.teias.gov.tr/api/rgdh-conventional-busbar-data?measurementDate.greaterOrEqualThan=2026-05-01T16%3A00%3A00Z&measurementDate.lessThan=2026-05-01T17%3A00%3A00Z&size=60&page=0&sort=measurementDate%2Casc&busbarId.equals=9333006401;200;60;GET /api/rgdh-conventional-busbar-data -> 200;"{""requestHeaders"":{},""responseHeaders"":{},""detail"":{""endpoint"":""/api/rgdh-conventional-busbar-data"",""params"":{""measurementDate.greaterOrEqualThan"":""2026-05-01T16:00:00Z"",""measurementDate.lessThan"":""2026-05-01T17:00:00Z"",""size"":""60"",""page"":""0"",""sort"":""measurementDate,asc"",""busbarId.equals"":""9333006401""},""requestUrl"":""https://yks.teias.gov.tr/api/rgdh-conventional-busbar-data?measurementDate.greaterOrEqualThan=2026-05-01T16%3A00%3A00Z&measurementDate.lessThan=2026-05-01T17%3A00%3A00Z&size=60&page=0&sort=measurementDate%2Casc&busbarId.equals=9333006401"",""rowCount"":""0"",""apiRows"":""0"",""httpStatus"":""200"",""errorType"":"""",""errorClass"":"""",""transport"":""page-context"",""internalBusbarId"":""9333006401""}}";;;;9333006401;;;;;;https://yks.teias.gov.tr/api/rgdh-conventional-busbar-data?measurementDate.greaterOrEqualThan=2026-05-01T16%3A00%3A00Z&measurementDate.lessThan=2026-05-01T17%3A00%3A00Z&size=60&page=0&sort=measurementDate%2Casc&busbarId.equals=9333006401;0;
2026-05-01T12:49:32.564Z;success;network;rgdh-conventional-busbar-data;GET;https://yks.teias.gov.tr/api/rgdh-conventional-busbar-data?measurementDate.greaterOrEqualThan=2026-05-01T18%3A00%3A00Z&measurementDate.lessThan=2026-05-01T19%3A00%3A00Z&size=60&page=0&sort=measurementDate%2Casc&busbarId.equals=9333006401;200;51;GET /api/rgdh-conventional-busbar-data -> 200;"{""requestHeaders"":{},""responseHeaders"":{},""detail"":{""endpoint"":""/api/rgdh-conventional-busbar-data"",""params"":{""measurementDate.greaterOrEqualThan"":""2026-05-01T18:00:00Z"",""measurementDate.lessThan"":""2026-05-01T19:00:00Z"",""size"":""60"",""page"":""0"",""sort"":""measurementDate,asc"",""busbarId.equals"":""9333006401""},""requestUrl"":""https://yks.teias.gov.tr/api/rgdh-conventional-busbar-data?measurementDate.greaterOrEqualThan=2026-05-01T18%3A00%3A00Z&measurementDate.lessThan=2026-05-01T19%3A00%3A00Z&size=60&page=0&sort=measurementDate%2Casc&busbarId.equals=9333006401"",""rowCount"":""0"",""apiRows"":""0"",""httpStatus"":""200"",""errorType"":"""",""errorClass"":"""",""transport"":""page-context"",""internalBusbarId"":""9333006401""}}";;;;9333006401;;;;;;https://yks.teias.gov.tr/api/rgdh-conventional-busbar-data?measurementDate.greaterOrEqualThan=2026-05-01T18%3A00%3A00Z&measurementDate.lessThan=2026-05-01T19%3A00%3A00Z&size=60&page=0&sort=measurementDate%2Casc&busbarId.equals=9333006401;0;
2026-05-01T12:49:32.555Z;success;network;rgdh-conventional-busbar-data;GET;https://yks.teias.gov.tr/api/rgdh-conventional-busbar-data?measurementDate.greaterOrEqualThan=2026-05-01T17%3A00%3A00Z&measurementDate.lessThan=2026-05-01T18%3A00%3A00Z&size=60&page=0&sort=measurementDate%2Casc&busbarId.equals=9333006401;200;42;GET /api/rgdh-conventional-busbar-data -> 200;"{""requestHeaders"":{},""responseHeaders"":{},""detail"":{""endpoint"":""/api/rgdh-conventional-busbar-data"",""params"":{""measurementDate.greaterOrEqualThan"":""2026-05-01T17:00:00Z"",""measurementDate.lessThan"":""2026-05-01T18:00:00Z"",""size"":""60"",""page"":""0"",""sort"":""measurementDate,asc"",""busbarId.equals"":""9333006401""},""requestUrl"":""https://yks.teias.gov.tr/api/rgdh-conventional-busbar-data?measurementDate.greaterOrEqualThan=2026-05-01T17%3A00%3A00Z&measurementDate.lessThan=2026-05-01T18%3A00%3A00Z&size=60&page=0&sort=measurementDate%2Casc&busbarId.equals=9333006401"",""rowCount"":""0"",""apiRows"":""0"",""httpStatus"":""200"",""errorType"":"""",""errorClass"":"""",""transport"":""page-context"",""internalBusbarId"":""9333006401""}}";;;;9333006401;;;;;;https://yks.teias.gov.tr/api/rgdh-conventional-busbar-data?measurementDate.greaterOrEqualThan=2026-05-01T17%3A00%3A00Z&measurementDate.lessThan=2026-05-01T18%3A00%3A00Z&size=60&page=0&sort=measurementDate%2Casc&busbarId.equals=9333006401;0;
2026-05-01T12:49:32.550Z;success;network;rgdh-conventional-busbar-data;GET;https://yks.teias.gov.tr/api/rgdh-conventional-busbar-data?measurementDate.greaterOrEqualThan=2026-05-01T15%3A00%3A00Z&measurementDate.lessThan=2026-05-01T16%3A00%3A00Z&size=60&page=0&sort=measurementDate%2Casc&busbarId.equals=9333006401;200;41;GET /api/rgdh-conventional-busbar-data -> 200;"{""requestHeaders"":{},""responseHeaders"":{},""detail"":{""endpoint"":""/api/rgdh-conventional-busbar-data"",""params"":{""measurementDate.greaterOrEqualThan"":""2026-05-01T15:00:00Z"",""measurementDate.lessThan"":""2026-05-01T16:00:00Z"",""size"":""60"",""page"":""0"",""sort"":""measurementDate,asc"",""busbarId.equals"":""9333006401""},""requestUrl"":""https://yks.teias.gov.tr/api/rgdh-conventional-busbar-data?measurementDate.greaterOrEqualThan=2026-05-01T15%3A00%3A00Z&measurementDate.lessThan=2026-05-01T16%3A00%3A00Z&size=60&page=0&sort=measurementDate%2Casc&busbarId.equals=9333006401"",""rowCount"":""0"",""apiRows"":""0"",""httpStatus"":""200"",""errorType"":"""",""errorClass"":"""",""transport"":""page-context"",""internalBusbarId"":""9333006401""}}";;;;9333006401;;;;;;https://yks.teias.gov.tr/api/rgdh-conventional-busbar-data?measurementDate.greaterOrEqualThan=2026-05-01T15%3A00%3A00Z&measurementDate.lessThan=2026-05-01T16%3A00%3A00Z&size=60&page=0&sort=measurementDate%2Casc&busbarId.equals=9333006401;0;
2026-05-01T12:49:32.532Z;success;network;rgdh-conventional-busbar-data;GET;https://yks.teias.gov.tr/api/rgdh-conventional-busbar-data?measurementDate.greaterOrEqualThan=2026-05-01T14%3A00%3A00Z&measurementDate.lessThan=2026-05-01T15%3A00%3A00Z&size=60&page=0&sort=measurementDate%2Casc&busbarId.equals=9333006401;200;72;GET /api/rgdh-conventional-busbar-data -> 200;"{""requestHeaders"":{},""responseHeaders"":{},""detail"":{""endpoint"":""/api/rgdh-conventional-busbar-data"",""params"":{""measurementDate.greaterOrEqualThan"":""2026-05-01T14:00:00Z"",""measurementDate.lessThan"":""2026-05-01T15:00:00Z"",""size"":""60"",""page"":""0"",""sort"":""measurementDate,asc"",""busbarId.equals"":""9333006401""},""requestUrl"":""https://yks.teias.gov.tr/api/rgdh-conventional-busbar-data?measurementDate.greaterOrEqualThan=2026-05-01T14%3A00%3A00Z&measurementDate.lessThan=2026-05-01T15%3A00%3A00Z&size=60&page=0&sort=measurementDate%2Casc&busbarId.equals=9333006401"",""rowCount"":""0"",""apiRows"":""0"",""httpStatus"":""200"",""errorType"":"""",""errorClass"":"""",""transport"":""page-context"",""internalBusbarId"":""9333006401""}}";;;;9333006401;;;;;;https://yks.teias.gov.tr/api/rgdh-conventional-busbar-data?measurementDate.greaterOrEqualThan=2026-05-01T14%3A00%3A00Z&measurementDate.lessThan=2026-05-01T15%3A00%3A00Z&size=60&page=0&sort=measurementDate%2Casc&busbarId.equals=9333006401;0;
2026-05-01T12:49:32.511Z;success;network;rgdh-conventional-busbar-data;GET;https://yks.teias.gov.tr/api/rgdh-conventional-busbar-data?measurementDate.greaterOrEqualThan=2026-05-01T13%3A00%3A00Z&measurementDate.lessThan=2026-05-01T14%3A00%3A00Z&size=60&page=0&sort=measurementDate%2Casc&busbarId.equals=9333006401;200;54;GET /api/rgdh-conventional-busbar-data -> 200;"{""requestHeaders"":{},""responseHeaders"":{},""detail"":{""endpoint"":""/api/rgdh-conventional-busbar-data"",""params"":{""measurementDate.greaterOrEqualThan"":""2026-05-01T13:00:00Z"",""measurementDate.lessThan"":""2026-05-01T14:00:00Z"",""size"":""60"",""page"":""0"",""sort"":""measurementDate,asc"",""busbarId.equals"":""9333006401""},""requestUrl"":""https://yks.teias.gov.tr/api/rgdh-conventional-busbar-data?measurementDate.greaterOrEqualThan=2026-05-01T13%3A00%3A00Z&measurementDate.lessThan=2026-05-01T14%3A00%3A00Z&size=60&page=0&sort=measurementDate%2Casc&busbarId.equals=9333006401"",""rowCount"":""0"",""apiRows"":""0"",""httpStatus"":""200"",""errorType"":"""",""errorClass"":"""",""transport"":""page-context"",""internalBusbarId"":""9333006401""}}";;;;9333006401;;;;;;https://yks.teias.gov.tr/api/rgdh-conventional-busbar-data?measurementDate.greaterOrEqualThan=2026-05-01T13%3A00%3A00Z&measurementDate.lessThan=2026-05-01T14%3A00%3A00Z&size=60&page=0&sort=measurementDate%2Casc&busbarId.equals=9333006401;0;
2026-05-01T12:49:32.508Z;success;network;rgdh-conventional-busbar-data;GET;https://yks.teias.gov.tr/api/rgdh-conventional-busbar-data?measurementDate.greaterOrEqualThan=2026-05-01T12%3A00%3A00Z&measurementDate.lessThan=2026-05-01T13%3A00%3A00Z&size=60&page=0&sort=measurementDate%2Casc&busbarId.equals=9333006401;200;51;GET /api/rgdh-conventional-busbar-data -> 200;"{""requestHeaders"":{},""responseHeaders"":{},""detail"":{""endpoint"":""/api/rgdh-conventional-busbar-data"",""params"":{""measurementDate.greaterOrEqualThan"":""2026-05-01T12:00:00Z"",""measurementDate.lessThan"":""2026-05-01T13:00:00Z"",""size"":""60"",""page"":""0"",""sort"":""measurementDate,asc"",""busbarId.equals"":""9333006401""},""requestUrl"":""https://yks.teias.gov.tr/api/rgdh-conventional-busbar-data?measurementDate.greaterOrEqualThan=2026-05-01T12%3A00%3A00Z&measurementDate.lessThan=2026-05-01T13%3A00%3A00Z&size=60&page=0&sort=measurementDate%2Casc&busbarId.equals=9333006401"",""rowCount"":""0"",""apiRows"":""0"",""httpStatus"":""200"",""errorType"":"""",""errorClass"":"""",""transport"":""page-context"",""internalBusbarId"":""9333006401""}}";;;;9333006401;;;;;;https://yks.teias.gov.tr/api/rgdh-conventional-busbar-data?measurementDate.greaterOrEqualThan=2026-05-01T12%3A00%3A00Z&measurementDate.lessThan=2026-05-01T13%3A00%3A00Z&size=60&page=0&sort=measurementDate%2Casc&busbarId.equals=9333006401;0;
2026-05-01T12:49:32.508Z;success;network;rgdh-conventional-busbar-data;GET;https://yks.teias.gov.tr/api/rgdh-conventional-busbar-data?measurementDate.greaterOrEqualThan=2026-05-01T10%3A00%3A00Z&measurementDate.lessThan=2026-05-01T11%3A00%3A00Z&size=60&page=0&sort=measurementDate%2Casc&busbarId.equals=9333006401;200;143;GET /api/rgdh-conventional-busbar-data -> 200;"{""requestHeaders"":{},""responseHeaders"":{},""detail"":{""endpoint"":""/api/rgdh-conventional-busbar-data"",""params"":{""measurementDate.greaterOrEqualThan"":""2026-05-01T10:00:00Z"",""measurementDate.lessThan"":""2026-05-01T11:00:00Z"",""size"":""60"",""page"":""0"",""sort"":""measurementDate,asc"",""busbarId.equals"":""9333006401""},""requestUrl"":""https://yks.teias.gov.tr/api/rgdh-conventional-busbar-data?measurementDate.greaterOrEqualThan=2026-05-01T10%3A00%3A00Z&measurementDate.lessThan=2026-05-01T11%3A00%3A00Z&size=60&page=0&sort=measurementDate%2Casc&busbarId.equals=9333006401"",""rowCount"":""60"",""apiRows"":""60"",""httpStatus"":""200"",""errorType"":"""",""errorClass"":"""",""transport"":""page-context"",""internalBusbarId"":""9333006401""}}";;;;9333006401;;;;;;https://yks.teias.gov.tr/api/rgdh-conventional-busbar-data?measurementDate.greaterOrEqualThan=2026-05-01T10%3A00%3A00Z&measurementDate.lessThan=2026-05-01T11%3A00%3A00Z&size=60&page=0&sort=measurementDate%2Casc&busbarId.equals=9333006401;60;
2026-05-01T12:49:32.490Z;success;network;rgdh-conventional-busbar-data;GET;https://yks.teias.gov.tr/api/rgdh-conventional-busbar-data?measurementDate.greaterOrEqualThan=2026-05-01T08%3A00%3A00Z&measurementDate.lessThan=2026-05-01T09%3A00%3A00Z&size=60&page=0&sort=measurementDate%2Casc&busbarId.equals=9333006401;200;308;GET /api/rgdh-conventional-busbar-data -> 200;"{""requestHeaders"":{},""responseHeaders"":{},""detail"":{""endpoint"":""/api/rgdh-conventional-busbar-data"",""params"":{""measurementDate.greaterOrEqualThan"":""2026-05-01T08:00:00Z"",""measurementDate.lessThan"":""2026-05-01T09:00:00Z"",""size"":""60"",""page"":""0"",""sort"":""measurementDate,asc"",""busbarId.equals"":""9333006401""},""requestUrl"":""https://yks.teias.gov.tr/api/rgdh-conventional-busbar-data?measurementDate.greaterOrEqualThan=2026-05-01T08%3A00%3A00Z&measurementDate.lessThan=2026-05-01T09%3A00%3A00Z&size=60&page=0&sort=measurementDate%2Casc&busbarId.equals=9333006401"",""rowCount"":""60"",""apiRows"":""60"",""httpStatus"":""200"",""errorType"":"""",""errorClass"":"""",""transport"":""page-context"",""internalBusbarId"":""9333006401""}}";;;;9333006401;;;;;;https://yks.teias.gov.tr/api/rgdh-conventional-busbar-data?measurementDate.greaterOrEqualThan=2026-05-01T08%3A00%3A00Z&measurementDate.lessThan=2026-05-01T09%3A00%3A00Z&size=60&page=0&sort=measurementDate%2Casc&busbarId.equals=9333006401;60;
2026-05-01T12:49:32.457Z;success;network;rgdh-conventional-busbar-data;GET;https://yks.teias.gov.tr/api/rgdh-conventional-busbar-data?measurementDate.greaterOrEqualThan=2026-05-01T09%3A00%3A00Z&measurementDate.lessThan=2026-05-01T10%3A00%3A00Z&size=60&page=0&sort=measurementDate%2Casc&busbarId.equals=9333006401;200;273;GET /api/rgdh-conventional-busbar-data -> 200;"{""requestHeaders"":{},""responseHeaders"":{},""detail"":{""endpoint"":""/api/rgdh-conventional-busbar-data"",""params"":{""measurementDate.greaterOrEqualThan"":""2026-05-01T09:00:00Z"",""measurementDate.lessThan"":""2026-05-01T10:00:00Z"",""size"":""60"",""page"":""0"",""sort"":""measurementDate,asc"",""busbarId.equals"":""9333006401""},""requestUrl"":""https://yks.teias.gov.tr/api/rgdh-conventional-busbar-data?measurementDate.greaterOrEqualThan=2026-05-01T09%3A00%3A00Z&measurementDate.lessThan=2026-05-01T10%3A00%3A00Z&size=60&page=0&sort=measurementDate%2Casc&busbarId.equals=9333006401"",""rowCount"":""60"",""apiRows"":""60"",""httpStatus"":""200"",""errorType"":"""",""errorClass"":"""",""transport"":""page-context"",""internalBusbarId"":""9333006401""}}";;;;9333006401;;;;;;https://yks.teias.gov.tr/api/rgdh-conventional-busbar-data?measurementDate.greaterOrEqualThan=2026-05-01T09%3A00%3A00Z&measurementDate.lessThan=2026-05-01T10%3A00%3A00Z&size=60&page=0&sort=measurementDate%2Casc&busbarId.equals=9333006401;60;
2026-05-01T12:49:32.444Z;success;network;rgdh-conventional-busbar-data;GET;https://yks.teias.gov.tr/api/rgdh-conventional-busbar-data?measurementDate.greaterOrEqualThan=2026-05-01T06%3A00%3A00Z&measurementDate.lessThan=2026-05-01T07%3A00%3A00Z&size=60&page=0&sort=measurementDate%2Casc&busbarId.equals=9333006401;200;284;GET /api/rgdh-conventional-busbar-data -> 200;"{""requestHeaders"":{},""responseHeaders"":{},""detail"":{""endpoint"":""/api/rgdh-conventional-busbar-data"",""params"":{""measurementDate.greaterOrEqualThan"":""2026-05-01T06:00:00Z"",""measurementDate.lessThan"":""2026-05-01T07:00:00Z"",""size"":""60"",""page"":""0"",""sort"":""measurementDate,asc"",""busbarId.equals"":""9333006401""},""requestUrl"":""https://yks.teias.gov.tr/api/rgdh-conventional-busbar-data?measurementDate.greaterOrEqualThan=2026-05-01T06%3A00%3A00Z&measurementDate.lessThan=2026-05-01T07%3A00%3A00Z&size=60&page=0&sort=measurementDate%2Casc&busbarId.equals=9333006401"",""rowCount"":""60"",""apiRows"":""60"",""httpStatus"":""200"",""errorType"":"""",""errorClass"":"""",""transport"":""page-context"",""internalBusbarId"":""9333006401""}}";;;;9333006401;;;;;;https://yks.teias.gov.tr/api/rgdh-conventional-busbar-data?measurementDate.greaterOrEqualThan=2026-05-01T06%3A00%3A00Z&measurementDate.lessThan=2026-05-01T07%3A00%3A00Z&size=60&page=0&sort=measurementDate%2Casc&busbarId.equals=9333006401;60;
2026-05-01T12:49:32.442Z;success;network;rgdh-conventional-busbar-data;GET;https://yks.teias.gov.tr/api/rgdh-conventional-busbar-data?measurementDate.greaterOrEqualThan=2026-05-01T05%3A00%3A00Z&measurementDate.lessThan=2026-05-01T06%3A00%3A00Z&size=60&page=0&sort=measurementDate%2Casc&busbarId.equals=9333006401;200;292;GET /api/rgdh-conventional-busbar-data -> 200;"{""requestHeaders"":{},""responseHeaders"":{},""detail"":{""endpoint"":""/api/rgdh-conventional-busbar-data"",""params"":{""measurementDate.greaterOrEqualThan"":""2026-05-01T05:00:00Z"",""measurementDate.lessThan"":""2026-05-01T06:00:00Z"",""size"":""60"",""page"":""0"",""sort"":""measurementDate,asc"",""busbarId.equals"":""9333006401""},""requestUrl"":""https://yks.teias.gov.tr/api/rgdh-conventional-busbar-data?measurementDate.greaterOrEqualThan=2026-05-01T05%3A00%3A00Z&measurementDate.lessThan=2026-05-01T06%3A00%3A00Z&size=60&page=0&sort=measurementDate%2Casc&busbarId.equals=9333006401"",""rowCount"":""60"",""apiRows"":""60"",""httpStatus"":""200"",""errorType"":"""",""errorClass"":"""",""transport"":""page-context"",""internalBusbarId"":""9333006401""}}";;;;9333006401;;;;;;https://yks.teias.gov.tr/api/rgdh-conventional-busbar-data?measurementDate.greaterOrEqualThan=2026-05-01T05%3A00%3A00Z&measurementDate.lessThan=2026-05-01T06%3A00%3A00Z&size=60&page=0&sort=measurementDate%2Casc&busbarId.equals=9333006401;60;
2026-05-01T12:49:32.436Z;success;network;rgdh-conventional-busbar-data;GET;https://yks.teias.gov.tr/api/rgdh-conventional-busbar-data?measurementDate.greaterOrEqualThan=2026-05-01T07%3A00%3A00Z&measurementDate.lessThan=2026-05-01T08%3A00%3A00Z&size=60&page=0&sort=measurementDate%2Casc&busbarId.equals=9333006401;200;264;GET /api/rgdh-conventional-busbar-data -> 200;"{""requestHeaders"":{},""responseHeaders"":{},""detail"":{""endpoint"":""/api/rgdh-conventional-busbar-data"",""params"":{""measurementDate.greaterOrEqualThan"":""2026-05-01T07:00:00Z"",""measurementDate.lessThan"":""2026-05-01T08:00:00Z"",""size"":""60"",""page"":""0"",""sort"":""measurementDate,asc"",""busbarId.equals"":""9333006401""},""requestUrl"":""https://yks.teias.gov.tr/api/rgdh-conventional-busbar-data?measurementDate.greaterOrEqualThan=2026-05-01T07%3A00%3A00Z&measurementDate.lessThan=2026-05-01T08%3A00%3A00Z&size=60&page=0&sort=measurementDate%2Casc&busbarId.equals=9333006401"",""rowCount"":""60"",""apiRows"":""60"",""httpStatus"":""200"",""errorType"":"""",""errorClass"":"""",""transport"":""page-context"",""internalBusbarId"":""9333006401""}}";;;;9333006401;;;;;;https://yks.teias.gov.tr/api/rgdh-conventional-busbar-data?measurementDate.greaterOrEqualThan=2026-05-01T07%3A00%3A00Z&measurementDate.lessThan=2026-05-01T08%3A00%3A00Z&size=60&page=0&sort=measurementDate%2Casc&busbarId.equals=9333006401;60;
2026-05-01T12:49:32.362Z;success;network;rgdh-conventional-busbar-data;GET;https://yks.teias.gov.tr/api/rgdh-conventional-busbar-data?measurementDate.greaterOrEqualThan=2026-05-01T04%3A00%3A00Z&measurementDate.lessThan=2026-05-01T05%3A00%3A00Z&size=60&page=0&sort=measurementDate%2Casc&busbarId.equals=9333006401;200;247;GET /api/rgdh-conventional-busbar-data -> 200;"{""requestHeaders"":{},""responseHeaders"":{},""detail"":{""endpoint"":""/api/rgdh-conventional-busbar-data"",""params"":{""measurementDate.greaterOrEqualThan"":""2026-05-01T04:00:00Z"",""measurementDate.lessThan"":""2026-05-01T05:00:00Z"",""size"":""60"",""page"":""0"",""sort"":""measurementDate,asc"",""busbarId.equals"":""9333006401""},""requestUrl"":""https://yks.teias.gov.tr/api/rgdh-conventional-busbar-data?measurementDate.greaterOrEqualThan=2026-05-01T04%3A00%3A00Z&measurementDate.lessThan=2026-05-01T05%3A00%3A00Z&size=60&page=0&sort=measurementDate%2Casc&busbarId.equals=9333006401"",""rowCount"":""60"",""apiRows"":""60"",""httpStatus"":""200"",""errorType"":"""",""errorClass"":"""",""transport"":""page-context"",""internalBusbarId"":""9333006401""}}";;;;9333006401;;;;;;https://yks.teias.gov.tr/api/rgdh-conventional-busbar-data?measurementDate.greaterOrEqualThan=2026-05-01T04%3A00%3A00Z&measurementDate.lessThan=2026-05-01T05%3A00%3A00Z&size=60&page=0&sort=measurementDate%2Casc&busbarId.equals=9333006401;60;
2026-05-01T12:49:32.181Z;success;network;rgdh-conventional-busbar-data;GET;https://yks.teias.gov.tr/api/rgdh-conventional-busbar-data?measurementDate.greaterOrEqualThan=2026-05-01T02%3A00%3A00Z&measurementDate.lessThan=2026-05-01T03%3A00%3A00Z&size=60&page=0&sort=measurementDate%2Casc&busbarId.equals=9333006401;200;333;GET /api/rgdh-conventional-busbar-data -> 200;"{""requestHeaders"":{},""responseHeaders"":{},""detail"":{""endpoint"":""/api/rgdh-conventional-busbar-data"",""params"":{""measurementDate.greaterOrEqualThan"":""2026-05-01T02:00:00Z"",""measurementDate.lessThan"":""2026-05-01T03:00:00Z"",""size"":""60"",""page"":""0"",""sort"":""measurementDate,asc"",""busbarId.equals"":""9333006401""},""requestUrl"":""https://yks.teias.gov.tr/api/rgdh-conventional-busbar-data?measurementDate.greaterOrEqualThan=2026-05-01T02%3A00%3A00Z&measurementDate.lessThan=2026-05-01T03%3A00%3A00Z&size=60&page=0&sort=measurementDate%2Casc&busbarId.equals=9333006401"",""rowCount"":""60"",""apiRows"":""60"",""httpStatus"":""200"",""errorType"":"""",""errorClass"":"""",""transport"":""page-context"",""internalBusbarId"":""9333006401""}}";;;;9333006401;;;;;;https://yks.teias.gov.tr/api/rgdh-conventional-busbar-data?measurementDate.greaterOrEqualThan=2026-05-01T02%3A00%3A00Z&measurementDate.lessThan=2026-05-01T03%3A00%3A00Z&size=60&page=0&sort=measurementDate%2Casc&busbarId.equals=9333006401;60;
2026-05-01T12:49:32.171Z;success;network;rgdh-conventional-busbar-data;GET;https://yks.teias.gov.tr/api/rgdh-conventional-busbar-data?measurementDate.greaterOrEqualThan=2026-05-01T01%3A00%3A00Z&measurementDate.lessThan=2026-05-01T02%3A00%3A00Z&size=60&page=0&sort=measurementDate%2Casc&busbarId.equals=9333006401;200;324;GET /api/rgdh-conventional-busbar-data -> 200;"{""requestHeaders"":{},""responseHeaders"":{},""detail"":{""endpoint"":""/api/rgdh-conventional-busbar-data"",""params"":{""measurementDate.greaterOrEqualThan"":""2026-05-01T01:00:00Z"",""measurementDate.lessThan"":""2026-05-01T02:00:00Z"",""size"":""60"",""page"":""0"",""sort"":""measurementDate,asc"",""busbarId.equals"":""9333006401""},""requestUrl"":""https://yks.teias.gov.tr/api/rgdh-conventional-busbar-data?measurementDate.greaterOrEqualThan=2026-05-01T01%3A00%3A00Z&measurementDate.lessThan=2026-05-01T02%3A00%3A00Z&size=60&page=0&sort=measurementDate%2Casc&busbarId.equals=9333006401"",""rowCount"":""60"",""apiRows"":""60"",""httpStatus"":""200"",""errorType"":"""",""errorClass"":"""",""transport"":""page-context"",""internalBusbarId"":""9333006401""}}";;;;9333006401;;;;;;https://yks.teias.gov.tr/api/rgdh-conventional-busbar-data?measurementDate.greaterOrEqualThan=2026-05-01T01%3A00%3A00Z&measurementDate.lessThan=2026-05-01T02%3A00%3A00Z&size=60&page=0&sort=measurementDate%2Casc&busbarId.equals=9333006401;60;
2026-05-01T12:49:32.160Z;success;network;rgdh-conventional-busbar-data;GET;https://yks.teias.gov.tr/api/rgdh-conventional-busbar-data?measurementDate.greaterOrEqualThan=2026-05-01T00%3A00%3A00Z&measurementDate.lessThan=2026-05-01T01%3A00%3A00Z&size=60&page=0&sort=measurementDate%2Casc&busbarId.equals=9333006401;200;316;GET /api/rgdh-conventional-busbar-data -> 200;"{""requestHeaders"":{},""responseHeaders"":{},""detail"":{""endpoint"":""/api/rgdh-conventional-busbar-data"",""params"":{""measurementDate.greaterOrEqualThan"":""2026-05-01T00:00:00Z"",""measurementDate.lessThan"":""2026-05-01T01:00:00Z"",""size"":""60"",""page"":""0"",""sort"":""measurementDate,asc"",""busbarId.equals"":""9333006401""},""requestUrl"":""https://yks.teias.gov.tr/api/rgdh-conventional-busbar-data?measurementDate.greaterOrEqualThan=2026-05-01T00%3A00%3A00Z&measurementDate.lessThan=2026-05-01T01%3A00%3A00Z&size=60&page=0&sort=measurementDate%2Casc&busbarId.equals=9333006401"",""rowCount"":""60"",""apiRows"":""60"",""httpStatus"":""200"",""errorType"":"""",""errorClass"":"""",""transport"":""page-context"",""internalBusbarId"":""9333006401""}}";;;;9333006401;;;;;;https://yks.teias.gov.tr/api/rgdh-conventional-busbar-data?measurementDate.greaterOrEqualThan=2026-05-01T00%3A00%3A00Z&measurementDate.lessThan=2026-05-01T01%3A00%3A00Z&size=60&page=0&sort=measurementDate%2Casc&busbarId.equals=9333006401;60;
2026-05-01T12:49:32.149Z;success;network;rgdh-conventional-busbar-data;GET;https://yks.teias.gov.tr/api/rgdh-conventional-busbar-data?measurementDate.greaterOrEqualThan=2026-05-01T03%3A00%3A00Z&measurementDate.lessThan=2026-05-01T04%3A00%3A00Z&size=60&page=0&sort=measurementDate%2Casc&busbarId.equals=9333006401;200;301;GET /api/rgdh-conventional-busbar-data -> 200;"{""requestHeaders"":{},""responseHeaders"":{},""detail"":{""endpoint"":""/api/rgdh-conventional-busbar-data"",""params"":{""measurementDate.greaterOrEqualThan"":""2026-05-01T03:00:00Z"",""measurementDate.lessThan"":""2026-05-01T04:00:00Z"",""size"":""60"",""page"":""0"",""sort"":""measurementDate,asc"",""busbarId.equals"":""9333006401""},""requestUrl"":""https://yks.teias.gov.tr/api/rgdh-conventional-busbar-data?measurementDate.greaterOrEqualThan=2026-05-01T03%3A00%3A00Z&measurementDate.lessThan=2026-05-01T04%3A00%3A00Z&size=60&page=0&sort=measurementDate%2Casc&busbarId.equals=9333006401"",""rowCount"":""60"",""apiRows"":""60"",""httpStatus"":""200"",""errorType"":"""",""errorClass"":"""",""transport"":""page-context"",""internalBusbarId"":""9333006401""}}";;;;9333006401;;;;;;https://yks.teias.gov.tr/api/rgdh-conventional-busbar-data?measurementDate.greaterOrEqualThan=2026-05-01T03%3A00%3A00Z&measurementDate.lessThan=2026-05-01T04%3A00%3A00Z&size=60&page=0&sort=measurementDate%2Casc&busbarId.equals=9333006401;60;
2026-05-01T12:49:32.139Z;success;network;rgdh-conventional-busbar-data;GET;https://yks.teias.gov.tr/api/rgdh-conventional-busbar-data?measurementDate.greaterOrEqualThan=2026-04-30T23%3A00%3A00Z&measurementDate.lessThan=2026-05-01T00%3A00%3A00Z&size=60&page=0&sort=measurementDate%2Casc&busbarId.equals=9333006401;200;295;GET /api/rgdh-conventional-busbar-data -> 200;"{""requestHeaders"":{},""responseHeaders"":{},""detail"":{""endpoint"":""/api/rgdh-conventional-busbar-data"",""params"":{""measurementDate.greaterOrEqualThan"":""2026-04-30T23:00:00Z"",""measurementDate.lessThan"":""2026-05-01T00:00:00Z"",""size"":""60"",""page"":""0"",""sort"":""measurementDate,asc"",""busbarId.equals"":""9333006401""},""requestUrl"":""https://yks.teias.gov.tr/api/rgdh-conventional-busbar-data?measurementDate.greaterOrEqualThan=2026-04-30T23%3A00%3A00Z&measurementDate.lessThan=2026-05-01T00%3A00%3A00Z&size=60&page=0&sort=measurementDate%2Casc&busbarId.equals=9333006401"",""rowCount"":""60"",""apiRows"":""60"",""httpStatus"":""200"",""errorType"":"""",""errorClass"":"""",""transport"":""page-context"",""internalBusbarId"":""9333006401""}}";;;;9333006401;;;;;;https://yks.teias.gov.tr/api/rgdh-conventional-busbar-data?measurementDate.greaterOrEqualThan=2026-04-30T23%3A00%3A00Z&measurementDate.lessThan=2026-05-01T00%3A00%3A00Z&size=60&page=0&sort=measurementDate%2Casc&busbarId.equals=9333006401;60;
2026-05-01T12:49:32.113Z;success;network;rgdh-conventional-busbar-data;GET;https://yks.teias.gov.tr/api/rgdh-conventional-busbar-data?measurementDate.greaterOrEqualThan=2026-04-30T22%3A00%3A00Z&measurementDate.lessThan=2026-04-30T23%3A00%3A00Z&size=60&page=0&sort=measurementDate%2Casc&busbarId.equals=9333006401;200;271;GET /api/rgdh-conventional-busbar-data -> 200;"{""requestHeaders"":{},""responseHeaders"":{},""detail"":{""endpoint"":""/api/rgdh-conventional-busbar-data"",""params"":{""measurementDate.greaterOrEqualThan"":""2026-04-30T22:00:00Z"",""measurementDate.lessThan"":""2026-04-30T23:00:00Z"",""size"":""60"",""page"":""0"",""sort"":""measurementDate,asc"",""busbarId.equals"":""9333006401""},""requestUrl"":""https://yks.teias.gov.tr/api/rgdh-conventional-busbar-data?measurementDate.greaterOrEqualThan=2026-04-30T22%3A00%3A00Z&measurementDate.lessThan=2026-04-30T23%3A00%3A00Z&size=60&page=0&sort=measurementDate%2Casc&busbarId.equals=9333006401"",""rowCount"":""60"",""apiRows"":""60"",""httpStatus"":""200"",""errorType"":"""",""errorClass"":"""",""transport"":""page-context"",""internalBusbarId"":""9333006401""}}";;;;9333006401;;;;;;https://yks.teias.gov.tr/api/rgdh-conventional-busbar-data?measurementDate.greaterOrEqualThan=2026-04-30T22%3A00%3A00Z&measurementDate.lessThan=2026-04-30T23%3A00%3A00Z&size=60&page=0&sort=measurementDate%2Casc&busbarId.equals=9333006401;60;
2026-05-01T12:49:31.839Z;success;network;rgdh-conventional-busbar-data;GET;https://yks.teias.gov.tr/api/rgdh-conventional-busbar-data?measurementDate.greaterOrEqualThan=2026-04-30T21%3A00%3A00Z&measurementDate.lessThan=2026-04-30T22%3A00%3A00Z&size=60&page=0&sort=measurementDate%2Casc&busbarId.equals=9333006401;200;128;GET /api/rgdh-conventional-busbar-data -> 200;"{""requestHeaders"":{},""responseHeaders"":{},""detail"":{""endpoint"":""/api/rgdh-conventional-busbar-data"",""params"":{""measurementDate.greaterOrEqualThan"":""2026-04-30T21:00:00Z"",""measurementDate.lessThan"":""2026-04-30T22:00:00Z"",""size"":""60"",""page"":""0"",""sort"":""measurementDate,asc"",""busbarId.equals"":""9333006401""},""requestUrl"":""https://yks.teias.gov.tr/api/rgdh-conventional-busbar-data?measurementDate.greaterOrEqualThan=2026-04-30T21%3A00%3A00Z&measurementDate.lessThan=2026-04-30T22%3A00%3A00Z&size=60&page=0&sort=measurementDate%2Casc&busbarId.equals=9333006401"",""rowCount"":""60"",""apiRows"":""60"",""httpStatus"":""200"",""errorType"":"""",""errorClass"":"""",""transport"":""page-context"",""internalBusbarId"":""9333006401""}}";;;;9333006401;;;;;;https://yks.teias.gov.tr/api/rgdh-conventional-busbar-data?measurementDate.greaterOrEqualThan=2026-04-30T21%3A00%3A00Z&measurementDate.lessThan=2026-04-30T22%3A00%3A00Z&size=60&page=0&sort=measurementDate%2Casc&busbarId.equals=9333006401;60;
2026-05-01T12:49:31.709Z;success;network;busbars;GET;https://yks.teias.gov.tr/api/busbars?size=50&sort=busbarName%2Casc&busbarType.equals=CONVENTIONAL&busbarId.equals=5532&page=0;200;415;GET /api/busbars -> 200;"{""requestHeaders"":{},""responseHeaders"":{},""detail"":{""endpoint"":""/api/busbars"",""params"":{""size"":""50"",""sort"":""busbarName,asc"",""busbarType.equals"":""CONVENTIONAL"",""busbarId.equals"":""5532"",""page"":""0""},""requestUrl"":""https://yks.teias.gov.tr/api/busbars?size=50&sort=busbarName%2Casc&busbarType.equals=CONVENTIONAL&busbarId.equals=5532&page=0"",""rowCount"":""485"",""apiRows"":""485"",""httpStatus"":""200"",""errorType"":"""",""errorClass"":"""",""transport"":""page-context"",""internalBusbarId"":""5532""}}";;;;5532;;;;;;https://yks.teias.gov.tr/api/busbars?size=50&sort=busbarName%2Casc&busbarType.equals=CONVENTIONAL&busbarId.equals=5532&page=0;485;
2026-05-01T12:49:31.285Z;info;fetch-job;rgdh-monitor;;;0;0;YKS cekim isi basladi: rgdh-job-1777639771285-1;"{""requestHeaders"":{},""responseHeaders"":{},""detail"":{""jobId"":""rgdh-job-1777639771285-1"",""selectedBusbar"":{""busbarId"":""5532"",""busbarName"":""ACWA KIRIKKALE DGKÇ"",""sourceType"":""CONVENTIONAL"",""ytm"":""OA_YTM"",""plantName"":""ACWA KIRIKKALE"",""hasAuxiliarySource"":""false""},""busbarInternalIds"":[],""localDate"":""2026-05-01"",""sourceType"":""CONVENTIONAL"",""jobTimeoutMs"":""60000"",""displayBusbarId"":""5532"",""internalBusbarId"":""""}}";rgdh-job-1777639771285-1;CONVENTIONAL;5532;;;;;;;;;
01.05.2026 15:52:36;error;YKS;rgdh-monitor;;;;;YKS cekimi tamamlandi ancak normalize API kaydi olusmadi.;"{""requestHeaders"":{},""responseHeaders"":{},""detail"":{""errorType"":""NO_NORMALIZED_ROWS"",""rowCounts"":{""conventionalRows"":""0"",""windRows"":""0"",""domRows"":""0"",""apiRows"":""0""}}}";;;;;;;;;NO_NORMALIZED_ROWS;;;
01.05.2026 15:52:36;error;API;rgdh-monitor;;;;;15 RES/GES saatlik YKS istegi zaman asimina ugradi.;"{""requestHeaders"":{},""responseHeaders"":{},""detail"":{""httpStatus"":"""",""errorType"":""YKS_HOURLY_TIMEOUT"",""errorClass"":""YKS_HOURLY_TIMEOUT"",""source"":""WIND"",""busbarId"":""9490732369"",""internalBusbarId"":""9490732369"",""displayBusbarId"":""6002"",""localDate"":""2026-05-01"",""hourStart"":""2026-04-30T21:00:00Z"",""hourEnd"":""2026-05-01T12:00:00Z"",""hourRange"":""0-14"",""failedHours"":""15"",""attemptedHours"":""15"",""requestUrl"":""https://yks.teias.gov.tr/api/rgdh-wind-busbar-data?measurementDate.greaterOrEqualThan=2026-04-30T21%3A00%3A00Z&measurementDate.lessThan=2026-04-30T22%3A00%3A00Z&size=60&page=0&sort=measurementDate%2Casc&busbarId.equals=9490732369""}}";;WIND;6002;9490732369;2026-04-30T21:00:00Z;2026-05-01T12:00:00Z;;;YKS_HOURLY_TIMEOUT;https://yks.teias.gov.tr/api/rgdh-wind-busbar-data?measurementDate.greaterOrEqualThan=2026-04-30T21%3A00%3A00Z&measurementDate.lessThan=2026-04-30T22%3A00%3A00Z&size=60&page=0&sort=measurementDate%2Casc&busbarId.equals=9490732369;;
01.05.2026 15:52:36;error;Normalize;rgdh-monitor;;;;;YKS cekimi tamamlandi ancak normalize API kaydi olusmadi.;"{""requestHeaders"":{},""responseHeaders"":{},""detail"":{""errorType"":""NO_NORMALIZED_ROWS"",""rowCounts"":{""conventionalRows"":""0"",""windRows"":""0"",""domRows"":""0"",""apiRows"":""0""}}}";;;;;;;;;NO_NORMALIZED_ROWS;;;
01.05.2026 15:52:36;warn;Normalize;rgdh-monitor;;;;;API kaydi normalize edilmedi.;"{""requestHeaders"":{},""responseHeaders"":{},""detail"":{""apiRows"":""0"",""domRows"":""0"",""metricSummary"":{""total"":""0"",""pgenMw"":""0"",""qgenMvar"":""0"",""diMvarLimit"":""0"",""aiMvarLimit"":""0"",""approvalStatus"":""0"",""auxiliaryMw"":""0"",""auxiliaryMvar"":""0"",""auxiliaryDiMvarLimit"":""0"",""auxiliaryAiMvarLimit"":""0"",""auxiliaryApprovalStatus"":""0"",""metricEmptyRows"":""0""},""rawFieldKeys"":[],""metricEmptyRows"":""0""}}";;;;;;;;;;;0;0
01.05.2026 15:52:36;error;WIND;rgdh-monitor;;;;;15 RES/GES saatlik YKS istegi zaman asimina ugradi.;"{""requestHeaders"":{},""responseHeaders"":{},""detail"":{""httpStatus"":"""",""errorType"":""YKS_HOURLY_TIMEOUT"",""errorClass"":""YKS_HOURLY_TIMEOUT"",""source"":""WIND"",""busbarId"":""9490732369"",""internalBusbarId"":""9490732369"",""displayBusbarId"":""6002"",""localDate"":""2026-05-01"",""hourStart"":""2026-04-30T21:00:00Z"",""hourEnd"":""2026-05-01T12:00:00Z"",""hourRange"":""0-14"",""failedHours"":""15"",""attemptedHours"":""15"",""requestUrl"":""https://yks.teias.gov.tr/api/rgdh-wind-busbar-data?measurementDate.greaterOrEqualThan=2026-04-30T21%3A00%3A00Z&measurementDate.lessThan=2026-04-30T22%3A00%3A00Z&size=60&page=0&sort=measurementDate%2Casc&busbarId.equals=9490732369""}}";;WIND;6002;9490732369;2026-04-30T21:00:00Z;2026-05-01T12:00:00Z;;;YKS_HOURLY_TIMEOUT;https://yks.teias.gov.tr/api/rgdh-wind-busbar-data?measurementDate.greaterOrEqualThan=2026-04-30T21%3A00%3A00Z&measurementDate.lessThan=2026-04-30T22%3A00%3A00Z&size=60&page=0&sort=measurementDate%2Casc&busbarId.equals=9490732369;;
01.05.2026 15:52:36;success;WIND;rgdh-monitor;;;;;Saatlik toplam 0 kayit alindi.;"{""requestHeaders"":{},""responseHeaders"":{},""detail"":{""endpoint"":""/api/rgdh-wind-busbar-data"",""busbarId"":""9490732369"",""internalBusbarId"":""9490732369"",""displayBusbarId"":""6002"",""localDate"":""2026-05-01"",""rowCount"":""0"",""partialErrors"":""1""}}";;;6002;9490732369;;;;;;;0;
01.05.2026 15:52:36;warn;WIND;rgdh-monitor;;;;;15 RES/GES saatlik YKS istegi zaman asimina ugradi.;"{""requestHeaders"":{},""responseHeaders"":{},""detail"":{""httpStatus"":"""",""errorType"":""YKS_HOURLY_TIMEOUT"",""errorClass"":""YKS_HOURLY_TIMEOUT"",""source"":""WIND"",""busbarId"":""9490732369"",""internalBusbarId"":""9490732369"",""localDate"":""2026-05-01"",""hourStart"":""2026-04-30T21:00:00Z"",""hourEnd"":""2026-05-01T12:00:00Z"",""hourRange"":""0-14"",""failedHours"":""15"",""attemptedHours"":""15"",""requestUrl"":""https://yks.teias.gov.tr/api/rgdh-wind-busbar-data?measurementDate.greaterOrEqualThan=2026-04-30T21%3A00%3A00Z&measurementDate.lessThan=2026-04-30T22%3A00%3A00Z&size=60&page=0&sort=measurementDate%2Casc&busbarId.equals=9490732369""}}";;WIND;9490732369;9490732369;2026-04-30T21:00:00Z;2026-05-01T12:00:00Z;;;YKS_HOURLY_TIMEOUT;https://yks.teias.gov.tr/api/rgdh-wind-busbar-data?measurementDate.greaterOrEqualThan=2026-04-30T21%3A00%3A00Z&measurementDate.lessThan=2026-04-30T22%3A00%3A00Z&size=60&page=0&sort=measurementDate%2Casc&busbarId.equals=9490732369;;
01.05.2026 15:52:36;warn;WIND;rgdh-monitor;;;;;2026-05-01 14:00-15:00 | 9490732369: signal is aborted without reason;"{""requestHeaders"":{},""responseHeaders"":{},""detail"":{""httpStatus"":""0"",""errorType"":""PAGE_FETCH_TIMEOUT"",""errorClass"":""PAGE_FETCH_TIMEOUT"",""busbarId"":""9490732369"",""internalBusbarId"":""9490732369"",""displayBusbarId"":""6002"",""localDate"":""2026-05-01"",""hour"":""14"",""hourStart"":""2026-05-01T11:00:00Z"",""hourEnd"":""2026-05-01T12:00:00Z"",""requestUrl"":""https://yks.teias.gov.tr/api/rgdh-wind-busbar-data?measurementDate.greaterOrEqualThan=2026-05-01T11%3A00%3A00Z&measurementDate.lessThan=2026-05-01T12%3A00%3A00Z&size=60&page=0&sort=measurementDate%2Casc&busbarId.equals=9490732369""}}";;;6002;9490732369;2026-05-01T11:00:00Z;2026-05-01T12:00:00Z;;;PAGE_FETCH_TIMEOUT;https://yks.teias.gov.tr/api/rgdh-wind-busbar-data?measurementDate.greaterOrEqualThan=2026-05-01T11%3A00%3A00Z&measurementDate.lessThan=2026-05-01T12%3A00%3A00Z&size=60&page=0&sort=measurementDate%2Casc&busbarId.equals=9490732369;;
01.05.2026 15:52:36;error;Page Fetch;rgdh-monitor;;;;;signal is aborted without reason;"{""requestHeaders"":{},""responseHeaders"":{},""detail"":{""endpoint"":""/api/rgdh-wind-busbar-data"",""httpStatus"":"""",""errorType"":""PAGE_FETCH_TIMEOUT"",""transport"":""page-context""}}";;;;;;;;;PAGE_FETCH_TIMEOUT;;;
01.05.2026 15:52:36;info;Page Fetch;rgdh-monitor;;;;;YKS sayfa context tokenli fetch basladi (chunked).;"{""requestHeaders"":{},""responseHeaders"":{},""detail"":{""endpoint"":""/api/rgdh-wind-busbar-data"",""params"":{""measurementDate.greaterOrEqualThan"":""2026-05-01T11:00:00Z"",""measurementDate.lessThan"":""2026-05-01T12:00:00Z"",""size"":""60"",""page"":""0"",""sort"":""measurementDate,asc"",""busbarId.equals"":""9490732369""},""transport"":""page-context""}}";;;;;;;;;;;;
01.05.2026 15:52:36;success;WIND;rgdh-monitor;;;;;2026-05-01 23:00-00:00: 0 kayit alindi.;"{""requestHeaders"":{},""responseHeaders"":{},""detail"":{""endpoint"":""/api/rgdh-wind-busbar-data"",""busbarId"":""9490732369"",""internalBusbarId"":""9490732369"",""displayBusbarId"":""6002"",""localDate"":""2026-05-01"",""hour"":""23"",""hourStart"":""2026-05-01T20:00:00Z"",""hourEnd"":""2026-05-01T21:00:00Z"",""rowCount"":""0""}}";;;6002;9490732369;2026-05-01T20:00:00Z;2026-05-01T21:00:00Z;;;;;0;
01.05.2026 15:52:36;success;Page Fetch;rgdh-monitor;;;;;0 toplam kayit alindi.;"{""requestHeaders"":{},""responseHeaders"":{},""detail"":{""endpoint"":""/api/rgdh-wind-busbar-data"",""rowCount"":""0"",""transport"":""page-context""}}";;;;;;;;;;;0;
01.05.2026 15:52:36;success;Page Fetch;rgdh-monitor;;;;;Sayfa 0: 0 kayit alindi.;"{""requestHeaders"":{},""responseHeaders"":{},""detail"":{""endpoint"":""/api/rgdh-wind-busbar-data"",""rowCount"":""0"",""transport"":""page-context""}}";;;;;;;;;;;0;
01.05.2026 15:52:36;info;Page Fetch;rgdh-monitor;;;;;YKS sayfa context tokenli fetch basladi (chunked).;"{""requestHeaders"":{},""responseHeaders"":{},""detail"":{""endpoint"":""/api/rgdh-wind-busbar-data"",""params"":{""measurementDate.greaterOrEqualThan"":""2026-05-01T20:00:00Z"",""measurementDate.lessThan"":""2026-05-01T21:00:00Z"",""size"":""60"",""page"":""0"",""sort"":""measurementDate,asc"",""busbarId.equals"":""9490732369""},""transport"":""page-context""}}";;;;;;;;;;;;
01.05.2026 15:52:36;info;WIND;rgdh-monitor;;;;;RES/GES saatlik endpoint sorgulanacak: 9490732369 (2026-05-01 23:00-00:00);"{""requestHeaders"":{},""responseHeaders"":{},""detail"":{""endpoint"":""/api/rgdh-wind-busbar-data"",""params"":{""measurementDate.greaterOrEqualThan"":""2026-05-01T20:00:00Z"",""measurementDate.lessThan"":""2026-05-01T21:00:00Z"",""size"":""60"",""page"":""0"",""sort"":""measurementDate,asc"",""busbarId.equals"":""9490732369""},""busbarId"":""9490732369"",""internalBusbarId"":""9490732369"",""displayBusbarId"":""6002"",""localDate"":""2026-05-01"",""hour"":""23"",""hourStart"":""2026-05-01T20:00:00Z"",""hourEnd"":""2026-05-01T21:00:00Z"",""requestUrl"":""https://yks.teias.gov.tr/api/rgdh-wind-busbar-data?measurementDate.greaterOrEqualThan=2026-05-01T20%3A00%3A00Z&measurementDate.lessThan=2026-05-01T21%3A00%3A00Z&size=60&page=0&sort=measurementDate%2Casc&busbarId.equals=9490732369"",""pageTimeoutMs"":""20000"",""concurrency"":""2""}}";;;6002;9490732369;2026-05-01T20:00:00Z;2026-05-01T21:00:00Z;;;;https://yks.teias.gov.tr/api/rgdh-wind-busbar-data?measurementDate.greaterOrEqualThan=2026-05-01T20%3A00%3A00Z&measurementDate.lessThan=2026-05-01T21%3A00%3A00Z&size=60&page=0&sort=measurementDate%2Casc&busbarId.equals=9490732369;;
01.05.2026 15:52:36;success;WIND;rgdh-monitor;;;;;2026-05-01 22:00-23:00: 0 kayit alindi.;"{""requestHeaders"":{},""responseHeaders"":{},""detail"":{""endpoint"":""/api/rgdh-wind-busbar-data"",""busbarId"":""9490732369"",""internalBusbarId"":""9490732369"",""displayBusbarId"":""6002"",""localDate"":""2026-05-01"",""hour"":""22"",""hourStart"":""2026-05-01T19:00:00Z"",""hourEnd"":""2026-05-01T20:00:00Z"",""rowCount"":""0""}}";;;6002;9490732369;2026-05-01T19:00:00Z;2026-05-01T20:00:00Z;;;;;0;
01.05.2026 15:52:36;success;Page Fetch;rgdh-monitor;;;;;0 toplam kayit alindi.;"{""requestHeaders"":{},""responseHeaders"":{},""detail"":{""endpoint"":""/api/rgdh-wind-busbar-data"",""rowCount"":""0"",""transport"":""page-context""}}";;;;;;;;;;;0;
01.05.2026 15:52:36;success;Page Fetch;rgdh-monitor;;;;;Sayfa 0: 0 kayit alindi.;"{""requestHeaders"":{},""responseHeaders"":{},""detail"":{""endpoint"":""/api/rgdh-wind-busbar-data"",""rowCount"":""0"",""transport"":""page-context""}}";;;;;;;;;;;0;
01.05.2026 15:52:36;info;Page Fetch;rgdh-monitor;;;;;YKS sayfa context tokenli fetch basladi (chunked).;"{""requestHeaders"":{},""responseHeaders"":{},""detail"":{""endpoint"":""/api/rgdh-wind-busbar-data"",""params"":{""measurementDate.greaterOrEqualThan"":""2026-05-01T19:00:00Z"",""measurementDate.lessThan"":""2026-05-01T20:00:00Z"",""size"":""60"",""page"":""0"",""sort"":""measurementDate,asc"",""busbarId.equals"":""9490732369""},""transport"":""page-context""}}";;;;;;;;;;;;
01.05.2026 15:52:36;info;WIND;rgdh-monitor;;;;;RES/GES saatlik endpoint sorgulanacak: 9490732369 (2026-05-01 22:00-23:00);"{""requestHeaders"":{},""responseHeaders"":{},""detail"":{""endpoint"":""/api/rgdh-wind-busbar-data"",""params"":{""measurementDate.greaterOrEqualThan"":""2026-05-01T19:00:00Z"",""measurementDate.lessThan"":""2026-05-01T20:00:00Z"",""size"":""60"",""page"":""0"",""sort"":""measurementDate,asc"",""busbarId.equals"":""9490732369""},""busbarId"":""9490732369"",""internalBusbarId"":""9490732369"",""displayBusbarId"":""6002"",""localDate"":""2026-05-01"",""hour"":""22"",""hourStart"":""2026-05-01T19:00:00Z"",""hourEnd"":""2026-05-01T20:00:00Z"",""requestUrl"":""https://yks.teias.gov.tr/api/rgdh-wind-busbar-data?measurementDate.greaterOrEqualThan=2026-05-01T19%3A00%3A00Z&measurementDate.lessThan=2026-05-01T20%3A00%3A00Z&size=60&page=0&sort=measurementDate%2Casc&busbarId.equals=9490732369"",""pageTimeoutMs"":""20000"",""concurrency"":""2""}}";;;6002;9490732369;2026-05-01T19:00:00Z;2026-05-01T20:00:00Z;;;;https://yks.teias.gov.tr/api/rgdh-wind-busbar-data?measurementDate.greaterOrEqualThan=2026-05-01T19%3A00%3A00Z&measurementDate.lessThan=2026-05-01T20%3A00%3A00Z&size=60&page=0&sort=measurementDate%2Casc&busbarId.equals=9490732369;;
01.05.2026 15:52:36;success;WIND;rgdh-monitor;;;;;2026-05-01 21:00-22:00: 0 kayit alindi.;"{""requestHeaders"":{},""responseHeaders"":{},""detail"":{""endpoint"":""/api/rgdh-wind-busbar-data"",""busbarId"":""9490732369"",""internalBusbarId"":""9490732369"",""displayBusbarId"":""6002"",""localDate"":""2026-05-01"",""hour"":""21"",""hourStart"":""2026-05-01T18:00:00Z"",""hourEnd"":""2026-05-01T19:00:00Z"",""rowCount"":""0""}}";;;6002;9490732369;2026-05-01T18:00:00Z;2026-05-01T19:00:00Z;;;;;0;
01.05.2026 15:52:36;success;Page Fetch;rgdh-monitor;;;;;0 toplam kayit alindi.;"{""requestHeaders"":{},""responseHeaders"":{},""detail"":{""endpoint"":""/api/rgdh-wind-busbar-data"",""rowCount"":""0"",""transport"":""page-context""}}";;;;;;;;;;;0;
01.05.2026 15:52:36;success;Page Fetch;rgdh-monitor;;;;;Sayfa 0: 0 kayit alindi.;"{""requestHeaders"":{},""responseHeaders"":{},""detail"":{""endpoint"":""/api/rgdh-wind-busbar-data"",""rowCount"":""0"",""transport"":""page-context""}}";;;;;;;;;;;0;
01.05.2026 15:52:36;info;Page Fetch;rgdh-monitor;;;;;YKS sayfa context tokenli fetch basladi (chunked).;"{""requestHeaders"":{},""responseHeaders"":{},""detail"":{""endpoint"":""/api/rgdh-wind-busbar-data"",""params"":{""measurementDate.greaterOrEqualThan"":""2026-05-01T18:00:00Z"",""measurementDate.lessThan"":""2026-05-01T19:00:00Z"",""size"":""60"",""page"":""0"",""sort"":""measurementDate,asc"",""busbarId.equals"":""9490732369""},""transport"":""page-context""}}";;;;;;;;;;;;
01.05.2026 15:52:36;info;WIND;rgdh-monitor;;;;;RES/GES saatlik endpoint sorgulanacak: 9490732369 (2026-05-01 21:00-22:00);"{""requestHeaders"":{},""responseHeaders"":{},""detail"":{""endpoint"":""/api/rgdh-wind-busbar-data"",""params"":{""measurementDate.greaterOrEqualThan"":""2026-05-01T18:00:00Z"",""measurementDate.lessThan"":""2026-05-01T19:00:00Z"",""size"":""60"",""page"":""0"",""sort"":""measurementDate,asc"",""busbarId.equals"":""9490732369""},""busbarId"":""9490732369"",""internalBusbarId"":""9490732369"",""displayBusbarId"":""6002"",""localDate"":""2026-05-01"",""hour"":""21"",""hourStart"":""2026-05-01T18:00:00Z"",""hourEnd"":""2026-05-01T19:00:00Z"",""requestUrl"":""https://yks.teias.gov.tr/api/rgdh-wind-busbar-data?measurementDate.greaterOrEqualThan=2026-05-01T18%3A00%3A00Z&measurementDate.lessThan=2026-05-01T19%3A00%3A00Z&size=60&page=0&sort=measurementDate%2Casc&busbarId.equals=9490732369"",""pageTimeoutMs"":""20000"",""concurrency"":""2""}}";;;6002;9490732369;2026-05-01T18:00:00Z;2026-05-01T19:00:00Z;;;;https://yks.teias.gov.tr/api/rgdh-wind-busbar-data?measurementDate.greaterOrEqualThan=2026-05-01T18%3A00%3A00Z&measurementDate.lessThan=2026-05-01T19%3A00%3A00Z&size=60&page=0&sort=measurementDate%2Casc&busbarId.equals=9490732369;;
01.05.2026 15:52:36;success;WIND;rgdh-monitor;;;;;2026-05-01 20:00-21:00: 0 kayit alindi.;"{""requestHeaders"":{},""responseHeaders"":{},""detail"":{""endpoint"":""/api/rgdh-wind-busbar-data"",""busbarId"":""9490732369"",""internalBusbarId"":""9490732369"",""displayBusbarId"":""6002"",""localDate"":""2026-05-01"",""hour"":""20"",""hourStart"":""2026-05-01T17:00:00Z"",""hourEnd"":""2026-05-01T18:00:00Z"",""rowCount"":""0""}}";;;6002;9490732369;2026-05-01T17:00:00Z;2026-05-01T18:00:00Z;;;;;0;
01.05.2026 15:52:36;success;Page Fetch;rgdh-monitor;;;;;0 toplam kayit alindi.;"{""requestHeaders"":{},""responseHeaders"":{},""detail"":{""endpoint"":""/api/rgdh-wind-busbar-data"",""rowCount"":""0"",""transport"":""page-context""}}";;;;;;;;;;;0;
01.05.2026 15:52:36;success;Page Fetch;rgdh-monitor;;;;;Sayfa 0: 0 kayit alindi.;"{""requestHeaders"":{},""responseHeaders"":{},""detail"":{""endpoint"":""/api/rgdh-wind-busbar-data"",""rowCount"":""0"",""transport"":""page-context""}}";;;;;;;;;;;0;
01.05.2026 15:52:36;info;Page Fetch;rgdh-monitor;;;;;YKS sayfa context tokenli fetch basladi (chunked).;"{""requestHeaders"":{},""responseHeaders"":{},""detail"":{""endpoint"":""/api/rgdh-wind-busbar-data"",""params"":{""measurementDate.greaterOrEqualThan"":""2026-05-01T17:00:00Z"",""measurementDate.lessThan"":""2026-05-01T18:00:00Z"",""size"":""60"",""page"":""0"",""sort"":""measurementDate,asc"",""busbarId.equals"":""9490732369""},""transport"":""page-context""}}";;;;;;;;;;;;
01.05.2026 15:52:36;info;WIND;rgdh-monitor;;;;;RES/GES saatlik endpoint sorgulanacak: 9490732369 (2026-05-01 20:00-21:00);"{""requestHeaders"":{},""responseHeaders"":{},""detail"":{""endpoint"":""/api/rgdh-wind-busbar-data"",""params"":{""measurementDate.greaterOrEqualThan"":""2026-05-01T17:00:00Z"",""measurementDate.lessThan"":""2026-05-01T18:00:00Z"",""size"":""60"",""page"":""0"",""sort"":""measurementDate,asc"",""busbarId.equals"":""9490732369""},""busbarId"":""9490732369"",""internalBusbarId"":""9490732369"",""displayBusbarId"":""6002"",""localDate"":""2026-05-01"",""hour"":""20"",""hourStart"":""2026-05-01T17:00:00Z"",""hourEnd"":""2026-05-01T18:00:00Z"",""requestUrl"":""https://yks.teias.gov.tr/api/rgdh-wind-busbar-data?measurementDate.greaterOrEqualThan=2026-05-01T17%3A00%3A00Z&measurementDate.lessThan=2026-05-01T18%3A00%3A00Z&size=60&page=0&sort=measurementDate%2Casc&busbarId.equals=9490732369"",""pageTimeoutMs"":""20000"",""concurrency"":""2""}}";;;6002;9490732369;2026-05-01T17:00:00Z;2026-05-01T18:00:00Z;;;;https://yks.teias.gov.tr/api/rgdh-wind-busbar-data?measurementDate.greaterOrEqualThan=2026-05-01T17%3A00%3A00Z&measurementDate.lessThan=2026-05-01T18%3A00%3A00Z&size=60&page=0&sort=measurementDate%2Casc&busbarId.equals=9490732369;;
01.05.2026 15:52:36;success;WIND;rgdh-monitor;;;;;2026-05-01 19:00-20:00: 0 kayit alindi.;"{""requestHeaders"":{},""responseHeaders"":{},""detail"":{""endpoint"":""/api/rgdh-wind-busbar-data"",""busbarId"":""9490732369"",""internalBusbarId"":""9490732369"",""displayBusbarId"":""6002"",""localDate"":""2026-05-01"",""hour"":""19"",""hourStart"":""2026-05-01T16:00:00Z"",""hourEnd"":""2026-05-01T17:00:00Z"",""rowCount"":""0""}}";;;6002;9490732369;2026-05-01T16:00:00Z;2026-05-01T17:00:00Z;;;;;0;
01.05.2026 15:52:36;success;Page Fetch;rgdh-monitor;;;;;0 toplam kayit alindi.;"{""requestHeaders"":{},""responseHeaders"":{},""detail"":{""endpoint"":""/api/rgdh-wind-busbar-data"",""rowCount"":""0"",""transport"":""page-context""}}";;;;;;;;;;;0;
01.05.2026 15:52:36;success;Page Fetch;rgdh-monitor;;;;;Sayfa 0: 0 kayit alindi.;"{""requestHeaders"":{},""responseHeaders"":{},""detail"":{""endpoint"":""/api/rgdh-wind-busbar-data"",""rowCount"":""0"",""transport"":""page-context""}}";;;;;;;;;;;0;
01.05.2026 15:52:36;info;Page Fetch;rgdh-monitor;;;;;YKS sayfa context tokenli fetch basladi (chunked).;"{""requestHeaders"":{},""responseHeaders"":{},""detail"":{""endpoint"":""/api/rgdh-wind-busbar-data"",""params"":{""measurementDate.greaterOrEqualThan"":""2026-05-01T16:00:00Z"",""measurementDate.lessThan"":""2026-05-01T17:00:00Z"",""size"":""60"",""page"":""0"",""sort"":""measurementDate,asc"",""busbarId.equals"":""9490732369""},""transport"":""page-context""}}";;;;;;;;;;;;
01.05.2026 15:52:36;info;WIND;rgdh-monitor;;;;;RES/GES saatlik endpoint sorgulanacak: 9490732369 (2026-05-01 19:00-20:00);"{""requestHeaders"":{},""responseHeaders"":{},""detail"":{""endpoint"":""/api/rgdh-wind-busbar-data"",""params"":{""measurementDate.greaterOrEqualThan"":""2026-05-01T16:00:00Z"",""measurementDate.lessThan"":""2026-05-01T17:00:00Z"",""size"":""60"",""page"":""0"",""sort"":""measurementDate,asc"",""busbarId.equals"":""9490732369""},""busbarId"":""9490732369"",""internalBusbarId"":""9490732369"",""displayBusbarId"":""6002"",""localDate"":""2026-05-01"",""hour"":""19"",""hourStart"":""2026-05-01T16:00:00Z"",""hourEnd"":""2026-05-01T17:00:00Z"",""requestUrl"":""https://yks.teias.gov.tr/api/rgdh-wind-busbar-data?measurementDate.greaterOrEqualThan=2026-05-01T16%3A00%3A00Z&measurementDate.lessThan=2026-05-01T17%3A00%3A00Z&size=60&page=0&sort=measurementDate%2Casc&busbarId.equals=9490732369"",""pageTimeoutMs"":""20000"",""concurrency"":""2""}}";;;6002;9490732369;2026-05-01T16:00:00Z;2026-05-01T17:00:00Z;;;;https://yks.teias.gov.tr/api/rgdh-wind-busbar-data?measurementDate.greaterOrEqualThan=2026-05-01T16%3A00%3A00Z&measurementDate.lessThan=2026-05-01T17%3A00%3A00Z&size=60&page=0&sort=measurementDate%2Casc&busbarId.equals=9490732369;;
01.05.2026 15:52:36;success;WIND;rgdh-monitor;;;;;2026-05-01 18:00-19:00: 0 kayit alindi.;"{""requestHeaders"":{},""responseHeaders"":{},""detail"":{""endpoint"":""/api/rgdh-wind-busbar-data"",""busbarId"":""9490732369"",""internalBusbarId"":""9490732369"",""displayBusbarId"":""6002"",""localDate"":""2026-05-01"",""hour"":""18"",""hourStart"":""2026-05-01T15:00:00Z"",""hourEnd"":""2026-05-01T16:00:00Z"",""rowCount"":""0""}}";;;6002;9490732369;2026-05-01T15:00:00Z;2026-05-01T16:00:00Z;;;;;0;
01.05.2026 15:52:36;success;Page Fetch;rgdh-monitor;;;;;0 toplam kayit alindi.;"{""requestHeaders"":{},""responseHeaders"":{},""detail"":{""endpoint"":""/api/rgdh-wind-busbar-data"",""rowCount"":""0"",""transport"":""page-context""}}";;;;;;;;;;;0;
01.05.2026 15:52:36;success;Page Fetch;rgdh-monitor;;;;;Sayfa 0: 0 kayit alindi.;"{""requestHeaders"":{},""responseHeaders"":{},""detail"":{""endpoint"":""/api/rgdh-wind-busbar-data"",""rowCount"":""0"",""transport"":""page-context""}}";;;;;;;;;;;0;
01.05.2026 15:52:36;info;Page Fetch;rgdh-monitor;;;;;YKS sayfa context tokenli fetch basladi (chunked).;"{""requestHeaders"":{},""responseHeaders"":{},""detail"":{""endpoint"":""/api/rgdh-wind-busbar-data"",""params"":{""measurementDate.greaterOrEqualThan"":""2026-05-01T15:00:00Z"",""measurementDate.lessThan"":""2026-05-01T16:00:00Z"",""size"":""60"",""page"":""0"",""sort"":""measurementDate,asc"",""busbarId.equals"":""9490732369""},""transport"":""page-context""}}";;;;;;;;;;;;
01.05.2026 15:52:36;info;WIND;rgdh-monitor;;;;;RES/GES saatlik endpoint sorgulanacak: 9490732369 (2026-05-01 18:00-19:00);"{""requestHeaders"":{},""responseHeaders"":{},""detail"":{""endpoint"":""/api/rgdh-wind-busbar-data"",""params"":{""measurementDate.greaterOrEqualThan"":""2026-05-01T15:00:00Z"",""measurementDate.lessThan"":""2026-05-01T16:00:00Z"",""size"":""60"",""page"":""0"",""sort"":""measurementDate,asc"",""busbarId.equals"":""9490732369""},""busbarId"":""9490732369"",""internalBusbarId"":""9490732369"",""displayBusbarId"":""6002"",""localDate"":""2026-05-01"",""hour"":""18"",""hourStart"":""2026-05-01T15:00:00Z"",""hourEnd"":""2026-05-01T16:00:00Z"",""requestUrl"":""https://yks.teias.gov.tr/api/rgdh-wind-busbar-data?measurementDate.greaterOrEqualThan=2026-05-01T15%3A00%3A00Z&measurementDate.lessThan=2026-05-01T16%3A00%3A00Z&size=60&page=0&sort=measurementDate%2Casc&busbarId.equals=9490732369"",""pageTimeoutMs"":""20000"",""concurrency"":""2""}}";;;6002;9490732369;2026-05-01T15:00:00Z;2026-05-01T16:00:00Z;;;;https://yks.teias.gov.tr/api/rgdh-wind-busbar-data?measurementDate.greaterOrEqualThan=2026-05-01T15%3A00%3A00Z&measurementDate.lessThan=2026-05-01T16%3A00%3A00Z&size=60&page=0&sort=measurementDate%2Casc&busbarId.equals=9490732369;;
01.05.2026 15:52:36;success;WIND;rgdh-monitor;;;;;2026-05-01 17:00-18:00: 0 kayit alindi.;"{""requestHeaders"":{},""responseHeaders"":{},""detail"":{""endpoint"":""/api/rgdh-wind-busbar-data"",""busbarId"":""9490732369"",""internalBusbarId"":""9490732369"",""displayBusbarId"":""6002"",""localDate"":""2026-05-01"",""hour"":""17"",""hourStart"":""2026-05-01T14:00:00Z"",""hourEnd"":""2026-05-01T15:00:00Z"",""rowCount"":""0""}}";;;6002;9490732369;2026-05-01T14:00:00Z;2026-05-01T15:00:00Z;;;;;0;
01.05.2026 15:52:36;success;Page Fetch;rgdh-monitor;;;;;0 toplam kayit alindi.;"{""requestHeaders"":{},""responseHeaders"":{},""detail"":{""endpoint"":""/api/rgdh-wind-busbar-data"",""rowCount"":""0"",""transport"":""page-context""}}";;;;;;;;;;;0;
01.05.2026 15:52:36;success;Page Fetch;rgdh-monitor;;;;;Sayfa 0: 0 kayit alindi.;"{""requestHeaders"":{},""responseHeaders"":{},""detail"":{""endpoint"":""/api/rgdh-wind-busbar-data"",""rowCount"":""0"",""transport"":""page-context""}}";;;;;;;;;;;0;
01.05.2026 15:52:36;info;Page Fetch;rgdh-monitor;;;;;YKS sayfa context tokenli fetch basladi (chunked).;"{""requestHeaders"":{},""responseHeaders"":{},""detail"":{""endpoint"":""/api/rgdh-wind-busbar-data"",""params"":{""measurementDate.greaterOrEqualThan"":""2026-05-01T14:00:00Z"",""measurementDate.lessThan"":""2026-05-01T15:00:00Z"",""size"":""60"",""page"":""0"",""sort"":""measurementDate,asc"",""busbarId.equals"":""9490732369""},""transport"":""page-context""}}";;;;;;;;;;;;
01.05.2026 15:52:36;info;WIND;rgdh-monitor;;;;;RES/GES saatlik endpoint sorgulanacak: 9490732369 (2026-05-01 17:00-18:00);"{""requestHeaders"":{},""responseHeaders"":{},""detail"":{""endpoint"":""/api/rgdh-wind-busbar-data"",""params"":{""measurementDate.greaterOrEqualThan"":""2026-05-01T14:00:00Z"",""measurementDate.lessThan"":""2026-05-01T15:00:00Z"",""size"":""60"",""page"":""0"",""sort"":""measurementDate,asc"",""busbarId.equals"":""9490732369""},""busbarId"":""9490732369"",""internalBusbarId"":""9490732369"",""displayBusbarId"":""6002"",""localDate"":""2026-05-01"",""hour"":""17"",""hourStart"":""2026-05-01T14:00:00Z"",""hourEnd"":""2026-05-01T15:00:00Z"",""requestUrl"":""https://yks.teias.gov.tr/api/rgdh-wind-busbar-data?measurementDate.greaterOrEqualThan=2026-05-01T14%3A00%3A00Z&measurementDate.lessThan=2026-05-01T15%3A00%3A00Z&size=60&page=0&sort=measurementDate%2Casc&busbarId.equals=9490732369"",""pageTimeoutMs"":""20000"",""concurrency"":""2""}}";;;6002;9490732369;2026-05-01T14:00:00Z;2026-05-01T15:00:00Z;;;;https://yks.teias.gov.tr/api/rgdh-wind-busbar-data?measurementDate.greaterOrEqualThan=2026-05-01T14%3A00%3A00Z&measurementDate.lessThan=2026-05-01T15%3A00%3A00Z&size=60&page=0&sort=measurementDate%2Casc&busbarId.equals=9490732369;;
01.05.2026 15:52:36;success;WIND;rgdh-monitor;;;;;2026-05-01 16:00-17:00: 0 kayit alindi.;"{""requestHeaders"":{},""responseHeaders"":{},""detail"":{""endpoint"":""/api/rgdh-wind-busbar-data"",""busbarId"":""9490732369"",""internalBusbarId"":""9490732369"",""displayBusbarId"":""6002"",""localDate"":""2026-05-01"",""hour"":""16"",""hourStart"":""2026-05-01T13:00:00Z"",""hourEnd"":""2026-05-01T14:00:00Z"",""rowCount"":""0""}}";;;6002;9490732369;2026-05-01T13:00:00Z;2026-05-01T14:00:00Z;;;;;0;
01.05.2026 15:52:36;success;Page Fetch;rgdh-monitor;;;;;0 toplam kayit alindi.;"{""requestHeaders"":{},""responseHeaders"":{},""detail"":{""endpoint"":""/api/rgdh-wind-busbar-data"",""rowCount"":""0"",""transport"":""page-context""}}";;;;;;;;;;;0;
01.05.2026 15:52:36;success;Page Fetch;rgdh-monitor;;;;;Sayfa 0: 0 kayit alindi.;"{""requestHeaders"":{},""responseHeaders"":{},""detail"":{""endpoint"":""/api/rgdh-wind-busbar-data"",""rowCount"":""0"",""transport"":""page-context""}}";;;;;;;;;;;0;
01.05.2026 15:52:36;info;Page Fetch;rgdh-monitor;;;;;YKS sayfa context tokenli fetch basladi (chunked).;"{""requestHeaders"":{},""responseHeaders"":{},""detail"":{""endpoint"":""/api/rgdh-wind-busbar-data"",""params"":{""measurementDate.greaterOrEqualThan"":""2026-05-01T13:00:00Z"",""measurementDate.lessThan"":""2026-05-01T14:00:00Z"",""size"":""60"",""page"":""0"",""sort"":""measurementDate,asc"",""busbarId.equals"":""9490732369""},""transport"":""page-context""}}";;;;;;;;;;;;
01.05.2026 15:52:36;info;WIND;rgdh-monitor;;;;;RES/GES saatlik endpoint sorgulanacak: 9490732369 (2026-05-01 16:00-17:00);"{""requestHeaders"":{},""responseHeaders"":{},""detail"":{""endpoint"":""/api/rgdh-wind-busbar-data"",""params"":{""measurementDate.greaterOrEqualThan"":""2026-05-01T13:00:00Z"",""measurementDate.lessThan"":""2026-05-01T14:00:00Z"",""size"":""60"",""page"":""0"",""sort"":""measurementDate,asc"",""busbarId.equals"":""9490732369""},""busbarId"":""9490732369"",""internalBusbarId"":""9490732369"",""displayBusbarId"":""6002"",""localDate"":""2026-05-01"",""hour"":""16"",""hourStart"":""2026-05-01T13:00:00Z"",""hourEnd"":""2026-05-01T14:00:00Z"",""requestUrl"":""https://yks.teias.gov.tr/api/rgdh-wind-busbar-data?measurementDate.greaterOrEqualThan=2026-05-01T13%3A00%3A00Z&measurementDate.lessThan=2026-05-01T14%3A00%3A00Z&size=60&page=0&sort=measurementDate%2Casc&busbarId.equals=9490732369"",""pageTimeoutMs"":""20000"",""concurrency"":""2""}}";;;6002;9490732369;2026-05-01T13:00:00Z;2026-05-01T14:00:00Z;;;;https://yks.teias.gov.tr/api/rgdh-wind-busbar-data?measurementDate.greaterOrEqualThan=2026-05-01T13%3A00%3A00Z&measurementDate.lessThan=2026-05-01T14%3A00%3A00Z&size=60&page=0&sort=measurementDate%2Casc&busbarId.equals=9490732369;;
01.05.2026 15:52:36;success;WIND;rgdh-monitor;;;;;2026-05-01 15:00-16:00: 0 kayit alindi.;"{""requestHeaders"":{},""responseHeaders"":{},""detail"":{""endpoint"":""/api/rgdh-wind-busbar-data"",""busbarId"":""9490732369"",""internalBusbarId"":""9490732369"",""displayBusbarId"":""6002"",""localDate"":""2026-05-01"",""hour"":""15"",""hourStart"":""2026-05-01T12:00:00Z"",""hourEnd"":""2026-05-01T13:00:00Z"",""rowCount"":""0""}}";;;6002;9490732369;2026-05-01T12:00:00Z;2026-05-01T13:00:00Z;;;;;0;
01.05.2026 15:52:36;success;Page Fetch;rgdh-monitor;;;;;0 toplam kayit alindi.;"{""requestHeaders"":{},""responseHeaders"":{},""detail"":{""endpoint"":""/api/rgdh-wind-busbar-data"",""rowCount"":""0"",""transport"":""page-context""}}";;;;;;;;;;;0;
01.05.2026 15:52:36;success;Page Fetch;rgdh-monitor;;;;;Sayfa 0: 0 kayit alindi.;"{""requestHeaders"":{},""responseHeaders"":{},""detail"":{""endpoint"":""/api/rgdh-wind-busbar-data"",""rowCount"":""0"",""transport"":""page-context""}}";;;;;;;;;;;0;
01.05.2026 15:52:36;info;Page Fetch;rgdh-monitor;;;;;YKS sayfa context tokenli fetch basladi (chunked).;"{""requestHeaders"":{},""responseHeaders"":{},""detail"":{""endpoint"":""/api/rgdh-wind-busbar-data"",""params"":{""measurementDate.greaterOrEqualThan"":""2026-05-01T12:00:00Z"",""measurementDate.lessThan"":""2026-05-01T13:00:00Z"",""size"":""60"",""page"":""0"",""sort"":""measurementDate,asc"",""busbarId.equals"":""9490732369""},""transport"":""page-context""}}";;;;;;;;;;;;
01.05.2026 15:52:36;info;WIND;rgdh-monitor;;;;;RES/GES saatlik endpoint sorgulanacak: 9490732369 (2026-05-01 15:00-16:00);"{""requestHeaders"":{},""responseHeaders"":{},""detail"":{""endpoint"":""/api/rgdh-wind-busbar-data"",""params"":{""measurementDate.greaterOrEqualThan"":""2026-05-01T12:00:00Z"",""measurementDate.lessThan"":""2026-05-01T13:00:00Z"",""size"":""60"",""page"":""0"",""sort"":""measurementDate,asc"",""busbarId.equals"":""9490732369""},""busbarId"":""9490732369"",""internalBusbarId"":""9490732369"",""displayBusbarId"":""6002"",""localDate"":""2026-05-01"",""hour"":""15"",""hourStart"":""2026-05-01T12:00:00Z"",""hourEnd"":""2026-05-01T13:00:00Z"",""requestUrl"":""https://yks.teias.gov.tr/api/rgdh-wind-busbar-data?measurementDate.greaterOrEqualThan=2026-05-01T12%3A00%3A00Z&measurementDate.lessThan=2026-05-01T13%3A00%3A00Z&size=60&page=0&sort=measurementDate%2Casc&busbarId.equals=9490732369"",""pageTimeoutMs"":""20000"",""concurrency"":""2""}}";;;6002;9490732369;2026-05-01T12:00:00Z;2026-05-01T13:00:00Z;;;;https://yks.teias.gov.tr/api/rgdh-wind-busbar-data?measurementDate.greaterOrEqualThan=2026-05-01T12%3A00%3A00Z&measurementDate.lessThan=2026-05-01T13%3A00%3A00Z&size=60&page=0&sort=measurementDate%2Casc&busbarId.equals=9490732369;;
01.05.2026 15:52:36;warn;WIND;rgdh-monitor;;;;;2026-05-01 13:00-14:00 | 9490732369: signal is aborted without reason;"{""requestHeaders"":{},""responseHeaders"":{},""detail"":{""httpStatus"":""0"",""errorType"":""PAGE_FETCH_TIMEOUT"",""errorClass"":""PAGE_FETCH_TIMEOUT"",""busbarId"":""9490732369"",""internalBusbarId"":""9490732369"",""displayBusbarId"":""6002"",""localDate"":""2026-05-01"",""hour"":""13"",""hourStart"":""2026-05-01T10:00:00Z"",""hourEnd"":""2026-05-01T11:00:00Z"",""requestUrl"":""https://yks.teias.gov.tr/api/rgdh-wind-busbar-data?measurementDate.greaterOrEqualThan=2026-05-01T10%3A00%3A00Z&measurementDate.lessThan=2026-05-01T11%3A00%3A00Z&size=60&page=0&sort=measurementDate%2Casc&busbarId.equals=9490732369""}}";;;6002;9490732369;2026-05-01T10:00:00Z;2026-05-01T11:00:00Z;;;PAGE_FETCH_TIMEOUT;https://yks.teias.gov.tr/api/rgdh-wind-busbar-data?measurementDate.greaterOrEqualThan=2026-05-01T10%3A00%3A00Z&measurementDate.lessThan=2026-05-01T11%3A00%3A00Z&size=60&page=0&sort=measurementDate%2Casc&busbarId.equals=9490732369;;
01.05.2026 15:52:36;error;Page Fetch;rgdh-monitor;;;;;signal is aborted without reason;"{""requestHeaders"":{},""responseHeaders"":{},""detail"":{""endpoint"":""/api/rgdh-wind-busbar-data"",""httpStatus"":"""",""errorType"":""PAGE_FETCH_TIMEOUT"",""transport"":""page-context""}}";;;;;;;;;PAGE_FETCH_TIMEOUT;;;
01.05.2026 15:52:36;info;Page Fetch;rgdh-monitor;;;;;YKS sayfa context tokenli fetch basladi (chunked).;"{""requestHeaders"":{},""responseHeaders"":{},""detail"":{""endpoint"":""/api/rgdh-wind-busbar-data"",""params"":{""measurementDate.greaterOrEqualThan"":""2026-05-01T10:00:00Z"",""measurementDate.lessThan"":""2026-05-01T11:00:00Z"",""size"":""60"",""page"":""0"",""sort"":""measurementDate,asc"",""busbarId.equals"":""9490732369""},""transport"":""page-context""}}";;;;;;;;;;;;
01.05.2026 15:52:36;info;WIND;rgdh-monitor;;;;;RES/GES saatlik endpoint sorgulanacak: 9490732369 (2026-05-01 14:00-15:00);"{""requestHeaders"":{},""responseHeaders"":{},""detail"":{""endpoint"":""/api/rgdh-wind-busbar-data"",""params"":{""measurementDate.greaterOrEqualThan"":""2026-05-01T11:00:00Z"",""measurementDate.lessThan"":""2026-05-01T12:00:00Z"",""size"":""60"",""page"":""0"",""sort"":""measurementDate,asc"",""busbarId.equals"":""9490732369""},""busbarId"":""9490732369"",""internalBusbarId"":""9490732369"",""displayBusbarId"":""6002"",""localDate"":""2026-05-01"",""hour"":""14"",""hourStart"":""2026-05-01T11:00:00Z"",""hourEnd"":""2026-05-01T12:00:00Z"",""requestUrl"":""https://yks.teias.gov.tr/api/rgdh-wind-busbar-data?measurementDate.greaterOrEqualThan=2026-05-01T11%3A00%3A00Z&measurementDate.lessThan=2026-05-01T12%3A00%3A00Z&size=60&page=0&sort=measurementDate%2Casc&busbarId.equals=9490732369"",""pageTimeoutMs"":""20000"",""concurrency"":""2""}}";;;6002;9490732369;2026-05-01T11:00:00Z;2026-05-01T12:00:00Z;;;;https://yks.teias.gov.tr/api/rgdh-wind-busbar-data?measurementDate.greaterOrEqualThan=2026-05-01T11%3A00%3A00Z&measurementDate.lessThan=2026-05-01T12%3A00%3A00Z&size=60&page=0&sort=measurementDate%2Casc&busbarId.equals=9490732369;;
01.05.2026 15:52:36;warn;WIND;rgdh-monitor;;;;;2026-05-01 12:00-13:00 | 9490732369: signal is aborted without reason;"{""requestHeaders"":{},""responseHeaders"":{},""detail"":{""httpStatus"":""0"",""errorType"":""PAGE_FETCH_TIMEOUT"",""errorClass"":""PAGE_FETCH_TIMEOUT"",""busbarId"":""9490732369"",""internalBusbarId"":""9490732369"",""displayBusbarId"":""6002"",""localDate"":""2026-05-01"",""hour"":""12"",""hourStart"":""2026-05-01T09:00:00Z"",""hourEnd"":""2026-05-01T10:00:00Z"",""requestUrl"":""https://yks.teias.gov.tr/api/rgdh-wind-busbar-data?measurementDate.greaterOrEqualThan=2026-05-01T09%3A00%3A00Z&measurementDate.lessThan=2026-05-01T10%3A00%3A00Z&size=60&page=0&sort=measurementDate%2Casc&busbarId.equals=9490732369""}}";;;6002;9490732369;2026-05-01T09:00:00Z;2026-05-01T10:00:00Z;;;PAGE_FETCH_TIMEOUT;https://yks.teias.gov.tr/api/rgdh-wind-busbar-data?measurementDate.greaterOrEqualThan=2026-05-01T09%3A00%3A00Z&measurementDate.lessThan=2026-05-01T10%3A00%3A00Z&size=60&page=0&sort=measurementDate%2Casc&busbarId.equals=9490732369;;
01.05.2026 15:52:36;error;Page Fetch;rgdh-monitor;;;;;signal is aborted without reason;"{""requestHeaders"":{},""responseHeaders"":{},""detail"":{""endpoint"":""/api/rgdh-wind-busbar-data"",""httpStatus"":"""",""errorType"":""PAGE_FETCH_TIMEOUT"",""transport"":""page-context""}}";;;;;;;;;PAGE_FETCH_TIMEOUT;;;
01.05.2026 15:52:36;info;Page Fetch;rgdh-monitor;;;;;YKS sayfa context tokenli fetch basladi (chunked).;"{""requestHeaders"":{},""responseHeaders"":{},""detail"":{""endpoint"":""/api/rgdh-wind-busbar-data"",""params"":{""measurementDate.greaterOrEqualThan"":""2026-05-01T09:00:00Z"",""measurementDate.lessThan"":""2026-05-01T10:00:00Z"",""size"":""60"",""page"":""0"",""sort"":""measurementDate,asc"",""busbarId.equals"":""9490732369""},""transport"":""page-context""}}";;;;;;;;;;;;
01.05.2026 15:52:36;info;WIND;rgdh-monitor;;;;;RES/GES saatlik endpoint sorgulanacak: 9490732369 (2026-05-01 13:00-14:00);"{""requestHeaders"":{},""responseHeaders"":{},""detail"":{""endpoint"":""/api/rgdh-wind-busbar-data"",""params"":{""measurementDate.greaterOrEqualThan"":""2026-05-01T10:00:00Z"",""measurementDate.lessThan"":""2026-05-01T11:00:00Z"",""size"":""60"",""page"":""0"",""sort"":""measurementDate,asc"",""busbarId.equals"":""9490732369""},""busbarId"":""9490732369"",""internalBusbarId"":""9490732369"",""displayBusbarId"":""6002"",""localDate"":""2026-05-01"",""hour"":""13"",""hourStart"":""2026-05-01T10:00:00Z"",""hourEnd"":""2026-05-01T11:00:00Z"",""requestUrl"":""https://yks.teias.gov.tr/api/rgdh-wind-busbar-data?measurementDate.greaterOrEqualThan=2026-05-01T10%3A00%3A00Z&measurementDate.lessThan=2026-05-01T11%3A00%3A00Z&size=60&page=0&sort=measurementDate%2Casc&busbarId.equals=9490732369"",""pageTimeoutMs"":""20000"",""concurrency"":""2""}}";;;6002;9490732369;2026-05-01T10:00:00Z;2026-05-01T11:00:00Z;;;;https://yks.teias.gov.tr/api/rgdh-wind-busbar-data?measurementDate.greaterOrEqualThan=2026-05-01T10%3A00%3A00Z&measurementDate.lessThan=2026-05-01T11%3A00%3A00Z&size=60&page=0&sort=measurementDate%2Casc&busbarId.equals=9490732369;;
01.05.2026 15:52:36;warn;WIND;rgdh-monitor;;;;;2026-05-01 11:00-12:00 | 9490732369: signal is aborted without reason;"{""requestHeaders"":{},""responseHeaders"":{},""detail"":{""httpStatus"":""0"",""errorType"":""PAGE_FETCH_TIMEOUT"",""errorClass"":""PAGE_FETCH_TIMEOUT"",""busbarId"":""9490732369"",""internalBusbarId"":""9490732369"",""displayBusbarId"":""6002"",""localDate"":""2026-05-01"",""hour"":""11"",""hourStart"":""2026-05-01T08:00:00Z"",""hourEnd"":""2026-05-01T09:00:00Z"",""requestUrl"":""https://yks.teias.gov.tr/api/rgdh-wind-busbar-data?measurementDate.greaterOrEqualThan=2026-05-01T08%3A00%3A00Z&measurementDate.lessThan=2026-05-01T09%3A00%3A00Z&size=60&page=0&sort=measurementDate%2Casc&busbarId.equals=9490732369""}}";;;6002;9490732369;2026-05-01T08:00:00Z;2026-05-01T09:00:00Z;;;PAGE_FETCH_TIMEOUT;https://yks.teias.gov.tr/api/rgdh-wind-busbar-data?measurementDate.greaterOrEqualThan=2026-05-01T08%3A00%3A00Z&measurementDate.lessThan=2026-05-01T09%3A00%3A00Z&size=60&page=0&sort=measurementDate%2Casc&busbarId.equals=9490732369;;
01.05.2026 15:52:36;error;Page Fetch;rgdh-monitor;;;;;signal is aborted without reason;"{""requestHeaders"":{},""responseHeaders"":{},""detail"":{""endpoint"":""/api/rgdh-wind-busbar-data"",""httpStatus"":"""",""errorType"":""PAGE_FETCH_TIMEOUT"",""transport"":""page-context""}}";;;;;;;;;PAGE_FETCH_TIMEOUT;;;
01.05.2026 15:52:36;info;Page Fetch;rgdh-monitor;;;;;YKS sayfa context tokenli fetch basladi (chunked).;"{""requestHeaders"":{},""responseHeaders"":{},""detail"":{""endpoint"":""/api/rgdh-wind-busbar-data"",""params"":{""measurementDate.greaterOrEqualThan"":""2026-05-01T08:00:00Z"",""measurementDate.lessThan"":""2026-05-01T09:00:00Z"",""size"":""60"",""page"":""0"",""sort"":""measurementDate,asc"",""busbarId.equals"":""9490732369""},""transport"":""page-context""}}";;;;;;;;;;;;
01.05.2026 15:52:36;info;WIND;rgdh-monitor;;;;;RES/GES saatlik endpoint sorgulanacak: 9490732369 (2026-05-01 12:00-13:00);"{""requestHeaders"":{},""responseHeaders"":{},""detail"":{""endpoint"":""/api/rgdh-wind-busbar-data"",""params"":{""measurementDate.greaterOrEqualThan"":""2026-05-01T09:00:00Z"",""measurementDate.lessThan"":""2026-05-01T10:00:00Z"",""size"":""60"",""page"":""0"",""sort"":""measurementDate,asc"",""busbarId.equals"":""9490732369""},""busbarId"":""9490732369"",""internalBusbarId"":""9490732369"",""displayBusbarId"":""6002"",""localDate"":""2026-05-01"",""hour"":""12"",""hourStart"":""2026-05-01T09:00:00Z"",""hourEnd"":""2026-05-01T10:00:00Z"",""requestUrl"":""https://yks.teias.gov.tr/api/rgdh-wind-busbar-data?measurementDate.greaterOrEqualThan=2026-05-01T09%3A00%3A00Z&measurementDate.lessThan=2026-05-01T10%3A00%3A00Z&size=60&page=0&sort=measurementDate%2Casc&busbarId.equals=9490732369"",""pageTimeoutMs"":""20000"",""concurrency"":""2""}}";;;6002;9490732369;2026-05-01T09:00:00Z;2026-05-01T10:00:00Z;;;;https://yks.teias.gov.tr/api/rgdh-wind-busbar-data?measurementDate.greaterOrEqualThan=2026-05-01T09%3A00%3A00Z&measurementDate.lessThan=2026-05-01T10%3A00%3A00Z&size=60&page=0&sort=measurementDate%2Casc&busbarId.equals=9490732369;;
01.05.2026 15:52:36;warn;WIND;rgdh-monitor;;;;;2026-05-01 10:00-11:00 | 9490732369: signal is aborted without reason;"{""requestHeaders"":{},""responseHeaders"":{},""detail"":{""httpStatus"":""0"",""errorType"":""PAGE_FETCH_TIMEOUT"",""errorClass"":""PAGE_FETCH_TIMEOUT"",""busbarId"":""9490732369"",""internalBusbarId"":""9490732369"",""displayBusbarId"":""6002"",""localDate"":""2026-05-01"",""hour"":""10"",""hourStart"":""2026-05-01T07:00:00Z"",""hourEnd"":""2026-05-01T08:00:00Z"",""requestUrl"":""https://yks.teias.gov.tr/api/rgdh-wind-busbar-data?measurementDate.greaterOrEqualThan=2026-05-01T07%3A00%3A00Z&measurementDate.lessThan=2026-05-01T08%3A00%3A00Z&size=60&page=0&sort=measurementDate%2Casc&busbarId.equals=9490732369""}}";;;6002;9490732369;2026-05-01T07:00:00Z;2026-05-01T08:00:00Z;;;PAGE_FETCH_TIMEOUT;https://yks.teias.gov.tr/api/rgdh-wind-busbar-data?measurementDate.greaterOrEqualThan=2026-05-01T07%3A00%3A00Z&measurementDate.lessThan=2026-05-01T08%3A00%3A00Z&size=60&page=0&sort=measurementDate%2Casc&busbarId.equals=9490732369;;
01.05.2026 15:52:36;error;Page Fetch;rgdh-monitor;;;;;signal is aborted without reason;"{""requestHeaders"":{},""responseHeaders"":{},""detail"":{""endpoint"":""/api/rgdh-wind-busbar-data"",""httpStatus"":"""",""errorType"":""PAGE_FETCH_TIMEOUT"",""transport"":""page-context""}}";;;;;;;;;PAGE_FETCH_TIMEOUT;;;
01.05.2026 15:52:36;info;Page Fetch;rgdh-monitor;;;;;YKS sayfa context tokenli fetch basladi (chunked).;"{""requestHeaders"":{},""responseHeaders"":{},""detail"":{""endpoint"":""/api/rgdh-wind-busbar-data"",""params"":{""measurementDate.greaterOrEqualThan"":""2026-05-01T07:00:00Z"",""measurementDate.lessThan"":""2026-05-01T08:00:00Z"",""size"":""60"",""page"":""0"",""sort"":""measurementDate,asc"",""busbarId.equals"":""9490732369""},""transport"":""page-context""}}";;;;;;;;;;;;
01.05.2026 15:52:36;info;WIND;rgdh-monitor;;;;;RES/GES saatlik endpoint sorgulanacak: 9490732369 (2026-05-01 11:00-12:00);"{""requestHeaders"":{},""responseHeaders"":{},""detail"":{""endpoint"":""/api/rgdh-wind-busbar-data"",""params"":{""measurementDate.greaterOrEqualThan"":""2026-05-01T08:00:00Z"",""measurementDate.lessThan"":""2026-05-01T09:00:00Z"",""size"":""60"",""page"":""0"",""sort"":""measurementDate,asc"",""busbarId.equals"":""9490732369""},""busbarId"":""9490732369"",""internalBusbarId"":""9490732369"",""displayBusbarId"":""6002"",""localDate"":""2026-05-01"",""hour"":""11"",""hourStart"":""2026-05-01T08:00:00Z"",""hourEnd"":""2026-05-01T09:00:00Z"",""requestUrl"":""https://yks.teias.gov.tr/api/rgdh-wind-busbar-data?measurementDate.greaterOrEqualThan=2026-05-01T08%3A00%3A00Z&measurementDate.lessThan=2026-05-01T09%3A00%3A00Z&size=60&page=0&sort=measurementDate%2Casc&busbarId.equals=9490732369"",""pageTimeoutMs"":""20000"",""concurrency"":""2""}}";;;6002;9490732369;2026-05-01T08:00:00Z;2026-05-01T09:00:00Z;;;;https://yks.teias.gov.tr/api/rgdh-wind-busbar-data?measurementDate.greaterOrEqualThan=2026-05-01T08%3A00%3A00Z&measurementDate.lessThan=2026-05-01T09%3A00%3A00Z&size=60&page=0&sort=measurementDate%2Casc&busbarId.equals=9490732369;;
01.05.2026 15:52:36;warn;WIND;rgdh-monitor;;;;;2026-05-01 09:00-10:00 | 9490732369: signal is aborted without reason;"{""requestHeaders"":{},""responseHeaders"":{},""detail"":{""httpStatus"":""0"",""errorType"":""PAGE_FETCH_TIMEOUT"",""errorClass"":""PAGE_FETCH_TIMEOUT"",""busbarId"":""9490732369"",""internalBusbarId"":""9490732369"",""displayBusbarId"":""6002"",""localDate"":""2026-05-01"",""hour"":""9"",""hourStart"":""2026-05-01T06:00:00Z"",""hourEnd"":""2026-05-01T07:00:00Z"",""requestUrl"":""https://yks.teias.gov.tr/api/rgdh-wind-busbar-data?measurementDate.greaterOrEqualThan=2026-05-01T06%3A00%3A00Z&measurementDate.lessThan=2026-05-01T07%3A00%3A00Z&size=60&page=0&sort=measurementDate%2Casc&busbarId.equals=9490732369""}}";;;6002;9490732369;2026-05-01T06:00:00Z;2026-05-01T07:00:00Z;;;PAGE_FETCH_TIMEOUT;https://yks.teias.gov.tr/api/rgdh-wind-busbar-data?measurementDate.greaterOrEqualThan=2026-05-01T06%3A00%3A00Z&measurementDate.lessThan=2026-05-01T07%3A00%3A00Z&size=60&page=0&sort=measurementDate%2Casc&busbarId.equals=9490732369;;
01.05.2026 15:52:36;error;Page Fetch;rgdh-monitor;;;;;signal is aborted without reason;"{""requestHeaders"":{},""responseHeaders"":{},""detail"":{""endpoint"":""/api/rgdh-wind-busbar-data"",""httpStatus"":"""",""errorType"":""PAGE_FETCH_TIMEOUT"",""transport"":""page-context""}}";;;;;;;;;PAGE_FETCH_TIMEOUT;;;
01.05.2026 15:52:36;info;Page Fetch;rgdh-monitor;;;;;YKS sayfa context tokenli fetch basladi (chunked).;"{""requestHeaders"":{},""responseHeaders"":{},""detail"":{""endpoint"":""/api/rgdh-wind-busbar-data"",""params"":{""measurementDate.greaterOrEqualThan"":""2026-05-01T06:00:00Z"",""measurementDate.lessThan"":""2026-05-01T07:00:00Z"",""size"":""60"",""page"":""0"",""sort"":""measurementDate,asc"",""busbarId.equals"":""9490732369""},""transport"":""page-context""}}";;;;;;;;;;;;
01.05.2026 15:52:36;info;WIND;rgdh-monitor;;;;;RES/GES saatlik endpoint sorgulanacak: 9490732369 (2026-05-01 10:00-11:00);"{""requestHeaders"":{},""responseHeaders"":{},""detail"":{""endpoint"":""/api/rgdh-wind-busbar-data"",""params"":{""measurementDate.greaterOrEqualThan"":""2026-05-01T07:00:00Z"",""measurementDate.lessThan"":""2026-05-01T08:00:00Z"",""size"":""60"",""page"":""0"",""sort"":""measurementDate,asc"",""busbarId.equals"":""9490732369""},""busbarId"":""9490732369"",""internalBusbarId"":""9490732369"",""displayBusbarId"":""6002"",""localDate"":""2026-05-01"",""hour"":""10"",""hourStart"":""2026-05-01T07:00:00Z"",""hourEnd"":""2026-05-01T08:00:00Z"",""requestUrl"":""https://yks.teias.gov.tr/api/rgdh-wind-busbar-data?measurementDate.greaterOrEqualThan=2026-05-01T07%3A00%3A00Z&measurementDate.lessThan=2026-05-01T08%3A00%3A00Z&size=60&page=0&sort=measurementDate%2Casc&busbarId.equals=9490732369"",""pageTimeoutMs"":""20000"",""concurrency"":""2""}}";;;6002;9490732369;2026-05-01T07:00:00Z;2026-05-01T08:00:00Z;;;;https://yks.teias.gov.tr/api/rgdh-wind-busbar-data?measurementDate.greaterOrEqualThan=2026-05-01T07%3A00%3A00Z&measurementDate.lessThan=2026-05-01T08%3A00%3A00Z&size=60&page=0&sort=measurementDate%2Casc&busbarId.equals=9490732369;;
01.05.2026 15:52:36;warn;WIND;rgdh-monitor;;;;;2026-05-01 08:00-09:00 | 9490732369: signal is aborted without reason;"{""requestHeaders"":{},""responseHeaders"":{},""detail"":{""httpStatus"":""0"",""errorType"":""PAGE_FETCH_TIMEOUT"",""errorClass"":""PAGE_FETCH_TIMEOUT"",""busbarId"":""9490732369"",""internalBusbarId"":""9490732369"",""displayBusbarId"":""6002"",""localDate"":""2026-05-01"",""hour"":""8"",""hourStart"":""2026-05-01T05:00:00Z"",""hourEnd"":""2026-05-01T06:00:00Z"",""requestUrl"":""https://yks.teias.gov.tr/api/rgdh-wind-busbar-data?measurementDate.greaterOrEqualThan=2026-05-01T05%3A00%3A00Z&measurementDate.lessThan=2026-05-01T06%3A00%3A00Z&size=60&page=0&sort=measurementDate%2Casc&busbarId.equals=9490732369""}}";;;6002;9490732369;2026-05-01T05:00:00Z;2026-05-01T06:00:00Z;;;PAGE_FETCH_TIMEOUT;https://yks.teias.gov.tr/api/rgdh-wind-busbar-data?measurementDate.greaterOrEqualThan=2026-05-01T05%3A00%3A00Z&measurementDate.lessThan=2026-05-01T06%3A00%3A00Z&size=60&page=0&sort=measurementDate%2Casc&busbarId.equals=9490732369;;
01.05.2026 15:52:36;error;Page Fetch;rgdh-monitor;;;;;signal is aborted without reason;"{""requestHeaders"":{},""responseHeaders"":{},""detail"":{""endpoint"":""/api/rgdh-wind-busbar-data"",""httpStatus"":"""",""errorType"":""PAGE_FETCH_TIMEOUT"",""transport"":""page-context""}}";;;;;;;;;PAGE_FETCH_TIMEOUT;;;
01.05.2026 15:52:36;info;Page Fetch;rgdh-monitor;;;;;YKS sayfa context tokenli fetch basladi (chunked).;"{""requestHeaders"":{},""responseHeaders"":{},""detail"":{""endpoint"":""/api/rgdh-wind-busbar-data"",""params"":{""measurementDate.greaterOrEqualThan"":""2026-05-01T05:00:00Z"",""measurementDate.lessThan"":""2026-05-01T06:00:00Z"",""size"":""60"",""page"":""0"",""sort"":""measurementDate,asc"",""busbarId.equals"":""9490732369""},""transport"":""page-context""}}";;;;;;;;;;;;
01.05.2026 15:52:36;info;WIND;rgdh-monitor;;;;;RES/GES saatlik endpoint sorgulanacak: 9490732369 (2026-05-01 09:00-10:00);"{""requestHeaders"":{},""responseHeaders"":{},""detail"":{""endpoint"":""/api/rgdh-wind-busbar-data"",""params"":{""measurementDate.greaterOrEqualThan"":""2026-05-01T06:00:00Z"",""measurementDate.lessThan"":""2026-05-01T07:00:00Z"",""size"":""60"",""page"":""0"",""sort"":""measurementDate,asc"",""busbarId.equals"":""9490732369""},""busbarId"":""9490732369"",""internalBusbarId"":""9490732369"",""displayBusbarId"":""6002"",""localDate"":""2026-05-01"",""hour"":""9"",""hourStart"":""2026-05-01T06:00:00Z"",""hourEnd"":""2026-05-01T07:00:00Z"",""requestUrl"":""https://yks.teias.gov.tr/api/rgdh-wind-busbar-data?measurementDate.greaterOrEqualThan=2026-05-01T06%3A00%3A00Z&measurementDate.lessThan=2026-05-01T07%3A00%3A00Z&size=60&page=0&sort=measurementDate%2Casc&busbarId.equals=9490732369"",""pageTimeoutMs"":""20000"",""concurrency"":""2""}}";;;6002;9490732369;2026-05-01T06:00:00Z;2026-05-01T07:00:00Z;;;;https://yks.teias.gov.tr/api/rgdh-wind-busbar-data?measurementDate.greaterOrEqualThan=2026-05-01T06%3A00%3A00Z&measurementDate.lessThan=2026-05-01T07%3A00%3A00Z&size=60&page=0&sort=measurementDate%2Casc&busbarId.equals=9490732369;;
01.05.2026 15:52:36;warn;WIND;rgdh-monitor;;;;;2026-05-01 07:00-08:00 | 9490732369: signal is aborted without reason;"{""requestHeaders"":{},""responseHeaders"":{},""detail"":{""httpStatus"":""0"",""errorType"":""PAGE_FETCH_TIMEOUT"",""errorClass"":""PAGE_FETCH_TIMEOUT"",""busbarId"":""9490732369"",""internalBusbarId"":""9490732369"",""displayBusbarId"":""6002"",""localDate"":""2026-05-01"",""hour"":""7"",""hourStart"":""2026-05-01T04:00:00Z"",""hourEnd"":""2026-05-01T05:00:00Z"",""requestUrl"":""https://yks.teias.gov.tr/api/rgdh-wind-busbar-data?measurementDate.greaterOrEqualThan=2026-05-01T04%3A00%3A00Z&measurementDate.lessThan=2026-05-01T05%3A00%3A00Z&size=60&page=0&sort=measurementDate%2Casc&busbarId.equals=9490732369""}}";;;6002;9490732369;2026-05-01T04:00:00Z;2026-05-01T05:00:00Z;;;PAGE_FETCH_TIMEOUT;https://yks.teias.gov.tr/api/rgdh-wind-busbar-data?measurementDate.greaterOrEqualThan=2026-05-01T04%3A00%3A00Z&measurementDate.lessThan=2026-05-01T05%3A00%3A00Z&size=60&page=0&sort=measurementDate%2Casc&busbarId.equals=9490732369;;
01.05.2026 15:52:36;error;Page Fetch;rgdh-monitor;;;;;signal is aborted without reason;"{""requestHeaders"":{},""responseHeaders"":{},""detail"":{""endpoint"":""/api/rgdh-wind-busbar-data"",""httpStatus"":"""",""errorType"":""PAGE_FETCH_TIMEOUT"",""transport"":""page-context""}}";;;;;;;;;PAGE_FETCH_TIMEOUT;;;
01.05.2026 15:52:36;info;Page Fetch;rgdh-monitor;;;;;YKS sayfa context tokenli fetch basladi (chunked).;"{""requestHeaders"":{},""responseHeaders"":{},""detail"":{""endpoint"":""/api/rgdh-wind-busbar-data"",""params"":{""measurementDate.greaterOrEqualThan"":""2026-05-01T04:00:00Z"",""measurementDate.lessThan"":""2026-05-01T05:00:00Z"",""size"":""60"",""page"":""0"",""sort"":""measurementDate,asc"",""busbarId.equals"":""9490732369""},""transport"":""page-context""}}";;;;;;;;;;;;
01.05.2026 15:52:36;info;WIND;rgdh-monitor;;;;;RES/GES saatlik endpoint sorgulanacak: 9490732369 (2026-05-01 08:00-09:00);"{""requestHeaders"":{},""responseHeaders"":{},""detail"":{""endpoint"":""/api/rgdh-wind-busbar-data"",""params"":{""measurementDate.greaterOrEqualThan"":""2026-05-01T05:00:00Z"",""measurementDate.lessThan"":""2026-05-01T06:00:00Z"",""size"":""60"",""page"":""0"",""sort"":""measurementDate,asc"",""busbarId.equals"":""9490732369""},""busbarId"":""9490732369"",""internalBusbarId"":""9490732369"",""displayBusbarId"":""6002"",""localDate"":""2026-05-01"",""hour"":""8"",""hourStart"":""2026-05-01T05:00:00Z"",""hourEnd"":""2026-05-01T06:00:00Z"",""requestUrl"":""https://yks.teias.gov.tr/api/rgdh-wind-busbar-data?measurementDate.greaterOrEqualThan=2026-05-01T05%3A00%3A00Z&measurementDate.lessThan=2026-05-01T06%3A00%3A00Z&size=60&page=0&sort=measurementDate%2Casc&busbarId.equals=9490732369"",""pageTimeoutMs"":""20000"",""concurrency"":""2""}}";;;6002;9490732369;2026-05-01T05:00:00Z;2026-05-01T06:00:00Z;;;;https://yks.teias.gov.tr/api/rgdh-wind-busbar-data?measurementDate.greaterOrEqualThan=2026-05-01T05%3A00%3A00Z&measurementDate.lessThan=2026-05-01T06%3A00%3A00Z&size=60&page=0&sort=measurementDate%2Casc&busbarId.equals=9490732369;;
01.05.2026 15:52:36;warn;WIND;rgdh-monitor;;;;;2026-05-01 06:00-07:00 | 9490732369: signal is aborted without reason;"{""requestHeaders"":{},""responseHeaders"":{},""detail"":{""httpStatus"":""0"",""errorType"":""PAGE_FETCH_TIMEOUT"",""errorClass"":""PAGE_FETCH_TIMEOUT"",""busbarId"":""9490732369"",""internalBusbarId"":""9490732369"",""displayBusbarId"":""6002"",""localDate"":""2026-05-01"",""hour"":""6"",""hourStart"":""2026-05-01T03:00:00Z"",""hourEnd"":""2026-05-01T04:00:00Z"",""requestUrl"":""https://yks.teias.gov.tr/api/rgdh-wind-busbar-data?measurementDate.greaterOrEqualThan=2026-05-01T03%3A00%3A00Z&measurementDate.lessThan=2026-05-01T04%3A00%3A00Z&size=60&page=0&sort=measurementDate%2Casc&busbarId.equals=9490732369""}}";;;6002;9490732369;2026-05-01T03:00:00Z;2026-05-01T04:00:00Z;;;PAGE_FETCH_TIMEOUT;https://yks.teias.gov.tr/api/rgdh-wind-busbar-data?measurementDate.greaterOrEqualThan=2026-05-01T03%3A00%3A00Z&measurementDate.lessThan=2026-05-01T04%3A00%3A00Z&size=60&page=0&sort=measurementDate%2Casc&busbarId.equals=9490732369;;
01.05.2026 15:52:36;error;Page Fetch;rgdh-monitor;;;;;signal is aborted without reason;"{""requestHeaders"":{},""responseHeaders"":{},""detail"":{""endpoint"":""/api/rgdh-wind-busbar-data"",""httpStatus"":"""",""errorType"":""PAGE_FETCH_TIMEOUT"",""transport"":""page-context""}}";;;;;;;;;PAGE_FETCH_TIMEOUT;;;
01.05.2026 15:52:36;info;Page Fetch;rgdh-monitor;;;;;YKS sayfa context tokenli fetch basladi (chunked).;"{""requestHeaders"":{},""responseHeaders"":{},""detail"":{""endpoint"":""/api/rgdh-wind-busbar-data"",""params"":{""measurementDate.greaterOrEqualThan"":""2026-05-01T03:00:00Z"",""measurementDate.lessThan"":""2026-05-01T04:00:00Z"",""size"":""60"",""page"":""0"",""sort"":""measurementDate,asc"",""busbarId.equals"":""9490732369""},""transport"":""page-context""}}";;;;;;;;;;;;
01.05.2026 15:52:36;info;WIND;rgdh-monitor;;;;;RES/GES saatlik endpoint sorgulanacak: 9490732369 (2026-05-01 07:00-08:00);"{""requestHeaders"":{},""responseHeaders"":{},""detail"":{""endpoint"":""/api/rgdh-wind-busbar-data"",""params"":{""measurementDate.greaterOrEqualThan"":""2026-05-01T04:00:00Z"",""measurementDate.lessThan"":""2026-05-01T05:00:00Z"",""size"":""60"",""page"":""0"",""sort"":""measurementDate,asc"",""busbarId.equals"":""9490732369""},""busbarId"":""9490732369"",""internalBusbarId"":""9490732369"",""displayBusbarId"":""6002"",""localDate"":""2026-05-01"",""hour"":""7"",""hourStart"":""2026-05-01T04:00:00Z"",""hourEnd"":""2026-05-01T05:00:00Z"",""requestUrl"":""https://yks.teias.gov.tr/api/rgdh-wind-busbar-data?measurementDate.greaterOrEqualThan=2026-05-01T04%3A00%3A00Z&measurementDate.lessThan=2026-05-01T05%3A00%3A00Z&size=60&page=0&sort=measurementDate%2Casc&busbarId.equals=9490732369"",""pageTimeoutMs"":""20000"",""concurrency"":""2""}}";;;6002;9490732369;2026-05-01T04:00:00Z;2026-05-01T05:00:00Z;;;;https://yks.teias.gov.tr/api/rgdh-wind-busbar-data?measurementDate.greaterOrEqualThan=2026-05-01T04%3A00%3A00Z&measurementDate.lessThan=2026-05-01T05%3A00%3A00Z&size=60&page=0&sort=measurementDate%2Casc&busbarId.equals=9490732369;;
01.05.2026 15:52:36;warn;WIND;rgdh-monitor;;;;;2026-05-01 05:00-06:00 | 9490732369: signal is aborted without reason;"{""requestHeaders"":{},""responseHeaders"":{},""detail"":{""httpStatus"":""0"",""errorType"":""PAGE_FETCH_TIMEOUT"",""errorClass"":""PAGE_FETCH_TIMEOUT"",""busbarId"":""9490732369"",""internalBusbarId"":""9490732369"",""displayBusbarId"":""6002"",""localDate"":""2026-05-01"",""hour"":""5"",""hourStart"":""2026-05-01T02:00:00Z"",""hourEnd"":""2026-05-01T03:00:00Z"",""requestUrl"":""https://yks.teias.gov.tr/api/rgdh-wind-busbar-data?measurementDate.greaterOrEqualThan=2026-05-01T02%3A00%3A00Z&measurementDate.lessThan=2026-05-01T03%3A00%3A00Z&size=60&page=0&sort=measurementDate%2Casc&busbarId.equals=9490732369""}}";;;6002;9490732369;2026-05-01T02:00:00Z;2026-05-01T03:00:00Z;;;PAGE_FETCH_TIMEOUT;https://yks.teias.gov.tr/api/rgdh-wind-busbar-data?measurementDate.greaterOrEqualThan=2026-05-01T02%3A00%3A00Z&measurementDate.lessThan=2026-05-01T03%3A00%3A00Z&size=60&page=0&sort=measurementDate%2Casc&busbarId.equals=9490732369;;
01.05.2026 15:52:36;error;Page Fetch;rgdh-monitor;;;;;signal is aborted without reason;"{""requestHeaders"":{},""responseHeaders"":{},""detail"":{""endpoint"":""/api/rgdh-wind-busbar-data"",""httpStatus"":"""",""errorType"":""PAGE_FETCH_TIMEOUT"",""transport"":""page-context""}}";;;;;;;;;PAGE_FETCH_TIMEOUT;;;
01.05.2026 15:52:36;info;Page Fetch;rgdh-monitor;;;;;YKS sayfa context tokenli fetch basladi (chunked).;"{""requestHeaders"":{},""responseHeaders"":{},""detail"":{""endpoint"":""/api/rgdh-wind-busbar-data"",""params"":{""measurementDate.greaterOrEqualThan"":""2026-05-01T02:00:00Z"",""measurementDate.lessThan"":""2026-05-01T03:00:00Z"",""size"":""60"",""page"":""0"",""sort"":""measurementDate,asc"",""busbarId.equals"":""9490732369""},""transport"":""page-context""}}";;;;;;;;;;;;
01.05.2026 15:52:36;info;WIND;rgdh-monitor;;;;;RES/GES saatlik endpoint sorgulanacak: 9490732369 (2026-05-01 06:00-07:00);"{""requestHeaders"":{},""responseHeaders"":{},""detail"":{""endpoint"":""/api/rgdh-wind-busbar-data"",""params"":{""measurementDate.greaterOrEqualThan"":""2026-05-01T03:00:00Z"",""measurementDate.lessThan"":""2026-05-01T04:00:00Z"",""size"":""60"",""page"":""0"",""sort"":""measurementDate,asc"",""busbarId.equals"":""9490732369""},""busbarId"":""9490732369"",""internalBusbarId"":""9490732369"",""displayBusbarId"":""6002"",""localDate"":""2026-05-01"",""hour"":""6"",""hourStart"":""2026-05-01T03:00:00Z"",""hourEnd"":""2026-05-01T04:00:00Z"",""requestUrl"":""https://yks.teias.gov.tr/api/rgdh-wind-busbar-data?measurementDate.greaterOrEqualThan=2026-05-01T03%3A00%3A00Z&measurementDate.lessThan=2026-05-01T04%3A00%3A00Z&size=60&page=0&sort=measurementDate%2Casc&busbarId.equals=9490732369"",""pageTimeoutMs"":""20000"",""concurrency"":""2""}}";;;6002;9490732369;2026-05-01T03:00:00Z;2026-05-01T04:00:00Z;;;;https://yks.teias.gov.tr/api/rgdh-wind-busbar-data?measurementDate.greaterOrEqualThan=2026-05-01T03%3A00%3A00Z&measurementDate.lessThan=2026-05-01T04%3A00%3A00Z&size=60&page=0&sort=measurementDate%2Casc&busbarId.equals=9490732369;;
01.05.2026 15:52:36;warn;WIND;rgdh-monitor;;;;;2026-05-01 04:00-05:00 | 9490732369: signal is aborted without reason;"{""requestHeaders"":{},""responseHeaders"":{},""detail"":{""httpStatus"":""0"",""errorType"":""PAGE_FETCH_TIMEOUT"",""errorClass"":""PAGE_FETCH_TIMEOUT"",""busbarId"":""9490732369"",""internalBusbarId"":""9490732369"",""displayBusbarId"":""6002"",""localDate"":""2026-05-01"",""hour"":""4"",""hourStart"":""2026-05-01T01:00:00Z"",""hourEnd"":""2026-05-01T02:00:00Z"",""requestUrl"":""https://yks.teias.gov.tr/api/rgdh-wind-busbar-data?measurementDate.greaterOrEqualThan=2026-05-01T01%3A00%3A00Z&measurementDate.lessThan=2026-05-01T02%3A00%3A00Z&size=60&page=0&sort=measurementDate%2Casc&busbarId.equals=9490732369""}}";;;6002;9490732369;2026-05-01T01:00:00Z;2026-05-01T02:00:00Z;;;PAGE_FETCH_TIMEOUT;https://yks.teias.gov.tr/api/rgdh-wind-busbar-data?measurementDate.greaterOrEqualThan=2026-05-01T01%3A00%3A00Z&measurementDate.lessThan=2026-05-01T02%3A00%3A00Z&size=60&page=0&sort=measurementDate%2Casc&busbarId.equals=9490732369;;
01.05.2026 15:52:36;error;Page Fetch;rgdh-monitor;;;;;signal is aborted without reason;"{""requestHeaders"":{},""responseHeaders"":{},""detail"":{""endpoint"":""/api/rgdh-wind-busbar-data"",""httpStatus"":"""",""errorType"":""PAGE_FETCH_TIMEOUT"",""transport"":""page-context""}}";;;;;;;;;PAGE_FETCH_TIMEOUT;;;
01.05.2026 15:52:36;info;Page Fetch;rgdh-monitor;;;;;YKS sayfa context tokenli fetch basladi (chunked).;"{""requestHeaders"":{},""responseHeaders"":{},""detail"":{""endpoint"":""/api/rgdh-wind-busbar-data"",""params"":{""measurementDate.greaterOrEqualThan"":""2026-05-01T01:00:00Z"",""measurementDate.lessThan"":""2026-05-01T02:00:00Z"",""size"":""60"",""page"":""0"",""sort"":""measurementDate,asc"",""busbarId.equals"":""9490732369""},""transport"":""page-context""}}";;;;;;;;;;;;
01.05.2026 15:52:36;info;WIND;rgdh-monitor;;;;;RES/GES saatlik endpoint sorgulanacak: 9490732369 (2026-05-01 05:00-06:00);"{""requestHeaders"":{},""responseHeaders"":{},""detail"":{""endpoint"":""/api/rgdh-wind-busbar-data"",""params"":{""measurementDate.greaterOrEqualThan"":""2026-05-01T02:00:00Z"",""measurementDate.lessThan"":""2026-05-01T03:00:00Z"",""size"":""60"",""page"":""0"",""sort"":""measurementDate,asc"",""busbarId.equals"":""9490732369""},""busbarId"":""9490732369"",""internalBusbarId"":""9490732369"",""displayBusbarId"":""6002"",""localDate"":""2026-05-01"",""hour"":""5"",""hourStart"":""2026-05-01T02:00:00Z"",""hourEnd"":""2026-05-01T03:00:00Z"",""requestUrl"":""https://yks.teias.gov.tr/api/rgdh-wind-busbar-data?measurementDate.greaterOrEqualThan=2026-05-01T02%3A00%3A00Z&measurementDate.lessThan=2026-05-01T03%3A00%3A00Z&size=60&page=0&sort=measurementDate%2Casc&busbarId.equals=9490732369"",""pageTimeoutMs"":""20000"",""concurrency"":""2""}}";;;6002;9490732369;2026-05-01T02:00:00Z;2026-05-01T03:00:00Z;;;;https://yks.teias.gov.tr/api/rgdh-wind-busbar-data?measurementDate.greaterOrEqualThan=2026-05-01T02%3A00%3A00Z&measurementDate.lessThan=2026-05-01T03%3A00%3A00Z&size=60&page=0&sort=measurementDate%2Casc&busbarId.equals=9490732369;;
01.05.2026 15:52:36;warn;WIND;rgdh-monitor;;;;;2026-05-01 03:00-04:00 | 9490732369: signal is aborted without reason;"{""requestHeaders"":{},""responseHeaders"":{},""detail"":{""httpStatus"":""0"",""errorType"":""PAGE_FETCH_TIMEOUT"",""errorClass"":""PAGE_FETCH_TIMEOUT"",""busbarId"":""9490732369"",""internalBusbarId"":""9490732369"",""displayBusbarId"":""6002"",""localDate"":""2026-05-01"",""hour"":""3"",""hourStart"":""2026-05-01T00:00:00Z"",""hourEnd"":""2026-05-01T01:00:00Z"",""requestUrl"":""https://yks.teias.gov.tr/api/rgdh-wind-busbar-data?measurementDate.greaterOrEqualThan=2026-05-01T00%3A00%3A00Z&measurementDate.lessThan=2026-05-01T01%3A00%3A00Z&size=60&page=0&sort=measurementDate%2Casc&busbarId.equals=9490732369""}}";;;6002;9490732369;2026-05-01T00:00:00Z;2026-05-01T01:00:00Z;;;PAGE_FETCH_TIMEOUT;https://yks.teias.gov.tr/api/rgdh-wind-busbar-data?measurementDate.greaterOrEqualThan=2026-05-01T00%3A00%3A00Z&measurementDate.lessThan=2026-05-01T01%3A00%3A00Z&size=60&page=0&sort=measurementDate%2Casc&busbarId.equals=9490732369;;
01.05.2026 15:52:36;error;Page Fetch;rgdh-monitor;;;;;signal is aborted without reason;"{""requestHeaders"":{},""responseHeaders"":{},""detail"":{""endpoint"":""/api/rgdh-wind-busbar-data"",""httpStatus"":"""",""errorType"":""PAGE_FETCH_TIMEOUT"",""transport"":""page-context""}}";;;;;;;;;PAGE_FETCH_TIMEOUT;;;
01.05.2026 15:52:36;info;Page Fetch;rgdh-monitor;;;;;YKS sayfa context tokenli fetch basladi (chunked).;"{""requestHeaders"":{},""responseHeaders"":{},""detail"":{""endpoint"":""/api/rgdh-wind-busbar-data"",""params"":{""measurementDate.greaterOrEqualThan"":""2026-05-01T00:00:00Z"",""measurementDate.lessThan"":""2026-05-01T01:00:00Z"",""size"":""60"",""page"":""0"",""sort"":""measurementDate,asc"",""busbarId.equals"":""9490732369""},""transport"":""page-context""}}";;;;;;;;;;;;
01.05.2026 15:52:36;info;WIND;rgdh-monitor;;;;;RES/GES saatlik endpoint sorgulanacak: 9490732369 (2026-05-01 04:00-05:00);"{""requestHeaders"":{},""responseHeaders"":{},""detail"":{""endpoint"":""/api/rgdh-wind-busbar-data"",""params"":{""measurementDate.greaterOrEqualThan"":""2026-05-01T01:00:00Z"",""measurementDate.lessThan"":""2026-05-01T02:00:00Z"",""size"":""60"",""page"":""0"",""sort"":""measurementDate,asc"",""busbarId.equals"":""9490732369""},""busbarId"":""9490732369"",""internalBusbarId"":""9490732369"",""displayBusbarId"":""6002"",""localDate"":""2026-05-01"",""hour"":""4"",""hourStart"":""2026-05-01T01:00:00Z"",""hourEnd"":""2026-05-01T02:00:00Z"",""requestUrl"":""https://yks.teias.gov.tr/api/rgdh-wind-busbar-data?measurementDate.greaterOrEqualThan=2026-05-01T01%3A00%3A00Z&measurementDate.lessThan=2026-05-01T02%3A00%3A00Z&size=60&page=0&sort=measurementDate%2Casc&busbarId.equals=9490732369"",""pageTimeoutMs"":""20000"",""concurrency"":""2""}}";;;6002;9490732369;2026-05-01T01:00:00Z;2026-05-01T02:00:00Z;;;;https://yks.teias.gov.tr/api/rgdh-wind-busbar-data?measurementDate.greaterOrEqualThan=2026-05-01T01%3A00%3A00Z&measurementDate.lessThan=2026-05-01T02%3A00%3A00Z&size=60&page=0&sort=measurementDate%2Casc&busbarId.equals=9490732369;;
01.05.2026 15:52:36;warn;WIND;rgdh-monitor;;;;;2026-05-01 02:00-03:00 | 9490732369: signal is aborted without reason;"{""requestHeaders"":{},""responseHeaders"":{},""detail"":{""httpStatus"":""0"",""errorType"":""PAGE_FETCH_TIMEOUT"",""errorClass"":""PAGE_FETCH_TIMEOUT"",""busbarId"":""9490732369"",""internalBusbarId"":""9490732369"",""displayBusbarId"":""6002"",""localDate"":""2026-05-01"",""hour"":""2"",""hourStart"":""2026-04-30T23:00:00Z"",""hourEnd"":""2026-05-01T00:00:00Z"",""requestUrl"":""https://yks.teias.gov.tr/api/rgdh-wind-busbar-data?measurementDate.greaterOrEqualThan=2026-04-30T23%3A00%3A00Z&measurementDate.lessThan=2026-05-01T00%3A00%3A00Z&size=60&page=0&sort=measurementDate%2Casc&busbarId.equals=9490732369""}}";;;6002;9490732369;2026-04-30T23:00:00Z;2026-05-01T00:00:00Z;;;PAGE_FETCH_TIMEOUT;https://yks.teias.gov.tr/api/rgdh-wind-busbar-data?measurementDate.greaterOrEqualThan=2026-04-30T23%3A00%3A00Z&measurementDate.lessThan=2026-05-01T00%3A00%3A00Z&size=60&page=0&sort=measurementDate%2Casc&busbarId.equals=9490732369;;
01.05.2026 15:52:36;error;Page Fetch;rgdh-monitor;;;;;signal is aborted without reason;"{""requestHeaders"":{},""responseHeaders"":{},""detail"":{""endpoint"":""/api/rgdh-wind-busbar-data"",""httpStatus"":"""",""errorType"":""PAGE_FETCH_TIMEOUT"",""transport"":""page-context""}}";;;;;;;;;PAGE_FETCH_TIMEOUT;;;
01.05.2026 15:52:36;info;Page Fetch;rgdh-monitor;;;;;YKS sayfa context tokenli fetch basladi (chunked).;"{""requestHeaders"":{},""responseHeaders"":{},""detail"":{""endpoint"":""/api/rgdh-wind-busbar-data"",""params"":{""measurementDate.greaterOrEqualThan"":""2026-04-30T23:00:00Z"",""measurementDate.lessThan"":""2026-05-01T00:00:00Z"",""size"":""60"",""page"":""0"",""sort"":""measurementDate,asc"",""busbarId.equals"":""9490732369""},""transport"":""page-context""}}";;;;;;;;;;;;
01.05.2026 15:52:36;info;WIND;rgdh-monitor;;;;;RES/GES saatlik endpoint sorgulanacak: 9490732369 (2026-05-01 03:00-04:00);"{""requestHeaders"":{},""responseHeaders"":{},""detail"":{""endpoint"":""/api/rgdh-wind-busbar-data"",""params"":{""measurementDate.greaterOrEqualThan"":""2026-05-01T00:00:00Z"",""measurementDate.lessThan"":""2026-05-01T01:00:00Z"",""size"":""60"",""page"":""0"",""sort"":""measurementDate,asc"",""busbarId.equals"":""9490732369""},""busbarId"":""9490732369"",""internalBusbarId"":""9490732369"",""displayBusbarId"":""6002"",""localDate"":""2026-05-01"",""hour"":""3"",""hourStart"":""2026-05-01T00:00:00Z"",""hourEnd"":""2026-05-01T01:00:00Z"",""requestUrl"":""https://yks.teias.gov.tr/api/rgdh-wind-busbar-data?measurementDate.greaterOrEqualThan=2026-05-01T00%3A00%3A00Z&measurementDate.lessThan=2026-05-01T01%3A00%3A00Z&size=60&page=0&sort=measurementDate%2Casc&busbarId.equals=9490732369"",""pageTimeoutMs"":""20000"",""concurrency"":""2""}}";;;6002;9490732369;2026-05-01T00:00:00Z;2026-05-01T01:00:00Z;;;;https://yks.teias.gov.tr/api/rgdh-wind-busbar-data?measurementDate.greaterOrEqualThan=2026-05-01T00%3A00%3A00Z&measurementDate.lessThan=2026-05-01T01%3A00%3A00Z&size=60&page=0&sort=measurementDate%2Casc&busbarId.equals=9490732369;;
01.05.2026 15:52:36;warn;WIND;rgdh-monitor;;;;;2026-05-01 01:00-02:00 | 9490732369: signal is aborted without reason;"{""requestHeaders"":{},""responseHeaders"":{},""detail"":{""httpStatus"":""0"",""errorType"":""PAGE_FETCH_TIMEOUT"",""errorClass"":""PAGE_FETCH_TIMEOUT"",""busbarId"":""9490732369"",""internalBusbarId"":""9490732369"",""displayBusbarId"":""6002"",""localDate"":""2026-05-01"",""hour"":""1"",""hourStart"":""2026-04-30T22:00:00Z"",""hourEnd"":""2026-04-30T23:00:00Z"",""requestUrl"":""https://yks.teias.gov.tr/api/rgdh-wind-busbar-data?measurementDate.greaterOrEqualThan=2026-04-30T22%3A00%3A00Z&measurementDate.lessThan=2026-04-30T23%3A00%3A00Z&size=60&page=0&sort=measurementDate%2Casc&busbarId.equals=9490732369""}}";;;6002;9490732369;2026-04-30T22:00:00Z;2026-04-30T23:00:00Z;;;PAGE_FETCH_TIMEOUT;https://yks.teias.gov.tr/api/rgdh-wind-busbar-data?measurementDate.greaterOrEqualThan=2026-04-30T22%3A00%3A00Z&measurementDate.lessThan=2026-04-30T23%3A00%3A00Z&size=60&page=0&sort=measurementDate%2Casc&busbarId.equals=9490732369;;
01.05.2026 15:52:36;error;Page Fetch;rgdh-monitor;;;;;signal is aborted without reason;"{""requestHeaders"":{},""responseHeaders"":{},""detail"":{""endpoint"":""/api/rgdh-wind-busbar-data"",""httpStatus"":"""",""errorType"":""PAGE_FETCH_TIMEOUT"",""transport"":""page-context""}}";;;;;;;;;PAGE_FETCH_TIMEOUT;;;
01.05.2026 15:52:36;info;Page Fetch;rgdh-monitor;;;;;YKS sayfa context tokenli fetch basladi (chunked).;"{""requestHeaders"":{},""responseHeaders"":{},""detail"":{""endpoint"":""/api/rgdh-wind-busbar-data"",""params"":{""measurementDate.greaterOrEqualThan"":""2026-04-30T22:00:00Z"",""measurementDate.lessThan"":""2026-04-30T23:00:00Z"",""size"":""60"",""page"":""0"",""sort"":""measurementDate,asc"",""busbarId.equals"":""9490732369""},""transport"":""page-context""}}";;;;;;;;;;;;
01.05.2026 15:52:36;info;WIND;rgdh-monitor;;;;;RES/GES saatlik endpoint sorgulanacak: 9490732369 (2026-05-01 02:00-03:00);"{""requestHeaders"":{},""responseHeaders"":{},""detail"":{""endpoint"":""/api/rgdh-wind-busbar-data"",""params"":{""measurementDate.greaterOrEqualThan"":""2026-04-30T23:00:00Z"",""measurementDate.lessThan"":""2026-05-01T00:00:00Z"",""size"":""60"",""page"":""0"",""sort"":""measurementDate,asc"",""busbarId.equals"":""9490732369""},""busbarId"":""9490732369"",""internalBusbarId"":""9490732369"",""displayBusbarId"":""6002"",""localDate"":""2026-05-01"",""hour"":""2"",""hourStart"":""2026-04-30T23:00:00Z"",""hourEnd"":""2026-05-01T00:00:00Z"",""requestUrl"":""https://yks.teias.gov.tr/api/rgdh-wind-busbar-data?measurementDate.greaterOrEqualThan=2026-04-30T23%3A00%3A00Z&measurementDate.lessThan=2026-05-01T00%3A00%3A00Z&size=60&page=0&sort=measurementDate%2Casc&busbarId.equals=9490732369"",""pageTimeoutMs"":""20000"",""concurrency"":""2""}}";;;6002;9490732369;2026-04-30T23:00:00Z;2026-05-01T00:00:00Z;;;;https://yks.teias.gov.tr/api/rgdh-wind-busbar-data?measurementDate.greaterOrEqualThan=2026-04-30T23%3A00%3A00Z&measurementDate.lessThan=2026-05-01T00%3A00%3A00Z&size=60&page=0&sort=measurementDate%2Casc&busbarId.equals=9490732369;;
01.05.2026 15:52:36;warn;WIND;rgdh-monitor;;;;;2026-05-01 00:00-01:00 | 9490732369: signal is aborted without reason;"{""requestHeaders"":{},""responseHeaders"":{},""detail"":{""httpStatus"":""0"",""errorType"":""PAGE_FETCH_TIMEOUT"",""errorClass"":""PAGE_FETCH_TIMEOUT"",""busbarId"":""9490732369"",""internalBusbarId"":""9490732369"",""displayBusbarId"":""6002"",""localDate"":""2026-05-01"",""hour"":""0"",""hourStart"":""2026-04-30T21:00:00Z"",""hourEnd"":""2026-04-30T22:00:00Z"",""requestUrl"":""https://yks.teias.gov.tr/api/rgdh-wind-busbar-data?measurementDate.greaterOrEqualThan=2026-04-30T21%3A00%3A00Z&measurementDate.lessThan=2026-04-30T22%3A00%3A00Z&size=60&page=0&sort=measurementDate%2Casc&busbarId.equals=9490732369""}}";;;6002;9490732369;2026-04-30T21:00:00Z;2026-04-30T22:00:00Z;;;PAGE_FETCH_TIMEOUT;https://yks.teias.gov.tr/api/rgdh-wind-busbar-data?measurementDate.greaterOrEqualThan=2026-04-30T21%3A00%3A00Z&measurementDate.lessThan=2026-04-30T22%3A00%3A00Z&size=60&page=0&sort=measurementDate%2Casc&busbarId.equals=9490732369;;
01.05.2026 15:52:36;error;Page Fetch;rgdh-monitor;;;;;signal is aborted without reason;"{""requestHeaders"":{},""responseHeaders"":{},""detail"":{""endpoint"":""/api/rgdh-wind-busbar-data"",""httpStatus"":"""",""errorType"":""PAGE_FETCH_TIMEOUT"",""transport"":""page-context""}}";;;;;;;;;PAGE_FETCH_TIMEOUT;;;
01.05.2026 15:52:36;info;Page Fetch;rgdh-monitor;;;;;YKS sayfa context tokenli fetch basladi (chunked).;"{""requestHeaders"":{},""responseHeaders"":{},""detail"":{""endpoint"":""/api/rgdh-wind-busbar-data"",""params"":{""measurementDate.greaterOrEqualThan"":""2026-04-30T21:00:00Z"",""measurementDate.lessThan"":""2026-04-30T22:00:00Z"",""size"":""60"",""page"":""0"",""sort"":""measurementDate,asc"",""busbarId.equals"":""9490732369""},""transport"":""page-context""}}";;;;;;;;;;;;
01.05.2026 15:52:36;info;WIND;rgdh-monitor;;;;;RES/GES saatlik endpoint sorgulanacak: 9490732369 (2026-05-01 01:00-02:00);"{""requestHeaders"":{},""responseHeaders"":{},""detail"":{""endpoint"":""/api/rgdh-wind-busbar-data"",""params"":{""measurementDate.greaterOrEqualThan"":""2026-04-30T22:00:00Z"",""measurementDate.lessThan"":""2026-04-30T23:00:00Z"",""size"":""60"",""page"":""0"",""sort"":""measurementDate,asc"",""busbarId.equals"":""9490732369""},""busbarId"":""9490732369"",""internalBusbarId"":""9490732369"",""displayBusbarId"":""6002"",""localDate"":""2026-05-01"",""hour"":""1"",""hourStart"":""2026-04-30T22:00:00Z"",""hourEnd"":""2026-04-30T23:00:00Z"",""requestUrl"":""https://yks.teias.gov.tr/api/rgdh-wind-busbar-data?measurementDate.greaterOrEqualThan=2026-04-30T22%3A00%3A00Z&measurementDate.lessThan=2026-04-30T23%3A00%3A00Z&size=60&page=0&sort=measurementDate%2Casc&busbarId.equals=9490732369"",""pageTimeoutMs"":""20000"",""concurrency"":""2""}}";;;6002;9490732369;2026-04-30T22:00:00Z;2026-04-30T23:00:00Z;;;;https://yks.teias.gov.tr/api/rgdh-wind-busbar-data?measurementDate.greaterOrEqualThan=2026-04-30T22%3A00%3A00Z&measurementDate.lessThan=2026-04-30T23%3A00%3A00Z&size=60&page=0&sort=measurementDate%2Casc&busbarId.equals=9490732369;;
01.05.2026 15:52:36;info;WIND;rgdh-monitor;;;;;RES/GES saatlik endpoint sorgulanacak: 9490732369 (2026-05-01 00:00-01:00);"{""requestHeaders"":{},""responseHeaders"":{},""detail"":{""endpoint"":""/api/rgdh-wind-busbar-data"",""params"":{""measurementDate.greaterOrEqualThan"":""2026-04-30T21:00:00Z"",""measurementDate.lessThan"":""2026-04-30T22:00:00Z"",""size"":""60"",""page"":""0"",""sort"":""measurementDate,asc"",""busbarId.equals"":""9490732369""},""busbarId"":""9490732369"",""internalBusbarId"":""9490732369"",""displayBusbarId"":""6002"",""localDate"":""2026-05-01"",""hour"":""0"",""hourStart"":""2026-04-30T21:00:00Z"",""hourEnd"":""2026-04-30T22:00:00Z"",""requestUrl"":""https://yks.teias.gov.tr/api/rgdh-wind-busbar-data?measurementDate.greaterOrEqualThan=2026-04-30T21%3A00%3A00Z&measurementDate.lessThan=2026-04-30T22%3A00%3A00Z&size=60&page=0&sort=measurementDate%2Casc&busbarId.equals=9490732369"",""pageTimeoutMs"":""20000"",""concurrency"":""2""}}";;;6002;9490732369;2026-04-30T21:00:00Z;2026-04-30T22:00:00Z;;;;https://yks.teias.gov.tr/api/rgdh-wind-busbar-data?measurementDate.greaterOrEqualThan=2026-04-30T21%3A00%3A00Z&measurementDate.lessThan=2026-04-30T22%3A00%3A00Z&size=60&page=0&sort=measurementDate%2Casc&busbarId.equals=9490732369;;
01.05.2026 15:52:36;info;WIND;rgdh-monitor;;;;;2026-05-01: 1 RES/GES ic busbar ID bulundu.;"{""requestHeaders"":{},""responseHeaders"":{},""detail"":{""busbarInternalIds"":[""9490732369""],""localDate"":""2026-05-01""}}";;;;9490732369;;;;;;;;
01.05.2026 15:52:36;info;Hazirlik;rgdh-monitor;;;;;RGDH YKS sorgusu hazirlandi.;"{""requestHeaders"":{},""responseHeaders"":{},""detail"":{""busbarId"":""6002"",""busbarName"":""AKYEL-1 RES"",""busbarInternalIds"":[""9490732369""],""internalBusbarId"":""9490732369"",""localDate"":""2026-05-01"",""sourceType"":""WIND"",""resolverMethod"":""targeted-busbarId"",""resolverPageCount"":""1""}}";;WIND;6002;9490732369;;;;;;;;
01.05.2026 15:52:36;warn;Job;rgdh-monitor;;;;;YKS cekim isi tamamlandi (168 sn).;"{""requestHeaders"":{},""responseHeaders"":{},""detail"":{""rowCounts"":{""conventionalRows"":""0"",""windRows"":""0"",""domRows"":""0"",""apiRows"":""0""},""transport"":""background-job""}}";;;;;;;;;;;;
01.05.2026 15:52:36;success;WIND;rgdh-monitor;;;;;Saatlik toplam 0 kayit alindi.;"{""requestHeaders"":{},""responseHeaders"":{},""detail"":{""endpoint"":""/api/rgdh-wind-busbar-data"",""busbarId"":""9490732369"",""internalBusbarId"":""9490732369"",""displayBusbarId"":""6002"",""localDate"":""2026-05-01"",""rowCount"":""0"",""partialErrors"":""1""}}";;;6002;9490732369;;;;;;;0;
01.05.2026 15:52:36;warn;WIND;rgdh-monitor;;;;;15 RES/GES saatlik YKS istegi zaman asimina ugradi.;"{""requestHeaders"":{},""responseHeaders"":{},""detail"":{""httpStatus"":"""",""errorType"":""YKS_HOURLY_TIMEOUT"",""errorClass"":""YKS_HOURLY_TIMEOUT"",""source"":""WIND"",""busbarId"":""9490732369"",""internalBusbarId"":""9490732369"",""localDate"":""2026-05-01"",""hourStart"":""2026-04-30T21:00:00Z"",""hourEnd"":""2026-05-01T12:00:00Z"",""hourRange"":""0-14"",""failedHours"":""15"",""attemptedHours"":""15"",""requestUrl"":""https://yks.teias.gov.tr/api/rgdh-wind-busbar-data?measurementDate.greaterOrEqualThan=2026-04-30T21%3A00%3A00Z&measurementDate.lessThan=2026-04-30T22%3A00%3A00Z&size=60&page=0&sort=measurementDate%2Casc&busbarId.equals=9490732369""}}";;WIND;9490732369;9490732369;2026-04-30T21:00:00Z;2026-05-01T12:00:00Z;;;YKS_HOURLY_TIMEOUT;https://yks.teias.gov.tr/api/rgdh-wind-busbar-data?measurementDate.greaterOrEqualThan=2026-04-30T21%3A00%3A00Z&measurementDate.lessThan=2026-04-30T22%3A00%3A00Z&size=60&page=0&sort=measurementDate%2Casc&busbarId.equals=9490732369;;
01.05.2026 15:52:36;warn;WIND;rgdh-monitor;;;;;2026-05-01 14:00-15:00 | 9490732369: signal is aborted without reason;"{""requestHeaders"":{},""responseHeaders"":{},""detail"":{""httpStatus"":""0"",""errorType"":""PAGE_FETCH_TIMEOUT"",""errorClass"":""PAGE_FETCH_TIMEOUT"",""busbarId"":""9490732369"",""internalBusbarId"":""9490732369"",""displayBusbarId"":""6002"",""localDate"":""2026-05-01"",""hour"":""14"",""hourStart"":""2026-05-01T11:00:00Z"",""hourEnd"":""2026-05-01T12:00:00Z"",""requestUrl"":""https://yks.teias.gov.tr/api/rgdh-wind-busbar-data?measurementDate.greaterOrEqualThan=2026-05-01T11%3A00%3A00Z&measurementDate.lessThan=2026-05-01T12%3A00%3A00Z&size=60&page=0&sort=measurementDate%2Casc&busbarId.equals=9490732369""}}";;;6002;9490732369;2026-05-01T11:00:00Z;2026-05-01T12:00:00Z;;;PAGE_FETCH_TIMEOUT;https://yks.teias.gov.tr/api/rgdh-wind-busbar-data?measurementDate.greaterOrEqualThan=2026-05-01T11%3A00%3A00Z&measurementDate.lessThan=2026-05-01T12%3A00%3A00Z&size=60&page=0&sort=measurementDate%2Casc&busbarId.equals=9490732369;;
01.05.2026 15:52:36;error;Page Fetch;rgdh-monitor;;;;;signal is aborted without reason;"{""requestHeaders"":{},""responseHeaders"":{},""detail"":{""endpoint"":""/api/rgdh-wind-busbar-data"",""httpStatus"":"""",""errorType"":""PAGE_FETCH_TIMEOUT"",""transport"":""page-context""}}";;;;;;;;;PAGE_FETCH_TIMEOUT;;;
01.05.2026 15:52:36;info;Page Fetch;rgdh-monitor;;;;;YKS sayfa context tokenli fetch basladi (chunked).;"{""requestHeaders"":{},""responseHeaders"":{},""detail"":{""endpoint"":""/api/rgdh-wind-busbar-data"",""params"":{""measurementDate.greaterOrEqualThan"":""2026-05-01T11:00:00Z"",""measurementDate.lessThan"":""2026-05-01T12:00:00Z"",""size"":""60"",""page"":""0"",""sort"":""measurementDate,asc"",""busbarId.equals"":""9490732369""},""transport"":""page-context""}}";;;;;;;;;;;;
01.05.2026 15:52:36;success;WIND;rgdh-monitor;;;;;2026-05-01 23:00-00:00: 0 kayit alindi.;"{""requestHeaders"":{},""responseHeaders"":{},""detail"":{""endpoint"":""/api/rgdh-wind-busbar-data"",""busbarId"":""9490732369"",""internalBusbarId"":""9490732369"",""displayBusbarId"":""6002"",""localDate"":""2026-05-01"",""hour"":""23"",""hourStart"":""2026-05-01T20:00:00Z"",""hourEnd"":""2026-05-01T21:00:00Z"",""rowCount"":""0""}}";;;6002;9490732369;2026-05-01T20:00:00Z;2026-05-01T21:00:00Z;;;;;0;
01.05.2026 15:52:36;success;Page Fetch;rgdh-monitor;;;;;0 toplam kayit alindi.;"{""requestHeaders"":{},""responseHeaders"":{},""detail"":{""endpoint"":""/api/rgdh-wind-busbar-data"",""rowCount"":""0"",""transport"":""page-context""}}";;;;;;;;;;;0;
01.05.2026 15:52:36;success;Page Fetch;rgdh-monitor;;;;;Sayfa 0: 0 kayit alindi.;"{""requestHeaders"":{},""responseHeaders"":{},""detail"":{""endpoint"":""/api/rgdh-wind-busbar-data"",""rowCount"":""0"",""transport"":""page-context""}}";;;;;;;;;;;0;
01.05.2026 15:52:36;info;Page Fetch;rgdh-monitor;;;;;YKS sayfa context tokenli fetch basladi (chunked).;"{""requestHeaders"":{},""responseHeaders"":{},""detail"":{""endpoint"":""/api/rgdh-wind-busbar-data"",""params"":{""measurementDate.greaterOrEqualThan"":""2026-05-01T20:00:00Z"",""measurementDate.lessThan"":""2026-05-01T21:00:00Z"",""size"":""60"",""page"":""0"",""sort"":""measurementDate,asc"",""busbarId.equals"":""9490732369""},""transport"":""page-context""}}";;;;;;;;;;;;
01.05.2026 15:52:36;info;WIND;rgdh-monitor;;;;;RES/GES saatlik endpoint sorgulanacak: 9490732369 (2026-05-01 23:00-00:00);"{""requestHeaders"":{},""responseHeaders"":{},""detail"":{""endpoint"":""/api/rgdh-wind-busbar-data"",""params"":{""measurementDate.greaterOrEqualThan"":""2026-05-01T20:00:00Z"",""measurementDate.lessThan"":""2026-05-01T21:00:00Z"",""size"":""60"",""page"":""0"",""sort"":""measurementDate,asc"",""busbarId.equals"":""9490732369""},""busbarId"":""9490732369"",""internalBusbarId"":""9490732369"",""displayBusbarId"":""6002"",""localDate"":""2026-05-01"",""hour"":""23"",""hourStart"":""2026-05-01T20:00:00Z"",""hourEnd"":""2026-05-01T21:00:00Z"",""requestUrl"":""https://yks.teias.gov.tr/api/rgdh-wind-busbar-data?measurementDate.greaterOrEqualThan=2026-05-01T20%3A00%3A00Z&measurementDate.lessThan=2026-05-01T21%3A00%3A00Z&size=60&page=0&sort=measurementDate%2Casc&busbarId.equals=9490732369"",""pageTimeoutMs"":""20000"",""concurrency"":""2""}}";;;6002;9490732369;2026-05-01T20:00:00Z;2026-05-01T21:00:00Z;;;;https://yks.teias.gov.tr/api/rgdh-wind-busbar-data?measurementDate.greaterOrEqualThan=2026-05-01T20%3A00%3A00Z&measurementDate.lessThan=2026-05-01T21%3A00%3A00Z&size=60&page=0&sort=measurementDate%2Casc&busbarId.equals=9490732369;;
01.05.2026 15:52:36;success;WIND;rgdh-monitor;;;;;2026-05-01 22:00-23:00: 0 kayit alindi.;"{""requestHeaders"":{},""responseHeaders"":{},""detail"":{""endpoint"":""/api/rgdh-wind-busbar-data"",""busbarId"":""9490732369"",""internalBusbarId"":""9490732369"",""displayBusbarId"":""6002"",""localDate"":""2026-05-01"",""hour"":""22"",""hourStart"":""2026-05-01T19:00:00Z"",""hourEnd"":""2026-05-01T20:00:00Z"",""rowCount"":""0""}}";;;6002;9490732369;2026-05-01T19:00:00Z;2026-05-01T20:00:00Z;;;;;0;
01.05.2026 15:52:36;success;Page Fetch;rgdh-monitor;;;;;0 toplam kayit alindi.;"{""requestHeaders"":{},""responseHeaders"":{},""detail"":{""endpoint"":""/api/rgdh-wind-busbar-data"",""rowCount"":""0"",""transport"":""page-context""}}";;;;;;;;;;;0;
01.05.2026 15:52:36;success;Page Fetch;rgdh-monitor;;;;;Sayfa 0: 0 kayit alindi.;"{""requestHeaders"":{},""responseHeaders"":{},""detail"":{""endpoint"":""/api/rgdh-wind-busbar-data"",""rowCount"":""0"",""transport"":""page-context""}}";;;;;;;;;;;0;
01.05.2026 15:52:36;info;Page Fetch;rgdh-monitor;;;;;YKS sayfa context tokenli fetch basladi (chunked).;"{""requestHeaders"":{},""responseHeaders"":{},""detail"":{""endpoint"":""/api/rgdh-wind-busbar-data"",""params"":{""measurementDate.greaterOrEqualThan"":""2026-05-01T19:00:00Z"",""measurementDate.lessThan"":""2026-05-01T20:00:00Z"",""size"":""60"",""page"":""0"",""sort"":""measurementDate,asc"",""busbarId.equals"":""9490732369""},""transport"":""page-context""}}";;;;;;;;;;;;
01.05.2026 15:52:36;info;WIND;rgdh-monitor;;;;;RES/GES saatlik endpoint sorgulanacak: 9490732369 (2026-05-01 22:00-23:00);"{""requestHeaders"":{},""responseHeaders"":{},""detail"":{""endpoint"":""/api/rgdh-wind-busbar-data"",""params"":{""measurementDate.greaterOrEqualThan"":""2026-05-01T19:00:00Z"",""measurementDate.lessThan"":""2026-05-01T20:00:00Z"",""size"":""60"",""page"":""0"",""sort"":""measurementDate,asc"",""busbarId.equals"":""9490732369""},""busbarId"":""9490732369"",""internalBusbarId"":""9490732369"",""displayBusbarId"":""6002"",""localDate"":""2026-05-01"",""hour"":""22"",""hourStart"":""2026-05-01T19:00:00Z"",""hourEnd"":""2026-05-01T20:00:00Z"",""requestUrl"":""https://yks.teias.gov.tr/api/rgdh-wind-busbar-data?measurementDate.greaterOrEqualThan=2026-05-01T19%3A00%3A00Z&measurementDate.lessThan=2026-05-01T20%3A00%3A00Z&size=60&page=0&sort=measurementDate%2Casc&busbarId.equals=9490732369"",""pageTimeoutMs"":""20000"",""concurrency"":""2""}}";;;6002;9490732369;2026-05-01T19:00:00Z;2026-05-01T20:00:00Z;;;;https://yks.teias.gov.tr/api/rgdh-wind-busbar-data?measurementDate.greaterOrEqualThan=2026-05-01T19%3A00%3A00Z&measurementDate.lessThan=2026-05-01T20%3A00%3A00Z&size=60&page=0&sort=measurementDate%2Casc&busbarId.equals=9490732369;;
01.05.2026 15:52:36;success;WIND;rgdh-monitor;;;;;2026-05-01 21:00-22:00: 0 kayit alindi.;"{""requestHeaders"":{},""responseHeaders"":{},""detail"":{""endpoint"":""/api/rgdh-wind-busbar-data"",""busbarId"":""9490732369"",""internalBusbarId"":""9490732369"",""displayBusbarId"":""6002"",""localDate"":""2026-05-01"",""hour"":""21"",""hourStart"":""2026-05-01T18:00:00Z"",""hourEnd"":""2026-05-01T19:00:00Z"",""rowCount"":""0""}}";;;6002;9490732369;2026-05-01T18:00:00Z;2026-05-01T19:00:00Z;;;;;0;
01.05.2026 15:52:36;success;Page Fetch;rgdh-monitor;;;;;0 toplam kayit alindi.;"{""requestHeaders"":{},""responseHeaders"":{},""detail"":{""endpoint"":""/api/rgdh-wind-busbar-data"",""rowCount"":""0"",""transport"":""page-context""}}";;;;;;;;;;;0;
01.05.2026 15:52:36;success;Page Fetch;rgdh-monitor;;;;;Sayfa 0: 0 kayit alindi.;"{""requestHeaders"":{},""responseHeaders"":{},""detail"":{""endpoint"":""/api/rgdh-wind-busbar-data"",""rowCount"":""0"",""transport"":""page-context""}}";;;;;;;;;;;0;
01.05.2026 15:52:36;info;Page Fetch;rgdh-monitor;;;;;YKS sayfa context tokenli fetch basladi (chunked).;"{""requestHeaders"":{},""responseHeaders"":{},""detail"":{""endpoint"":""/api/rgdh-wind-busbar-data"",""params"":{""measurementDate.greaterOrEqualThan"":""2026-05-01T18:00:00Z"",""measurementDate.lessThan"":""2026-05-01T19:00:00Z"",""size"":""60"",""page"":""0"",""sort"":""measurementDate,asc"",""busbarId.equals"":""9490732369""},""transport"":""page-context""}}";;;;;;;;;;;;
01.05.2026 15:52:36;info;WIND;rgdh-monitor;;;;;RES/GES saatlik endpoint sorgulanacak: 9490732369 (2026-05-01 21:00-22:00);"{""requestHeaders"":{},""responseHeaders"":{},""detail"":{""endpoint"":""/api/rgdh-wind-busbar-data"",""params"":{""measurementDate.greaterOrEqualThan"":""2026-05-01T18:00:00Z"",""measurementDate.lessThan"":""2026-05-01T19:00:00Z"",""size"":""60"",""page"":""0"",""sort"":""measurementDate,asc"",""busbarId.equals"":""9490732369""},""busbarId"":""9490732369"",""internalBusbarId"":""9490732369"",""displayBusbarId"":""6002"",""localDate"":""2026-05-01"",""hour"":""21"",""hourStart"":""2026-05-01T18:00:00Z"",""hourEnd"":""2026-05-01T19:00:00Z"",""requestUrl"":""https://yks.teias.gov.tr/api/rgdh-wind-busbar-data?measurementDate.greaterOrEqualThan=2026-05-01T18%3A00%3A00Z&measurementDate.lessThan=2026-05-01T19%3A00%3A00Z&size=60&page=0&sort=measurementDate%2Casc&busbarId.equals=9490732369"",""pageTimeoutMs"":""20000"",""concurrency"":""2""}}";;;6002;9490732369;2026-05-01T18:00:00Z;2026-05-01T19:00:00Z;;;;https://yks.teias.gov.tr/api/rgdh-wind-busbar-data?measurementDate.greaterOrEqualThan=2026-05-01T18%3A00%3A00Z&measurementDate.lessThan=2026-05-01T19%3A00%3A00Z&size=60&page=0&sort=measurementDate%2Casc&busbarId.equals=9490732369;;
01.05.2026 15:52:36;success;WIND;rgdh-monitor;;;;;2026-05-01 20:00-21:00: 0 kayit alindi.;"{""requestHeaders"":{},""responseHeaders"":{},""detail"":{""endpoint"":""/api/rgdh-wind-busbar-data"",""busbarId"":""9490732369"",""internalBusbarId"":""9490732369"",""displayBusbarId"":""6002"",""localDate"":""2026-05-01"",""hour"":""20"",""hourStart"":""2026-05-01T17:00:00Z"",""hourEnd"":""2026-05-01T18:00:00Z"",""rowCount"":""0""}}";;;6002;9490732369;2026-05-01T17:00:00Z;2026-05-01T18:00:00Z;;;;;0;
01.05.2026 15:52:36;success;Page Fetch;rgdh-monitor;;;;;0 toplam kayit alindi.;"{""requestHeaders"":{},""responseHeaders"":{},""detail"":{""endpoint"":""/api/rgdh-wind-busbar-data"",""rowCount"":""0"",""transport"":""page-context""}}";;;;;;;;;;;0;
01.05.2026 15:52:36;success;Page Fetch;rgdh-monitor;;;;;Sayfa 0: 0 kayit alindi.;"{""requestHeaders"":{},""responseHeaders"":{},""detail"":{""endpoint"":""/api/rgdh-wind-busbar-data"",""rowCount"":""0"",""transport"":""page-context""}}";;;;;;;;;;;0;
01.05.2026 15:52:36;info;Page Fetch;rgdh-monitor;;;;;YKS sayfa context tokenli fetch basladi (chunked).;"{""requestHeaders"":{},""responseHeaders"":{},""detail"":{""endpoint"":""/api/rgdh-wind-busbar-data"",""params"":{""measurementDate.greaterOrEqualThan"":""2026-05-01T17:00:00Z"",""measurementDate.lessThan"":""2026-05-01T18:00:00Z"",""size"":""60"",""page"":""0"",""sort"":""measurementDate,asc"",""busbarId.equals"":""9490732369""},""transport"":""page-context""}}";;;;;;;;;;;;
01.05.2026 15:52:36;info;WIND;rgdh-monitor;;;;;RES/GES saatlik endpoint sorgulanacak: 9490732369 (2026-05-01 20:00-21:00);"{""requestHeaders"":{},""responseHeaders"":{},""detail"":{""endpoint"":""/api/rgdh-wind-busbar-data"",""params"":{""measurementDate.greaterOrEqualThan"":""2026-05-01T17:00:00Z"",""measurementDate.lessThan"":""2026-05-01T18:00:00Z"",""size"":""60"",""page"":""0"",""sort"":""measurementDate,asc"",""busbarId.equals"":""9490732369""},""busbarId"":""9490732369"",""internalBusbarId"":""9490732369"",""displayBusbarId"":""6002"",""localDate"":""2026-05-01"",""hour"":""20"",""hourStart"":""2026-05-01T17:00:00Z"",""hourEnd"":""2026-05-01T18:00:00Z"",""requestUrl"":""https://yks.teias.gov.tr/api/rgdh-wind-busbar-data?measurementDate.greaterOrEqualThan=2026-05-01T17%3A00%3A00Z&measurementDate.lessThan=2026-05-01T18%3A00%3A00Z&size=60&page=0&sort=measurementDate%2Casc&busbarId.equals=9490732369"",""pageTimeoutMs"":""20000"",""concurrency"":""2""}}";;;6002;9490732369;2026-05-01T17:00:00Z;2026-05-01T18:00:00Z;;;;https://yks.teias.gov.tr/api/rgdh-wind-busbar-data?measurementDate.greaterOrEqualThan=2026-05-01T17%3A00%3A00Z&measurementDate.lessThan=2026-05-01T18%3A00%3A00Z&size=60&page=0&sort=measurementDate%2Casc&busbarId.equals=9490732369;;
01.05.2026 15:52:36;success;WIND;rgdh-monitor;;;;;2026-05-01 19:00-20:00: 0 kayit alindi.;"{""requestHeaders"":{},""responseHeaders"":{},""detail"":{""endpoint"":""/api/rgdh-wind-busbar-data"",""busbarId"":""9490732369"",""internalBusbarId"":""9490732369"",""displayBusbarId"":""6002"",""localDate"":""2026-05-01"",""hour"":""19"",""hourStart"":""2026-05-01T16:00:00Z"",""hourEnd"":""2026-05-01T17:00:00Z"",""rowCount"":""0""}}";;;6002;9490732369;2026-05-01T16:00:00Z;2026-05-01T17:00:00Z;;;;;0;
01.05.2026 15:52:36;success;Page Fetch;rgdh-monitor;;;;;0 toplam kayit alindi.;"{""requestHeaders"":{},""responseHeaders"":{},""detail"":{""endpoint"":""/api/rgdh-wind-busbar-data"",""rowCount"":""0"",""transport"":""page-context""}}";;;;;;;;;;;0;
01.05.2026 15:52:36;success;Page Fetch;rgdh-monitor;;;;;Sayfa 0: 0 kayit alindi.;"{""requestHeaders"":{},""responseHeaders"":{},""detail"":{""endpoint"":""/api/rgdh-wind-busbar-data"",""rowCount"":""0"",""transport"":""page-context""}}";;;;;;;;;;;0;
01.05.2026 15:52:36;info;Page Fetch;rgdh-monitor;;;;;YKS sayfa context tokenli fetch basladi (chunked).;"{""requestHeaders"":{},""responseHeaders"":{},""detail"":{""endpoint"":""/api/rgdh-wind-busbar-data"",""params"":{""measurementDate.greaterOrEqualThan"":""2026-05-01T16:00:00Z"",""measurementDate.lessThan"":""2026-05-01T17:00:00Z"",""size"":""60"",""page"":""0"",""sort"":""measurementDate,asc"",""busbarId.equals"":""9490732369""},""transport"":""page-context""}}";;;;;;;;;;;;
01.05.2026 15:52:36;info;WIND;rgdh-monitor;;;;;RES/GES saatlik endpoint sorgulanacak: 9490732369 (2026-05-01 19:00-20:00);"{""requestHeaders"":{},""responseHeaders"":{},""detail"":{""endpoint"":""/api/rgdh-wind-busbar-data"",""params"":{""measurementDate.greaterOrEqualThan"":""2026-05-01T16:00:00Z"",""measurementDate.lessThan"":""2026-05-01T17:00:00Z"",""size"":""60"",""page"":""0"",""sort"":""measurementDate,asc"",""busbarId.equals"":""9490732369""},""busbarId"":""9490732369"",""internalBusbarId"":""9490732369"",""displayBusbarId"":""6002"",""localDate"":""2026-05-01"",""hour"":""19"",""hourStart"":""2026-05-01T16:00:00Z"",""hourEnd"":""2026-05-01T17:00:00Z"",""requestUrl"":""https://yks.teias.gov.tr/api/rgdh-wind-busbar-data?measurementDate.greaterOrEqualThan=2026-05-01T16%3A00%3A00Z&measurementDate.lessThan=2026-05-01T17%3A00%3A00Z&size=60&page=0&sort=measurementDate%2Casc&busbarId.equals=9490732369"",""pageTimeoutMs"":""20000"",""concurrency"":""2""}}";;;6002;9490732369;2026-05-01T16:00:00Z;2026-05-01T17:00:00Z;;;;https://yks.teias.gov.tr/api/rgdh-wind-busbar-data?measurementDate.greaterOrEqualThan=2026-05-01T16%3A00%3A00Z&measurementDate.lessThan=2026-05-01T17%3A00%3A00Z&size=60&page=0&sort=measurementDate%2Casc&busbarId.equals=9490732369;;
01.05.2026 15:52:36;success;WIND;rgdh-monitor;;;;;2026-05-01 18:00-19:00: 0 kayit alindi.;"{""requestHeaders"":{},""responseHeaders"":{},""detail"":{""endpoint"":""/api/rgdh-wind-busbar-data"",""busbarId"":""9490732369"",""internalBusbarId"":""9490732369"",""displayBusbarId"":""6002"",""localDate"":""2026-05-01"",""hour"":""18"",""hourStart"":""2026-05-01T15:00:00Z"",""hourEnd"":""2026-05-01T16:00:00Z"",""rowCount"":""0""}}";;;6002;9490732369;2026-05-01T15:00:00Z;2026-05-01T16:00:00Z;;;;;0;
01.05.2026 15:52:36;success;Page Fetch;rgdh-monitor;;;;;0 toplam kayit alindi.;"{""requestHeaders"":{},""responseHeaders"":{},""detail"":{""endpoint"":""/api/rgdh-wind-busbar-data"",""rowCount"":""0"",""transport"":""page-context""}}";;;;;;;;;;;0;
01.05.2026 15:52:36;success;Page Fetch;rgdh-monitor;;;;;Sayfa 0: 0 kayit alindi.;"{""requestHeaders"":{},""responseHeaders"":{},""detail"":{""endpoint"":""/api/rgdh-wind-busbar-data"",""rowCount"":""0"",""transport"":""page-context""}}";;;;;;;;;;;0;
01.05.2026 15:52:36;info;Page Fetch;rgdh-monitor;;;;;YKS sayfa context tokenli fetch basladi (chunked).;"{""requestHeaders"":{},""responseHeaders"":{},""detail"":{""endpoint"":""/api/rgdh-wind-busbar-data"",""params"":{""measurementDate.greaterOrEqualThan"":""2026-05-01T15:00:00Z"",""measurementDate.lessThan"":""2026-05-01T16:00:00Z"",""size"":""60"",""page"":""0"",""sort"":""measurementDate,asc"",""busbarId.equals"":""9490732369""},""transport"":""page-context""}}";;;;;;;;;;;;
01.05.2026 15:52:36;info;WIND;rgdh-monitor;;;;;RES/GES saatlik endpoint sorgulanacak: 9490732369 (2026-05-01 18:00-19:00);"{""requestHeaders"":{},""responseHeaders"":{},""detail"":{""endpoint"":""/api/rgdh-wind-busbar-data"",""params"":{""measurementDate.greaterOrEqualThan"":""2026-05-01T15:00:00Z"",""measurementDate.lessThan"":""2026-05-01T16:00:00Z"",""size"":""60"",""page"":""0"",""sort"":""measurementDate,asc"",""busbarId.equals"":""9490732369""},""busbarId"":""9490732369"",""internalBusbarId"":""9490732369"",""displayBusbarId"":""6002"",""localDate"":""2026-05-01"",""hour"":""18"",""hourStart"":""2026-05-01T15:00:00Z"",""hourEnd"":""2026-05-01T16:00:00Z"",""requestUrl"":""https://yks.teias.gov.tr/api/rgdh-wind-busbar-data?measurementDate.greaterOrEqualThan=2026-05-01T15%3A00%3A00Z&measurementDate.lessThan=2026-05-01T16%3A00%3A00Z&size=60&page=0&sort=measurementDate%2Casc&busbarId.equals=9490732369"",""pageTimeoutMs"":""20000"",""concurrency"":""2""}}";;;6002;9490732369;2026-05-01T15:00:00Z;2026-05-01T16:00:00Z;;;;https://yks.teias.gov.tr/api/rgdh-wind-busbar-data?measurementDate.greaterOrEqualThan=2026-05-01T15%3A00%3A00Z&measurementDate.lessThan=2026-05-01T16%3A00%3A00Z&size=60&page=0&sort=measurementDate%2Casc&busbarId.equals=9490732369;;
01.05.2026 15:52:36;success;WIND;rgdh-monitor;;;;;2026-05-01 17:00-18:00: 0 kayit alindi.;"{""requestHeaders"":{},""responseHeaders"":{},""detail"":{""endpoint"":""/api/rgdh-wind-busbar-data"",""busbarId"":""9490732369"",""internalBusbarId"":""9490732369"",""displayBusbarId"":""6002"",""localDate"":""2026-05-01"",""hour"":""17"",""hourStart"":""2026-05-01T14:00:00Z"",""hourEnd"":""2026-05-01T15:00:00Z"",""rowCount"":""0""}}";;;6002;9490732369;2026-05-01T14:00:00Z;2026-05-01T15:00:00Z;;;;;0;
01.05.2026 15:52:36;success;Page Fetch;rgdh-monitor;;;;;0 toplam kayit alindi.;"{""requestHeaders"":{},""responseHeaders"":{},""detail"":{""endpoint"":""/api/rgdh-wind-busbar-data"",""rowCount"":""0"",""transport"":""page-context""}}";;;;;;;;;;;0;