"Tur";"ID";"Ad";"TM";"kV";"SCADA ID";"Durum";"Neden";"Kaynak Zaman";"Birincil";"Ikincil";"Yuklenme (%)";"Direction Metric";"Direction Value";"Direction Source";"Formula Sign";"Orientation Match";"Alias Match Basis";"Resolution Method";"Candidate Slot";"Source Side";"Target Side";"Selected Candidate";"Backup Used";"Formula Sign Applied";"Orientation Rule";"Candidate Conflict"
"hat";"2179";"400kV ADA1 DGKÇ - TEMELLİ EİH";"ADA1 DGKÇS";"400";"695bcfcb-90ac-4f91-a95d-aff4f7be5adb,a58ac8fc-5b4e-45af-8aac-1840ce2efa0a";"matched-live";"Kaynak satir toleransli coklu olcum birlestirmesiyle secildi.";"20.04.2026 22:53:00";"-902,56";"-20,89";"34,33";"active";"-902,56";"formula-alias-single-target";"1";"forward";"target:tm-name/exact";"tolerance-mean";"primary";"start";"end";"695bcfcb-90ac-4f91-a95d-aff4f7be5adb";"";"1";"single-target";""
"hat";"2182";"400kV ADAPAZARI - ÇAYIRHAN TES EİH";"ADAPAZARI";"400";"91bc582e-c488-4cb4-b209-dd95a6c011be,ff50afeb-aed7-4688-b07f-1d0414087907";"matched-live";"Kaynak satir toleransli coklu olcum birlestirmesiyle secildi.";"20.04.2026 22:53:00";"-948,82";"160,21";"66,82";"active";"-948,82";"formula-alias";"1";"forward";"source:tm-name/token-prefix; target:tm-name:trim/exact";"tolerance-mean";"primary";"start";"end";"91bc582e-c488-4cb4-b209-dd95a6c011be";"";"1";"dual-alias";""
"hat";"2213";"154kV ÇAYIRHAN TES - BEYPAZARI EİH";"ÇAYIRHAN TES";"154";"4ed9bbb3-fe69-42f0-b235-e40bdda415c0";"matched-live";"Kaynak satir toleransli coklu olcum birlestirmesiyle secildi.";"20.04.2026 22:53:00";"-14,21";"-0,31";"7,90";"active";"-14,21";"formula-alias";"1";"forward";"source:tm-name:trim/token-prefix; target:tm-name/token-prefix";"latest-oriented";"primary";"start";"end";"4ed9bbb3-fe69-42f0-b235-e40bdda415c0";"";"1";"dual-alias";""
"hat";"2224";"400kV SİNCAN - BAĞLUM EİH";"SİNCAN";"400";"01996321-dd3b-4855-93d8-e8ac5765dd1c,1353d19a-b0b5-45a1-8741-7d03cc8bc984";"matched-live";"Kaynak satir toleransli coklu olcum birlestirmesiyle secildi.";"20.04.2026 22:53:00";"-403,29";"44,85";"18,61";"active";"-403,29";"formula-alias";"1";"reverse";"source:tm-name/exact; target:tm-name/exact";"tolerance-mean";"secondary";"end";"start";"01996321-dd3b-4855-93d8-e8ac5765dd1c";"yes";"1";"dual-alias";""
"hat";"2226";"154kV SİNCAN - BALGAT EİH";"SİNCAN";"154";"203725e2-8d63-4eaa-92cd-219c48583b6c,902e267d-5137-4b33-bb3f-387f2cb17971";"matched-live";"Kaynak satir toleransli coklu olcum birlestirmesiyle secildi.";"20.04.2026 22:53:00";"41,66";"2,70";"16,70";"active";"41,66";"formula-alias";"1";"reverse";"source:tm-name/exact; target:tm-name/exact";"tolerance-mean";"secondary";"end";"start";"203725e2-8d63-4eaa-92cd-219c48583b6c";"yes";"1";"dual-alias";""
"hat";"2227";"154kV SİNCAN - ÜMİTKÖY EİH";"SİNCAN";"154";"a21a2051-69ca-4246-a4e6-083d9761024b,8aa60543-031e-4279-b7a6-dd2110d2620e";"matched-live";"Kaynak satir toleransli coklu olcum birlestirmesiyle secildi.";"20.04.2026 22:53:00";"64,97";"19,03";"27,08";"active";"64,97";"formula-alias";"1";"forward";"source:tm-name/exact; target:tm-name/exact";"tolerance-mean";"primary";"start";"end";"a21a2051-69ca-4246-a4e6-083d9761024b";"";"1";"dual-alias";""
"hat";"2239";"154kV TEMELLİ - BAYMİNA DGKÇ - III EİH";"TEMELLİ";"154";"874796a7-2e8f-456b-8613-70141a30abba";"matched-live";"Kaynak satir toleransli coklu olcum birlestirmesiyle secildi.";"20.04.2026 23:05:00";"-1,56";"-0,47";"0,48";"active";"-1,56";"formula-alias-single-source";"1";"forward";"source:tm-name/exact";"latest-oriented";"primary";"start";"end";"874796a7-2e8f-456b-8613-70141a30abba";"";"1";"single-source";""
"hat";"2240";"154kV TEMELLİ - BAYMİNA DGKÇ - I EİH";"TEMELLİ";"154";"b6a23955-c263-4245-80e4-5f4b1637439c";"matched-live";"Kaynak satir toleransli coklu olcum birlestirmesiyle secildi.";"20.04.2026 22:53:00";"1,57";"0,47";"0,48";"active";"1,57";"formula-alias-single-source";"-1";"forward";"source:tm-name/exact";"latest-oriented";"secondary";"end";"start";"b6a23955-c263-4245-80e4-5f4b1637439c";"";"-1";"single-source";""
"hat";"2242";"154kV TEMELLİ - ÜMİTKÖY - II EİH";"TEMELLİ";"154";"da25ae1b-f343-4182-9178-0a63a004d08d,5a643cab-236e-4e34-8bf4-aae7948d1166";"matched-live";"Kaynak satir toleransli coklu olcum birlestirmesiyle secildi.";"20.04.2026 22:53:00";"53,07";"-42,23";"12,11";"active";"53,07";"formula-alias";"1";"forward";"source:tm-name/exact; target:tm-name/exact";"tolerance-mean";"primary";"start";"end";"da25ae1b-f343-4182-9178-0a63a004d08d";"";"1";"dual-alias";""
"hat";"2243";"154kV TEMELLİ - BAYMİNA DGKÇ - II EİH";"TEMELLİ";"154";"874796a7-2e8f-456b-8613-70141a30abba";"matched-live";"Kaynak satir toleransli coklu olcum birlestirmesiyle secildi.";"20.04.2026 23:05:00";"1,56";"-0,79";"0,51";"active";"1,56";"formula-alias-single-source";"-1";"forward";"source:tm-name/exact";"latest-oriented";"secondary";"end";"start";"874796a7-2e8f-456b-8613-70141a30abba";"";"-1";"single-source";""
"hat";"2245";"154kV BAĞLUM - HASKÖY - I EİH";"BAĞLUM";"154";"af155940-1196-42d7-bf54-13874fc22d8d,071d0d66-3fb1-468f-8390-7573636745a5";"matched-live";"Kaynak satir toleransli coklu olcum birlestirmesiyle secildi.";"20.04.2026 22:53:00";"81,72";"-9,70";"32,92";"active";"81,72";"formula-alias";"1";"forward";"source:tm-name/exact; target:tm-name/exact";"tolerance-mean";"primary";"start";"end";"af155940-1196-42d7-bf54-13874fc22d8d";"";"1";"dual-alias";""
"hat";"2247";"154kV BAĞLUM - ESENBOĞA - I EİH";"BAĞLUM";"154";"e5e33773-19d7-434e-94b5-bb0bf72fd2a9,bad5a267-7788-4854-b828-603bc8607cf8";"matched-live";"Kaynak satir toleransli coklu olcum birlestirmesiyle secildi.";"20.04.2026 22:53:00";"30,03";"-2,74";"8,87";"active";"30,03";"formula-alias";"1";"forward";"source:tm-name/exact; target:tm-name/exact";"tolerance-mean";"primary";"start";"end";"e5e33773-19d7-434e-94b5-bb0bf72fd2a9";"";"1";"dual-alias";""
"hat";"2248";"154kV BAĞLUM - ESENBOĞA - II EİH";"BAĞLUM";"154";"a56df038-e55f-4a09-a8a3-90d706aac53d,b7709e26-2dae-49b4-8856-279795e60d35";"matched-live";"Kaynak satir toleransli coklu olcum birlestirmesiyle secildi.";"20.04.2026 22:53:00";"28,13";"-11,17";"8,90";"active";"28,13";"formula-alias";"1";"forward";"source:tm-name/exact; target:tm-name/exact";"tolerance-mean";"primary";"start";"end";"a56df038-e55f-4a09-a8a3-90d706aac53d";"";"1";"dual-alias";""
"hat";"2249";"154kV BAĞLUM - HASKÖY - II EİH";"BAĞLUM";"154";"cd8b5f03-a22b-4602-95db-927de02f5a86,3da760d5-2bad-4040-97bc-6258194f62ee";"matched-live";"Kaynak satir toleransli coklu olcum birlestirmesiyle secildi.";"20.04.2026 22:53:00";"23,89";"6,81";"9,93";"active";"23,89";"formula-alias";"1";"forward";"source:tm-name/exact; target:tm-name/exact";"tolerance-mean";"primary";"start";"end";"cd8b5f03-a22b-4602-95db-927de02f5a86";"";"1";"dual-alias";""
"hat";"2255";"154kV ANKARA SANAYİ - MACUNKÖY EİH";"ANKARA SANAYİ";"154";"16f26523-4952-4b93-8142-9d7b7bb16417,a29cab1d-5038-494f-afb9-a0da8b2a11b5";"matched-live";"Kaynak satir toleransli coklu olcum birlestirmesiyle secildi.";"20.04.2026 22:53:00";"6,15";"10,50";"3,58";"active";"6,15";"formula-alias";"1";"forward";"source:tm-name/token-prefix; target:tm-name/exact";"tolerance-mean";"primary";"start";"end";"16f26523-4952-4b93-8142-9d7b7bb16417";"";"1";"dual-alias";""
"hat";"2256";"154kV ANKARA SANAYİ - OSTİM OSB EİH";"ANKARA SANAYİ";"154";"5f229307-9134-4a58-8d9e-7cd8cbae13da,47bc10da-0571-4128-a374-a85e7819ec86";"matched-live";"Kaynak satir toleransli coklu olcum birlestirmesiyle secildi.";"20.04.2026 22:53:00";"16,05";"13,27";"6,13";"active";"16,05";"formula-alias";"1";"forward";"source:tm-name/token-prefix; target:tm-name:trim/exact";"tolerance-mean";"primary";"start";"end";"5f229307-9134-4a58-8d9e-7cd8cbae13da";"";"1";"dual-alias";""
"hat";"2257";"154kV BALGAT - MALTEPE EİH";"BALGAT";"154";"6278526d-951f-42ef-a5f6-3b5f7f3d196f,88862231-80ea-44d6-8680-5b29f44e40d0";"matched-live";"Kaynak satir toleransli coklu olcum birlestirmesiyle secildi.";"20.04.2026 22:53:00";"-64,03";"-1,27";"25,62";"active";"-64,03";"formula-alias";"1";"forward";"source:tm-name/exact; target:psse/token-prefix";"tolerance-mean";"primary";"start";"end";"6278526d-951f-42ef-a5f6-3b5f7f3d196f";"";"1";"dual-alias";""
"hat";"2259";"154kV BAŞTAŞ - KIRIKKALE EİH";"BAŞTAŞ";"154";"63e642c6-8118-4461-8d97-437788470c59,77b188e8-e917-437e-afe3-2d9c9ce0ab09";"matched-live";"Kaynak satir toleransli coklu olcum birlestirmesiyle secildi.";"20.04.2026 22:53:00";"1,69";"5,40";"2,26";"active";"1,69";"formula-alias";"1";"forward";"source:tm-name/exact; target:tm-name/token-prefix";"tolerance-mean";"primary";"start";"end";"63e642c6-8118-4461-8d97-437788470c59";"";"1";"dual-alias";""
"hat";"2261";"154kV BEYLİKKÖPRÜ - POLATLI EİH";"BEYLİKKÖPRÜ";"154";"0fe20931-9c9f-4471-88be-cc99f43113bc";"matched-live";"Kaynak satir toleransli coklu olcum birlestirmesiyle secildi.";"20.04.2026 22:53:00";"-41,20";"23,05";"26,23";"active";"-41,20";"formula-alias";"1";"reverse";"source:tm-name/exact; target:tm-name:abbr5/novowel-exact";"latest-oriented";"secondary";"end";"start";"0fe20931-9c9f-4471-88be-cc99f43113bc";"";"1";"dual-alias";""
"hat";"2262";"154kV BEYPAZARI - ETİ SODA EİH";"BEYPAZARI";"154";"e161309a-e3a4-4d76-bb71-394082c792cb";"matched-live";"Kaynak satir toleransli coklu olcum birlestirmesiyle secildi.";"20.04.2026 22:53:00";"46,20";"-0,39";"18,48";"active";"46,20";"formula-alias";"1";"reverse";"source:tm-name:prefix6/exact; target:tm-name/token-prefix";"latest-oriented";"secondary";"end";"start";"e161309a-e3a4-4d76-bb71-394082c792cb";"";"1";"dual-alias";""
"hat";"2265";"154kV HACILAR - KAPULUKAYA HES EİH";"HACILAR";"154";"f8a64114-bd8a-4927-8b71-d02af4b786fe";"matched-live";"Kaynak satir toleransli coklu olcum birlestirmesiyle secildi.";"20.04.2026 22:53:00";"-2,45";"-4,11";"2,66";"active";"-2,45";"formula-alias";"1";"reverse";"source:tm-name:trim/token-prefix; target:tm-name/exact";"latest-oriented";"secondary";"end";"start";"f8a64114-bd8a-4927-8b71-d02af4b786fe";"";"1";"dual-alias";""
"hat";"2268";"154kV KALECİK - KIRIKKALE EİH";"KALECİK";"154";"41f1dbb7-9114-49d7-9573-d1c6d9dfdb3f,5c629b1a-c36d-450d-b2be-df4420cce1f6";"matched-live";"Kaynak satir toleransli coklu olcum birlestirmesiyle secildi.";"20.04.2026 22:53:00";"9,75";"10,86";"8,11";"active";"9,75";"formula-alias";"1";"forward";"source:tm-name/exact; target:tm-name/token-prefix";"tolerance-mean";"primary";"start";"end";"41f1dbb7-9114-49d7-9573-d1c6d9dfdb3f";"";"1";"dual-alias";""
"hat";"2270";"154kV KIRIKKALE - ÇİMPOR EİH";"KIRIKKALE";"154";"22b85ff6-9006-411b-898d-ff3683fd0eee";"matched-live";"Kaynak satir toleransli coklu olcum birlestirmesiyle secildi.";"20.04.2026 22:53:00";"2,09";"16,95";"6,83";"active";"2,09";"formula-alias";"1";"forward";"source:tm-name/token-prefix; target:tm-name/exact";"latest-oriented";"primary";"start";"end";"22b85ff6-9006-411b-898d-ff3683fd0eee";"";"1";"dual-alias";""
"hat";"2274";"154kV MAMAK - HASKÖY EİH";"MAMAK";"154";"3e5a9171-94d5-4bf2-8793-230ed4f8ff27,5c6d486d-df37-4b97-acb6-9668ef7fdec2";"matched-live";"Kaynak satir toleransli coklu olcum birlestirmesiyle secildi.";"20.04.2026 22:53:00";"23,13";"-15,92";"11,23";"active";"23,13";"formula-alias";"1";"reverse";"source:tm-name/exact; target:tm-name/exact";"tolerance-mean";"secondary";"end";"start";"3e5a9171-94d5-4bf2-8793-230ed4f8ff27";"yes";"1";"dual-alias";""
"hat";"2277";"154kV KIRIKKALE -> KIZILIRMAK - KESİKKÖPRÜ HES EİH";"KIRIKKALE";"154";"95720a48-dde5-432c-8173-b8542accb10a";"matched-live";"Kaynak satir tekil olarak eslesti.";"20.04.2026 22:53:00";"-18,47";"2,36";"7,45";"active";"-18,47";"formula-alias-single-source";"1";"forward";"source:tm-name/token-prefix";"single-candidate";"primary";"start";"end";"95720a48-dde5-432c-8173-b8542accb10a";"";"1";"single-source";""
"hat";"2283";"154kV KAYSERİ KAPASİTÖR - KAYSERİ2 - I EİH";"KAYSERİ KAPASİTÖR";"154";"037b899d-594c-4207-80ec-723b5eb4b532,2e362cff-5fa5-437a-ab88-b6b87dc3e1a1";"matched-live";"Kaynak satir toleransli coklu olcum birlestirmesiyle secildi.";"20.04.2026 22:53:00";"73,82";"-9,44";"29,77";"active";"73,82";"formula-alias";"1";"reverse";"source:tm-name/exact; target:tm-name/token-substring";"tolerance-mean";"secondary";"end";"start";"037b899d-594c-4207-80ec-723b5eb4b532";"yes";"1";"dual-alias";""
"hat";"2284";"154kV KAYSERİ KAPASİTÖR - KAYSERİ2 - II EİH";"KAYSERİ KAPASİTÖR";"154";"215afd26-360e-456a-b15f-1dbdde991b1c,c1ca444c-6610-4b7c-9a82-d8977580c408";"matched-live";"Kaynak satir toleransli coklu olcum birlestirmesiyle secildi.";"20.04.2026 22:53:00";"73,24";"-9,12";"29,52";"active";"73,24";"formula-alias";"1";"reverse";"source:tm-name/exact; target:tm-name/token-substring";"tolerance-mean";"secondary";"end";"start";"215afd26-360e-456a-b15f-1dbdde991b1c";"yes";"1";"dual-alias";""
"hat";"2285";"154kV KAYSERİ KAPASİTÖR - KAYSERİ2 - III EİH";"KAYSERİ KAPASİTÖR";"154";"8ad1f19b-1a79-422e-87ee-1dbcf0f56d64,8ad1f19b-1a79-422e-87ee-1dbcf0f56d64";"matched-live";"Kaynak satir toleransli coklu olcum birlestirmesiyle secildi.";"20.04.2026 22:53:00";"73,94";"-4,86";"21,79";"active";"73,94";"candidate-side";"-1";"reverse";"sourceSide:end; targetSide:start; slot:secondary";"same-value";"secondary";"end";"start";"8ad1f19b-1a79-422e-87ee-1dbcf0f56d64";"yes";"-1";"source-side";""
"hat";"2287";"154kV KAYSERİ KAPASİTÖR - SIZIR EİH";"KAYSERİ KAPASİTÖR";"154";"c06515d7-6141-45cb-85cf-11da62b9fe80,dbd700a7-3ea7-4b44-a0ea-19cd94bea97f";"matched-live";"Kaynak satir toleransli coklu olcum birlestirmesiyle secildi.";"20.04.2026 22:53:00";"-85,56";"6,86";"47,69";"active";"-85,56";"formula-alias";"1";"forward";"source:psse/token-prefix; target:tm-name/exact";"tolerance-mean";"primary";"start";"end";"c06515d7-6141-45cb-85cf-11da62b9fe80";"";"1";"dual-alias";""
"hat";"2290";"154kV KAYSERİ2 - KAYSERİ3 EİH";"KAYSERİ2";"154";"9318f8f6-bd0f-4a49-8117-eefd1f8a0ea4,1b1ce649-2a80-4ae3-ab45-b50a8216a40d";"matched-live";"Kaynak satir toleransli coklu olcum birlestirmesiyle secildi.";"20.04.2026 22:53:00";"53,56";"-4,90";"21,51";"active";"53,56";"formula-alias";"1";"forward";"source:tm-name/exact; target:tm-name/exact";"tolerance-mean";"primary";"start";"end";"9318f8f6-bd0f-4a49-8117-eefd1f8a0ea4";"";"1";"dual-alias";""
"hat";"2291";"154kV KAYSERİ2 - ÇİNKUR EİH";"KAYSERİ2";"154";"48dd4202-e8fc-48a6-89b5-bc654963c038,88a679a5-faa1-467b-babd-0e0dd3ecf949";"matched-live";"Kaynak satir toleransli coklu olcum birlestirmesiyle secildi.";"20.04.2026 22:53:00";"3,52";"0,31";"1,96";"active";"3,52";"formula-alias";"1";"reverse";"source:tm-name/exact; target:tm-name/exact";"tolerance-mean";"secondary";"end";"start";"48dd4202-e8fc-48a6-89b5-bc654963c038";"yes";"1";"dual-alias";""
"hat";"2295";"154kV KAYSERİ3 - ÇİNKUR EİH";"KAYSERİ3";"154";"4cf3d059-c3d0-4503-980c-b5888cc82cd6,0108b0d5-c97a-4163-b8da-c57716f06a83";"matched-live";"Kaynak satir toleransli coklu olcum birlestirmesiyle secildi.";"20.04.2026 22:53:00";"-102,32";"11,98";"41,21";"active";"-102,32";"formula-alias";"1";"reverse";"source:tm-name/exact; target:tm-name/exact";"tolerance-mean";"secondary";"end";"start";"4cf3d059-c3d0-4503-980c-b5888cc82cd6";"yes";"1";"dual-alias";""
"hat";"2297";"154kV KARATAY - ÇUMRA EİH";"KARATAY";"154";"ba3a1273-51fd-4fc7-bb41-c7f65a84ea5f";"matched-live";"Kaynak satir toleransli coklu olcum birlestirmesiyle secildi.";"20.04.2026 22:53:00";"-180,70";"36,90";"65,87";"active";"-180,70";"formula-alias";"1";"reverse";"source:tm-name/exact; target:tm-name/exact";"latest-oriented";"secondary";"end";"start";"ba3a1273-51fd-4fc7-bb41-c7f65a84ea5f";"";"1";"dual-alias";""
"hat";"2300";"154kV KARATAY - KAYACIK - I EİH";"KARATAY";"154";"ff12f1bb-7a6f-4937-be09-8f6732494c9c";"matched-live";"Kaynak satir toleransli coklu olcum birlestirmesiyle secildi.";"20.04.2026 22:53:00";"63,14";"-4,05";"22,59";"active";"63,14";"formula-alias";"1";"forward";"source:tm-name/exact; target:tm-name/exact";"latest-oriented";"primary";"start";"end";"ff12f1bb-7a6f-4937-be09-8f6732494c9c";"";"1";"dual-alias";""
"hat";"2301";"154kV KARATAY - KAYACIK - II EİH";"KARATAY";"154";"b3f6f8c2-6750-44d8-b288-8a14f1288108";"matched-stale";"Kaynak satir toleransli coklu olcum birlestirmesiyle secildi ancak veri stale durumda.";"20.04.2026 22:51:00";"65,92";"-4,57";"23,60";"active";"65,92";"formula-alias";"1";"forward";"source:tm-name/exact; target:tm-name/exact";"latest-oriented";"primary";"start";"end";"b3f6f8c2-6750-44d8-b288-8a14f1288108";"";"1";"dual-alias";""
"hat";"2302";"154kV KARATAY - KIZÖREN EİH";"KARATAY";"154";"36c19f1c-c4dd-4f65-a346-2fe37390437e,83e234d3-bb38-4da5-9954-e2e77abd1ceb";"matched-live";"Kaynak satir toleransli coklu olcum birlestirmesiyle secildi.";"20.04.2026 22:53:00";"4,13";"2,71";"1,76";"active";"4,13";"formula-alias";"1";"forward";"source:tm-name/exact; target:tm-name/exact";"tolerance-mean";"primary";"start";"end";"36c19f1c-c4dd-4f65-a346-2fe37390437e";"";"1";"dual-alias";""
"hat";"2306";"154kV EREĞLİ - KARAPINAR EİH";"EREĞLİ KONYA";"154";"b8e26615-e99c-4755-8c61-a5f88ac8b0a1,35e45bbd-8da0-4d76-91c9-ac92987c1049";"matched-live";"Kaynak satir toleransli coklu olcum birlestirmesiyle secildi.";"20.04.2026 22:53:00";"39,56";"-2,26";"15,85";"active";"39,56";"candidate-side";"1";"forward";"sourceSide:start; targetSide:end; slot:primary";"tolerance-mean";"primary";"start";"end";"b8e26615-e99c-4755-8c61-a5f88ac8b0a1";"";"1";"source-side";""
"hat";"2308";"154kV ALİBEY HÖYÜĞÜ - ÇUMRA EİH";"ALİBEY HÖYÜĞÜ";"154";"fd212a25-759b-4219-83ed-2a2b322ee9d9";"matched-live";"Kaynak satir toleransli coklu olcum birlestirmesiyle secildi.";"20.04.2026 22:53:00";"-45,11";"10,06";"25,68";"active";"-45,11";"formula-alias";"1";"reverse";"source:tm-name/exact; target:tm-name/exact";"latest-oriented";"secondary";"end";"start";"fd212a25-759b-4219-83ed-2a2b322ee9d9";"";"1";"dual-alias";""
"hat";"2310";"154kV ÇUMRA - GÜNEYSINIR EİH";"ÇUMRA";"154";"3771a174-2d4e-4a07-9668-12d6bc262ebe,d51a6a2e-e5bb-41f1-8ad9-45c86fd9dae6";"matched-live";"Kaynak satir toleransli coklu olcum birlestirmesiyle secildi.";"20.04.2026 22:53:00";"-94,60";"6,54";"27,89";"active";"-94,60";"formula-alias";"1";"forward";"source:tm-name/exact; target:tm-name/token-prefix";"tolerance-mean";"primary";"start";"end";"3771a174-2d4e-4a07-9668-12d6bc262ebe";"";"1";"dual-alias";""
"hat";"2317";"400kV YEŞİLHİSAR - TEMELLİ - GÜNEY EİH";"YEŞİLHİSAR";"400";"8eb54664-7d2d-4ede-a7e4-515e8ed3b231";"matched-live";"Kaynak satir tekil olarak eslesti.";"20.04.2026 22:53:00";"904,55";"-87,49";"34,55";"active";"904,55";"formula-alias";"1";"forward";"source:tm-name/token-prefix; target:tm-name/token-prefix";"single-candidate";"primary";"start";"end";"8eb54664-7d2d-4ede-a7e4-515e8ed3b231";"";"1";"dual-alias";""
"hat";"2318";"400kV YEŞİLHİSAR - TEMELLİ - KUZEY EİH";"YEŞİLHİSAR";"400";"f74f5067-e2eb-4de6-85df-61723d02980f";"matched-live";"Kaynak satir tekil olarak eslesti.";"20.04.2026 22:53:00";"915,26";"-99,66";"35,01";"active";"915,26";"formula-alias";"1";"forward";"source:tm-name/token-prefix; target:tm-name/token-prefix";"single-candidate";"primary";"start";"end";"f74f5067-e2eb-4de6-85df-61723d02980f";"";"1";"dual-alias";""
"hat";"2321";"154kV YEŞİLHİSAR - ÇAMLICA1 HES EİH";"YEŞİLHİSAR";"154";"b8821e4a-6ab3-4616-a906-f31b64a960fe,d92cd58d-fc73-4c20-8382-72c5ab718cce";"matched-live";"Kaynak satir toleransli coklu olcum birlestirmesiyle secildi.";"20.04.2026 22:53:00";"-82,83";"2,99";"24,38";"active";"-82,83";"formula-alias";"1";"reverse";"source:tm-name:trim/token-prefix; target:tm-name/exact";"tolerance-mean";"secondary";"end";"start";"b8821e4a-6ab3-4616-a906-f31b64a960fe";"yes";"1";"dual-alias";""
"hat";"2322";"154kV YEŞİLHİSAR - DERİNKUYU EİH";"YEŞİLHİSAR";"154";"e04c4190-72ee-43ac-88a5-e27d2d866a9a,fa01bb1a-2f9b-4d35-8ca8-136319988959";"matched-live";"Kaynak satir toleransli coklu olcum birlestirmesiyle secildi.";"20.04.2026 22:53:00";"49,47";"-14,96";"15,20";"active";"49,47";"formula-alias";"1";"reverse";"source:tm-name/token-prefix; target:tm-name/token-prefix";"tolerance-mean";"secondary";"end";"start";"e04c4190-72ee-43ac-88a5-e27d2d866a9a";"yes";"1";"dual-alias";""
"hat";"2323";"154kV YEŞİLHİSAR - NİĞDE EİH";"YEŞİLHİSAR";"154";"c7361b8b-f46b-489b-94fa-178974ca3f02,4c9c2e4a-fca1-43a2-a715-cb0052d3a1b3";"matched-live";"Kaynak satir toleransli coklu olcum birlestirmesiyle secildi.";"20.04.2026 22:53:00";"53,48";"-12,87";"16,18";"active";"53,48";"formula-alias";"1";"reverse";"source:tm-name/exact; target:tm-name/token-prefix";"tolerance-mean";"secondary";"end";"start";"c7361b8b-f46b-489b-94fa-178974ca3f02";"yes";"1";"dual-alias";""
"hat";"2324";"154kV YEŞİLHİSAR - SENDİREMEKE EİH";"YEŞİLHİSAR";"154";"f5689c95-e80d-4bfe-99c7-0b8d19441676,c4afe802-a494-475a-9c86-42f1e10c1fb4";"matched-live";"Kaynak satir toleransli coklu olcum birlestirmesiyle secildi.";"20.04.2026 22:53:00";"-19,34";"-5,17";"8,01";"active";"-19,34";"formula-alias";"1";"reverse";"source:ucte/alias-prefix; target:tm-name/token-prefix";"tolerance-mean";"secondary";"end";"start";"f5689c95-e80d-4bfe-99c7-0b8d19441676";"yes";"1";"dual-alias";""
"hat";"2325";"154kV AKDAĞ MADENİ - SIZIR EİH";"AKDAĞ MADENİ";"154";"97f196aa-d504-4055-89d4-d536606bdbe7";"matched-live";"Kaynak satir toleransli coklu olcum birlestirmesiyle secildi.";"20.04.2026 22:53:00";"14,13";"-1,24";"7,88";"active";"14,13";"formula-alias";"1";"reverse";"source:tm-name/exact; target:tm-name:prefix6/alias-prefix";"latest-oriented";"secondary";"end";"start";"97f196aa-d504-4055-89d4-d536606bdbe7";"";"1";"dual-alias";""
"hat";"2326";"154kV BOĞAZLIYAN - KALABA EİH";"BOĞAZLIYAN";"154";"ed3dc295-17b9-4e10-9bcb-2f0564e56ffd";"matched-live";"Kaynak satir toleransli coklu olcum birlestirmesiyle secildi.";"20.04.2026 22:53:00";"-2,52";"2,04";"1,80";"active";"-2,52";"formula-alias";"1";"forward";"source:ucte/alias-prefix; target:tm-name/exact";"latest-oriented";"primary";"start";"end";"ed3dc295-17b9-4e10-9bcb-2f0564e56ffd";"";"1";"dual-alias";""
"hat";"2334";"154kV BOR - NİĞDE OSB EİH";"BOR";"154";"b8619d29-14e4-41f9-8ead-7ba0a545b215,49477405-e7f0-421e-a3f9-aa8f730ed65a";"matched-live";"Kaynak satir toleransli coklu olcum birlestirmesiyle secildi.";"20.04.2026 22:53:00";"35,69";"7,48";"10,72";"active";"35,69";"formula-alias";"1";"forward";"source:tm-name/exact; target:tm-name/exact";"tolerance-mean";"primary";"start";"end";"b8619d29-14e4-41f9-8ead-7ba0a545b215";"";"1";"dual-alias";""
"hat";"2336";"154kV CİHANBEYLİ - KULU EİH";"CİHANBEYLİ";"154";"3a95527b-285b-495c-abd0-dc996d398519,d9bd8154-7dfa-4f1c-87d3-92f9ad22ce8d";"matched-live";"Kaynak satir toleransli coklu olcum birlestirmesiyle secildi.";"20.04.2026 22:53:00";"8,39";"3,39";"2,66";"active";"8,39";"formula-alias";"1";"forward";"source:tm-name/token-prefix; target:tm-name/exact";"tolerance-mean";"primary";"start";"end";"3a95527b-285b-495c-abd0-dc996d398519";"";"1";"dual-alias";""
"hat";"2338";"154kV ÇİNKUR - YAMULA HES EİH";"ÇİNKUR";"154";"1ac733cc-c23b-472f-9dcc-7627fa5dff77";"matched-live";"Kaynak satir toleransli coklu olcum birlestirmesiyle secildi.";"20.04.2026 22:53:00";"-78,33";"37,30";"34,70";"active";"-78,33";"formula-alias";"1";"forward";"source:tm-name/exact; target:tm-name:trim/exact";"latest-oriented";"primary";"start";"end";"1ac733cc-c23b-472f-9dcc-7627fa5dff77";"";"1";"dual-alias";""
"hat";"2340";"154kV DERİNKUYU - MİSLİOVA EİH";"DERİNKUYU";"154";"e5d7fde2-6549-4305-b4ca-9eedac74ff8b,2f19c0ed-535a-4815-9166-e080f2e7b6aa";"matched-live";"Kaynak satir toleransli coklu olcum birlestirmesiyle secildi.";"20.04.2026 22:53:00";"4,54";"1,82";"1,44";"active";"4,54";"formula-alias";"1";"forward";"source:tm-name/token-prefix; target:tm-name/exact";"tolerance-mean";"primary";"start";"end";"e5d7fde2-6549-4305-b4ca-9eedac74ff8b";"";"1";"dual-alias";""
"hat";"2341";"154kV KIRŞEHİR - PETLAS EİH";"KIRŞEHİR";"154";"d275aa0f-4c7b-44de-a411-4acd269777a3";"matched-live";"Kaynak satir toleransli coklu olcum birlestirmesiyle secildi.";"20.04.2026 22:53:00";"-52,81";"11,46";"30,02";"active";"-52,81";"formula-alias";"1";"reverse";"source:tm-name/exact; target:tm-name/exact";"latest-oriented";"secondary";"end";"start";"d275aa0f-4c7b-44de-a411-4acd269777a3";"";"1";"dual-alias";""
"hat";"2343";"154kV MİSLİOVA - NİĞDE EİH";"MİSLİOVA";"154";"f9425fd2-e486-46bc-b7c1-22c827524d03,2d3ebbe3-5707-4b5a-9258-40e2108398da";"matched-live";"Kaynak satir toleransli coklu olcum birlestirmesiyle secildi.";"20.04.2026 22:53:00";"9,22";"2,39";"2,80";"active";"9,22";"formula-alias";"1";"forward";"source:tm-name/exact; target:tm-name/exact";"tolerance-mean";"primary";"start";"end";"f9425fd2-e486-46bc-b7c1-22c827524d03";"";"1";"dual-alias";""
"hat";"2344";"154kV NİĞDE - NİĞDE OSB EİH";"NİĞDE";"154";"cc5db0d4-389c-4372-90c1-4eb49b844fff,2f228cc1-8bdd-424a-9025-4cdb95179bc5";"matched-live";"Kaynak satir toleransli coklu olcum birlestirmesiyle secildi.";"20.04.2026 22:53:00";"6,85";"-7,50";"2,99";"active";"6,85";"formula-alias";"1";"forward";"source:tm-name/exact; target:tm-name/exact";"tolerance-mean";"primary";"start";"end";"cc5db0d4-389c-4372-90c1-4eb49b844fff";"";"1";"dual-alias";""
"hat";"2346";"154kV ŞARKIŞLA - SIZIR EİH";"ŞARKIŞLA";"154";"2b0d7ddd-3706-4d89-a167-6753568da96e,103ecac0-8e13-4874-b642-509f2538bc4a";"matched-live";"Kaynak satir toleransli coklu olcum birlestirmesiyle secildi.";"20.04.2026 22:53:00";"49,71";"-4,20";"19,96";"active";"49,71";"formula-alias";"1";"reverse";"source:tm-name/exact; target:tm-name/exact";"tolerance-mean";"secondary";"end";"start";"2b0d7ddd-3706-4d89-a167-6753568da96e";"yes";"1";"dual-alias";""
"hat";"2351";"154kV YİBİTAŞ - YOZGAT EİH";"YİBİTAŞ";"154";"749ef585-a36c-4064-a58d-bdbbf2ed94d8,6864f3b3-6ebb-4ad9-a270-d41cdb3da430";"matched-live";"Kaynak satir toleransli coklu olcum birlestirmesiyle secildi.";"20.04.2026 22:53:00";"-38,57";"10,25";"22,17";"active";"-38,57";"formula-alias";"1";"forward";"source:tm-name/exact; target:tm-name/exact";"tolerance-mean";"primary";"start";"end";"749ef585-a36c-4064-a58d-bdbbf2ed94d8";"";"1";"dual-alias";""
"hat";"2360";"154kV DDY A.PINARBAŞI - KARATAY EİH";"DDY A.PINARBAŞI";"154";"2d2ce2a5-a1eb-4008-8daf-828c7aa8bd66";"matched-stale";"Kaynak satir toleransli coklu olcum birlestirmesiyle secildi ancak veri stale durumda.";"20.04.2026 22:50:00";"9,19";"-0,91";"2,72";"active";"9,19";"formula-alias";"1";"reverse";"source:tm-name/exact; target:psse/exact";"latest-oriented";"secondary";"end";"start";"2d2ce2a5-a1eb-4008-8daf-828c7aa8bd66";"";"1";"dual-alias";""
"hat";"2363";"154kV BOĞAZLIYAN - SORGUN EİH";"BOĞAZLIYAN";"154";"e120da4e-5d28-4b62-b806-a9deee090238,a103120e-1ba9-4c05-9e78-a32a21d8a1b6";"matched-live";"Kaynak satir toleransli coklu olcum birlestirmesiyle secildi.";"20.04.2026 22:53:00";"2,73";"1,42";"0,90";"active";"2,73";"formula-alias";"1";"forward";"source:ucte/alias-prefix; target:tm-name/exact";"tolerance-mean";"primary";"start";"end";"e120da4e-5d28-4b62-b806-a9deee090238";"";"1";"dual-alias";""
"hat";"2383";"154kV ÇAMLICA1 HES - AKSU RES EİH";"ÇAMLICA1 HES";"154";"7ecb6381-0a0c-4f87-8c83-eafa686386ed";"matched-live";"Kaynak satir toleransli coklu olcum birlestirmesiyle secildi.";"20.04.2026 22:53:00";"-44,59";"-8,76";"18,18";"active";"-44,59";"formula-alias";"1";"forward";"source:tm-name:trim/token-prefix; target:tm-name/exact";"latest-oriented";"primary";"start";"end";"7ecb6381-0a0c-4f87-8c83-eafa686386ed";"";"1";"dual-alias";""
"hat";"2384";"154kV ÇAMLICA1 HES - ÇAMLICA3 HES EİH";"ÇAMLICA1 HES";"154";"014c76b0-4515-4bab-b50f-1c198cd5a42d,22b212df-2ad8-4044-8478-d5258e21e151";"matched-live";"Kaynak satir toleransli coklu olcum birlestirmesiyle secildi.";"20.04.2026 22:53:00";"-16,94";"1,43";"5,00";"active";"-16,94";"candidate-side";"1";"forward";"sourceSide:start; targetSide:end; slot:primary";"tolerance-mean";"primary";"start";"end";"014c76b0-4515-4bab-b50f-1c198cd5a42d";"";"1";"source-side";""
"hat";"2385";"154kV KEPEZKAYA HAVZA - KEPEZKAYA HES EİH";"KEPEZKAYA HAVZA";"154";"9ad38e04-9655-4862-b838-6d8160cdaad1,32cc9deb-e940-4d8f-a7ca-3450f815ed4f";"ambiguous-warning";"Coklu aday tolerans disi; ana aday gosteriliyor ve kayit uyarili isaretlendi.";"20.04.2026 22:53:00";"24,14";"1,56";"13,44";"active";"24,14";"formula-alias";"1";"reverse";"source:tm-name:trim/token-prefix; target:ucte/alias-prefix";"primary-conflict";"primary";"start";"end";"9ad38e04-9655-4862-b838-6d8160cdaad1";"";"1";"dual-alias";"yes"
"hat";"2386";"154kV BEYLİKKÖPRÜ - DDY SAZAK EİH";"BEYLİKKÖPRÜ";"154";"7048b0c7-5ac5-460b-99e9-260773ba2930";"matched-stale";"Kaynak satir toleransli coklu olcum birlestirmesiyle secildi ancak veri stale durumda.";"20.04.2026 22:45:00";"1,32";"-2,24";"1,44";"active";"1,32";"formula-alias";"1";"forward";"source:tm-name:abbr5/exact; target:tm-name/exact";"latest-oriented";"primary";"start";"end";"7048b0c7-5ac5-460b-99e9-260773ba2930";"";"1";"dual-alias";""
"hat";"2387";"154kV BEYLİKKÖPRÜ - DDY BEYLİKKÖPRÜ EİH";"BEYLİKKÖPRÜ";"154";"189a6770-a56c-4330-ad0b-cf0c1be3ab83";"matched-stale";"Kaynak satir toleransli coklu olcum birlestirmesiyle secildi ancak veri stale durumda.";"20.04.2026 22:45:00";"1,31";"-0,78";"0,85";"active";"1,31";"formula-alias";"1";"forward";"source:tm-name:abbr5/exact; target:psse/exact";"latest-oriented";"primary";"start";"end";"189a6770-a56c-4330-ad0b-cf0c1be3ab83";"";"1";"dual-alias";""
"hat";"2391";"400kV ESKİŞEHİR3 - GÖKÇEKAYA HES EİH";"ESKİŞEHİR3";"400";"5a48e2d8-e1a5-4239-ba44-c724135d1e8f,fd027666-1f39-4780-bc1f-486aad687a27";"matched-live";"Kaynak satir toleransli coklu olcum birlestirmesiyle secildi.";"20.04.2026 22:53:00";"-222,07";"19,49";"15,37";"active";"-222,07";"formula-alias";"1";"forward";"source:tm-name:abbr6/exact; target:tm-name:trim/exact";"tolerance-mean";"primary";"start";"end";"5a48e2d8-e1a5-4239-ba44-c724135d1e8f";"";"1";"dual-alias";""
"hat";"2393";"400kV OSMANCA - SİNCAN EİH";"OSMANCA";"400";"9a7fefab-623d-433d-9856-51f656bde7e0";"matched-live";"Kaynak satir toleransli coklu olcum birlestirmesiyle secildi.";"20.04.2026 22:53:00";"-944,42";"131,83";"43,74";"active";"-944,42";"formula-alias";"1";"forward";"source:tm-name:prefix6/alias-prefix; target:tm-name/exact";"latest-oriented";"primary";"start";"end";"9a7fefab-623d-433d-9856-51f656bde7e0";"";"1";"dual-alias";""
"hat";"2408";"154kV AKDAĞ MADENİ - ARTOVA ÇİMENTO EİH";"AKDAĞ MADENİ";"154";"f9570166-51e2-4ca6-b100-b08e77fd0fb3";"matched-stale";"Kaynak satir toleransli coklu olcum birlestirmesiyle secildi ancak veri stale durumda.";"20.04.2026 22:51:00";"-16,65";"5,00";"9,66";"active";"-16,65";"formula-alias";"1";"forward";"source:tm-name:prefix6/alias-prefix; target:tm-name:prefix6/alias-prefix";"latest-oriented";"primary";"start";"end";"f9570166-51e2-4ca6-b100-b08e77fd0fb3";"";"1";"dual-alias";""
"hat";"2500";"154kV SİVRİHİSAR - EMİRDAĞ EİH";"SİVRİHİSAR";"154";"41d3975d-db32-433d-845e-3e574166060c,c8aef884-9d4b-46d1-8b93-e43676b4ffc6";"matched-live";"Kaynak satir toleransli coklu olcum birlestirmesiyle secildi.";"20.04.2026 22:53:00";"30,74";"-16,81";"19,46";"active";"30,74";"formula-alias";"1";"reverse";"source:tm-name/exact; target:tm-name/exact";"tolerance-mean";"secondary";"end";"start";"41d3975d-db32-433d-845e-3e574166060c";"yes";"1";"dual-alias";""
"hat";"2576";"400kV BAĞLUM - KAYABAŞI EİH";"BAĞLUM";"400";"1665f084-81de-418c-ad22-29708aac5433";"matched-live";"Kaynak satir toleransli coklu olcum birlestirmesiyle secildi.";"20.04.2026 22:52:00";"-664,17";"77,41";"30,67";"active";"-664,17";"formula-alias";"1";"forward";"source:tm-name/exact; target:tm-name/exact";"latest-oriented";"primary";"start";"end";"1665f084-81de-418c-ad22-29708aac5433";"";"1";"dual-alias";""
"hat";"2596";"154kV BEYLİKKÖPRÜ - SİVRİHİSAR EİH";"BEYLİKKÖPRÜ";"154";"a9df9911-8328-4af7-9e55-9e8f46c6ff36";"matched-live";"Kaynak satir toleransli coklu olcum birlestirmesiyle secildi.";"20.04.2026 22:53:00";"25,03";"-17,88";"17,09";"active";"25,03";"formula-alias";"1";"reverse";"source:tm-name/token-prefix; target:tm-name/token-prefix";"latest-oriented";"secondary";"end";"start";"a9df9911-8328-4af7-9e55-9e8f46c6ff36";"";"1";"dual-alias";""
"hat";"2695";"400kV KAYSERİ KAPASİTÖR - ELBİSTAN TES EİH";"KAYSERİ KAPASİTÖR";"400";"1ec4af80-caab-4d0a-9b18-1bcecc5b689f,7ee64927-e03f-42a8-9b27-e2e543a9531b";"matched-live";"Kaynak satir toleransli coklu olcum birlestirmesiyle secildi.";"20.04.2026 22:52:00";"-219,59";"68,62";"15,87";"active";"-219,59";"formula-alias";"1";"reverse";"source:tm-name:trim/exact; target:psse/token-prefix";"tolerance-mean";"secondary";"end";"start";"1ec4af80-caab-4d0a-9b18-1bcecc5b689f";"yes";"1";"dual-alias";""
"hat";"2719";"154kV ESKİŞEHİR2 - YENİCE HES EİH";"ESKİŞEHİR2";"154";"8a63193c-278a-4421-aac1-962b8abeaa04";"matched-live";"Kaynak satir toleransli coklu olcum birlestirmesiyle secildi.";"20.04.2026 22:53:00";"-8,60";"0,20";"3,44";"active";"-8,60";"formula-alias";"1";"forward";"source:tm-name:abbr6/exact; target:tm-name:trim/exact";"latest-oriented";"primary";"start";"end";"8a63193c-278a-4421-aac1-962b8abeaa04";"";"1";"dual-alias";""
"hat";"2884";"154kV KARAMAN - GEZENDE HES EİH";"KARAMAN";"154";"6f98c2f9-6bbf-40ab-8510-40167a68e99c";"matched-live";"Kaynak satir toleransli coklu olcum birlestirmesiyle secildi.";"20.04.2026 22:53:00";"-41,87";"1,42";"12,32";"active";"-41,87";"formula-alias";"1";"forward";"source:tm-name/exact; target:tm-name:trim/exact";"latest-oriented";"primary";"start";"end";"6f98c2f9-6bbf-40ab-8510-40167a68e99c";"";"1";"dual-alias";""
"hat";"2964";"400kV ADANA -> EREĞLİ - SEYDİŞEHİR EİH";"EREĞLİ SANAL";"400";"239d505a-c3f8-4cba-ac41-27bb737fc81d";"matched-live";"Kaynak satir tekil olarak eslesti.";"20.04.2026 22:52:00";"-247,87";"70,47";"17,77";"active";"-247,87";"formula-alias-single-source";"1";"reverse";"source:tm-name/exact";"single-candidate";"secondary";"end";"start";"239d505a-c3f8-4cba-ac41-27bb737fc81d";"";"1";"single-source";""
"hat";"3017";"154kV KESİKKÖPRÜ HES -> ATAKALE RES - KIZILIRMAK EİH";"KESİKKÖPRÜ HES";"154";"401cff12-55bb-4ecf-9c19-ddf0fd7bc5ce";"matched-stale";"Kaynak satir bulundu ancak veri stale durumda.";"20.04.2026 22:25:00";"0,21";"0,41";"0,19";"active";"0,21";"candidate-side";"1";"forward";"sourceSide:start; targetSide:end; slot:primary";"single-candidate";"primary";"start";"end";"401cff12-55bb-4ecf-9c19-ddf0fd7bc5ce";"";"1";"source-side";""
"hat";"3018";"154kV KESİKKÖPRÜ HES -> KIRIKKALE - KIZILIRMAK EİH";"KESİKKÖPRÜ HES";"154";"e406c8a9-007e-4e5a-8b92-66393968836c";"matched-live";"Kaynak satir tekil olarak eslesti.";"20.04.2026 22:53:00";"3,52";"-2,66";"1,77";"active";"3,52";"candidate-side";"1";"forward";"sourceSide:start; targetSide:end; slot:primary";"single-candidate";"primary";"start";"end";"e406c8a9-007e-4e5a-8b92-66393968836c";"";"1";"source-side";""
"hat";"3149";"400kV ÇAYIRHAN TES - SİNCAN EİH";"ÇAYIRHAN TES";"400";"b50407e1-bc2d-4fb8-8535-f297415bbd7e";"matched-live";"Kaynak satir toleransli coklu olcum birlestirmesiyle secildi.";"20.04.2026 22:53:00";"-620,05";"59,93";"43,26";"active";"-620,05";"formula-alias";"1";"reverse";"source:tm-name/exact; target:tm-name:trim/exact";"latest-oriented";"secondary";"end";"start";"b50407e1-bc2d-4fb8-8535-f297415bbd7e";"";"1";"dual-alias";""
"hat";"3193";"154kV TEMELLİ - İNCEK EİH";"TEMELLİ";"154";"82012318-9b93-4e5c-9c29-d9607b83d26d,617042b4-6d61-41ae-953d-a11f3300884a";"matched-live";"Kaynak satir toleransli coklu olcum birlestirmesiyle secildi.";"20.04.2026 22:53:00";"30,20";"-9,58";"9,32";"active";"30,20";"formula-alias";"1";"reverse";"source:tm-name/exact; target:tm-name/exact";"tolerance-mean";"secondary";"end";"start";"82012318-9b93-4e5c-9c29-d9607b83d26d";"yes";"1";"dual-alias";""
"hat";"3432";"154kV ÇAYIRHAN TES - ETİ SODA EİH";"ÇAYIRHAN TES";"154";"2c9095a2-da79-4b9b-bc55-30895b19f28d,97acd3cf-bf35-457a-b812-95044200809a";"matched-live";"Kaynak satir toleransli coklu olcum birlestirmesiyle secildi.";"20.04.2026 22:53:00";"12,44";"1,19";"3,67";"active";"12,44";"formula-alias";"1";"forward";"source:tm-name:trim/token-prefix; target:tm-name/exact";"tolerance-mean";"primary";"start";"end";"2c9095a2-da79-4b9b-bc55-30895b19f28d";"";"1";"dual-alias";""
"hat";"3433";"400kV TEMELLİ - YEŞİLHİSAR - GÜNEY EİH";"TEMELLİ";"400";"eed09e0b-4cc9-4f8f-88df-37331c436282";"matched-live";"Kaynak satir tekil olarak eslesti.";"20.04.2026 22:53:00";"-860,72";"39,02";"32,76";"active";"-860,72";"formula-alias-single-source";"1";"forward";"source:tm-name/exact";"single-candidate";"primary";"start";"end";"eed09e0b-4cc9-4f8f-88df-37331c436282";"";"1";"single-source";""
"hat";"3435";"400kV TEMELLİ - YEŞİLHİSAR - KUZEY EİH";"TEMELLİ";"400";"6a3bb442-e105-48ff-812e-3137afbc41c4";"matched-live";"Kaynak satir tekil olarak eslesti.";"20.04.2026 22:52:00";"-860,12";"36,67";"32,73";"active";"-860,12";"formula-alias-single-source";"1";"forward";"source:tm-name/exact";"single-candidate";"primary";"start";"end";"6a3bb442-e105-48ff-812e-3137afbc41c4";"";"1";"single-source";""
"hat";"3436";"400kV YEŞİLHİSAR - ATATÜRK - KUZEY EİH";"YEŞİLHİSAR";"400";"a95265e7-80a2-43c1-b730-136b67d3aa6f";"matched-live";"Kaynak satir tekil olarak eslesti.";"20.04.2026 22:53:00";"-512,29";"36,91";"19,53";"active";"-512,29";"formula-alias";"1";"forward";"source:tm-name/token-prefix; target:tm-name:prefix6/alias-prefix";"single-candidate";"primary";"start";"end";"a95265e7-80a2-43c1-b730-136b67d3aa6f";"";"1";"dual-alias";""
"hat";"3437";"400kV YEŞİLHİSAR - ATATÜRK - GÜNEY EİH";"YEŞİLHİSAR";"400";"a95265e7-80a2-43c1-b730-136b67d3aa6f";"matched-live";"Kaynak satir tekil olarak eslesti.";"20.04.2026 22:53:00";"-512,29";"39,46";"19,54";"active";"-512,29";"formula-alias";"1";"forward";"source:tm-name/token-prefix; target:tm-name:prefix6/alias-prefix";"single-candidate";"primary";"start";"end";"a95265e7-80a2-43c1-b730-136b67d3aa6f";"";"1";"dual-alias";""
"hat";"3573";"400kV YEŞİLHİSAR - TUFANBEYLİ TES EİH";"YEŞİLHİSAR";"400";"a6aed9fc-6229-442d-a889-d54fd4dd54d9";"matched-live";"Kaynak satir toleransli coklu olcum birlestirmesiyle secildi.";"20.04.2026 22:53:00";"-429,93";"107,15";"29,34";"active";"-429,93";"formula-alias";"1";"forward";"source:tm-name/token-prefix; target:ucte/alias-prefix";"latest-oriented";"primary";"start";"end";"a6aed9fc-6229-442d-a889-d54fd4dd54d9";"";"1";"dual-alias";""
"hat";"3580";"400kV EREĞLİ -> SEYDİŞEHİR - ADANA EİH";"EREĞLİ KONYA";"400";"3ffbe598-8d3e-4fed-a316-325ce5b76aac";"matched-live";"Kaynak satir tekil olarak eslesti.";"20.04.2026 22:52:00";"18,51";"-19,37";"1,85";"active";"18,51";"candidate-side";"1";"forward";"sourceSide:start; targetSide:end; slot:primary";"single-candidate";"primary";"start";"end";"3ffbe598-8d3e-4fed-a316-325ce5b76aac";"";"1";"source-side";""
"hat";"3603";"154kV TÜMOSAN - AKSARAY OSB EİH";"TÜMOSAN";"154";"4c8914a2-d2ec-4bc5-a3c6-321c92e2d6bb,648e94d0-0439-4493-92b4-c52b7c5f8146";"matched-live";"Kaynak satir toleransli coklu olcum birlestirmesiyle secildi.";"20.04.2026 22:53:00";"-24,78";"3,75";"7,37";"active";"-24,78";"formula-alias";"1";"reverse";"source:ucte/alias-prefix; target:tm-name/exact";"tolerance-mean";"secondary";"end";"start";"4c8914a2-d2ec-4bc5-a3c6-321c92e2d6bb";"yes";"1";"dual-alias";""
"hat";"3632";"154kV PETLAS - AVANOS2 EİH";"PETLAS";"154";"e724dccc-a347-4fc1-9c54-c3726723f3d2,33d877d5-ce4e-4176-a3e0-f4e1b8d7b5f0";"matched-stale";"Kaynak satir toleransli coklu olcum birlestirmesiyle secildi ancak veri stale durumda.";"20.04.2026 22:51:00";"-54,56";"5,10";"30,45";"active";"-54,56";"formula-alias";"1";"reverse";"source:tm-name:prefix6/exact; target:tm-name/exact";"tolerance-mean";"secondary";"end";"start";"e724dccc-a347-4fc1-9c54-c3726723f3d2";"yes";"1";"dual-alias";""
"hat";"3634";"154kV GEYCEK RES - AVANOS2 - II EİH";"GEYCEK RES";"154";"668d2547-88d8-4283-a4eb-c34cad4109ca";"matched-live";"Kaynak satir toleransli coklu olcum birlestirmesiyle secildi.";"20.04.2026 22:53:00";"35,01";"-1,35";"14,01";"active";"35,01";"formula-alias";"1";"forward";"source:tm-name:prefix6/exact; target:tm-name:prefix6/exact";"latest-oriented";"primary";"start";"end";"668d2547-88d8-4283-a4eb-c34cad4109ca";"";"1";"dual-alias";""
"hat";"3635";"154kV GEYCEK RES - AVANOS2 - I EİH";"GEYCEK RES";"154";"8d3661d5-0749-4d88-94d9-efa84fa24178";"matched-live";"Kaynak satir tekil olarak eslesti.";"20.04.2026 22:53:00";"-0,43";"2,16";"0,88";"active";"-0,43";"formula-alias";"1";"forward";"source:tm-name:prefix6/exact; target:tm-name:prefix6/exact";"single-candidate";"primary";"start";"end";"8d3661d5-0749-4d88-94d9-efa84fa24178";"";"1";"dual-alias";""
"hat";"3645";"400kV AKSA GÖYNÜK TES - GÖKÇEKAYA HES EİH";"AKSA GÖYNÜK TES";"400";"80c61909-43c4-433e-81ce-05d24bf371b8,ee95eda4-a026-4646-aa87-f05ef33d1dfd";"matched-live";"Kaynak satir toleransli coklu olcum birlestirmesiyle secildi.";"20.04.2026 22:53:00";"-524,61";"42,80";"36,55";"active";"-524,61";"formula-alias-single-target";"1";"forward";"target:tm-name:trim/token-prefix";"tolerance-mean";"primary";"start";"end";"80c61909-43c4-433e-81ce-05d24bf371b8";"";"1";"single-target";""
"hat";"3672";"154kV KAYSERİ3 - KAYSERİ4 EİH";"KAYSERİ3";"154";"29bce1d6-8b0c-4f03-b261-3c070f335776,a8a53706-4eb2-4dff-a22d-11a5a2ca21d1";"matched-live";"Kaynak satir toleransli coklu olcum birlestirmesiyle secildi.";"20.04.2026 22:53:00";"50,94";"-7,53";"20,60";"active";"50,94";"formula-alias";"1";"forward";"source:tm-name/exact; target:tm-name:prefix6/exact";"tolerance-mean";"primary";"start";"end";"29bce1d6-8b0c-4f03-b261-3c070f335776";"";"1";"dual-alias";""
"hat";"3699";"154kV YILDIZ - İMRAHOR EİH";"YILDIZ";"154";"6e6caf40-b16a-440a-950e-1ffaea1e19c2,16b76a2c-5ba4-463c-8eb6-649374757232";"matched-live";"Kaynak satir toleransli coklu olcum birlestirmesiyle secildi.";"20.04.2026 22:53:00";"-92,14";"4,44";"36,90";"active";"-92,14";"formula-alias";"1";"reverse";"source:tm-name/exact; target:tm-name/exact";"tolerance-mean";"secondary";"end";"start";"6e6caf40-b16a-440a-950e-1ffaea1e19c2";"yes";"1";"dual-alias";""
"hat";"3709";"154kV DERİNKUYU - AKSARAY OSB EİH";"DERİNKUYU";"154";"c5cbc7a4-96fe-4258-b2ac-e626d612a3c0,7166be3f-059c-4162-b684-339d9d121809";"matched-live";"Kaynak satir toleransli coklu olcum birlestirmesiyle secildi.";"20.04.2026 22:53:00";"71,38";"-4,89";"21,04";"active";"71,38";"formula-alias";"1";"reverse";"source:ucte/alias-prefix; target:tm-name/token-prefix";"tolerance-mean";"secondary";"end";"start";"c5cbc7a4-96fe-4258-b2ac-e626d612a3c0";"yes";"1";"dual-alias";""
"hat";"3710";"400kV ADAPAZARI - YUNUS EMRE TES EİH";"ADAPAZARI";"400";"88d98ab0-c7c6-482a-85bf-f51801ac9d8b";"matched-live";"Kaynak satir toleransli coklu olcum birlestirmesiyle secildi.";"20.04.2026 22:53:00";"-849,87";"-2,39";"38,99";"active";"-849,87";"formula-alias";"1";"reverse";"source:tm-name:trim/token-prefix; target:tm-name/token-prefix";"latest-oriented";"secondary";"end";"start";"88d98ab0-c7c6-482a-85bf-f51801ac9d8b";"";"1";"dual-alias";""
"hat";"3711";"400kV TEMELLİ - YUNUS EMRE TES EİH";"TEMELLİ";"400";"ccefb2ce-6102-4ed1-8dc8-ab24d85d7f8d,a8c26e66-c04f-48b6-8b10-5f032b1ac190";"matched-live";"Kaynak satir toleransli coklu olcum birlestirmesiyle secildi.";"20.04.2026 22:53:00";"823,11";"22,86";"31,31";"active";"823,11";"formula-alias";"1";"forward";"source:tm-name/exact; target:tm-name:trim/exact";"tolerance-mean";"primary";"start";"end";"ccefb2ce-6102-4ed1-8dc8-ab24d85d7f8d";"";"1";"dual-alias";""
"hat";"3774";"154kV KARAMAN - KEPEZKAYA HAVZA EİH";"KARAMAN";"154";"47acae88-20c3-448c-be12-2daccbeeb437,afa5f45e-3a56-4b8d-9a1f-dafac1305e7c";"matched-live";"Kaynak satir toleransli coklu olcum birlestirmesiyle secildi.";"20.04.2026 22:53:00";"-26,20";"5,27";"7,86";"active";"-26,20";"formula-alias";"1";"forward";"source:tm-name/exact; target:ucte/alias-prefix";"tolerance-mean";"primary";"start";"end";"47acae88-20c3-448c-be12-2daccbeeb437";"";"1";"dual-alias";""
"hat";"3884";"154kV BOR - TOROSLAR EİH";"BOR";"154";"97adb5ba-13ad-4c3c-97cb-d02dd34d25cb,884bda7a-8428-4ea2-a2b5-b50d8cde8ea6";"matched-live";"Kaynak satir toleransli coklu olcum birlestirmesiyle secildi.";"20.04.2026 22:53:00";"-68,73";"9,07";"20,39";"active";"-68,73";"formula-alias";"1";"forward";"source:tm-name/exact; target:tm-name/exact";"tolerance-mean";"primary";"start";"end";"97adb5ba-13ad-4c3c-97cb-d02dd34d25cb";"";"1";"dual-alias";""
"hat";"3913";"154kV KARAMAN - MUT RES EİH";"KARAMAN";"154";"f177430b-cd7b-4880-9614-d775a267cb01";"matched-live";"Kaynak satir toleransli coklu olcum birlestirmesiyle secildi.";"20.04.2026 22:53:00";"-62,72";"1,63";"18,45";"active";"-62,72";"formula-alias";"1";"forward";"source:tm-name/exact; target:tm-name/exact";"latest-oriented";"primary";"start";"end";"f177430b-cd7b-4880-9614-d775a267cb01";"";"1";"dual-alias";""
"hat";"3965";"154kV KARATAY - ALAKOVA EİH";"KARATAY";"154";"17bed5dd-a29c-4df2-a549-dad0764400b0,4fb4bea3-a74f-4b04-99b5-ff2e37718e44";"matched-live";"Kaynak satir toleransli coklu olcum birlestirmesiyle secildi.";"20.04.2026 22:53:00";"70,06";"-7,05";"20,71";"active";"70,06";"formula-alias";"1";"reverse";"source:tm-name/exact; target:tm-name/exact";"tolerance-mean";"secondary";"end";"start";"17bed5dd-a29c-4df2-a549-dad0764400b0";"yes";"1";"dual-alias";""
"hat";"3980";"154kV KALECİK - YAKINKENT EİH";"KALECİK";"154";"409fd207-50ca-4456-9eb7-1b4db285c2b5,096e26a6-2865-4639-8fe0-6e9512604807";"matched-live";"Kaynak satir toleransli coklu olcum birlestirmesiyle secildi.";"20.04.2026 22:53:00";"-23,93";"-6,98";"13,85";"active";"-23,93";"formula-alias";"1";"forward";"source:tm-name/exact; target:tm-name/token-prefix";"tolerance-mean";"primary";"start";"end";"409fd207-50ca-4456-9eb7-1b4db285c2b5";"";"1";"dual-alias";""
"hat";"4058";"154kV SİNCAN - ERYAMAN EİH";"SİNCAN";"154";"80d5594f-b9b2-4a5a-9dea-a0d0328ea88c,ff2e4fa3-7c67-44e0-92df-a1892fae6718";"matched-live";"Kaynak satir toleransli coklu olcum birlestirmesiyle secildi.";"20.04.2026 22:53:00";"82,15";"2,12";"24,17";"active";"82,15";"formula-alias";"1";"reverse";"source:tm-name/exact; target:tm-name/exact";"tolerance-mean";"secondary";"end";"start";"80d5594f-b9b2-4a5a-9dea-a0d0328ea88c";"yes";"1";"dual-alias";""
"hat";"4059";"154kV ANKARA SANAYİ - ERYAMAN EİH";"ANKARA SANAYİ";"154";"f8aff3fb-57b2-446a-8a24-aca17de206e1,a56b9352-37de-4e52-a471-30d008665b72";"matched-live";"Kaynak satir toleransli coklu olcum birlestirmesiyle secildi.";"20.04.2026 22:53:00";"-28,23";"-5,89";"8,01";"active";"-28,23";"formula-alias";"1";"forward";"source:tm-name/token-prefix; target:tm-name/exact";"tolerance-mean";"primary";"start";"end";"f8aff3fb-57b2-446a-8a24-aca17de206e1";"";"1";"dual-alias";""
"hat";"4200";"154kV BALGAT - ÇİĞDEM EİH";"BALGAT";"154";"a920e80a-585a-4891-b005-06bbf9cdf2e8,da272915-d3df-4987-ad7c-fce319a2b88e";"matched-live";"Kaynak satir toleransli coklu olcum birlestirmesiyle secildi.";"20.04.2026 22:53:00";"32,83";"1,18";"13,14";"active";"32,83";"formula-alias";"1";"forward";"source:tm-name/exact; target:psse/exact";"tolerance-mean";"primary";"start";"end";"a920e80a-585a-4891-b005-06bbf9cdf2e8";"";"1";"dual-alias";""
"hat";"4221";"154kV NİĞDE - NİĞDE ÇİMSA EİH";"NİĞDE";"154";"2a3dcae8-5151-4659-890b-1e8163095054,30728d8e-19d0-4780-b549-c9179796476a";"matched-live";"Kaynak satir toleransli coklu olcum birlestirmesiyle secildi.";"20.04.2026 22:53:00";"9,57";"0,52";"2,82";"active";"9,57";"candidate-side";"1";"forward";"sourceSide:start; targetSide:end; slot:primary";"tolerance-mean";"primary";"start";"end";"2a3dcae8-5151-4659-890b-1e8163095054";"";"1";"source-side";""
"hat";"4243";"154kV POLATLI - DDY KOCAHACILI EİH";"POLATLI";"154";"6fb1efd1-3862-425f-9618-1c50db2a6d6a";"matched-live";"Kaynak satir toleransli coklu olcum birlestirmesiyle secildi.";"20.04.2026 22:53:00";"-40,50";"1,69";"11,92";"active";"-40,50";"formula-alias";"1";"forward";"source:tm-name/exact; target:psse/exact";"latest-oriented";"primary";"start";"end";"6fb1efd1-3862-425f-9618-1c50db2a6d6a";"";"1";"dual-alias";""
"hat";"4293";"154kV KAYSERİ3 - KAYSERİ1 EİH";"KAYSERİ3";"154";"45655c46-2d9f-4a3b-9b0b-ee470a99b238,68111e02-ae43-4b3b-bf01-9dfe3bb206d6";"matched-live";"Kaynak satir toleransli coklu olcum birlestirmesiyle secildi.";"20.04.2026 22:53:00";"28,95";"-7,02";"11,91";"active";"28,95";"formula-alias";"1";"reverse";"source:tm-name/exact; target:tm-name/exact";"tolerance-mean";"secondary";"end";"start";"45655c46-2d9f-4a3b-9b0b-ee470a99b238";"yes";"1";"dual-alias";""
"hat";"4294";"154kV KAYSERİ2 - KAYSERİ1 EİH";"KAYSERİ2";"154";"8a521155-6d5d-46ff-929f-81a7028da385,b8b2be55-ef3e-4d03-81cf-23f1c1c8b5ce";"matched-live";"Kaynak satir toleransli coklu olcum birlestirmesiyle secildi.";"20.04.2026 22:53:00";"50,98";"-6,14";"28,53";"active";"50,98";"formula-alias";"1";"reverse";"source:tm-name/exact; target:tm-name/exact";"tolerance-mean";"secondary";"end";"start";"8a521155-6d5d-46ff-929f-81a7028da385";"yes";"1";"dual-alias";""
"hat";"4295";"400kV KIRIKKALE DGKÇ - KAYABAŞI EİH";"KIRIKKALE DGKÇ";"400";"771b84d0-2a37-49a1-9627-2643eb56eff6";"matched-live";"Kaynak satir toleransli coklu olcum birlestirmesiyle secildi.";"20.04.2026 22:53:00";"-387,35";"75,35";"15,00";"active";"-387,35";"formula-alias";"1";"forward";"source:ucte/novowel-exact; target:tm-name/exact";"latest-oriented";"primary";"start";"end";"771b84d0-2a37-49a1-9627-2643eb56eff6";"";"1";"dual-alias";""
"hat";"4297";"154kV TÜMOSAN - ORTAKÖY EİH";"TÜMOSAN";"154";"b3eb4f2b-93ef-488c-8be8-d9d914114fc0,96ed450d-a88a-4e1e-9ad1-fdca024853e4";"matched-live";"Kaynak satir toleransli coklu olcum birlestirmesiyle secildi.";"20.04.2026 22:53:00";"24,56";"-4,80";"7,36";"active";"24,56";"formula-alias";"1";"reverse";"source:tm-name/exact; target:tm-name/exact";"tolerance-mean";"secondary";"end";"start";"b3eb4f2b-93ef-488c-8be8-d9d914114fc0";"yes";"1";"dual-alias";""
"hat";"4317";"154kV BAĞLUM - MACUNKÖY - I EİH";"BAĞLUM";"154";"7a1f0119-a773-435c-8d56-5fa5d62425d3,56a20782-c553-4afe-8448-25c7aa5d2053";"matched-live";"Kaynak satir toleransli coklu olcum birlestirmesiyle secildi.";"20.04.2026 22:53:00";"70,38";"-15,48";"21,19";"active";"70,38";"formula-alias";"1";"forward";"source:tm-name/exact; target:tm-name/exact";"tolerance-mean";"primary";"start";"end";"7a1f0119-a773-435c-8d56-5fa5d62425d3";"";"1";"dual-alias";""
"hat";"4318";"154kV BAĞLUM - OVACIK - I EİH";"BAĞLUM";"154";"cfa1a09f-6279-4470-ba66-496536509bce,3c224e88-6952-4236-8700-5ba238495dd0";"matched-live";"Kaynak satir toleransli coklu olcum birlestirmesiyle secildi.";"20.04.2026 22:53:00";"32,94";"-3,60";"9,75";"active";"32,94";"formula-alias";"1";"forward";"source:tm-name/exact; target:tm-name/exact";"tolerance-mean";"primary";"start";"end";"cfa1a09f-6279-4470-ba66-496536509bce";"";"1";"dual-alias";""
"hat";"4320";"154kV BAĞLUM - OVACIK - II EİH";"BAĞLUM";"154";"8be3623e-afbc-4576-a19e-e8cbafc99f76,874ebb8c-e3eb-4cd1-b512-c318ef8d1281";"matched-live";"Kaynak satir toleransli coklu olcum birlestirmesiyle secildi.";"20.04.2026 22:53:00";"33,89";"-3,21";"10,01";"active";"33,89";"formula-alias";"1";"forward";"source:tm-name/exact; target:tm-name/exact";"tolerance-mean";"primary";"start";"end";"8be3623e-afbc-4576-a19e-e8cbafc99f76";"";"1";"dual-alias";""
"hat";"4321";"154kV ESENBOĞA - AKYURT EİH";"ESENBOĞA";"154";"129be331-395d-4b83-a2e9-0832fdee5b0a";"matched-live";"Kaynak satir toleransli coklu olcum birlestirmesiyle secildi.";"20.04.2026 22:53:00";"-4,06";"-5,97";"2,89";"active";"-4,06";"formula-alias";"1";"forward";"source:tm-name/token-prefix; target:tm-name/exact";"latest-oriented";"primary";"start";"end";"129be331-395d-4b83-a2e9-0832fdee5b0a";"";"1";"dual-alias";""
"hat";"4322";"154kV KALECİK - AKYURT EİH";"KALECİK";"154";"5da26dd9-6200-4b55-975e-1c88efc24e45";"matched-live";"Kaynak satir toleransli coklu olcum birlestirmesiyle secildi.";"20.04.2026 22:52:00";"23,63";"4,88";"9,65";"active";"23,63";"formula-alias";"1";"reverse";"source:tm-name/exact; target:tm-name/exact";"latest-oriented";"secondary";"end";"start";"5da26dd9-6200-4b55-975e-1c88efc24e45";"";"1";"dual-alias";""
"hat";"4357";"154kV KIRŞEHİR - YERKÖY EİH";"KIRŞEHİR";"154";"d13de74a-dc4a-41cf-a7a8-339952ed65da,beba1faa-d52b-48ef-82ce-b394e23b63cb";"matched-live";"Kaynak satir toleransli coklu olcum birlestirmesiyle secildi.";"20.04.2026 22:53:00";"-33,51";"5,55";"18,87";"active";"-33,51";"formula-alias";"1";"forward";"source:tm-name/token-prefix; target:tm-name/exact";"tolerance-mean";"primary";"start";"end";"d13de74a-dc4a-41cf-a7a8-339952ed65da";"";"1";"dual-alias";""
"hat";"4358";"154kV YİBİTAŞ - YERKÖY EİH";"YİBİTAŞ";"154";"ba4a95d3-934e-4431-b674-47185978647f,4bdf1924-361d-4626-9611-ca4305d49cce";"matched-live";"Kaynak satir toleransli coklu olcum birlestirmesiyle secildi.";"20.04.2026 22:53:00";"33,51";"-10,10";"19,44";"active";"33,51";"formula-alias";"1";"reverse";"source:tm-name/exact; target:tm-name/exact";"tolerance-mean";"secondary";"end";"start";"ba4a95d3-934e-4431-b674-47185978647f";"yes";"1";"dual-alias";""
"hat";"4365";"154kV KAYSERİ KAPASİTÖR - TALAS - I EİH";"KAYSERİ KAPASİTÖR";"154";"27e9d325-82e2-46ae-aba3-b52548b72e7f,faef8388-46f6-4766-b8e3-f52a72fbb795";"ambiguous-warning";"Coklu aday tolerans disi; ana aday gosteriliyor ve kayit uyarili isaretlendi.";"20.04.2026 22:53:00";"117,01";"39,16";"36,29";"active";"117,01";"formula-alias";"1";"forward";"source:psse/token-prefix; target:tm-name/exact";"primary-conflict";"primary";"start";"end";"27e9d325-82e2-46ae-aba3-b52548b72e7f";"";"1";"dual-alias";"yes"
"hat";"4366";"154kV KAYSERİ KAPASİTÖR - TALAS - II EİH";"KAYSERİ KAPASİTÖR";"154";"876fc63c-9b45-4c1b-8524-7605ec665d98";"matched-live";"Kaynak satir toleransli coklu olcum birlestirmesiyle secildi.";"20.04.2026 22:53:00";"117,05";"38,94";"36,28";"active";"117,05";"formula-alias";"1";"forward";"source:psse/token-prefix; target:tm-name/exact";"latest-oriented";"primary";"start";"end";"876fc63c-9b45-4c1b-8524-7605ec665d98";"";"1";"dual-alias";""
"hat";"4424";"154kV KAYSERİ3 - ERKİLET EİH";"KAYSERİ3";"154";"41ecac27-4cca-414e-aded-094f28c93025,cd3a08e8-6aaa-443d-91fa-aabc9a78fd6c";"matched-live";"Kaynak satir toleransli coklu olcum birlestirmesiyle secildi.";"20.04.2026 22:53:00";"-26,02";"3,15";"10,48";"active";"-26,02";"formula-alias";"1";"reverse";"source:tm-name/exact; target:tm-name/exact";"tolerance-mean";"secondary";"end";"start";"41ecac27-4cca-414e-aded-094f28c93025";"yes";"1";"dual-alias";""
"hat";"4425";"154kV KAYSERİ2 - ERKİLET EİH";"KAYSERİ2";"154";"8fea57ce-946c-447b-9dce-b1ca0baf4c04,8742a840-5e81-4cde-a96f-909dfc3f0b41";"matched-live";"Kaynak satir toleransli coklu olcum birlestirmesiyle secildi.";"20.04.2026 22:53:00";"65,84";"-5,56";"26,43";"active";"65,84";"formula-alias";"1";"reverse";"source:tm-name/exact; target:tm-name/exact";"tolerance-mean";"secondary";"end";"start";"8fea57ce-946c-447b-9dce-b1ca0baf4c04";"yes";"1";"dual-alias";""
"hat";"4446";"154kV HACILAR - KIRIKKALE EİH";"HACILAR";"154";"ce636122-c576-481d-8e7b-b193a846e1c8";"matched-live";"Kaynak satir toleransli coklu olcum birlestirmesiyle secildi.";"20.04.2026 22:53:00";"20,06";"-1,62";"8,05";"active";"20,06";"formula-alias";"1";"reverse";"source:tm-name/token-prefix; target:tm-name/exact";"latest-oriented";"secondary";"end";"start";"ce636122-c576-481d-8e7b-b193a846e1c8";"";"1";"dual-alias";""
"hat";"4447";"154kV HACILAR - KIRDEMİR EİH";"HACILAR";"154";"ec3f61c7-6cb2-469c-ad0a-5a34e37dd907";"matched-live";"Kaynak satir toleransli coklu olcum birlestirmesiyle secildi.";"20.04.2026 22:53:00";"12,64";"1,69";"1,90";"active";"12,64";"formula-alias";"1";"reverse";"source:tm-name/token-prefix; target:tm-name/exact";"latest-oriented";"secondary";"end";"start";"ec3f61c7-6cb2-469c-ad0a-5a34e37dd907";"";"1";"dual-alias";""
"hat";"4468";"400kV GÖLBAŞI - İÇ ANADOLU DGKÇ EİH";"GÖLBAŞI";"400";"4e2e44e2-03bd-4ebc-be6f-d08959f88a5a";"matched-live";"Kaynak satir toleransli coklu olcum birlestirmesiyle secildi.";"20.04.2026 22:53:00";"-205,05";"-60,70";"8,13";"active";"-205,05";"formula-alias";"1";"forward";"source:tm-name/exact; target:psse/token-prefix";"latest-oriented";"primary";"start";"end";"4e2e44e2-03bd-4ebc-be6f-d08959f88a5a";"";"1";"dual-alias";""
"hat";"4469";"400kV GÖKÇEKAYA HES - GÖLBAŞI EİH";"GÖKÇEKAYA HES";"400";"ebee59ea-62d4-4cb2-a14c-e7abea4f7e8d,312b6d76-8e96-44e9-98e9-986a3b495d62";"matched-live";"Kaynak satir toleransli coklu olcum birlestirmesiyle secildi.";"20.04.2026 22:53:00";"-740,55";"45,80";"51,53";"active";"-740,55";"formula-alias";"1";"forward";"source:tm-name:trim/token-prefix; target:tm-name/exact";"tolerance-mean";"primary";"start";"end";"ebee59ea-62d4-4cb2-a14c-e7abea4f7e8d";"";"1";"dual-alias";""
"hat";"4470";"400kV SİNCAN - TEMELLİ EİH";"SİNCAN";"400";"0f35280e-b0a5-47ad-a6c9-cfe1d8866d93,ddcd0f8c-c0df-48cb-b925-7c9366aee45b";"matched-live";"Kaynak satir toleransli coklu olcum birlestirmesiyle secildi.";"20.04.2026 22:53:00";"450,25";"-100,77";"17,54";"active";"450,25";"formula-alias";"1";"forward";"source:tm-name/exact; target:tm-name/exact";"tolerance-mean";"primary";"start";"end";"0f35280e-b0a5-47ad-a6c9-cfe1d8866d93";"";"1";"dual-alias";""
"hat";"4471";"154kV ÇAYIRHAN TES - KARGI HES EİH";"ÇAYIRHAN TES";"154";"0f545cf8-98a0-489c-9786-c1f8ee9e6c33";"matched-stale";"Kaynak satir toleransli coklu olcum birlestirmesiyle secildi ancak veri stale durumda.";"20.04.2026 22:46:00";"-59,48";"-28,92";"19,45";"active";"-59,48";"formula-alias";"1";"forward";"source:tm-name:trim/token-prefix; target:tm-name/exact";"latest-oriented";"primary";"start";"end";"0f545cf8-98a0-489c-9786-c1f8ee9e6c33";"";"1";"dual-alias";""
"hat";"4492";"400kV YEŞİLHİSAR - KOZAN HAVZA - I EİH";"YEŞİLHİSAR";"400";"ae57f718-6d8f-4f0b-8e58-8949af04e2df,6f40e0d8-9060-4ca3-bd44-5fefb1f4b90f";"matched-live";"Kaynak satir toleransli coklu olcum birlestirmesiyle secildi.";"20.04.2026 22:53:00";"-275,51";"34,38";"10,56";"active";"-275,51";"formula-alias";"1";"reverse";"source:tm-name:trim/alias-prefix; target:tm-name:abbr5/alias-prefix";"tolerance-mean";"secondary";"end";"start";"ae57f718-6d8f-4f0b-8e58-8949af04e2df";"yes";"1";"dual-alias";""
"hat";"4493";"154kV YAZIR - KONYA ÇİMENTO EİH";"YAZIR";"154";"6d9c2997-2dbb-4059-b0b0-4d78d77fc11c";"matched-live";"Kaynak satir toleransli coklu olcum birlestirmesiyle secildi.";"20.04.2026 22:53:00";"25,97";"3,29";"7,27";"active";"25,97";"formula-alias";"1";"reverse";"source:tm-name:prefix6/token-prefix; target:tm-name/exact";"latest-oriented";"secondary";"end";"start";"6d9c2997-2dbb-4059-b0b0-4d78d77fc11c";"";"1";"dual-alias";""
"hat";"4495";"154kV SİNCAN - ANKARA SANAYİ EİH";"SİNCAN";"154";"fafe93b5-c069-4096-8f97-566531fae4cb,2010557e-bfd7-4678-91be-b6f43d00b9da";"matched-live";"Kaynak satir toleransli coklu olcum birlestirmesiyle secildi.";"20.04.2026 22:53:00";"39,05";"7,26";"11,68";"active";"39,05";"formula-alias";"1";"reverse";"source:tm-name/token-prefix; target:tm-name/exact";"tolerance-mean";"secondary";"end";"start";"fafe93b5-c069-4096-8f97-566531fae4cb";"yes";"1";"dual-alias";""
"hat";"4496";"154kV SİNCAN - KAZAN DGKÇ EİH";"SİNCAN";"154";"1ef7ac1f-566f-413e-a65f-d3ee8e9e6c54";"matched-live";"Kaynak satir toleransli coklu olcum birlestirmesiyle secildi.";"20.04.2026 22:53:00";"-22,60";"2,30";"6,68";"active";"-22,60";"formula-alias";"1";"forward";"source:tm-name/exact; target:tm-name/token-prefix";"latest-oriented";"primary";"start";"end";"1ef7ac1f-566f-413e-a65f-d3ee8e9e6c54";"";"1";"dual-alias";""
"hat";"4497";"154kV ANKARA SANAYİ - KAZAN DGKÇ EİH";"ANKARA SANAYİ";"154";"6c629b49-bd8f-477b-86a5-ac2d1f157b6b,d6561edc-4303-4929-b0c3-c2ec8632112e";"matched-live";"Kaynak satir toleransli coklu olcum birlestirmesiyle secildi.";"20.04.2026 22:53:00";"-25,38";"-0,73";"7,47";"active";"-25,38";"formula-alias";"1";"forward";"source:tm-name/token-prefix; target:tm-name:prefix6/token-prefix";"tolerance-mean";"primary";"start";"end";"6c629b49-bd8f-477b-86a5-ac2d1f157b6b";"";"1";"dual-alias";""
"hat";"4521";"154kV BOR - BOR OSB EİH";"BOR";"154";"e7efe6fe-ded5-4cc5-b269-49c8c3a3a89c,7626a510-3d75-49d7-82cc-d3acef11199c";"matched-live";"Kaynak satir toleransli coklu olcum birlestirmesiyle secildi.";"20.04.2026 22:53:00";"43,73";"-10,99";"13,26";"active";"43,73";"formula-alias";"1";"forward";"source:tm-name/exact; target:tm-name/exact";"tolerance-mean";"primary";"start";"end";"e7efe6fe-ded5-4cc5-b269-49c8c3a3a89c";"";"1";"dual-alias";""
"hat";"4522";"154kV TÜMOSAN - BOR OSB EİH";"TÜMOSAN";"154";"e5bfc197-e393-4335-8fe3-43d34a2bbf4c,ba422e9e-b552-4bb0-b874-5ced8f8c4030";"matched-live";"Kaynak satir toleransli coklu olcum birlestirmesiyle secildi.";"20.04.2026 22:53:00";"-57,92";"10,05";"32,66";"active";"-57,92";"formula-alias";"1";"reverse";"source:tm-name/exact; target:tm-name/exact";"tolerance-mean";"secondary";"end";"start";"e5bfc197-e393-4335-8fe3-43d34a2bbf4c";"yes";"1";"dual-alias";""
"hat";"4524";"154kV YAHYALI BAK RES - AKSU RES EİH";"YAHYALI BAK RES";"154";"febc2bc3-6156-444b-a47a-7743788a6249";"matched-live";"Kaynak satir toleransli coklu olcum birlestirmesiyle secildi.";"20.04.2026 22:53:00";"5,74";"8,84";"3,10";"active";"5,74";"formula-alias";"1";"forward";"source:tm-name:prefix6/alias-prefix; target:tm-name/exact";"latest-oriented";"primary";"start";"end";"febc2bc3-6156-444b-a47a-7743788a6249";"";"1";"dual-alias";""
"hat";"4526";"154kV YAHYALI BAK RES - KURTKAYASI RES EİH";"YAHYALI BAK RES";"154";"ff675594-1fcb-4c83-a0e8-7889ac039586";"matched-live";"Kaynak satir toleransli coklu olcum birlestirmesiyle secildi.";"20.04.2026 22:53:00";"-22,95";"-0,34";"6,75";"active";"-22,95";"formula-alias";"1";"forward";"source:tm-name:prefix6/alias-prefix; target:psse/token-prefix";"latest-oriented";"primary";"start";"end";"ff675594-1fcb-4c83-a0e8-7889ac039586";"";"1";"dual-alias";""
"hat";"4536";"154kV PINARBAŞI - ELBİSTAN TES EİH";"PINARBAŞI";"154";"ca383e05-1f22-4bde-ab1a-6887cc98d3c0";"matched-live";"Kaynak satir toleransli coklu olcum birlestirmesiyle secildi.";"20.04.2026 22:53:00";"0,96";"-5,23";"2,12";"active";"0,96";"formula-alias";"1";"forward";"source:tm-name/token-prefix; target:tm-name:prefix6/exact";"latest-oriented";"primary";"start";"end";"ca383e05-1f22-4bde-ab1a-6887cc98d3c0";"";"1";"dual-alias";""
"hat";"4537";"154kV ŞARKIŞLA - PINARBAŞI EİH";"ŞARKIŞLA";"154";"038e51b1-dfc6-4c99-9251-acee672802a6,992b337a-fe4d-4886-9fd9-b23f07d7dfdb";"matched-live";"Kaynak satir toleransli coklu olcum birlestirmesiyle secildi.";"20.04.2026 22:53:00";"-5,14";"-2,32";"2,26";"active";"-5,14";"formula-alias";"1";"reverse";"source:tm-name/token-prefix; target:tm-name/exact";"tolerance-mean";"secondary";"end";"start";"038e51b1-dfc6-4c99-9251-acee672802a6";"yes";"1";"dual-alias";""
"hat";"4599";"400kV BAĞLUM - KURŞUNLU - I EİH";"BAĞLUM";"400";"6212a69d-2c16-4e9d-b27d-8cb3070559d3";"matched-stale";"Kaynak satir toleransli coklu olcum birlestirmesiyle secildi ancak veri stale durumda.";"20.04.2026 22:46:00";"-88,76";"-6,93";"3,39";"active";"-88,76";"formula-alias";"1";"reverse";"source:tm-name/token-prefix; target:tm-name/exact";"latest-oriented";"secondary";"end";"start";"6212a69d-2c16-4e9d-b27d-8cb3070559d3";"";"1";"dual-alias";""
"hat";"4600";"400kV BAĞLUM - KURŞUNLU - II EİH";"BAĞLUM";"400";"4df527b9-7a36-4c56-b03c-97009670b795";"matched-live";"Kaynak satir toleransli coklu olcum birlestirmesiyle secildi.";"20.04.2026 22:53:00";"-88,78";"38,53";"3,68";"active";"-88,78";"formula-alias";"1";"forward";"source:tm-name/exact; target:tm-name/exact";"latest-oriented";"primary";"start";"end";"4df527b9-7a36-4c56-b03c-97009670b795";"";"1";"dual-alias";""
"hat";"4601";"400kV SİNCAN - KIRIKKALE DGKÇ EİH";"SİNCAN";"400";"d6f7529b-302c-4830-a4d7-c3895e7c1ffa,0c7ac670-b3db-4a41-aea2-b5cbab38f81a";"matched-live";"Kaynak satir toleransli coklu olcum birlestirmesiyle secildi.";"20.04.2026 22:53:00";"-167,08";"-73,58";"6,94";"active";"-167,08";"formula-alias";"1";"reverse";"source:ucte/novowel-exact; target:tm-name/exact";"tolerance-mean";"secondary";"end";"start";"d6f7529b-302c-4830-a4d7-c3895e7c1ffa";"yes";"1";"dual-alias";""
"hat";"4605";"400kV KIRIKKALE DGKÇ - İÇ ANADOLU DGKÇ EİH";"KIRIKKALE DGKÇ";"400";"c8056eea-7049-410c-b0db-f0fb29a0a009";"matched-live";"Kaynak satir toleransli coklu olcum birlestirmesiyle secildi.";"20.04.2026 23:20:00";"-243,43";"4,51";"9,26";"active";"-243,43";"formula-alias";"1";"reverse";"source:psse/token-prefix; target:psse:abbr5/exact";"latest-oriented";"secondary";"end";"start";"c8056eea-7049-410c-b0db-f0fb29a0a009";"";"1";"dual-alias";""
"hat";"4637";"400kV GÖLBAŞI - KAYAŞ EİH";"GÖLBAŞI";"400";"4571aaba-b5e8-4aa8-9ad7-280e7129009d,89958ea6-dd7a-4c28-bf0c-dbbf9a6baec8";"matched-live";"Kaynak satir toleransli coklu olcum birlestirmesiyle secildi.";"20.04.2026 22:53:00";"13,10";"-84,98";"3,27";"active";"13,10";"formula-alias";"1";"forward";"source:tm-name/exact; target:tm-name/exact";"tolerance-mean";"primary";"start";"end";"4571aaba-b5e8-4aa8-9ad7-280e7129009d";"";"1";"dual-alias";""
"hat";"4638";"154kV BAŞTAŞ - KAYAŞ EİH";"BAŞTAŞ";"154";"d84e984d-3784-4f61-8aeb-18843e081187";"matched-live";"Kaynak satir toleransli coklu olcum birlestirmesiyle secildi.";"20.04.2026 22:53:00";"-42,01";"-3,46";"16,86";"active";"-42,01";"formula-alias";"1";"forward";"source:tm-name/exact; target:tm-name/exact";"latest-oriented";"primary";"start";"end";"d84e984d-3784-4f61-8aeb-18843e081187";"";"1";"dual-alias";""
"hat";"4639";"154kV ÇİMPOR - KAYAŞ EİH";"ÇİMPOR";"154";"8edaba4a-d0e3-42f4-bde7-0830c629a796";"matched-live";"Kaynak satir toleransli coklu olcum birlestirmesiyle secildi.";"20.04.2026 22:52:00";"-13,50";"15,53";"8,23";"active";"-13,50";"formula-alias";"1";"forward";"source:tm-name/exact; target:tm-name/exact";"latest-oriented";"primary";"start";"end";"8edaba4a-d0e3-42f4-bde7-0830c629a796";"";"1";"dual-alias";""
"hat";"4641";"154kV MAMAK - KAYAŞ - II EİH";"MAMAK";"154";"7b5f9c93-71dd-4f59-a859-b1977221740e";"matched-live";"Kaynak satir toleransli coklu olcum birlestirmesiyle secildi.";"20.04.2026 23:18:00";"-0,08";"0,00";"0,03";"active";"-0,08";"formula-alias";"1";"forward";"source:tm-name/exact; target:tm-name/exact";"latest-oriented";"primary";"start";"end";"7b5f9c93-71dd-4f59-a859-b1977221740e";"";"1";"dual-alias";""
"hat";"4642";"154kV İMRAHOR - KAYAŞ - I EİH";"İMRAHOR";"154";"56cbe1e3-b6f0-416a-aac8-08924361f354";"matched-live";"Kaynak satir toleransli coklu olcum birlestirmesiyle secildi.";"20.04.2026 22:53:00";"-91,21";"6,84";"36,58";"active";"-91,21";"formula-alias";"1";"forward";"source:tm-name/exact; target:tm-name/exact";"latest-oriented";"primary";"start";"end";"56cbe1e3-b6f0-416a-aac8-08924361f354";"";"1";"dual-alias";""
"hat";"4643";"154kV İMRAHOR - KAYAŞ - II EİH";"İMRAHOR";"154";"85069447-93f1-46be-9bcf-55bd5d3ecbfc";"matched-live";"Kaynak satir toleransli coklu olcum birlestirmesiyle secildi.";"20.04.2026 22:53:00";"-125,19";"-1,03";"50,08";"active";"-125,19";"formula-alias";"1";"forward";"source:tm-name/exact; target:tm-name/exact";"latest-oriented";"primary";"start";"end";"85069447-93f1-46be-9bcf-55bd5d3ecbfc";"";"1";"dual-alias";""
"hat";"4648";"400kV KIRIKKALE DGKÇ - KAYAŞ - I EİH";"KIRIKKALE DGKÇ";"400";"32f0ead6-3ffc-423e-8b8a-7d2774429f38";"matched-live";"Kaynak satir toleransli coklu olcum birlestirmesiyle secildi.";"20.04.2026 22:52:00";"228,66";"-14,87";"8,71";"active";"228,66";"formula-alias";"1";"forward";"source:ucte/novowel-exact; target:tm-name/exact";"latest-oriented";"primary";"start";"end";"32f0ead6-3ffc-423e-8b8a-7d2774429f38";"";"1";"dual-alias";""
"hat";"4649";"400kV KIRIKKALE DGKÇ - KAYAŞ - II EİH";"KIRIKKALE DGKÇ";"400";"809e5f03-d036-4c57-8743-af8e3fb4bcf5";"matched-live";"Kaynak satir toleransli coklu olcum birlestirmesiyle secildi.";"20.04.2026 22:53:00";"230,44";"-15,26";"8,78";"active";"230,44";"formula-alias";"1";"forward";"source:ucte/novowel-exact; target:tm-name/exact";"latest-oriented";"primary";"start";"end";"809e5f03-d036-4c57-8743-af8e3fb4bcf5";"";"1";"dual-alias";""
"hat";"4653";"154kV TEMELLİ - POLATLI EİH";"TEMELLİ";"154";"029b6a89-324f-4248-8c99-79dbe085ee1c,2ce004bc-298b-4d77-a278-6679a0ea802d";"matched-live";"Kaynak satir toleransli coklu olcum birlestirmesiyle secildi.";"20.04.2026 22:53:00";"19,26";"-11,37";"6,58";"active";"19,26";"formula-alias";"1";"reverse";"source:tm-name/exact; target:tm-name/exact";"tolerance-mean";"secondary";"end";"start";"029b6a89-324f-4248-8c99-79dbe085ee1c";"yes";"1";"dual-alias";""
"hat";"4654";"154kV TEMELLİ - POLATLI ÇİMENTO EİH";"TEMELLİ";"154";"2b5cba2f-d35a-4499-82f7-d216f9d6bd0c,f5908a54-7ee8-426f-bbd2-e249bb0e1dd0";"matched-live";"Kaynak satir toleransli coklu olcum birlestirmesiyle secildi.";"20.04.2026 22:53:00";"9,83";"-8,92";"3,91";"active";"9,83";"formula-alias";"1";"reverse";"source:psse/token-prefix; target:tm-name/exact";"tolerance-mean";"secondary";"end";"start";"2b5cba2f-d35a-4499-82f7-d216f9d6bd0c";"yes";"1";"dual-alias";""
"hat";"4655";"154kV POLATLI - POLATLI ÇİMENTO EİH";"POLATLI";"154";"4af747d0-7ff6-460d-a321-7fab765d1b65,9ade1822-a6d8-49ef-a25c-c723bc9231fd";"matched-live";"Kaynak satir toleransli coklu olcum birlestirmesiyle secildi.";"20.04.2026 22:53:00";"-1,24";"6,57";"1,97";"active";"-1,24";"candidate-side";"1";"forward";"sourceSide:start; targetSide:end; slot:primary";"tolerance-mean";"primary";"start";"end";"4af747d0-7ff6-460d-a321-7fab765d1b65";"";"1";"source-side";""
"hat";"4687";"400kV YEŞİLHİSAR - KOZAN HAVZA - II EİH";"YEŞİLHİSAR";"400";"5b3fff56-01da-4a30-8cf3-24138f0228b6,c00d01a1-2630-48f5-a318-4500a8befc6c";"matched-live";"Kaynak satir toleransli coklu olcum birlestirmesiyle secildi.";"20.04.2026 22:53:00";"-268,90";"59,79";"10,47";"active";"-268,90";"formula-alias";"-1";"reverse";"source:tm-name:trim/alias-prefix; target:tm-name:abbr5/alias-prefix";"tolerance-mean";"secondary";"end";"start";"5b3fff56-01da-4a30-8cf3-24138f0228b6";"yes";"-1";"dual-alias";""
"hat";"4740";"154kV BÜSAN - KARATAY EİH";"BÜSAN";"154";"5c4a56b5-41e1-4693-a497-7a0b630dc09b";"matched-live";"Kaynak satir toleransli coklu olcum birlestirmesiyle secildi.";"20.04.2026 22:53:00";"-72,82";"9,71";"21,61";"active";"-72,82";"formula-alias";"1";"forward";"source:tm-name/exact; target:tm-name/exact";"latest-oriented";"primary";"start";"end";"5c4a56b5-41e1-4693-a497-7a0b630dc09b";"";"1";"dual-alias";""
"hat";"4834";"154kV CİHANBEYLİ - ALTINEKİN EİH";"CİHANBEYLİ";"154";"d722805a-06ce-434c-acbf-9dcbce28da3e,2a74ec7d-c294-48e8-8bb2-34454e557d95";"matched-live";"Kaynak satir toleransli coklu olcum birlestirmesiyle secildi.";"20.04.2026 22:53:00";"-17,61";"2,54";"5,23";"active";"-17,61";"formula-alias";"1";"reverse";"source:tm-name:prefix6/alias-prefix; target:tm-name/token-prefix";"same-value";"secondary";"end";"start";"d722805a-06ce-434c-acbf-9dcbce28da3e";"yes";"1";"dual-alias";""
"hat";"4838";"154kV BÜSAN - KONYA OSB - I EİH";"BÜSAN";"154";"5ea79bac-4baf-41a5-a215-c1d48f93f026,6d5221de-194f-4b76-aaa2-644743ada0e1";"matched-live";"Kaynak satir toleransli coklu olcum birlestirmesiyle secildi.";"20.04.2026 22:53:00";"23,07";"-8,34";"7,22";"active";"23,07";"formula-alias";"1";"forward";"source:tm-name/exact; target:tm-name/token-prefix";"tolerance-mean";"primary";"start";"end";"5ea79bac-4baf-41a5-a215-c1d48f93f026";"";"1";"dual-alias";""
"hat";"4839";"154kV BÜSAN - KONYA OSB - II EİH";"BÜSAN";"154";"89684bd0-1d90-426e-910b-9471108edd29,7c48d582-ba36-45df-9ad6-0402551153a5";"matched-live";"Kaynak satir toleransli coklu olcum birlestirmesiyle secildi.";"20.04.2026 22:53:00";"23,18";"-8,38";"7,25";"active";"23,18";"formula-alias";"1";"forward";"source:tm-name/exact; target:tm-name/token-prefix";"tolerance-mean";"primary";"start";"end";"89684bd0-1d90-426e-910b-9471108edd29";"";"1";"dual-alias";""
"hat";"4840";"154kV KAYACIK - BAĞLAR RES EİH";"KAYACIK";"154";"fb827e66-f30e-4ef6-90b6-a28891a8e5a4";"matched-live";"Kaynak satir toleransli coklu olcum birlestirmesiyle secildi.";"20.04.2026 23:22:00";"-3,80";"-4,11";"1,65";"active";"-3,80";"formula-alias";"1";"forward";"source:tm-name/exact; target:tm-name:prefix6/exact";"latest-oriented";"primary";"start";"end";"fb827e66-f30e-4ef6-90b6-a28891a8e5a4";"";"1";"dual-alias";""
"hat";"4841";"154kV BAĞLAR RES - ARDIÇLI RES EİH";"BAĞLAR RES";"154";"26332173-a2c2-4ff8-b6b1-ff746501d985";"matched-live";"Kaynak satir toleransli coklu olcum birlestirmesiyle secildi.";"20.04.2026 22:53:00";"-15,97";"1,47";"4,72";"active";"-15,97";"formula-alias";"1";"reverse";"source:tm-name/token-prefix; target:tm-name:prefix6/exact";"latest-oriented";"secondary";"end";"start";"26332173-a2c2-4ff8-b6b1-ff746501d985";"";"1";"dual-alias";""
"hat";"4909";"154kV NEVŞEHİR - AVANOS2 EİH";"NEVŞEHİR";"154";"ffd77e77-df1c-4890-af56-5b7d3b960bdd,9785c3ad-899e-4ffc-9226-968fc41d14ad";"matched-live";"Kaynak satir toleransli coklu olcum birlestirmesiyle secildi.";"20.04.2026 22:52:00";"-19,62";"0,90";"7,86";"active";"-19,62";"formula-alias";"1";"reverse";"source:tm-name:prefix6/exact; target:tm-name/exact";"tolerance-mean";"secondary";"end";"start";"ffd77e77-df1c-4890-af56-5b7d3b960bdd";"yes";"1";"dual-alias";""
"hat";"4921";"154kV KAZAN - KAZAN DGKÇ EİH";"KAZAN";"154";"688ec87b-611a-48af-944e-fcecc71d21ce";"matched-live";"Kaynak satir toleransli coklu olcum birlestirmesiyle secildi.";"20.04.2026 22:53:00";"-41,60";"-0,82";"12,24";"active";"-41,60";"formula-alias";"1";"reverse";"source:tm-name/token-prefix; target:tm-name/alias-prefix";"latest-oriented";"secondary";"end";"start";"688ec87b-611a-48af-944e-fcecc71d21ce";"";"1";"dual-alias";""
"hat";"4957";"154kV YAYSUN GES - EREĞLİ KONYA EİH";"YAYSUN GES";"154";"042dfc93-156e-4104-b564-2109c7a6eeb3,793992b6-a182-4b67-9b44-6bf8d8e1d119";"matched-live";"Kaynak satir toleransli coklu olcum birlestirmesiyle secildi.";"20.04.2026 22:53:00";"-5,50";"4,88";"2,16";"active";"-5,50";"formula-alias-single-target";"1";"reverse";"target:tm-name/token-prefix";"tolerance-mean";"secondary";"end";"start";"042dfc93-156e-4104-b564-2109c7a6eeb3";"yes";"1";"single-target";""
"hat";"5004";"154kV KARATAY - KARAPINAR EİH";"KARATAY";"154";"e903e7a7-2791-47af-ab0b-38f1dfeff8cd";"matched-live";"Kaynak satir toleransli coklu olcum birlestirmesiyle secildi.";"20.04.2026 22:53:00";"-61,83";"3,72";"22,12";"active";"-61,83";"formula-alias";"1";"reverse";"source:tm-name/token-prefix; target:tm-name/exact";"latest-oriented";"secondary";"end";"start";"e903e7a7-2791-47af-ab0b-38f1dfeff8cd";"";"1";"dual-alias";""
"hat";"5046";"154kV EŞMEKAYA - TÜMOSAN EİH";"EŞMEKAYA";"154";"2a97d53a-82be-40a1-806d-237b4ff9e045,c948f4c5-c81f-47fc-bbc3-0f64f9862833";"matched-live";"Kaynak satir toleransli coklu olcum birlestirmesiyle secildi.";"20.04.2026 22:53:00";"-21,69";"5,09";"6,55";"active";"-21,69";"formula-alias";"1";"forward";"source:tm-name/exact; target:tm-name/exact";"tolerance-mean";"primary";"start";"end";"2a97d53a-82be-40a1-806d-237b4ff9e045";"";"1";"dual-alias";""
"hat";"5047";"154kV EŞMEKAYA - KIZÖREN EİH";"EŞMEKAYA";"154";"9af69c26-e734-4c06-ac46-b60668c3b490,188b89bc-fbf4-410f-a4e5-ce99f2b21392";"matched-live";"Kaynak satir toleransli coklu olcum birlestirmesiyle secildi.";"20.04.2026 22:53:00";"3,71";"-1,16";"1,14";"active";"3,71";"formula-alias";"1";"forward";"source:tm-name/exact; target:tm-name/exact";"tolerance-mean";"primary";"start";"end";"9af69c26-e734-4c06-ac46-b60668c3b490";"";"1";"dual-alias";""
"hat";"5067";"400kV GÖLBAŞI - SİNCAN EİH";"GÖLBAŞI";"400";"5fd1911e-5ef8-49fa-9076-5bdfa194241e,95963c3b-0f13-48c2-a368-0d045d37d93a";"matched-live";"Kaynak satir toleransli coklu olcum birlestirmesiyle secildi.";"20.04.2026 22:53:00";"523,78";"-42,56";"19,98";"active";"523,78";"formula-alias-single-source";"1";"forward";"source:tm-name/exact";"tolerance-mean";"primary";"start";"end";"5fd1911e-5ef8-49fa-9076-5bdfa194241e";"";"1";"single-source";""
"hat";"5084";"154kV HOTAMIŞ - KARAPINAR EİH";"HOTAMIŞ";"154";"75d433bc-4076-4003-8718-8a5c3ecfef79,63932786-6733-47b8-8985-9ab9cdbad837";"matched-live";"Kaynak satir toleransli coklu olcum birlestirmesiyle secildi.";"20.04.2026 22:53:00";"-48,16";"3,08";"14,19";"active";"-48,16";"formula-alias";"1";"forward";"source:tm-name/exact; target:tm-name/token-prefix";"tolerance-mean";"primary";"start";"end";"75d433bc-4076-4003-8718-8a5c3ecfef79";"";"1";"dual-alias";""
"hat";"5133";"400kV KARATAY - KONYA KUZEY EİH";"KARATAY";"400";"1b548d3c-3614-4ed0-b92d-bce43f1db5b4,32000831-f18d-4fac-934d-b83d58e3a9f7";"matched-live";"Kaynak satir toleransli coklu olcum birlestirmesiyle secildi.";"20.04.2026 22:53:00";"408,80";"24,26";"15,57";"active";"408,80";"formula-alias";"1";"forward";"source:tm-name/exact; target:tm-name:prefix6/alias-prefix";"tolerance-mean";"primary";"start";"end";"1b548d3c-3614-4ed0-b92d-bce43f1db5b4";"";"1";"dual-alias";""
"hat";"5137";"154kV LADİK - KONYA KUZEY - II EİH";"LADİK";"154";"f7699aa1-c6ca-416e-85d9-e1b3d5325f61,11b30b78-2094-4b92-8508-bbd1967d44c6";"matched-live";"Kaynak satir toleransli coklu olcum birlestirmesiyle secildi.";"20.04.2026 22:52:00";"1,06";"1,76";"1,14";"active";"1,06";"formula-alias";"1";"reverse";"source:tm-name:prefix6/token-prefix; target:tm-name/exact";"tolerance-mean";"secondary";"end";"start";"f7699aa1-c6ca-416e-85d9-e1b3d5325f61";"yes";"1";"dual-alias";""
"hat";"5138";"154kV ALTINEKİN - KONYA KUZEY EİH";"ALTINEKİN";"154";"0e052abc-3508-4942-bfc6-a2257ca3472a,f632da58-aebb-4121-835a-ff8e68a161a2";"matched-live";"Kaynak satir toleransli coklu olcum birlestirmesiyle secildi.";"20.04.2026 22:53:00";"-17,69";"2,88";"5,27";"active";"-17,69";"formula-alias";"1";"forward";"source:tm-name:prefix6/alias-prefix; target:tm-name:prefix6/alias-prefix";"tolerance-mean";"primary";"start";"end";"0e052abc-3508-4942-bfc6-a2257ca3472a";"";"1";"dual-alias";""
"hat";"5147";"154kV LADİK - KONYA KUZEY - I EİH";"LADİK";"154";"87d17289-9c3f-45dc-9699-5bf492964a4e";"matched-live";"Kaynak satir toleransli coklu olcum birlestirmesiyle secildi.";"20.04.2026 22:52:00";"0,48";"0,67";"0,46";"active";"0,48";"formula-alias";"1";"reverse";"source:tm-name:prefix6/token-prefix; target:tm-name/exact";"latest-oriented";"secondary";"end";"start";"87d17289-9c3f-45dc-9699-5bf492964a4e";"";"1";"dual-alias";""
"hat";"5148";"154kV KONYA KUZEY - KONYA OSB - I EİH";"KONYA KUZEY";"154";"0a49da56-2ca0-48a8-8d54-9aa909d08c79,e0373d07-fe5b-46fc-b038-4a38fc1fab4c";"matched-live";"Kaynak satir toleransli coklu olcum birlestirmesiyle secildi.";"20.04.2026 22:53:00";"0,17";"1,21";"0,36";"active";"0,17";"formula-alias";"1";"forward";"source:tm-name:prefix6/token-prefix; target:tm-name:abbr6/exact";"tolerance-mean";"primary";"start";"end";"0a49da56-2ca0-48a8-8d54-9aa909d08c79";"";"1";"dual-alias";""
"hat";"5154";"154kV KONYA KUZEY - SELÇUKLU EİH";"KONYA KUZEY";"154";"a2f87c82-7d4a-45ca-b8ba-26b77918d0d6,0a12cbd9-b16d-4974-a486-6bae07996382";"matched-live";"Kaynak satir toleransli coklu olcum birlestirmesiyle secildi.";"20.04.2026 22:53:00";"60,85";"-0,40";"17,90";"active";"60,85";"formula-alias";"1";"forward";"source:tm-name:prefix6/token-prefix; target:tm-name/exact";"tolerance-mean";"primary";"start";"end";"a2f87c82-7d4a-45ca-b8ba-26b77918d0d6";"";"1";"dual-alias";""
"hat";"5155";"154kV KONYA KUZEY - KONYA OSB - II EİH";"KONYA KUZEY";"154";"84b066c1-8e44-4338-834e-21eace75b8e3,f452b8c1-ad90-406b-823a-f2e88be9e70a";"matched-live";"Kaynak satir toleransli coklu olcum birlestirmesiyle secildi.";"20.04.2026 22:53:00";"0,17";"1,21";"0,36";"active";"0,17";"formula-alias";"1";"forward";"source:tm-name:prefix6/token-prefix; target:tm-name:abbr6/exact";"tolerance-mean";"primary";"start";"end";"84b066c1-8e44-4338-834e-21eace75b8e3";"";"1";"dual-alias";""
"hat";"5156";"154kV KAYACIK - KONYA KUZEY EİH";"KAYACIK";"154";"d1c3c52f-0340-46c9-b670-c8fb2bb802c0";"matched-live";"Kaynak satir toleransli coklu olcum birlestirmesiyle secildi.";"20.04.2026 23:18:00";"12,65";"-5,11";"4,01";"active";"12,65";"formula-alias";"1";"forward";"source:tm-name/exact; target:tm-name:prefix6/alias-prefix";"latest-oriented";"primary";"start";"end";"d1c3c52f-0340-46c9-b670-c8fb2bb802c0";"";"1";"dual-alias";""
"hat";"5160";"154kV SENDİREMEKE - ÖKSÜT MADENCİLİK EİH";"SENDİREMEKE";"154";"132f4e92-c9eb-40ff-ba8a-1e07734f5b69,6d0dd116-bcab-4573-a260-0c620ee468ba";"matched-live";"Kaynak satir toleransli coklu olcum birlestirmesiyle secildi.";"20.04.2026 22:53:00";"-72,11";"2,45";"21,22";"active";"-72,11";"formula-alias-single-target";"1";"reverse";"target:tm-name:novowel/novowel-token-prefix";"tolerance-mean";"secondary";"end";"start";"132f4e92-c9eb-40ff-ba8a-1e07734f5b69";"yes";"1";"single-target";""
"hat";"5164";"154kV YAZIR - KONYA KUZEY EİH";"YAZIR";"154";"f97e39f5-275e-4f43-bdea-2fc3d220e4f8,7ed90811-ca99-498d-a02d-630ca4d984fd";"matched-live";"Kaynak satir toleransli coklu olcum birlestirmesiyle secildi.";"20.04.2026 22:53:00";"-60,07";"1,71";"17,67";"active";"-60,07";"formula-alias";"1";"reverse";"source:tm-name:prefix6/token-prefix; target:tm-name/exact";"tolerance-mean";"secondary";"end";"start";"f97e39f5-275e-4f43-bdea-2fc3d220e4f8";"yes";"1";"dual-alias";""
"hat";"5171";"154kV ERENKÖY - SELÇUKLU EİH";"ERENKÖY";"154";"31824126-11c6-4e15-a322-af89bb4b3a30,4d1c3d6a-5836-47b7-a3f5-57f399a0835d";"matched-live";"Kaynak satir toleransli coklu olcum birlestirmesiyle secildi.";"20.04.2026 22:53:00";"-39,95";"-2,14";"11,77";"active";"-39,95";"formula-alias";"1";"forward";"source:tm-name/exact; target:tm-name/exact";"tolerance-mean";"primary";"start";"end";"31824126-11c6-4e15-a322-af89bb4b3a30";"";"1";"dual-alias";""
"hat";"5258";"154kV DDY ÇAYIRBAŞI - ADATOPRAKPINAR EİH";"DDY ÇAYIRBAŞI";"154";"0dac5cfb-d6e8-42f8-8654-3afddaa87b82,0dac5cfb-d6e8-42f8-8654-3afddaa87b82";"matched-stale";"Kaynak satir toleransli coklu olcum birlestirmesiyle secildi ancak veri stale durumda.";"20.04.2026 14:50:00";"0,00";"0,00";"0,00";"active";"0,00";"formula-alias";"-1";"forward";"source:tm-name/token-prefix; target:ucte/alias-prefix";"same-value";"secondary";"end";"start";"0dac5cfb-d6e8-42f8-8654-3afddaa87b82";"yes";"-1";"dual-alias";""
"hat";"5259";"154kV KOCAHACILI - ADATOPRAKPINAR EİH";"DDY KOCAHACILI";"154";"f822aa2c-0411-4aac-96d2-247a1ea66d3b";"matched-live";"Kaynak satir toleransli coklu olcum birlestirmesiyle secildi.";"20.04.2026 22:53:00";"-42,50";"-0,48";"12,50";"active";"-42,50";"formula-alias";"1";"reverse";"source:ucte/alias-prefix; target:psse/token-prefix";"latest-oriented";"secondary";"end";"start";"f822aa2c-0411-4aac-96d2-247a1ea66d3b";"";"1";"dual-alias";""
"hat";"5286";"154kV YAHYALI BAK RES - YAHYALI SANCAK RES EİH";"YAHYALI BAK RES";"154";"4b21c2bd-3b82-401c-abb8-db6eb792c5ce";"matched-live";"Kaynak satir toleransli coklu olcum birlestirmesiyle secildi.";"20.04.2026 22:53:00";"-14,44";"-0,22";"4,25";"active";"-14,44";"candidate-side";"1";"forward";"sourceSide:start; targetSide:end; slot:primary";"latest-oriented";"primary";"start";"end";"4b21c2bd-3b82-401c-abb8-db6eb792c5ce";"";"1";"source-side";""
"hat";"5288";"154kV YAHYALI BAK RES - ÖKSÜT MADENCİLİK EİH";"YAHYALI BAK RES";"154";"6daad511-95a3-42e8-bfe6-cb3141a2520b,30c63a39-0580-4197-9d53-1c826d5d71ac";"matched-live";"Kaynak satir toleransli coklu olcum birlestirmesiyle secildi.";"20.04.2026 22:53:00";"74,43";"-2,92";"21,91";"active";"74,43";"candidate-side";"1";"reverse";"sourceSide:end; targetSide:start; slot:secondary";"tolerance-mean";"secondary";"end";"start";"6daad511-95a3-42e8-bfe6-cb3141a2520b";"yes";"1";"source-side";""
"hat";"5327";"154kV KIZILIRMAK -> KIRIKKALE - KESİKKÖPRÜ HES EİH";"KIZILIRMAK";"154";"98255ef8-64a2-400f-a712-7b1159a9fc95";"matched-live";"Kaynak satir tekil olarak eslesti.";"20.04.2026 22:53:00";"19,29";"-5,12";"7,98";"active";"19,29";"formula-alias-single-source";"1";"forward";"source:tm-name/token-prefix";"single-candidate";"primary";"start";"end";"98255ef8-64a2-400f-a712-7b1159a9fc95";"";"1";"single-source";""
"hat";"5335";"154kV KIZILIRMAK - ŞEREFLİKOÇHİSAR EİH";"KIZILIRMAK";"154";"92351449-ac99-428a-807c-211c83ea9cef,024ef306-29eb-4430-b10f-55a019b21fe9";"matched-live";"Kaynak satir toleransli coklu olcum birlestirmesiyle secildi.";"20.04.2026 22:53:00";"-13,53";"-2,56";"4,05";"active";"-13,53";"formula-alias";"1";"forward";"source:tm-name/token-prefix; target:psse:abbr5/alias-prefix";"tolerance-mean";"primary";"start";"end";"92351449-ac99-428a-807c-211c83ea9cef";"";"1";"dual-alias";""
"hat";"5336";"154kV KIZILIRMAK - KULU EİH";"KIZILIRMAK";"154";"a92a6a91-4f2c-4814-8711-8a3fabac19a1,a161af43-7e4a-430a-9a08-b994cb0e058d";"matched-live";"Kaynak satir toleransli coklu olcum birlestirmesiyle secildi.";"20.04.2026 22:53:00";"40,37";"-2,15";"11,89";"active";"40,37";"formula-alias";"1";"forward";"source:tm-name/token-prefix; target:tm-name/exact";"tolerance-mean";"primary";"start";"end";"a92a6a91-4f2c-4814-8711-8a3fabac19a1";"";"1";"dual-alias";""
"hat";"5337";"154kV HİRFANLI HES - KIZILIRMAK - I EİH";"HİRFANLI HES";"154";"cc4fc0a5-ca94-46d9-b10f-0de97255783e";"matched-live";"Kaynak satir tekil olarak eslesti.";"20.04.2026 22:53:00";"8,88";"-0,16";"2,61";"active";"8,88";"formula-alias";"1";"reverse";"source:tm-name/token-prefix; target:tm-name:trim/token-prefix";"single-candidate";"secondary";"end";"start";"cc4fc0a5-ca94-46d9-b10f-0de97255783e";"";"1";"dual-alias";""
"hat";"5338";"154kV HİRFANLI HES - KIZILIRMAK - II EİH";"HİRFANLI HES";"154";"df2a8209-e58d-449c-a665-e7fc323b191e";"matched-live";"Kaynak satir tekil olarak eslesti.";"20.04.2026 22:53:00";"7,80";"-0,25";"2,30";"active";"7,80";"formula-alias";"1";"reverse";"source:tm-name/token-prefix; target:tm-name:trim/token-prefix";"single-candidate";"secondary";"end";"start";"df2a8209-e58d-449c-a665-e7fc323b191e";"";"1";"dual-alias";""
"hat";"5341";"154kV KIZILIRMAK - KIRŞEHİR EİH";"KIZILIRMAK";"154";"c9d382d1-f8f3-4233-a1d6-76f72e1cdb6d";"matched-live";"Kaynak satir toleransli coklu olcum birlestirmesiyle secildi.";"20.04.2026 22:53:00";"-61,58";"13,87";"35,07";"active";"-61,58";"formula-alias";"1";"forward";"source:tm-name/token-prefix; target:tm-name/exact";"latest-oriented";"primary";"start";"end";"c9d382d1-f8f3-4233-a1d6-76f72e1cdb6d";"";"1";"dual-alias";""
"hat";"5358";"154kV DDY A.PINARBAŞI - MUTLU5 RES EİH";"DDY A.PINARBAŞI";"154";"1584cc8c-8360-4cde-8eeb-ebe775f492f3";"matched-live";"Kaynak satir toleransli coklu olcum birlestirmesiyle secildi.";"20.04.2026 22:52:00";"-12,36";"4,28";"3,85";"active";"-12,36";"formula-alias";"1";"reverse";"source:tm-name/token-prefix; target:psse/token-prefix";"latest-oriented";"secondary";"end";"start";"1584cc8c-8360-4cde-8eeb-ebe775f492f3";"";"1";"dual-alias";""
"hat";"5359";"154kV DDY GÖZLÜ - MUTLU5 RES EİH";"DDY GÖZLÜ";"154";"affaac70-d139-465f-a7db-dca288d04560";"matched-live";"Kaynak satir toleransli coklu olcum birlestirmesiyle secildi.";"20.04.2026 22:53:00";"-26,91";"0,93";"7,92";"active";"-26,91";"formula-alias";"1";"reverse";"source:tm-name/token-prefix; target:tm-name/exact";"latest-oriented";"secondary";"end";"start";"affaac70-d139-465f-a7db-dca288d04560";"";"1";"dual-alias";""
"hat";"5398";"154kV KARAPINAR - KARAPINAR ACIGÖL GES - I EİH";"KARAPINAR";"154";"13bd0a22-1695-453a-a818-c61708ffac6f";"matched-stale";"Kaynak satir toleransli coklu olcum birlestirmesiyle secildi ancak veri stale durumda.";"20.04.2026 22:45:00";"-57,84";"4,34";"17,06";"active";"-57,84";"candidate-side";"1";"forward";"sourceSide:start; targetSide:end; slot:primary";"latest-oriented";"primary";"start";"end";"13bd0a22-1695-453a-a818-c61708ffac6f";"";"1";"source-side";""
"hat";"5399";"154kV KARAPINAR - KARAPINAR ACIGÖL GES - II EİH";"KARAPINAR";"154";"e689bf6f-2b3d-49fe-a4a9-f8e7eddb430c";"matched-stale";"Kaynak satir toleransli coklu olcum birlestirmesiyle secildi ancak veri stale durumda.";"20.04.2026 22:43:00";"-48,05";"3,53";"14,17";"active";"-48,05";"candidate-side";"1";"forward";"sourceSide:start; targetSide:end; slot:primary";"latest-oriented";"primary";"start";"end";"e689bf6f-2b3d-49fe-a4a9-f8e7eddb430c";"";"1";"source-side";""
"hat";"5400";"154kV KARAMAN OSB - TEKSİN GES EİH";"KARAMAN OSB";"154";"c326c55f-a7c8-43fa-b461-72004bef4045,feb2268a-b3f1-4a2d-ae7a-671f238a62b5";"matched-live";"Kaynak satir toleransli coklu olcum birlestirmesiyle secildi.";"20.04.2026 22:53:00";"-113,58";"13,77";"33,65";"active";"-113,58";"formula-alias";"1";"forward";"source:tm-name/token-prefix; target:tm-name/token-prefix";"tolerance-mean";"primary";"start";"end";"c326c55f-a7c8-43fa-b461-72004bef4045";"";"1";"dual-alias";""
"hat";"5405";"154kV AKYEL 1 RES - TEKSİN GES EİH";"AKYEL 1 RES";"154";"de538b99-bb59-4df3-abe5-85d296cadc4e,74665387-d1c4-48aa-8324-df15ed35ff9d";"matched-live";"Kaynak satir toleransli coklu olcum birlestirmesiyle secildi.";"20.04.2026 22:53:00";"106,66";"-10,13";"31,51";"active";"106,66";"formula-alias";"1";"forward";"source:ucte/exact; target:tm-name/exact";"tolerance-mean";"primary";"start";"end";"de538b99-bb59-4df3-abe5-85d296cadc4e";"";"1";"dual-alias";""
"hat";"5419";"154kV KUYULUKOYAK RES - LADİK EİH";"KUYULUKOYAK RES";"154";"3b209f74-b2e4-4a2b-b198-a4ae7f26368d";"matched-live";"Kaynak satir toleransli coklu olcum birlestirmesiyle secildi.";"20.04.2026 22:53:00";"2,30";"0,52";"0,69";"active";"2,30";"formula-alias";"1";"forward";"source:tm-name/token-prefix; target:tm-name/exact";"latest-oriented";"primary";"start";"end";"3b209f74-b2e4-4a2b-b198-a4ae7f26368d";"";"1";"dual-alias";""
"hat";"5436";"154kV ÇAMINBAŞI RES - KUYULUKOYAK RES EİH";"ÇAMINBAŞI RES";"154";"e9a596e7-7b7a-4503-8693-898d87cde051,d780a641-32ce-4d89-8a24-31034c917510";"matched-live";"Kaynak satir toleransli coklu olcum birlestirmesiyle secildi.";"20.04.2026 22:53:00";"1,51";"0,26";"0,45";"active";"1,51";"formula-alias";"1";"forward";"source:tm-name/token-prefix; target:tm-name:prefix6/alias-prefix";"tolerance-mean";"primary";"start";"end";"e9a596e7-7b7a-4503-8693-898d87cde051";"";"1";"dual-alias";""
"hat";"5474";"154kV KARGI HES - GÜRSÖĞÜT HES EİH";"KARGI HES";"154";"8f84cc26-a735-49d1-bf9c-b7f7b9732e42";"matched-live";"Kaynak satir toleransli coklu olcum birlestirmesiyle secildi.";"20.04.2026 22:53:00";"-20,51";"-10,77";"6,81";"active";"-20,51";"formula-alias";"1";"reverse";"source:tm-name:trim/exact; target:tm-name/exact";"latest-oriented";"secondary";"end";"start";"8f84cc26-a735-49d1-bf9c-b7f7b9732e42";"";"1";"dual-alias";""
"hat";"5479";"154kV HACILAR - ATAKALE RES EİH";"HACILAR";"154";"a236fe41-e795-4724-957d-6c802e01d3e4,e1de9eec-c369-49e0-8783-708f802fb767";"matched-live";"Kaynak satir toleransli coklu olcum birlestirmesiyle secildi.";"20.04.2026 22:52:00";"-21,59";"-0,60";"8,64";"active";"-21,59";"formula-alias";"1";"reverse";"source:tm-name/token-prefix; target:tm-name/exact";"tolerance-mean";"secondary";"end";"start";"a236fe41-e795-4724-957d-6c802e01d3e4";"yes";"1";"dual-alias";""
"hat";"5493";"154kV DDY ÇAYIRBAŞI - ALTINOVA EİH";"DDY ÇAYIRBAŞI";"154";"a2884cf9-1a7d-4f83-afe1-41a3fa3a37e4";"matched-live";"Kaynak satir toleransli coklu olcum birlestirmesiyle secildi.";"20.04.2026 22:53:00";"-20,53";"-4,07";"6,16";"active";"-20,53";"formula-alias";"1";"reverse";"source:tm-name/exact; target:tm-name/token-prefix";"latest-oriented";"secondary";"end";"start";"a2884cf9-1a7d-4f83-afe1-41a3fa3a37e4";"";"1";"dual-alias";""
"hat";"5495";"154kV ALTINOVA - YUNAK EİH";"ALTINOVA";"154";"99688e3e-b3aa-4853-8884-957fd79eaabc";"matched-live";"Kaynak satir toleransli coklu olcum birlestirmesiyle secildi.";"20.04.2026 22:53:00";"6,50";"-0,53";"1,92";"active";"6,50";"formula-alias";"1";"forward";"source:tm-name/exact; target:tm-name/exact";"latest-oriented";"primary";"start";"end";"99688e3e-b3aa-4853-8884-957fd79eaabc";"";"1";"dual-alias";""
"hat";"5517";"154kV KIZILIRMAK -> ATAKALE RES - KESİKKÖPRÜ HES EİH";"KIZILIRMAK";"154";"c4b98ef2-d744-425f-93b2-1dcb04fb104c";"matched-live";"Kaynak satir tekil olarak eslesti.";"20.04.2026 22:53:00";"13,89";"-5,38";"5,32";"active";"13,89";"formula-alias-single-source";"1";"forward";"source:tm-name/token-prefix";"single-candidate";"primary";"start";"end";"c4b98ef2-d744-425f-93b2-1dcb04fb104c";"";"1";"single-source";""
"hat";"5518";"154kV ATAKALE RES -> KESİKKÖPRÜ HES - KIZILIRMAK EİH";"ATAKALE RES";"154";"f6b5fe96-51d6-43be-946d-b03b1cf1c1d5";"matched-live";"Kaynak satir tekil olarak eslesti.";"20.04.2026 22:52:00";"-19,59";"4,89";"8,08";"active";"-19,59";"formula-alias";"1";"forward";"source:tm-name/token-prefix; target:tm-name/token-prefix";"single-candidate";"primary";"start";"end";"f6b5fe96-51d6-43be-946d-b03b1cf1c1d5";"";"1";"dual-alias";""
"hat";"5531";"154kV GÜNEYSINIR - MAVİ HES EİH";"GÜNEYSINIR";"154";"184f4c2c-c54a-489b-8986-4d4ec16f1874";"matched-live";"Kaynak satir toleransli coklu olcum birlestirmesiyle secildi.";"20.04.2026 22:53:00";"-1,80";"-3,11";"1,06";"active";"-1,80";"formula-alias";"1";"forward";"source:ucte/alias-prefix; target:tm-name/exact";"latest-oriented";"primary";"start";"end";"184f4c2c-c54a-489b-8986-4d4ec16f1874";"";"1";"dual-alias";""
"hat";"5580";"154kV EMİRLER - KULU EİH";"EMİRLER";"154";"95c5530d-a2a4-40b8-9de4-e6990879c5ed,d861c028-13c2-4c33-8c79-1d1fb2b061f3";"matched-live";"Kaynak satir toleransli coklu olcum birlestirmesiyle secildi.";"20.04.2026 22:53:00";"-49,68";"-3,87";"14,66";"active";"-49,68";"formula-alias";"1";"forward";"source:tm-name/exact; target:tm-name/exact";"tolerance-mean";"primary";"start";"end";"95c5530d-a2a4-40b8-9de4-e6990879c5ed";"";"1";"dual-alias";""
"hat";"5600";"154kV EŞMEKAYA - TUZGÖLÜ GEÇİCİ EİH";"EŞMEKAYA";"154";"012b7e6d-2c68-42d2-933b-15f512d0f202,012b7e6d-2c68-42d2-933b-15f512d0f202";"ambiguous-warning";"Coklu aday tolerans disi; ana aday gosteriliyor ve kayit uyarili isaretlendi.";"20.04.2026 22:52:00";"15,42";"-1,75";"4,56";"active";"15,42";"formula-alias";"1";"forward";"source:tm-name/exact; target:tm-name/token-prefix";"primary-conflict";"primary";"start";"end";"012b7e6d-2c68-42d2-933b-15f512d0f202";"";"1";"dual-alias";"yes"
"hat";"5607";"154kV KALECİK - DDY İZZETTİN EİH";"KALECİK";"154";"8334cacb-afa6-4028-b6ee-c54906dfc437";"matched-stale";"Kaynak satir toleransli coklu olcum birlestirmesiyle secildi ancak veri stale durumda.";"20.04.2026 22:26:00";"4,26";"-2,41";"1,44";"active";"4,26";"formula-alias";"1";"forward";"source:tm-name/exact; target:tm-name/token-prefix";"latest-oriented";"primary";"start";"end";"8334cacb-afa6-4028-b6ee-c54906dfc437";"";"1";"dual-alias";""
"hat";"5627";"400kV KARAPINAR MEKE GÖLÜ GES - KARATAY EİH";"KARAPINAR MEKE GÖLÜ GES";"400";"8d432216-f1fe-4ea0-8701-565ae6df6d0f,921de96a-fa4d-48f4-9bc9-9e518680ae55";"matched-live";"Kaynak satir toleransli coklu olcum birlestirmesiyle secildi.";"20.04.2026 22:52:00";"514,50";"38,64";"23,67";"active";"514,50";"formula-alias-single-target";"1";"forward";"target:tm-name/exact";"tolerance-mean";"primary";"start";"end";"8d432216-f1fe-4ea0-8701-565ae6df6d0f";"";"1";"single-target";""
"hat";"5628";"400kV KARAPINAR MEKE GÖLÜ GES - YEŞİLHİSAR EİH";"KARAPINAR MEKE GÖLÜ GES";"400";"dec614e3-c475-4538-9bf8-1db1f84215ba";"matched-live";"Kaynak satir toleransli coklu olcum birlestirmesiyle secildi.";"20.04.2026 22:53:00";"-213,47";"-17,79";"9,83";"active";"-213,47";"formula-alias-single-target";"1";"forward";"target:ucte/alias-prefix";"latest-oriented";"primary";"start";"end";"dec614e3-c475-4538-9bf8-1db1f84215ba";"";"1";"single-target";""
"hat";"5648";"154kV AKKÖPRÜ - HASKÖY EİH";"AKKÖPRÜ";"154";"a4214ab4-f563-4ca0-a641-f2aa0f543456";"matched-live";"Kaynak satir toleransli coklu olcum birlestirmesiyle secildi.";"20.04.2026 22:53:00";"-48,50";"-4,00";"19,47";"active";"-48,50";"formula-alias";"1";"reverse";"source:tm-name/exact; target:tm-name/exact";"latest-oriented";"secondary";"end";"start";"a4214ab4-f563-4ca0-a641-f2aa0f543456";"";"1";"dual-alias";""
"hat";"5649";"154kV AKKÖPRÜ - MACUNKÖY - II EİH";"AKKÖPRÜ";"154";"bc46f783-3edb-4fbb-8713-03d71fda7e58";"matched-live";"Kaynak satir toleransli coklu olcum birlestirmesiyle secildi.";"20.04.2026 22:53:00";"-42,46";"11,22";"12,92";"active";"-42,46";"formula-alias-single-source";"1";"reverse";"source:tm-name/exact";"latest-oriented";"secondary";"end";"start";"bc46f783-3edb-4fbb-8713-03d71fda7e58";"";"1";"single-source";""
"hat";"5653";"154kV ÜMİTKÖY - ÇİĞDEM EİH";"ÜMİTKÖY";"154";"afe10a70-46a7-45ec-9994-668183f57993,2ca5aae5-0d37-4088-b10e-a14eed4ed639";"matched-live";"Kaynak satir toleransli coklu olcum birlestirmesiyle secildi.";"20.04.2026 22:53:00";"19,40";"-13,01";"9,34";"active";"19,40";"formula-alias";"1";"reverse";"source:tm-name/exact; target:tm-name/exact";"tolerance-mean";"secondary";"end";"start";"afe10a70-46a7-45ec-9994-668183f57993";"yes";"1";"dual-alias";""
"hat";"5654";"154kV ÜMİTKÖY - BİLKENT EİH";"ÜMİTKÖY";"154";"eb21484c-8c8a-473a-84ea-30541a788801";"matched-live";"Kaynak satir toleransli coklu olcum birlestirmesiyle secildi.";"20.04.2026 22:53:00";"46,17";"-17,00";"19,68";"active";"46,17";"formula-alias";"1";"forward";"source:tm-name/exact; target:tm-name:prefix6/alias-prefix";"latest-oriented";"primary";"start";"end";"eb21484c-8c8a-473a-84ea-30541a788801";"";"1";"dual-alias";""
"hat";"5655";"154kV ÇİĞDEM - BİLKENT EİH";"ÇİĞDEM";"154";"e2399714-87dc-415c-b4cb-f1b7469b61ef,02f95310-1def-47f0-81a6-3ba7dd318979";"matched-live";"Kaynak satir toleransli coklu olcum birlestirmesiyle secildi.";"20.04.2026 22:53:00";"18,41";"-0,48";"7,37";"active";"18,41";"formula-alias";"1";"reverse";"source:tm-name:prefix6/alias-prefix; target:tm-name/exact";"tolerance-mean";"secondary";"end";"start";"e2399714-87dc-415c-b4cb-f1b7469b61ef";"yes";"1";"dual-alias";""
"hat";"5677";"400kV İÇ ANADOLU DGKÇ - BOZOK EİH";"İÇ ANADOLU DGKÇ";"400";"d28a4615-c063-4c24-86af-86fedcf494e6,48d87d71-7ed7-4ae5-88a0-e324067272f8";"matched-live";"Kaynak satir toleransli coklu olcum birlestirmesiyle secildi.";"20.04.2026 22:53:00";"-437,96";"28,02";"16,69";"active";"-437,96";"formula-alias";"1";"reverse";"source:tm-name/alias-prefix; target:tm-name/token-prefix";"tolerance-mean";"secondary";"end";"start";"d28a4615-c063-4c24-86af-86fedcf494e6";"yes";"1";"dual-alias";""
"hat";"5686";"154kV AKKÖPRÜ - MALTEPE EİH";"AKKÖPRÜ";"154";"848f8cbc-806a-47be-b071-ba5af9cc7af3";"matched-live";"Kaynak satir toleransli coklu olcum birlestirmesiyle secildi.";"20.04.2026 22:53:00";"135,25";"-14,75";"54,42";"active";"135,25";"formula-alias";"1";"reverse";"source:psse/token-prefix; target:tm-name/exact";"latest-oriented";"secondary";"end";"start";"848f8cbc-806a-47be-b071-ba5af9cc7af3";"";"1";"dual-alias";""
"hat";"5687";"154kV SİNCAN - AKKÖPRÜ EİH";"SİNCAN";"154";"cc42e7a8-b53b-4aec-9f06-30d594677381";"matched-live";"Kaynak satir toleransli coklu olcum birlestirmesiyle secildi.";"20.04.2026 22:53:00";"25,11";"3,52";"10,14";"active";"25,11";"formula-alias";"1";"forward";"source:tm-name/exact; target:tm-name/exact";"latest-oriented";"primary";"start";"end";"cc42e7a8-b53b-4aec-9f06-30d594677381";"";"1";"dual-alias";""
"hat";"5689";"154kV BOZOK - YOZGAT - II EİH";"BOZOK";"154";"246f5b7b-5b5d-4f49-9c8a-e1862bba3db9,8343ab0d-cd5b-4a30-bb8e-9767fa108c1d";"matched-live";"Kaynak satir toleransli coklu olcum birlestirmesiyle secildi.";"20.04.2026 22:53:00";"20,91";"-5,10";"8,61";"active";"20,91";"formula-alias";"1";"forward";"source:tm-name/alias-prefix; target:tm-name/exact";"tolerance-mean";"primary";"start";"end";"246f5b7b-5b5d-4f49-9c8a-e1862bba3db9";"";"1";"dual-alias";""
"hat";"5690";"154kV BOZOK - SORGUN EİH";"BOZOK";"154";"299cb9a0-42f2-4171-98f6-bbc74717d900,79766c45-b38a-4397-a2bf-6261c5ab5623";"matched-live";"Kaynak satir toleransli coklu olcum birlestirmesiyle secildi.";"20.04.2026 22:53:00";"-1,22";"-15,91";"6,38";"active";"-1,22";"formula-alias";"1";"forward";"source:tm-name/alias-prefix; target:tm-name/exact";"tolerance-mean";"primary";"start";"end";"299cb9a0-42f2-4171-98f6-bbc74717d900";"";"1";"dual-alias";""
"hat";"5693";"154kV BOZOK - YOZGAT - I EİH";"BOZOK";"154";"ca20dc9f-4ca7-42d5-9b42-8166cae87695,dbbcbec0-2d26-4c32-9ed3-2bb6a2f2cec2";"matched-live";"Kaynak satir toleransli coklu olcum birlestirmesiyle secildi.";"20.04.2026 22:53:00";"31,43";"-8,84";"18,14";"active";"31,43";"formula-alias";"1";"forward";"source:tm-name/alias-prefix; target:tm-name/exact";"tolerance-mean";"primary";"start";"end";"ca20dc9f-4ca7-42d5-9b42-8166cae87695";"";"1";"dual-alias";""
"hat";"5694";"154kV BOZOK - ALACA EİH";"BOZOK";"154";"8bc96056-c8b4-4f5d-9841-7fe3b72c3114,8f167ea1-ceb2-464a-8084-e7b898cc9cfc";"matched-live";"Kaynak satir toleransli coklu olcum birlestirmesiyle secildi.";"20.04.2026 22:53:00";"-2,69";"-9,59";"5,54";"active";"-2,69";"formula-alias";"1";"reverse";"source:tm-name/exact; target:tm-name/alias-prefix";"tolerance-mean";"secondary";"end";"start";"8bc96056-c8b4-4f5d-9841-7fe3b72c3114";"yes";"1";"dual-alias";""
"hat";"5695";"400kV ÜRGÜP - ÇOBANBEYLİ EİH";"ÜRGÜP";"400";"b59cdcbb-fcd4-42b4-829c-cf76a0b4851c,f5795324-3d9a-4d05-bd5e-1abd8ee2d807";"matched-live";"Kaynak satir toleransli coklu olcum birlestirmesiyle secildi.";"20.04.2026 22:53:00";"-769,90";"59,87";"54,38";"active";"-769,90";"formula-alias";"1";"reverse";"source:tm-name/token-prefix; target:tm-name/exact";"tolerance-mean";"secondary";"end";"start";"b59cdcbb-fcd4-42b4-829c-cf76a0b4851c";"yes";"1";"dual-alias";""
"hat";"5702";"400kV SİNCAN - ÜRGÜP - II EİH";"SİNCAN";"400";"575d5d0b-59cf-4994-bbd6-c3a56714d4e7";"matched-live";"Kaynak satir toleransli coklu olcum birlestirmesiyle secildi.";"20.04.2026 22:53:00";"-720,70";"7,51";"33,06";"active";"-720,70";"formula-alias";"1";"reverse";"source:tm-name/alias-prefix; target:tm-name/exact";"latest-oriented";"secondary";"end";"start";"575d5d0b-59cf-4994-bbd6-c3a56714d4e7";"";"1";"dual-alias";""
"hat";"5704";"154kV DERİNKUYU - ÜRGÜP - I EİH";"DERİNKUYU";"154";"748067ec-f937-47a9-b6d6-b5d64af41dca";"matched-live";"Kaynak satir toleransli coklu olcum birlestirmesiyle secildi.";"20.04.2026 22:53:00";"-17,85";"-0,78";"5,26";"active";"-17,85";"formula-alias";"1";"reverse";"source:tm-name/alias-prefix; target:tm-name/token-prefix";"latest-oriented";"secondary";"end";"start";"748067ec-f937-47a9-b6d6-b5d64af41dca";"";"1";"dual-alias";""
"hat";"5705";"154kV DERİNKUYU - ÜRGÜP - II EİH";"DERİNKUYU";"154";"0228b255-d3fc-4808-bd05-a3bb0c742d96,f0ade9cd-ac49-457f-a998-298f803bb769";"matched-live";"Kaynak satir toleransli coklu olcum birlestirmesiyle secildi.";"20.04.2026 22:53:00";"-17,67";"-4,51";"5,36";"active";"-17,67";"formula-alias";"1";"forward";"source:tm-name/token-prefix; target:tm-name/exact";"tolerance-mean";"primary";"start";"end";"0228b255-d3fc-4808-bd05-a3bb0c742d96";"";"1";"dual-alias";""
"hat";"5709";"154kV ÇİNKUR - ÜRGÜP - II EİH";"ÇİNKUR";"154";"30e63cf7-a760-4246-b2b4-775d84714e4f,9a8d3df8-54c8-42f9-9b49-7d34a18af544";"matched-live";"Kaynak satir toleransli coklu olcum birlestirmesiyle secildi.";"20.04.2026 22:53:00";"3,50";"-11,91";"6,89";"active";"3,50";"formula-alias";"1";"forward";"source:tm-name/exact; target:tm-name/exact";"tolerance-mean";"primary";"start";"end";"30e63cf7-a760-4246-b2b4-775d84714e4f";"";"1";"dual-alias";""
"hat";"5710";"154kV ÇİNKUR - ÜRGÜP - I EİH";"ÇİNKUR";"154";"dedae6b6-a26d-4291-b61a-f5fda3adcfa2,989f2013-b21f-4fea-85ec-45d1cbb23cab";"matched-live";"Kaynak satir toleransli coklu olcum birlestirmesiyle secildi.";"20.04.2026 22:53:00";"10,02";"-12,24";"6,33";"active";"10,02";"formula-alias";"1";"forward";"source:tm-name/exact; target:tm-name/exact";"tolerance-mean";"primary";"start";"end";"dedae6b6-a26d-4291-b61a-f5fda3adcfa2";"";"1";"dual-alias";""
"hat";"5711";"154kV KAYSERİ4 - ÜRGÜP EİH";"KAYSERİ4";"154";"768ad1f9-5890-4e95-9900-8c156f62821e";"matched-live";"Kaynak satir toleransli coklu olcum birlestirmesiyle secildi.";"20.04.2026 22:53:00";"-23,11";"-6,82";"9,64";"active";"-23,11";"formula-alias";"1";"reverse";"source:tm-name/alias-prefix; target:tm-name/exact";"latest-oriented";"secondary";"end";"start";"768ad1f9-5890-4e95-9900-8c156f62821e";"";"1";"dual-alias";""
"hat";"5713";"400kV SİNCAN - ÜRGÜP - I EİH";"SİNCAN";"400";"13210e6a-a236-4a5e-a7ce-e7863946aa41,8e01efb1-3a41-4842-bddd-c1cbede5a301";"matched-live";"Kaynak satir toleransli coklu olcum birlestirmesiyle secildi.";"20.04.2026 22:53:00";"-650,20";"94,90";"30,14";"active";"-650,20";"formula-alias";"1";"forward";"source:tm-name/exact; target:tm-name/exact";"tolerance-mean";"primary";"start";"end";"13210e6a-a236-4a5e-a7ce-e7863946aa41";"";"1";"dual-alias";""
"hat";"5726";"154kV BAYRAMHACILI HES - AVANOS2 EİH";"BAYRAMHACILI HES";"154";"73bc3d53-1d56-42da-a365-8424740407ff";"matched-live";"Kaynak satir toleransli coklu olcum birlestirmesiyle secildi.";"20.04.2026 23:02:00";"31,84";"-10,90";"13,46";"active";"31,84";"formula-alias";"1";"reverse";"source:tm-name:prefix6/exact; target:tm-name:prefix6/exact";"latest-oriented";"secondary";"end";"start";"73bc3d53-1d56-42da-a365-8424740407ff";"";"1";"dual-alias";""
"hat";"5727";"154kV KALABA - ÜRGÜP EİH";"KALABA";"154";"ff4e9e9b-5fcb-4676-9b53-6a91b9104276";"matched-live";"Kaynak satir toleransli coklu olcum birlestirmesiyle secildi.";"20.04.2026 22:53:00";"-17,10";"9,38";"10,83";"active";"-17,10";"formula-alias";"1";"reverse";"source:tm-name/alias-prefix; target:tm-name/exact";"latest-oriented";"secondary";"end";"start";"ff4e9e9b-5fcb-4676-9b53-6a91b9104276";"";"1";"dual-alias";""
"hat";"5728";"154kV DDY PAŞALI - KALABA EİH";"DDY PAŞALI";"154";"1e7d7775-11fb-42ef-ab93-20e1bce153da";"matched-live";"Kaynak satir toleransli coklu olcum birlestirmesiyle secildi.";"20.04.2026 22:52:00";"-2,04";"0,44";"0,61";"active";"-2,04";"formula-alias";"1";"reverse";"source:tm-name/exact; target:tm-name/token-prefix";"latest-oriented";"secondary";"end";"start";"1e7d7775-11fb-42ef-ab93-20e1bce153da";"";"1";"dual-alias";""
"hat";"5741";"154kV KAYSERİ KAPASİTÖR - AVANOS2 EİH";"KAYSERİ KAPASİTÖR";"154";"c6d8aa5c-53c2-4b20-9d41-99f525f452ae";"matched-live";"Kaynak satir toleransli coklu olcum birlestirmesiyle secildi.";"20.04.2026 22:53:00";"24,96";"-5,76";"10,25";"active";"24,96";"formula-alias";"1";"forward";"source:psse/token-prefix; target:tm-name:prefix6/exact";"latest-oriented";"primary";"start";"end";"c6d8aa5c-53c2-4b20-9d41-99f525f452ae";"";"1";"dual-alias";""
"hat";"5743";"154kV DERİNKUYU - NEVŞEHİR EİH";"DERİNKUYU";"154";"b63bb96c-1287-4d13-900e-5f9add433d3b,7b87a925-54a8-4212-ac46-a6a3b4a8205e";"matched-live";"Kaynak satir toleransli coklu olcum birlestirmesiyle secildi.";"20.04.2026 22:53:00";"8,72";"-1,91";"4,96";"active";"8,72";"formula-alias";"1";"forward";"source:tm-name/token-prefix; target:tm-name/exact";"tolerance-mean";"primary";"start";"end";"b63bb96c-1287-4d13-900e-5f9add433d3b";"";"1";"dual-alias";""
"hat";"5753";"154kV KARAMAN OSB - KARAMAN BES EİH";"KARAMAN OSB";"154";"d238d0a8-1183-4170-904d-fd0da5b1b4e7";"matched-live";"Kaynak satir toleransli coklu olcum birlestirmesiyle secildi.";"20.04.2026 22:53:00";"77,25";"-3,17";"22,74";"active";"77,25";"candidate-side";"1";"forward";"sourceSide:start; targetSide:end; slot:primary";"latest-oriented";"primary";"start";"end";"d238d0a8-1183-4170-904d-fd0da5b1b4e7";"";"1";"source-side";""
"hat";"5758";"154kV HADİM - GÜNEYSINIR EİH";"HADİM";"154";"fb8cc1a3-8b89-4fac-a5b1-0e19aea734e0";"matched-live";"Kaynak satir toleransli coklu olcum birlestirmesiyle secildi.";"20.04.2026 22:53:00";"88,73";"-7,37";"26,19";"active";"88,73";"formula-alias";"1";"reverse";"source:ucte/alias-prefix; target:tm-name/exact";"latest-oriented";"secondary";"end";"start";"fb8cc1a3-8b89-4fac-a5b1-0e19aea734e0";"";"1";"dual-alias";""
"hat";"5759";"154kV HADİM - KEPEZKAYA HAVZA EİH";"HADİM";"154";"f49e376b-05e6-4370-8fae-9acac97dffa0";"matched-live";"Kaynak satir toleransli coklu olcum birlestirmesiyle secildi.";"20.04.2026 22:53:00";"-77,05";"1,48";"22,66";"active";"-77,05";"formula-alias";"1";"reverse";"source:tm-name:trim/token-prefix; target:tm-name/exact";"latest-oriented";"secondary";"end";"start";"f49e376b-05e6-4370-8fae-9acac97dffa0";"";"1";"dual-alias";""
"hat";"5779";"154kV AKKÖPRÜ - MACUNKÖY - I EİH";"AKKÖPRÜ";"154";"f03cd452-d53d-4d3c-bbe7-3f2dc2446920";"matched-live";"Kaynak satir toleransli coklu olcum birlestirmesiyle secildi.";"20.04.2026 22:53:00";"-20,30";"-8,12";"6,43";"active";"-20,30";"formula-alias-single-source";"1";"reverse";"source:tm-name/exact";"latest-oriented";"secondary";"end";"start";"f03cd452-d53d-4d3c-bbe7-3f2dc2446920";"";"1";"single-source";""
"hat";"5782";"154kV KARAMAN - KARAMAN OSB EİH";"KARAMAN";"154";"afa4c823-2cec-47d0-beb7-d828b2241ca8,51e36798-b1d9-47c2-9fad-852b7158534b";"matched-live";"Kaynak satir toleransli coklu olcum birlestirmesiyle secildi.";"20.04.2026 22:53:00";"-18,29";"6,97";"5,76";"active";"-18,29";"candidate-side";"1";"forward";"sourceSide:start; targetSide:end; slot:primary";"tolerance-mean";"primary";"start";"end";"afa4c823-2cec-47d0-beb7-d828b2241ca8";"";"1";"source-side";""
"hat";"5810";"400kV BOZOK - REŞADİYE EİH";"BOZOK";"400";"fb82c106-3d46-4314-a393-c60cd3687e75,0ebe595a-8eb7-4b72-9bd6-a6aaf44f1fef";"matched-live";"Kaynak satir toleransli coklu olcum birlestirmesiyle secildi.";"20.04.2026 22:53:00";"-488,26";"57,40";"18,69";"active";"-488,26";"formula-alias";"1";"forward";"source:tm-name/alias-prefix; target:tm-name/exact";"tolerance-mean";"primary";"start";"end";"fb82c106-3d46-4314-a393-c60cd3687e75";"";"1";"dual-alias";""
"hat";"5818";"154kV BAĞLAR RES - KONYA KUZEY EİH";"BAĞLAR RES";"154";"212c54d2-3f7d-401d-b5a0-6ad9aa08977d";"matched-live";"Kaynak satir toleransli coklu olcum birlestirmesiyle secildi.";"20.04.2026 23:10:00";"56,61";"-4,85";"16,71";"active";"56,61";"formula-alias";"1";"forward";"source:tm-name/token-prefix; target:tm-name:prefix6/alias-prefix";"latest-oriented";"primary";"start";"end";"212c54d2-3f7d-401d-b5a0-6ad9aa08977d";"";"1";"dual-alias";""
"hat";"5832";"154kV DDY ÇAYDOĞAN - YERKÖY EİH";"DDY ÇAYDOĞAN";"154";"cefa976a-add5-4442-84ff-01c27b9b043b";"matched-live";"Kaynak satir toleransli coklu olcum birlestirmesiyle secildi.";"20.04.2026 22:53:00";"-0,27";"3,06";"0,90";"active";"-0,27";"formula-alias";"1";"reverse";"source:tm-name/exact; target:tm-name/token-substring";"latest-oriented";"secondary";"end";"start";"cefa976a-add5-4442-84ff-01c27b9b043b";"";"1";"dual-alias";""
"hat";"5846";"400kV ÜRGÜP - ELBİSTAN TES EİH";"ÜRGÜP";"400";"2cc1e1fa-3878-45b0-a275-6476373fa35b,0c5f0c91-d279-48b4-9fce-16babd4b30ae";"matched-live";"Kaynak satir toleransli coklu olcum birlestirmesiyle secildi.";"20.04.2026 22:53:00";"-695,73";"41,74";"49,08";"active";"-695,73";"formula-alias";"1";"reverse";"source:tm-name:trim/exact; target:tm-name/exact";"tolerance-mean";"secondary";"end";"start";"2cc1e1fa-3878-45b0-a275-6476373fa35b";"yes";"1";"dual-alias";""
"hat";"5847";"400kV GÖLBAŞI - KAYSERİ KAPASİTÖR KUZEY EİH";"GÖLBAŞI";"400";"b55a3335-882b-4923-bcdf-dd3f91676b64,27190e4e-79a2-4526-9121-88a9b40c424b";"matched-live";"Kaynak satir toleransli coklu olcum birlestirmesiyle secildi.";"20.04.2026 22:53:00";"-560,50";"116,62";"39,76";"active";"-560,50";"formula-alias";"1";"forward";"source:tm-name/exact; target:tm-name:prefix6/exact";"tolerance-mean";"primary";"start";"end";"b55a3335-882b-4923-bcdf-dd3f91676b64";"";"1";"dual-alias";""
"hat";"5848";"400kV GÖLBAŞI - KAYSERİ KAPASİTÖR GÜNEY EİH";"GÖLBAŞI";"400";"8437775c-10d7-4e24-80ec-48605d7b502f,a9fe2bbb-d341-4f5a-9915-c081f4a95735";"matched-live";"Kaynak satir toleransli coklu olcum birlestirmesiyle secildi.";"20.04.2026 22:53:00";"-570,26";"132,50";"40,66";"active";"-570,26";"formula-alias";"1";"forward";"source:tm-name/exact; target:tm-name:prefix6/exact";"tolerance-mean";"primary";"start";"end";"8437775c-10d7-4e24-80ec-48605d7b502f";"";"1";"dual-alias";""
"hat";"5857";"400kV KAYSERİ KAPASİTÖR - KEBAN ŞALT - I (KUZEY) EİH";"KAYSERİ KAPASİTÖR";"400";"76eca8a5-2dc0-46a9-9bcb-61a2fb383b0d";"matched-live";"Kaynak satir toleransli coklu olcum birlestirmesiyle secildi.";"20.04.2026 22:52:00";"-561,79";"112,83";"39,79";"active";"-561,79";"formula-alias";"1";"forward";"source:psse/token-prefix; target:tm-name:prefix6/token-prefix";"latest-oriented";"primary";"start";"end";"76eca8a5-2dc0-46a9-9bcb-61a2fb383b0d";"";"1";"dual-alias";""
"hat";"5858";"400kV KAYSERİ KAPASİTÖR - KEBAN ŞALT - II (GÜNEY) EİH";"KAYSERİ KAPASİTÖR";"400";"1cbec73f-1495-4267-91a2-0660b8348b3e";"matched-live";"Kaynak satir toleransli coklu olcum birlestirmesiyle secildi.";"20.04.2026 22:53:00";"-607,13";"166,69";"43,72";"active";"-607,13";"formula-alias";"1";"reverse";"source:ucte/alias-prefix; target:tm-name:prefix6/alias-prefix";"latest-oriented";"secondary";"end";"start";"1cbec73f-1495-4267-91a2-0660b8348b3e";"";"1";"dual-alias";""
"hat";"5889";"154kV ERCİYES RES - YEŞİLHİSAR EİH";"ERCİYES RES";"154";"539d7f26-673c-4250-bd64-1aaa6dc5bf82,98739da5-5f69-41f0-bb89-99cd5cfda82d";"matched-live";"Kaynak satir toleransli coklu olcum birlestirmesiyle secildi.";"20.04.2026 22:53:00";"82,91";"-2,67";"24,40";"active";"82,91";"formula-alias";"1";"forward";"source:tm-name/token-prefix; target:tm-name/token-prefix";"tolerance-mean";"primary";"start";"end";"539d7f26-673c-4250-bd64-1aaa6dc5bf82";"";"1";"dual-alias";""
"hat";"5890";"154kV ERCİYES RES - ÇAMLICA1 HES EİH";"ERCİYES RES";"154";"2cac7a90-c600-419a-a8b5-f73bb08f607a,7f6fe720-6e2e-47b1-8f55-205c176462ad";"matched-live";"Kaynak satir toleransli coklu olcum birlestirmesiyle secildi.";"20.04.2026 22:53:00";"-51,11";"5,06";"15,11";"active";"-51,11";"formula-alias";"1";"reverse";"source:tm-name:trim/token-prefix; target:tm-name/token-prefix";"tolerance-mean";"secondary";"end";"start";"2cac7a90-c600-419a-a8b5-f73bb08f607a";"yes";"1";"dual-alias";""
"hat";"5902";"154kV SİNCAN - UZAY OSB EİH";"SİNCAN";"154";"2ad457c3-1f54-418b-b11a-25431c8ba5f5,2ad457c3-1f54-418b-b11a-25431c8ba5f5";"ambiguous-warning";"Coklu aday tolerans disi; ana aday gosteriliyor ve kayit uyarili isaretlendi.";"20.04.2026 22:53:00";"34,66";"2,84";"12,42";"active";"34,66";"formula-alias";"1";"forward";"source:tm-name/exact; target:tm-name/exact";"primary-conflict";"primary";"start";"end";"2ad457c3-1f54-418b-b11a-25431c8ba5f5";"";"1";"dual-alias";"yes"
"hat";"5903";"154kV UZAY OSB - KAZAN EİH";"KAZAN";"154";"1bad3be4-45c4-4555-90ad-8f542a4d9112,1bad3be4-45c4-4555-90ad-8f542a4d9112";"ambiguous-warning";"Coklu aday tolerans disi; ana aday gosteriliyor ve kayit uyarili isaretlendi.";"20.04.2026 22:53:00";"12,09";"-2,27";"4,39";"active";"12,09";"formula-alias";"1";"forward";"source:tm-name/exact; target:tm-name/exact";"primary-conflict";"primary";"start";"end";"1bad3be4-45c4-4555-90ad-8f542a4d9112";"";"1";"dual-alias";"yes"
"hat";"5938";"154kV KAZAN - DAĞYAKA ÇİMENTO EİH";"KAZAN";"154";"c1a3f123-e019-4089-907e-84afb5f6569d";"matched-live";"Kaynak satir toleransli coklu olcum birlestirmesiyle secildi.";"20.04.2026 23:19:00";"-7,52";"8,91";"3,43";"active";"-7,52";"formula-alias";"1";"reverse";"source:psse/token-prefix; target:tm-name/exact";"latest-oriented";"secondary";"end";"start";"c1a3f123-e019-4089-907e-84afb5f6569d";"";"1";"dual-alias";""
"hat";"5939";"154kV BAĞLUM - DAĞYAKA ÇİMENTO EİH";"BAĞLUM";"154";"59d6d7e0-49c8-4893-a0d5-2d82ce985a00";"matched-stale";"Kaynak satir toleransli coklu olcum birlestirmesiyle secildi ancak veri stale durumda.";"20.04.2026 22:51:00";"25,80";"-6,64";"7,83";"active";"25,80";"formula-alias";"1";"reverse";"source:psse/token-prefix; target:tm-name/exact";"latest-oriented";"secondary";"end";"start";"59d6d7e0-49c8-4893-a0d5-2d82ce985a00";"";"1";"dual-alias";""
"hat";"5959";"154kV ŞARKIŞLA - VOTORANTİM EİH";"ŞARKIŞLA";"154";"a63c9630-d012-481c-a6ae-827c41b8e51e,79d55ba7-270e-4af6-a78f-e27ff628856a";"matched-live";"Kaynak satir toleransli coklu olcum birlestirmesiyle secildi.";"20.04.2026 22:53:00";"-34,74";"8,00";"10,48";"active";"-34,74";"formula-alias";"1";"forward";"source:tm-name/exact; target:tm-name/token-prefix";"tolerance-mean";"primary";"start";"end";"a63c9630-d012-481c-a6ae-827c41b8e51e";"";"1";"dual-alias";""
"hat";"6014";"154kV BAĞLUM - MACUNKÖY - II EİH";"BAĞLUM";"154";"8fb405a1-5b54-4745-a37e-6df1248e5417,1b77e196-18fa-46b1-be1d-d1ff3b0514a5";"matched-live";"Kaynak satir toleransli coklu olcum birlestirmesiyle secildi.";"20.04.2026 22:53:00";"87,94";"-17,41";"26,37";"active";"87,94";"formula-alias";"1";"forward";"source:tm-name/exact; target:tm-name/exact";"tolerance-mean";"primary";"start";"end";"8fb405a1-5b54-4745-a37e-6df1248e5417";"";"1";"dual-alias";""
"hat";"6015";"154kV MACUNKÖY - OSTİM OSB EİH";"MACUNKÖY";"154";"febc77fb-2930-4c54-9b51-763ed388e53b,ebda28a7-9e78-4fd1-b8bd-24eab6bb8fb5";"matched-live";"Kaynak satir toleransli coklu olcum birlestirmesiyle secildi.";"20.04.2026 22:53:00";"14,20";"-9,83";"5,08";"active";"14,20";"formula-alias";"1";"forward";"source:tm-name/exact; target:tm-name/exact";"tolerance-mean";"primary";"start";"end";"febc77fb-2930-4c54-9b51-763ed388e53b";"";"1";"dual-alias";""
"hat";"6043";"154kV SİNCAN - BAĞLICA EİH";"SİNCAN";"154";"3a8b70c0-ecdb-47b5-941d-b28d9d11c3b3";"matched-live";"Kaynak satir toleransli coklu olcum birlestirmesiyle secildi.";"20.04.2026 22:53:00";"60,85";"10,87";"24,73";"active";"60,85";"formula-alias";"1";"forward";"source:tm-name/exact; target:ucte/alias-prefix";"latest-oriented";"primary";"start";"end";"3a8b70c0-ecdb-47b5-941d-b28d9d11c3b3";"";"1";"dual-alias";""
"hat";"6044";"154kV ÜMİTKÖY - BAĞLICA EİH";"ÜMİTKÖY";"154";"fd521aaf-3a11-4bec-9f89-23315c526d05";"matched-live";"Kaynak satir toleransli coklu olcum birlestirmesiyle secildi.";"20.04.2026 22:59:00";"-21,71";"-26,29";"13,64";"active";"-21,71";"formula-alias";"1";"reverse";"source:ucte/alias-prefix; target:tm-name/exact";"latest-oriented";"secondary";"end";"start";"fd521aaf-3a11-4bec-9f89-23315c526d05";"";"1";"dual-alias";""
"hat";"6049";"154kV BOR OSB - UĞURLU GES EİH";"BOR OSB";"154";"ef50e09c-9ed5-4707-a267-3cd77ba60bed";"matched-stale";"Kaynak satir toleransli coklu olcum birlestirmesiyle secildi ancak veri stale durumda.";"20.04.2026 22:50:00";"-33,84";"0,35";"9,95";"active";"-33,84";"formula-alias";"1";"reverse";"source:tm-name/token-prefix; target:tm-name:trim/exact";"latest-oriented";"secondary";"end";"start";"ef50e09c-9ed5-4707-a267-3cd77ba60bed";"";"1";"dual-alias";""
"hat";"6058";"154kV UĞURLU GES - SÖNMEZ GES EİH";"UĞURLU GES";"154";"3ce37be9-d68e-4ed1-818e-1f40b25225e1";"matched-live";"Kaynak satir toleransli coklu olcum birlestirmesiyle secildi.";"20.04.2026 22:52:00";"0,32";"4,16";"1,23";"active";"0,32";"formula-alias-single-source";"1";"reverse";"source:tm-name/token-prefix";"latest-oriented";"secondary";"end";"start";"3ce37be9-d68e-4ed1-818e-1f40b25225e1";"";"1";"single-source";""
"hat";"6072";"154kV BOR - SÖNMEZ GES EİH";"BOR";"154";"98d7f150-9284-43c2-8862-30c050edbbba";"matched-live";"Kaynak satir toleransli coklu olcum birlestirmesiyle secildi.";"20.04.2026 22:53:00";"-10,47";"-3,69";"3,27";"active";"-10,47";"candidate-side";"1";"forward";"sourceSide:start; targetSide:end; slot:primary";"latest-oriented";"primary";"start";"end";"98d7f150-9284-43c2-8862-30c050edbbba";"";"1";"source-side";""
"hat";"6073";"154kV KOLUKISA - ALTINOVA EİH";"KOLUKISA";"154";"f33a3459-c53e-4eaf-9f7c-1f4e5976abe7";"matched-live";"Kaynak satir toleransli coklu olcum birlestirmesiyle secildi.";"20.04.2026 22:53:00";"22,60";"2,40";"6,68";"active";"22,60";"formula-alias";"1";"reverse";"source:tm-name/exact; target:tm-name/exact";"latest-oriented";"secondary";"end";"start";"f33a3459-c53e-4eaf-9f7c-1f4e5976abe7";"";"1";"dual-alias";""
"hat";"6074";"154kV DDY GÖZLÜ - KOLUKISA EİH";"DDY GÖZLÜ";"154";"0d8385a8-bda0-46d0-95d2-c2e01c6aeec8";"matched-stale";"Kaynak satir toleransli coklu olcum birlestirmesiyle secildi ancak veri stale durumda.";"20.04.2026 22:46:00";"20,23";"2,70";"6,00";"active";"20,23";"formula-alias";"1";"reverse";"source:tm-name/exact; target:tm-name/exact";"latest-oriented";"secondary";"end";"start";"0d8385a8-bda0-46d0-95d2-c2e01c6aeec8";"";"1";"dual-alias";""
"hat";"6096";"154kV KARAMAN RES - AKYEL 1 RES EİH";"KARAMAN RES";"154";"ed482a3a-e4bd-4728-97f6-1d63f0e04f8c";"matched-live";"Kaynak satir toleransli coklu olcum birlestirmesiyle secildi.";"20.04.2026 22:53:00";"38,19";"-4,34";"11,30";"active";"38,19";"formula-alias";"1";"reverse";"source:ucte/exact; target:tm-name/token-prefix";"latest-oriented";"secondary";"end";"start";"ed482a3a-e4bd-4728-97f6-1d63f0e04f8c";"";"1";"dual-alias";""
"hat";"6098";"154kV AYRANCI GEÇİCİ -> EREĞLİ - KARAMAN BES EİH";"AYRANCI GEÇİCİ";"154";"a58d7431-1213-4b23-8b70-d42e30643fc2";"missing-source-row";"Olcum ID kaynak sorguda bulunamadi.";"20.04.2026 22:43:00";"";"-0,10";"0,04";"active";"";"";"0";"unknown";"";"";"";"";"";"";"";"";"";""
"hat";"6099";"154kV EREĞLİ -> KARAMAN BES - AYRANCI GEÇİCİ EİH";"EREĞLİ KONYA";"154";"151f9a67-9196-4488-b063-eba4ea41bbc4";"matched-live";"Kaynak satir tekil olarak eslesti.";"20.04.2026 22:53:00";"-101,28";"20,97";"30,42";"active";"-101,28";"candidate-side";"1";"forward";"sourceSide:start; targetSide:end; slot:primary";"single-candidate";"primary";"start";"end";"151f9a67-9196-4488-b063-eba4ea41bbc4";"";"1";"source-side";""
"hat";"6100";"154kV KARAMAN BES -> EREĞLİ - AYRANCI GEÇİCİ EİH";"KARAMAN BES";"154";"03bf0499-0261-4a1e-b9db-15315cc1233f";"matched-stale";"Kaynak satir bulundu ancak veri stale durumda.";"20.04.2026 22:51:00";"112,04";"-14,68";"33,24";"active";"112,04";"formula-alias";"1";"forward";"source:tm-name:novowel/novowel-exact; target:tm-name/token-prefix";"single-candidate";"primary";"start";"end";"03bf0499-0261-4a1e-b9db-15315cc1233f";"";"1";"dual-alias";""
"hat";"6134";"400kV AFYON2 - KONYA KUZEY EİH";"KONYA KUZEY";"400";"b3a9238c-9040-47e6-a9e2-5d64c734e836,8a7f5dbf-ae05-4ed3-8c40-fe8526dc472e";"matched-live";"Kaynak satir toleransli coklu olcum birlestirmesiyle secildi.";"20.04.2026 22:53:00";"334,16";"-106,70";"13,34";"active";"334,16";"formula-alias";"1";"reverse";"source:ucte/exact; target:tm-name/token-prefix";"tolerance-mean";"secondary";"end";"start";"b3a9238c-9040-47e6-a9e2-5d64c734e836";"yes";"1";"dual-alias";""
"hat";"6141";"154kV TEMELLİ - BALGAT EİH";"TEMELLİ";"154";"00b3785a-fee0-46ff-b9fd-11f273011bc6,225a0248-b26a-4128-86e8-096d2a955fd5";"matched-live";"Kaynak satir toleransli coklu olcum birlestirmesiyle secildi.";"20.04.2026 22:53:00";"25,03";"-18,74";"12,50";"active";"25,03";"formula-alias";"1";"reverse";"source:tm-name/exact; target:tm-name/exact";"tolerance-mean";"secondary";"end";"start";"00b3785a-fee0-46ff-b9fd-11f273011bc6";"yes";"1";"dual-alias";""
"hat";"6142";"154kV İMRAHOR - ÇİĞDEM EİH";"İMRAHOR";"154";"aa02ca1b-e4da-4f63-a781-7af0d22cc8c2,cd22d782-04c2-4cc0-b93f-dba5892553b1";"matched-live";"Kaynak satir toleransli coklu olcum birlestirmesiyle secildi.";"20.04.2026 22:53:00";"41,82";"-0,59";"16,73";"active";"41,82";"formula-alias";"1";"reverse";"source:tm-name/exact; target:tm-name/exact";"tolerance-mean";"secondary";"end";"start";"aa02ca1b-e4da-4f63-a781-7af0d22cc8c2";"yes";"1";"dual-alias";""
"hat";"6145";"154kV YILDIZ - İNCEK EİH";"YILDIZ";"154";"d8cee981-b906-4963-a92c-d5c173e32889";"matched-live";"Kaynak satir toleransli coklu olcum birlestirmesiyle secildi.";"20.04.2026 22:53:00";"7,36";"3,06";"3,19";"active";"7,36";"formula-alias";"1";"forward";"source:ucte/alias-prefix; target:tm-name/exact";"latest-oriented";"primary";"start";"end";"d8cee981-b906-4963-a92c-d5c173e32889";"";"1";"dual-alias";""
"hat";"6165";"154kV KIZILCAHAMAM - KAZAN EİH";"KIZILCAHAMAM";"154";"e79dde70-a633-4524-8873-548e8ed0b154,e79dde70-a633-4524-8873-548e8ed0b154";"ambiguous-warning";"Coklu aday tolerans disi; ana aday gosteriliyor ve kayit uyarili isaretlendi.";"20.04.2026 22:51:00";"8,01";"-4,09";"2,65";"active";"8,01";"formula-alias";"-1";"reverse";"source:tm-name/exact; target:tm-name/exact";"primary-conflict";"primary";"start";"start";"e79dde70-a633-4524-8873-548e8ed0b154";"";"-1";"dual-alias";"yes"
"hat";"6202";"154kV ERENKÖY - MERAM GİS EİH";"ERENKÖY";"154";"a188ae2c-51ec-4a87-82bd-65364cf60f2e,55129094-c7ce-4584-ad8b-815f33b33a23";"matched-live";"Kaynak satir toleransli coklu olcum birlestirmesiyle secildi.";"20.04.2026 22:53:00";"-22,50";"3,85";"6,72";"active";"-22,50";"formula-alias";"1";"forward";"source:tm-name/exact; target:tm-name/exact";"tolerance-mean";"primary";"start";"end";"a188ae2c-51ec-4a87-82bd-65364cf60f2e";"";"1";"dual-alias";""
"hat";"6203";"154kV YAZIR - MERAM GİS EİH";"YAZIR";"154";"ce1b72a5-47f3-404a-a9ad-d8c40afd0593,074ffd10-363e-45f8-98ae-20e6dc2c17f4";"matched-live";"Kaynak satir toleransli coklu olcum birlestirmesiyle secildi.";"20.04.2026 22:53:00";"-12,53";"6,82";"4,20";"active";"-12,53";"formula-alias";"1";"reverse";"source:tm-name/exact; target:tm-name/exact";"tolerance-mean";"secondary";"end";"start";"ce1b72a5-47f3-404a-a9ad-d8c40afd0593";"yes";"1";"dual-alias";""
"hat";"6264";"154kV ÇEKEREK HAVZA - BEYYURDU RES EİH";"ÇEKEREK HAVZA";"154";"74fc66eb-5e37-475b-8f84-089ab7dd4d6a";"matched-stale";"Kaynak satir toleransli coklu olcum birlestirmesiyle secildi ancak veri stale durumda.";"20.04.2026 22:45:00";"15,79";"2,94";"4,72";"active";"15,79";"formula-alias";"1";"reverse";"source:tm-name/token-prefix; target:tm-name/token-prefix";"latest-oriented";"secondary";"end";"start";"74fc66eb-5e37-475b-8f84-089ab7dd4d6a";"";"1";"dual-alias";""
"hat";"6265";"154kV BEYYURDU RES - SORGUN EİH";"BEYYURDU RES";"154";"86f18091-dbca-4b45-86b8-061cdc1c7a3c";"matched-live";"Kaynak satir toleransli coklu olcum birlestirmesiyle secildi.";"20.04.2026 22:53:00";"15,21";"5,81";"4,79";"active";"15,21";"formula-alias";"1";"reverse";"source:tm-name/exact; target:tm-name/exact";"latest-oriented";"secondary";"end";"start";"86f18091-dbca-4b45-86b8-061cdc1c7a3c";"";"1";"dual-alias";""
"hat";"6284";"154kV ORTAKÖY -> ATA RES - KÜTÜKLÜ GEÇİCİ EİH";"KÜTÜKLÜ SANAL";"154";"9101b59d-bfa0-4fcd-8f0f-a1069d4d7ce4";"matched-live";"Kaynak satir tekil olarak eslesti.";"20.04.2026 22:53:00";"-27,09";"3,07";"8,02";"active";"-27,09";"formula-alias";"1";"reverse";"source:tm-name/exact; target:tm-name/token-prefix";"single-candidate";"secondary";"end";"start";"9101b59d-bfa0-4fcd-8f0f-a1069d4d7ce4";"";"1";"dual-alias";""
"hat";"6285";"154kV KÜTÜKLÜ GEÇİCİ -> ATA RES - ORTAKÖY EİH";"KÜTÜKLÜ SANAL";"154";"a2c8c9a2-7ce0-43dc-a0a0-caebca817caa";"matched-live";"Kaynak satir tekil olarak eslesti.";"20.04.2026 22:53:00";"9,19";"-2,03";"2,77";"active";"9,19";"candidate-side";"1";"reverse";"sourceSide:end; targetSide:start; slot:secondary";"single-candidate";"secondary";"end";"start";"a2c8c9a2-7ce0-43dc-a0a0-caebca817caa";"";"1";"source-side";""
"hat";"6286";"154kV ATA RES -> KÜTÜKLÜ GEÇİCİ - ORTAKÖY EİH";"KÜTÜKLÜ SANAL";"154";"4d2a7dfc-89d0-4627-ba3e-52284a18281b";"matched-stale";"Kaynak satir bulundu ancak veri stale durumda.";"20.04.2026 22:45:00";"18,39";"-2,53";"5,46";"active";"18,39";"formula-alias-single-target";"1";"reverse";"target:tm-name/token-prefix";"single-candidate";"secondary";"end";"start";"4d2a7dfc-89d0-4627-ba3e-52284a18281b";"";"1";"single-target";""
"hat";"6287";"154kV ŞEREFLİKOÇHİSAR - ATA RES EİH";"ŞEREFLİKOÇHİSAR";"154";"fe5d6b03-8fa1-4068-9979-0825b8a05e1c";"matched-live";"Kaynak satir toleransli coklu olcum birlestirmesiyle secildi.";"20.04.2026 22:53:00";"-16,14";"1,66";"4,77";"active";"-16,14";"formula-alias";"1";"forward";"source:psse:abbr5/alias-prefix; target:tm-name/exact";"latest-oriented";"primary";"start";"end";"fe5d6b03-8fa1-4068-9979-0825b8a05e1c";"";"1";"dual-alias";""
"hat";"6309";"154kV MENEKŞE RES - BEYYURDU RES EİH";"MENEKŞE RES";"154";"d6d3b844-7e6c-4b9a-ab9d-2ea1608def07";"matched-stale";"Kaynak satir toleransli coklu olcum birlestirmesiyle secildi ancak veri stale durumda.";"20.04.2026 21:33:00";"3,03";"";"0,94";"active";"3,03";"formula-alias";"1";"reverse";"source:tm-name/token-prefix; target:tm-name/exact";"latest-oriented";"secondary";"end";"start";"d6d3b844-7e6c-4b9a-ab9d-2ea1608def07";"";"1";"dual-alias";""
"hat";"6338";"154kV ÇUMRA - DİANA OTEL GES EİH";"ÇUMRA";"154";"57fdc314-f966-4d9f-a269-de5388863215";"matched-live";"Kaynak satir toleransli coklu olcum birlestirmesiyle secildi.";"20.04.2026 22:53:00";"-134,72";"32,39";"76,98";"active";"-134,72";"formula-alias";"1";"forward";"source:tm-name/exact; target:ucte/alias-prefix";"latest-oriented";"primary";"start";"end";"57fdc314-f966-4d9f-a269-de5388863215";"";"1";"dual-alias";""
"hat";"6339";"154kV KARAMAN - DİANA OTEL GES EİH";"KARAMAN";"154";"e7eebe87-d7b9-4b2e-9a22-3b93c5fe3b29";"matched-live";"Kaynak satir toleransli coklu olcum birlestirmesiyle secildi.";"20.04.2026 22:53:00";"144,43";"-13,56";"80,59";"active";"144,43";"formula-alias";"1";"forward";"source:tm-name/exact; target:ucte/alias-prefix";"latest-oriented";"primary";"start";"end";"e7eebe87-d7b9-4b2e-9a22-3b93c5fe3b29";"";"1";"dual-alias";""
"hat";"6368";"154kV YAYSUN GES - ATAHAN GES EİH";"YAYSUN GES";"154";"66361ce5-cdff-4208-9028-e0ed2a7e5fc0";"matched-live";"Kaynak satir toleransli coklu olcum birlestirmesiyle secildi.";"20.04.2026 22:53:00";"7,63";"5,70";"2,80";"active";"7,63";"formula-alias";"1";"forward";"source:tm-name/token-prefix; target:tm-name:prefix6/alias-prefix";"latest-oriented";"primary";"start";"end";"66361ce5-cdff-4208-9028-e0ed2a7e5fc0";"";"1";"dual-alias";""
"hat";"6369";"154kV ATAHAN GES - UĞURLU GES EİH";"ATAHAN GES";"154";"53a3afa4-b470-49fb-a7e6-8cff1b52da86,2d9e22f7-cc64-4faf-9e4a-e8b48b936301";"matched-live";"Kaynak satir toleransli coklu olcum birlestirmesiyle secildi.";"20.04.2026 22:52:00";"19,31";"2,68";"5,73";"active";"19,31";"candidate-side";"1";"forward";"sourceSide:start; targetSide:end; slot:primary";"tolerance-mean";"primary";"start";"end";"53a3afa4-b470-49fb-a7e6-8cff1b52da86";"";"1";"source-side";""
"hat";"6376";"154kV ALAKOVA - MERAM GİS EİH";"ALAKOVA";"154";"aa38c49c-9c1e-4d12-9c87-56b4e34c63dd,d76a8341-a4ee-460c-8012-7289e954a749";"matched-live";"Kaynak satir toleransli coklu olcum birlestirmesiyle secildi.";"20.04.2026 22:53:00";"51,53";"-2,63";"15,18";"active";"51,53";"formula-alias";"1";"forward";"source:tm-name/exact; target:tm-name/exact";"tolerance-mean";"primary";"start";"end";"aa38c49c-9c1e-4d12-9c87-56b4e34c63dd";"";"1";"dual-alias";""
"hat";"6391";"154kV ÇAYIRHAN TES - NALLIHAN EİH";"ÇAYIRHAN TES";"154";"353deb9a-be6c-4437-9c17-1555cab193ea";"matched-live";"Kaynak satir toleransli coklu olcum birlestirmesiyle secildi.";"20.04.2026 22:53:00";"129,35";"-41,86";"75,53";"active";"129,35";"formula-alias";"1";"forward";"source:tm-name:trim/token-prefix; target:tm-name/exact";"latest-oriented";"primary";"start";"end";"353deb9a-be6c-4437-9c17-1555cab193ea";"";"1";"dual-alias";""
"hat";"6392";"154kV SARIYAR HES - NALLIHAN - II EİH";"SARIYAR HES";"154";"a5298c09-a570-44d2-877b-f5d2865b7f8b";"matched-stale";"Kaynak satir toleransli coklu olcum birlestirmesiyle secildi ancak veri stale durumda.";"20.04.2026 22:49:00";"16,18";"-1,02";"9,01";"active";"16,18";"formula-alias";"1";"forward";"source:tm-name:trim/exact; target:tm-name/exact";"latest-oriented";"primary";"start";"end";"a5298c09-a570-44d2-877b-f5d2865b7f8b";"";"1";"dual-alias";""
"hat";"6393";"154kV BOLU1 - NALLIHAN EİH";"BOLU1";"154";"7c02a5ef-6766-4981-8918-30d8837319fd";"matched-live";"Kaynak satir toleransli coklu olcum birlestirmesiyle secildi.";"20.04.2026 22:53:00";"-47,73";"19,26";"28,59";"active";"-47,73";"formula-alias";"1";"forward";"source:tm-name/exact; target:tm-name/exact";"latest-oriented";"primary";"start";"end";"7c02a5ef-6766-4981-8918-30d8837319fd";"";"1";"dual-alias";""
"hat";"6394";"154kV SARIYAR HES - NALLIHAN - I EİH";"SARIYAR HES";"154";"a76b4a98-8f79-4298-9350-35f0a491cb56";"matched-live";"Kaynak satir toleransli coklu olcum birlestirmesiyle secildi.";"20.04.2026 22:52:00";"9,13";"0,05";"3,65";"active";"9,13";"formula-alias";"1";"forward";"source:tm-name:trim/exact; target:tm-name/exact";"latest-oriented";"primary";"start";"end";"a76b4a98-8f79-4298-9350-35f0a491cb56";"";"1";"dual-alias";""
"hat";"6395";"154kV MUDURNU - NALLIHAN EİH";"MUDURNU";"154";"a69f4f4c-b393-49d5-93d2-f7171e9517e7";"matched-live";"Kaynak satir toleransli coklu olcum birlestirmesiyle secildi.";"20.04.2026 22:53:00";"-84,49";"7,22";"33,92";"active";"-84,49";"formula-alias";"1";"forward";"source:tm-name/exact; target:tm-name/exact";"latest-oriented";"primary";"start";"end";"a69f4f4c-b393-49d5-93d2-f7171e9517e7";"";"1";"dual-alias";""
"hat";"6396";"154kV MAV BİYOKÜTLE - NALLIHAN EİH";"MAV BİYOKÜTLE";"154";"df5afc02-98ef-4717-9845-8328ded5fabc";"matched-live";"Kaynak satir toleransli coklu olcum birlestirmesiyle secildi.";"20.04.2026 22:53:00";"-71,69";"25,27";"30,40";"active";"-71,69";"formula-alias";"1";"forward";"source:ucte/alias-prefix; target:tm-name/exact";"latest-oriented";"primary";"start";"end";"df5afc02-98ef-4717-9845-8328ded5fabc";"";"1";"dual-alias";""
"hat";"6406";"400kV TEMELLİ - İGA GES EİH";"TEMELLİ";"400";"ed1a1ec7-82a1-4301-b68c-54f0a26e14f3,2ee7de58-a1a4-4c21-8e5b-6046ebe89bcc";"matched-live";"Kaynak satir toleransli coklu olcum birlestirmesiyle secildi.";"20.04.2026 22:53:00";"109,50";"-59,85";"4,74";"active";"109,50";"formula-alias";"1";"reverse";"source:tm-name/exact; target:tm-name/exact";"tolerance-mean";"secondary";"end";"start";"ed1a1ec7-82a1-4301-b68c-54f0a26e14f3";"yes";"1";"dual-alias";""
"hat";"6407";"400kV İGA GES - AFYON2 EİH";"İGA GES";"400";"806cf976-cc8f-4a3e-bc07-171c3fa99e9d,147d5ba7-5e37-4b26-bb7b-58e2cc05fc94";"matched-live";"Kaynak satir toleransli coklu olcum birlestirmesiyle secildi.";"20.04.2026 22:53:00";"166,58";"44,92";"6,56";"active";"166,58";"formula-alias";"1";"reverse";"source:ucte/exact; target:tm-name/exact";"tolerance-mean";"secondary";"end";"start";"806cf976-cc8f-4a3e-bc07-171c3fa99e9d";"yes";"1";"dual-alias";""
"hat";"6408";"154kV MAMAK - KAYAŞ - I EİH";"MAMAK";"154";"6b02021c-73ab-42ab-b282-7837eeaf5e6a";"matched-live";"Kaynak satir tekil olarak eslesti.";"20.04.2026 22:53:00";"-23,42";"46,60";"20,86";"active";"-23,42";"formula-alias";"1";"forward";"source:tm-name/exact; target:tm-name/exact";"single-candidate";"primary";"start";"end";"6b02021c-73ab-42ab-b282-7837eeaf5e6a";"";"1";"dual-alias";""
"hat";"6411";"154kV MAMAK - KAYAŞ - III EİH";"MAMAK";"154";"c977bea4-20e5-4a41-9a75-5e61cae11209";"matched-live";"Kaynak satir toleransli coklu olcum birlestirmesiyle secildi.";"20.04.2026 22:53:00";"-60,06";"-26,13";"19,26";"active";"-60,06";"formula-alias";"1";"forward";"source:tm-name/exact; target:tm-name/exact";"latest-oriented";"primary";"start";"end";"c977bea4-20e5-4a41-9a75-5e61cae11209";"";"1";"dual-alias";""
"hat";"6431";"154kV ÇEKEREK HAVZA - KARALIK RES EİH";"ÇEKEREK HAVZA";"154";"173ae7f4-e4e2-4c9f-8126-d47906a014c2";"matched-live";"Kaynak satir toleransli coklu olcum birlestirmesiyle secildi.";"20.04.2026 23:19:00";"-7,72";"1,36";"2,30";"active";"-7,72";"formula-alias";"1";"reverse";"source:tm-name/token-prefix; target:tm-name/exact";"latest-oriented";"secondary";"end";"start";"173ae7f4-e4e2-4c9f-8126-d47906a014c2";"";"1";"dual-alias";""
"hat";"6432";"154kV AKKÖPRÜ - KAYAŞ EİH";"AKKÖPRÜ";"154";"867043af-570d-43da-a48d-89a49f35f1fe,aca9ccbc-b1dc-4ba4-9eb0-b9704e9a0320";"matched-stale";"Kaynak satir toleransli coklu olcum birlestirmesiyle secildi ancak veri stale durumda.";"20.04.2026 22:50:00";"-115,23";"29,44";"34,98";"active";"-115,23";"formula-alias-single-target";"1";"forward";"target:tm-name/exact";"tolerance-mean";"primary";"start";"end";"867043af-570d-43da-a48d-89a49f35f1fe";"";"1";"single-target";""
"hat";"6446";"154kV AYBASTI RES - KEPEZKAYA HAVZA EİH";"AYBASTI RES";"154";"5e99fd4a-02f0-47ea-b12a-e307237e39a5,b3a56953-07cb-485a-8df4-390926ff8837";"matched-live";"Kaynak satir toleransli coklu olcum birlestirmesiyle secildi.";"20.04.2026 22:53:00";"48,44";"-4,59";"14,31";"active";"48,44";"formula-alias-single-target";"1";"forward";"target:tm-name:trim/token-prefix";"tolerance-mean";"primary";"start";"end";"5e99fd4a-02f0-47ea-b12a-e307237e39a5";"";"1";"single-target";""
"hat";"6448";"154kV ASELSAN MOBİL - EMİRLER EİH";"ASELSAN MOBİL";"154";"1485ad5f-369f-4400-80ae-349d102a2322,1485ad5f-369f-4400-80ae-349d102a2322";"ambiguous-warning";"Coklu aday tolerans disi; ana aday gosteriliyor ve kayit uyarili isaretlendi.";"20.04.2026 22:53:00";"11,21";"0,00";"4,49";"active";"11,21";"formula-alias";"-1";"reverse";"source:tm-name/exact; target:tm-name:prefix6/alias-prefix";"primary-conflict";"primary";"start";"end";"1485ad5f-369f-4400-80ae-349d102a2322";"";"-1";"dual-alias";"yes"
"hat";"6456";"154kV BÜSAN - HOTAMIŞ EİH";"BÜSAN";"154";"13e32871-8d29-4608-bced-7d04c022a4c2,dc4d2880-0b41-406d-b4ba-e137efb87451";"matched-live";"Kaynak satir toleransli coklu olcum birlestirmesiyle secildi.";"20.04.2026 22:53:00";"-61,15";"2,56";"18,00";"active";"-61,15";"formula-alias";"1";"forward";"source:tm-name/exact; target:tm-name/exact";"tolerance-mean";"primary";"start";"end";"13e32871-8d29-4608-bced-7d04c022a4c2";"";"1";"dual-alias";""
"hat";"6463";"154kV SENDİREMEKE -> TAKSAN - ÇİNKUR EİH";"TAKSAN SANAL";"154";"eb6bd1d4-9067-495e-b222-1f315dadd852";"matched-live";"Kaynak satir tekil olarak eslesti.";"20.04.2026 22:53:00";"-47,23";"4,84";"26,38";"active";"-47,23";"formula-alias";"1";"reverse";"source:ucte/alias-prefix; target:tm-name:prefix6/exact";"single-candidate";"secondary";"end";"start";"eb6bd1d4-9067-495e-b222-1f315dadd852";"";"1";"dual-alias";""
"hat";"6464";"154kV ÇİNKUR -> TAKSAN - SENDİREMEKE EİH";"TAKSAN SANAL";"154";"91b5313f-fbba-4dfd-8c2a-10436595c3a9";"matched-live";"Kaynak satir tekil olarak eslesti.";"20.04.2026 22:53:00";"31,99";"-5,09";"9,53";"active";"31,99";"formula-alias";"1";"reverse";"source:tm-name/exact; target:tm-name:prefix6/exact";"single-candidate";"secondary";"end";"start";"91b5313f-fbba-4dfd-8c2a-10436595c3a9";"";"1";"dual-alias";""
"hat";"6465";"154kV TAKSAN -> SENDİREMEKE - ÇİNKUR EİH";"TAKSAN SANAL";"154";"49de0a3b-d055-4ede-8c1f-a58c7d311bc5";"matched-live";"Kaynak satir tekil olarak eslesti.";"20.04.2026 22:53:00";"11,46";"-0,61";"3,37";"active";"11,46";"candidate-side";"1";"reverse";"sourceSide:end; targetSide:start; slot:secondary";"single-candidate";"secondary";"end";"start";"49de0a3b-d055-4ede-8c1f-a58c7d311bc5";"";"1";"source-side";""
"hat";"6478";"400kV KARATAY - SEYDİŞEHİR (YENİ) EİH";"KARATAY";"400";"76392279-6b71-473e-a730-3fd497983239";"matched-stale";"Kaynak satir bulundu ancak veri stale durumda.";"20.04.2026 22:51:00";"52,17";"25,25";"4,00";"active";"52,17";"formula-alias";"1";"forward";"source:tm-name/exact; target:psse/token-prefix";"single-candidate";"primary";"start";"end";"76392279-6b71-473e-a730-3fd497983239";"";"1";"dual-alias";""
"hat";"6480";"154kV ALİBEY HÖYÜĞÜ - SEYDİŞEHİR (YENİ) EİH";"ALİBEY HÖYÜĞÜ";"154";"ed4081b7-128b-49d5-b693-10329488a1ca";"matched-live";"Kaynak satir tekil olarak eslesti.";"20.04.2026 22:52:00";"65,43";"-11,89";"36,95";"active";"65,43";"formula-alias";"1";"forward";"source:tm-name:abbr6/exact; target:psse/token-prefix";"single-candidate";"primary";"start";"end";"ed4081b7-128b-49d5-b693-10329488a1ca";"";"1";"dual-alias";""
"hat";"6482";"154kV MERAM GİS - SEYDİŞEHİR EİH";"MERAM GİS";"154";"a4933ca3-22b4-4185-b7d5-c6120a937bb0";"matched-live";"Kaynak satir tekil olarak eslesti.";"20.04.2026 22:53:00";"-29,98";"11,74";"17,89";"active";"-29,98";"formula-alias";"1";"forward";"source:tm-name/exact; target:psse/token-prefix";"single-candidate";"primary";"start";"end";"a4933ca3-22b4-4185-b7d5-c6120a937bb0";"";"1";"dual-alias";""
"hat";"6507";"154kV OYÇİM GES - SİNCAN EİH";"OYÇİM GES";"154";"40a46a78-d796-4360-98c8-f58cfa60bd36";"matched-live";"Kaynak satir tekil olarak eslesti.";"20.04.2026 22:53:00";"-64,21";"1,86";"35,69";"active";"-64,21";"formula-alias-single-target";"1";"forward";"target:tm-name/exact";"single-candidate";"primary";"start";"end";"40a46a78-d796-4360-98c8-f58cfa60bd36";"";"1";"single-target";""
"hat";"6508";"154kV OYÇİM GES - BEYPAZARI EİH";"OYÇİM GES";"154";"39eeadf3-8671-4e13-99af-04870e571527";"matched-live";"Kaynak satir tekil olarak eslesti.";"20.04.2026 22:52:00";"89,31";"-1,15";"49,62";"active";"89,31";"formula-alias-single-target";"1";"forward";"target:tm-name/token-prefix";"single-candidate";"primary";"start";"end";"39eeadf3-8671-4e13-99af-04870e571527";"";"1";"single-target";""
"hat";"6509";"400kV SEYDİŞEHİR (YENİ) -> EREĞLİ - ADANA EİH";"EREĞLİ SANAL";"400";"";"missing-config-id";"Entity icin ilgili SCADA olcum ID tanimli degil.";"";"";"";"";"active";"";"";"0";"unknown";"";"";"";"";"";"";"";"";"";""
"hat";"6547";"400kV KARATAY -> MERSİN380 - AKKUYU NGS GİS EİH";"AKKUYU NGS GİS SANAL";"400";"";"missing-config-id";"Entity icin ilgili SCADA olcum ID tanimli degil.";"";"";"";"";"active";"";"";"0";"unknown";"";"";"";"";"";"";"";"";"";""
"hat";"6551";"154kV ÜMİTKÖY -> ALCI OSB MOBİL - TEMELLİ EİH";"ÜMİTKÖY";"154";"";"missing-config-id";"Entity icin ilgili SCADA olcum ID tanimli degil.";"";"";"";"";"active";"";"";"0";"unknown";"";"";"";"";"";"";"";"";"";""
"hat";"6552";"154kV TEMELLİ -> ALCI OSB MOBİL - ÜMİTKÖY EİH";"TEMELLİ";"154";"";"missing-config-id";"Entity icin ilgili SCADA olcum ID tanimli degil.";"";"";"";"";"active";"";"";"0";"unknown";"";"";"";"";"";"";"";"";"";""
"hat";"6553";"154kV ALCI OSB MOBİL -> ÜMİTKÖY - TEMELLİ EİH";"ALCI OSB MOBİL";"154";"5bb55357-f374-4937-b402-b48c001a34fb";"matched-stale";"Kaynak satir bulundu ancak veri stale durumda.";"20.04.2026 14:50:00";"0,00";"0,00";"0,00";"active";"0,00";"candidate-side";"1";"forward";"sourceSide:start; targetSide:end; slot:primary";"single-candidate";"primary";"start";"end";"5bb55357-f374-4937-b402-b48c001a34fb";"";"1";"source-side";""