"Sira";"Hat Adi";"kV";"Durum";"Neden";"Aktif ID Adedi";"Kaynakta Bulunan Aktif ID";"Panel MW";"Panel MVAR";"Panel Yuklenme (%)";"Aktif SCADA IDler";"Reaktif SCADA IDler";"Alias Potansiyeli";"Alias Notu";"Kaynak Deger Ozet"
"1";"400kV AKSA GÖYNÜK TES -> GÖYNÜK - ADAPAZARI EİH";"400";"matched-single";"Tek aktif aday kaynakta bulundu.";"1";"1";"771,69";"-64,44";"53,59";"4dd216cd-e7ed-4b05-8cb5-4b0d221378bf";"41e10097-19fc-4781-b79d-e2365c89d439";"would-resolve";"Alias-aware yon eslestirme ile tekil secim korunur.";"771.68"
"2";"400kV ADAPAZARI -> GÖYNÜK - AKSA GÖYNÜK TES EİH";"400";"matched-single";"Tek aktif aday kaynakta bulundu.";"1";"1";"-736,21";"118,03";"51,13";"73371930-0ed1-4392-be63-1033343c1953";"9fe05990-78c8-4abe-95d4-4b9e16c4ce82";"would-resolve";"Alias-aware yon eslestirme ile tekil secim korunur.";"-736.49"
"3";"400kV KANGAL TES - DEÇEKO EİH";"400";"matched-single";"En yeni aktif aday tekil secildi.";"2";"2";"924,14";"-105,80";"42,39";"016fa5af-f7db-4573-8b57-2fd7c19c810e | 38861404-c1d8-4091-b822-a960d8910b56";"8f5f318c-550f-4b67-95c8-94c75d932c07 | 5fd1f0e4-e421-42c6-9626-8ecaa8c132ec";"would-resolve";"Alias-aware yon eslestirme ile tekil secim korunur.";"923.97"
"4";"400kV GÜRAĞAÇ - SEYİTÖMER TES EİH";"400";"ambiguous-live";"Coklu aday var; kaynak terminal adlari TM adlariyla exact eslesmedigi icin yon normalize edilemiyor.";"2";"2";"-612,77";"";"42,26";"0dc53a47-6adb-413c-a6c8-c091fc28955f | 3dfdee6a-3aea-4346-bc44-9e4a2da5610e";"239c31f5-e41f-44c1-89c2-3643d8ca3af6 | 30616098-afa8-4d27-abc6-009270170585";"still-ambiguous";"Alias eslestirme olsa bile uc degerler ayrisik kaliyor.";"-613.56 | 637.68"
"5";"400kV KAYABAŞI - DEÇEKO EİH";"400";"matched-single";"En yeni aktif aday tekil secildi.";"2";"2";"-886,69";"106,68";"40,67";"e80da1cf-9bcb-46fa-8067-e89504151259 | 47826f6f-1bdf-4f63-a9c1-fbca3a0f6ad1";"fde0cf86-a262-4cea-b0c6-54a8cea779fd | 46480544-a5b6-4307-883b-3df70a4e652e";"would-resolve";"Alias-aware yon eslestirme ile tekil secim korunur.";"-886.54"
"6";"400kV KURŞUNLU - KAYABAŞI EİH";"400";"matched-single";"En yeni aktif aday tekil secildi.";"2";"2";"-879,09";"-176,29";"40,33";"7bca3d04-3a64-453d-bd26-6238a4ee417f | 715fe227-bae5-4538-80bd-b9181ed59594";"cbdf16d0-eaee-408a-9ff3-85815c927660 | b538ad62-f632-4234-8eec-aa41d3a26ce5";"would-resolve";"Alias-aware yon eslestirme ile tekil secim korunur.";"-879.17"
"7";"400kV SEYİTÖMER TES - AFYON2 EİH";"400";"matched-single";"En yeni aktif aday tekil secildi.";"2";"2";"527,89";"-18,58";"36,41";"2bf6fc4f-8480-491e-9556-e63002e16a0f | 3b8a7fca-a7fa-4c1f-92f5-777a54e6ddbf";"290b8010-8dee-4fe1-956d-026e9588d2cf | b6e6bdea-a4ad-4700-ab20-62577d93a092";"would-resolve";"Alias-aware yon eslestirme ile tekil secim korunur.";"528.34"
"8";"400kV TEPEÖREN - KOCAELİ EİH";"400";"matched-single";"En yeni aktif aday tekil secildi.";"2";"2";"-516,53";"106,72";"35,62";"08e766d7-cff7-4353-ab8c-023af54330a9 | d8a4a161-c1f7-4045-8311-481b238b6550";"0f311ca3-58ec-4b1a-b1b1-430f5a4710f0 | 46a5cf09-ce11-4cbd-a9fa-b41e0df742a1";"would-resolve";"Alias-aware yon eslestirme ile tekil secim korunur.";"-529.80"
"9";"400kV İKİTELLİ - HABİBLER EİH";"400";"matched-single";"Tek aktif aday kaynakta bulundu.";"1";"1";"-753,81";"37,00";"34,58";"45a1ede5-5d37-4762-8086-41de7e5ea8ef";"0653913e-df82-44b9-926b-8d0094999fa5";"would-resolve";"Alias-aware yon eslestirme ile tekil secim korunur.";"-753.96"
"10";"400kV ATATÜRK HES - HİLVAN EİH";"400";"matched-single";"Tek aktif aday kaynakta bulundu.";"2";"1";"749,33";"-27,85";"34,37";"d8f59b39-4d83-4a65-966a-9937e75a54ae | 910bb58f-a0a0-4e71-952d-db328ba5ab4f";"17b1739b-d32f-4f25-9009-c5e8d239b3b4 | 9eac6627-938e-4d08-845d-232f007f5faf";"would-resolve";"Alias-aware yon eslestirme ile tekil secim korunur.";"748.86"
"11";"400kV YEŞİLHİSAR - TEMELLİ - KUZEY EİH";"400";"matched-single";"Tek aktif aday kaynakta bulundu.";"1";"1";"902,64";"-105,95";"34,32";"f74f5067-e2eb-4de6-85df-61723d02980f";"56c166cd-d9ce-46b3-98dc-b9f435ee706b";"would-resolve";"Alias-aware yon eslestirme ile tekil secim korunur.";"902.97"
"12";"400kV YEŞİLHİSAR - TEMELLİ - GÜNEY EİH";"400";"matched-single";"Tek aktif aday kaynakta bulundu.";"1";"1";"892,54";"-93,53";"33,94";"8eb54664-7d2d-4ede-a7e4-515e8ed3b231";"82dd75aa-95e1-4728-9351-4ac8ad70cb46";"would-resolve";"Alias-aware yon eslestirme ile tekil secim korunur.";"892.86"
"13";"400kV TEMELLİ - YEŞİLHİSAR - GÜNEY EİH";"400";"matched-single";"Tek aktif aday kaynakta bulundu.";"1";"1";"-846,57";"42,51";"32,19";"eed09e0b-4cc9-4f8f-88df-37331c436282";"96db5265-6d42-40e9-a7ee-695a7d1a05d3";"would-resolve";"Alias-aware yon eslestirme ile tekil secim korunur.";"-846.91"
"14";"400kV TEMELLİ - YEŞİLHİSAR - KUZEY EİH";"400";"matched-single";"Tek aktif aday kaynakta bulundu.";"1";"1";"-845,45";"38,09";"32,15";"6a3bb442-e105-48ff-812e-3137afbc41c4";"ed1a0620-b275-4787-9b2f-48856ec14155";"would-resolve";"Alias-aware yon eslestirme ile tekil secim korunur.";"-845.73"
"15";"400kV ADAPAZARI - OSMANCA EİH";"400";"matched-single";"En yeni aktif aday tekil secildi.";"2";"2";"418,32";"";"28,85";"a3d58bd9-1a13-4bb7-a73d-219b4feb196f | 6495cf9f-2b60-4e6c-8272-332d7e5bcbaa";"f4c0cc0d-f273-4d10-9a7f-c0e3d3048392 | 311ea539-db08-4fe2-98e3-bb5d8b057ec3";"would-resolve";"Alias-aware yon eslestirme ile tekil secim korunur.";"-385.05"
"16";"400kV ATATÜRK HES - BAŞPINAR OSB EİH";"400";"matched-single";"Tek aktif aday kaynakta bulundu.";"2";"1";"-624,63";"17,02";"28,65";"124dacdc-9db1-452b-972f-52b42807a3bb | 34a5762c-220a-4712-90fc-542b7d6871d7";"e9e6be62-5d22-42c5-bb1c-e2d6c4314347 | 010559ff-f1bd-49a5-9947-ea1ebe076f74";"would-resolve";"Alias-aware yon eslestirme ile tekil secim korunur.";"-624.25"
"17";"400kV YENİ DGKÇ - ATAŞEHİR EİH";"400";"matched-single";"En yeni aktif aday tekil secildi.";"2";"2";"-295,30";"46,07";"28,39";"3d17e0c8-f550-4bf2-bec7-0725fbd2aaa8 | 0b8c9e58-1fc2-475a-ab7f-9f8ab08cd0ea";"1a1a1f2d-daa9-434e-ac38-a4a1aedd5461 | e93dee8b-80a8-419c-826c-d41f267ab933";"would-resolve";"Alias-aware yon eslestirme ile tekil secim korunur.";"-295.33"
"18";"400kV BAĞLUM - KAYABAŞI EİH";"400";"matched-single";"En yeni aktif aday tekil secildi.";"2";"2";"-615,67";"140,89";"28,24";"1665f084-81de-418c-ad22-29708aac5433 | aa566365-52cc-4076-887b-b04b073fb4f6";"2476aa63-d0b6-4533-b528-481ec7cdc409 | 2d5cabcd-1f65-488d-bfe3-561469f91bec";"would-resolve";"Alias-aware yon eslestirme ile tekil secim korunur.";"-618.77"
"19";"400kV YENİ DGKÇ - MAKİNA OSB EİH";"400";"matched-single";"En yeni aktif aday tekil secildi.";"2";"2";"735,61";"-169,68";"27,97";"e74d7678-4344-4eea-a465-8edab3a2c9fa | 66c284da-4eb3-41e9-91a5-669e9c41502b";"68d9b7f0-a557-43dc-a5ec-3a35526c7df2 | 030c9237-0187-41a7-9ba7-6f635b3de00b";"would-resolve";"Alias-aware yon eslestirme ile tekil secim korunur.";"735.68"
"20";"400kV KARAKOÇAN - BEYHAN1 HES EİH";"400";"matched-single";"En yeni aktif aday tekil secildi.";"2";"2";"-728,97";"101,16";"27,72";"93fb2643-9fdf-4411-8b36-d491e1a8c224 | f2d8331b-2555-4554-b2e3-f18b677053f6";"5e1326f8-eefd-459e-8f1f-e534e16ab399 | 630f3a30-f769-4bac-bd89-57412fdf44d2";"would-resolve";"Alias-aware yon eslestirme ile tekil secim korunur.";"-729.17"
"21";"400kV OYMAPINAR - ERMENEK HES EİH";"400";"matched-single";"En yeni aktif aday tekil secildi.";"2";"2";"416,16";"0,61";"27,56";"465aacd8-4558-471f-bd53-f831c3b4a92b | 22a0dcc5-bc49-43b8-87cd-2fc553f5a3e3";"1d1b4671-866e-4072-a525-bfc6df06e790 | 03e4b00b-a897-4f14-8f70-a0d10c650e25";"would-resolve";"Alias-aware yon eslestirme ile tekil secim korunur.";"-383.78"
"22";"400kV KAYABAŞI - REŞADİYE EİH";"400";"matched-single";"En yeni aktif aday tekil secildi.";"2";"2";"652,00";"-59,64";"24,79";"e15ccc92-9e42-407a-a58c-424687916c37 | 5070aaf8-f9f7-4d8f-b9a9-03e7ef3c10b9";"c0b24653-b820-41c8-afd4-48dc62b0e82f | 81c69f41-97d2-4241-857f-42568c3f9458";"would-resolve";"Alias-aware yon eslestirme ile tekil secim korunur.";"651.97"
"23";"400kV DİLİSKELESİ GİS -> ÇOLAKOĞLU - DİLERÇELİK EİH";"400";"matched-single";"Tek aktif aday kaynakta bulundu.";"1";"1";"252,82";"23,23";"24,31";"f3eca53d-265a-4ac6-b3ee-6626b4d8d1fc";"df8e582a-8bb7-499a-8269-7d6a7d443823";"would-resolve";"Alias-aware yon eslestirme ile tekil secim korunur.";"252.90"
"24";"400kV BEYHAN1 HES - AŞAĞI KALEKÖY HES EİH";"400";"matched-single";"En yeni aktif aday tekil secildi.";"2";"2";"638,77";"15,36";"24,29";"0614fcd3-1741-41b9-a0ae-0430db2e1bf0 | 3413ebfb-fd37-462c-8298-7830fb2d6596";"dddab46f-ca69-4f14-a55a-0a6fd2f2f9d2 | 20608fd2-6114-45af-befa-758bfe98bb17";"would-resolve";"Alias-aware yon eslestirme ile tekil secim korunur.";"638.63"
"25";"400kV GELİBOLU - BEKİRLİ TES - II EİH";"400";"ambiguous-live";"Coklu aday var; kaynak terminal adlari TM adlariyla exact eslesmedigi icin yon normalize edilemiyor.";"2";"2";"227,45";"-69,35";"21,87";"ea5e1646-0629-465e-b282-fa60b6ff280b | 3575b84a-6add-4d2e-a0d2-eb22a61296a0";"ee2e9373-e32f-4cb7-803c-8bce7ec2d96b | e72ab12b-1a03-4abb-81fc-efa365335249";"would-resolve";"Alias-aware yon eslestirme ile tolerans icinde birlesir (26.21 MW).";"227.74 | -201.52"
"26";"400kV ÇOBANBEYLİ - ATATÜRK HES EİH";"400";"matched-single";"Tek aktif aday kaynakta bulundu.";"1";"1";"-465,87";"21,52";"21,37";"127d66f0-d185-4b38-9847-437c75bcf8bf";"1970da0e-0382-4748-baf7-d9da128ab01c";"would-resolve";"Alias-aware yon eslestirme ile tekil secim korunur.";"-465.96"
"27";"400kV SIRRIN - ELGÜN EİH";"400";"matched-tolerance";"Ayni yonlu coklu aday tolerans icinde (39.22 MW).";"2";"2";"-455,13";"30,84";"20,88";"93c9f346-22da-44b0-a0c8-b9b0e171487b | 60a12000-80cf-42c8-a3bf-234aedb1aabb";"0d3ead18-1a43-41cb-a59a-c13abe2bbab3 | 5026b9ae-6728-4ba4-854b-d3900de4f1cd";"would-resolve";"Alias-aware yon eslestirme ile tolerans icinde birlesir (39.22 MW).";"-474.69 | -435.47"
"28";"400kV KEMERKÖY TES - YENİKÖY TES EİH";"400";"matched-single";"En yeni aktif aday tekil secildi.";"2";"2";"288,92";"-70,11";"19,93";"2f1359c3-2dcc-4cfb-afc1-cd0e5e3c0265 | 14a0b813-e2ed-42a6-bd80-d4e0afe96591";"9927e801-abe0-4df6-9870-bcda770b559e | e674fd38-3857-47ea-8126-cdab03f3f94d";"would-resolve";"Alias-aware yon eslestirme ile tekil secim korunur.";"288.78"
"29";"400kV PAŞAKÖY - ADA1 DGKÇ EİH";"400";"matched-single";"En yeni aktif aday tekil secildi.";"2";"2";"511,51";"";"19,45";"f05cf4bd-5958-4812-902d-9be274395a31 | d553283f-0fea-4ac2-9da1-5b63fef8b4d8";"78e662dd-ba7b-44ce-8ac4-c33f01fd3da1 | eac89ef4-fd62-4bb7-8eeb-a6507020da3b";"would-resolve";"Alias-aware yon eslestirme ile tekil secim korunur.";"511.97"
"30";"400kV YEŞİLHİSAR - ATATÜRK - KUZEY EİH";"400";"matched-single";"Tek aktif aday kaynakta bulundu.";"1";"1";"-504,19";"31,61";"19,17";"a95265e7-80a2-43c1-b730-136b67d3aa6f";"c8eea3b1-2aa9-435c-a28b-7bd22fe75c40";"would-resolve";"Alias-aware yon eslestirme ile tekil secim korunur.";"-504.19"
"31";"400kV YEŞİLHİSAR - ATATÜRK - GÜNEY EİH";"400";"matched-single";"Tek aktif aday kaynakta bulundu.";"1";"1";"-504,19";"31,62";"19,17";"a95265e7-80a2-43c1-b730-136b67d3aa6f";"2449371e-788a-4675-aae3-9ec93f3537b1";"would-resolve";"Alias-aware yon eslestirme ile tekil secim korunur.";"-504.19"
"32";"400kV ÜMRANİYE - ATAŞEHİR EİH";"400";"matched-single";"En yeni aktif aday tekil secildi.";"2";"2";"-197,28";"25,23";"18,97";"d4f2bfa1-290e-4dd3-9fd0-7587a6fcb1d9 | d4656eee-6a72-41e2-bd83-2d71b17746a6";"60fbdeb9-32fe-4a97-8c16-5f0798969e53 | 39204757-8764-46f3-af44-c2f8808089b9";"would-resolve";"Alias-aware yon eslestirme ile tekil secim korunur.";"-203.15"
"33";"400kV CENGİZ DGKÇ - ÇARŞAMBA EİH";"400";"ambiguous-live";"Coklu aday var; kaynak terminal adlari TM adlariyla exact eslesmedigi icin yon normalize edilemiyor.";"2";"2";"-410,96";"68,58";"18,85";"28f96382-d758-4735-a8ef-3f056adf0831 | 79226630-73c7-4fa8-b46a-dc079a6e693e";"214dd600-790e-453b-909b-6dcd2daf5f00 | dde42a81-a50f-4075-a9f7-6f77cfa3abc4";"would-resolve";"Alias-aware yon eslestirme ile tolerans icinde birlesir (6.69 MW).";"-411.10 | 417.78"
"34";"400kV DAVUTPAŞA - İKİTELLİ EİH";"400";"matched-single";"Tek aktif aday kaynakta bulundu.";"1";"1";"-185,51";"-64,12";"17,84";"f09e5593-53fa-40a4-9e6a-f3bfbcc81b63";"1772e593-26d4-4434-837b-438f21542b40";"would-resolve";"Alias-aware yon eslestirme ile tekil secim korunur.";"-185.60"
"35";"400kV KARTAL - YENİ DGKÇ EİH";"400";"matched-single";"En yeni aktif aday tekil secildi.";"2";"2";"-386,57";"";"17,73";"2a35f99e-415a-48e8-9c67-594684fe037e | 6a97b03c-4f29-4c46-b55c-f4e99c49755f";"fd34d283-ea6d-4fe7-b934-09efde415cfa | 82031c1c-9b2a-4311-b5ad-43e55037e5e8";"would-resolve";"Alias-aware yon eslestirme ile tekil secim korunur.";"-386.65"
"36";"400kV IŞIKLAR - MORSAN EİH";"400";"matched-tolerance";"Ayni yonlu coklu aday tolerans icinde (27.12 MW).";"2";"2";"465,18";"-34,45";"17,69";"c9e15fc3-f520-4bb9-82f6-71963a0478c8 | 2e189ba7-f874-48a0-bfd0-de660d6fe1b3";"7772b5f9-9338-4e54-8282-b9fca7481b05 | 3d47f68c-1ee2-4843-ba66-0acbc69745e7";"would-resolve";"Alias-aware yon eslestirme ile tolerans icinde birlesir (27.12 MW).";"465.48 | 438.36"
"37";"400kV ÇAN HAVZA - SOMA-B EİH";"400";"matched-single";"Tek aktif aday kaynakta bulundu.";"2";"1";"-350,18";"17,83";"16,06";"3bfc6767-aed1-4b59-8d77-d41431e97849 | 1afbff72-3c92-4c45-9747-8617fbc8b15e";"a6ff4eb3-281d-45d7-885c-1400ef60124b | c56db674-1ba5-49d3-995a-3caca9e1118b";"would-resolve";"Alias-aware yon eslestirme ile tekil secim korunur.";"-350.41"
"38";"400kV BİRECİK HES -> ATATÜRK HES - ZEUGMA EİH";"400";"matched-single";"Tek aktif aday kaynakta bulundu.";"1";"1";"-232,71";"-65,29";"16,05";"b19be299-5175-40e1-a861-4b54087fe8a2";"c32c0a3d-3d6a-4091-94ac-b3a8a665c6fb";"would-resolve";"Alias-aware yon eslestirme ile tekil secim korunur.";"-232.65"
"39";"400kV İÇDAŞ - BANDIRMA DGKÇ EİH";"400";"matched-single";"En yeni aktif aday tekil secildi.";"2";"2";"345,41";"-92,63";"15,84";"7162e406-de9b-409b-848c-a208cf4bbad7 | 38b70def-eeb2-4b1a-8338-620515076b14";"a795d7be-9ce3-4010-80a6-df44a884a4f9 | aaf52fdc-cb0f-4cf9-a081-e044faad616e";"would-resolve";"Alias-aware yon eslestirme ile tekil secim korunur.";"344.47"
"40";"400kV KEMERKÖY TES - YATAĞAN TES EİH";"400";"matched-single";"En yeni aktif aday tekil secildi.";"2";"2";"-227,72";"";"15,70";"acde1677-6fb7-45a8-964d-95e682ff0039 | bc563249-fc3f-4fe2-b9f8-03c874fcd440";"d40c05d7-8887-4f91-8ce8-a88f28e2a9e6 | 96b6dd50-c297-4535-8761-5667b672e602";"would-resolve";"Alias-aware yon eslestirme ile tekil secim korunur.";"-228.11"
"41";"400kV ADANA -> EREĞLİ - SEYDİŞEHİR EİH";"400";"matched-single";"Tek aktif aday kaynakta bulundu.";"1";"1";"218,01";"-85,12";"15,03";"239d505a-c3f8-4cba-ac41-27bb737fc81d";"bafd3ccb-4a1d-4083-9276-3f9f6a3695ad";"would-resolve";"Alias-aware yon eslestirme ile tekil secim korunur.";"217.68"
"42";"400kV ATATÜRK HES - SIRRIN EİH";"400";"matched-single";"Tek aktif aday kaynakta bulundu.";"2";"1";"320,55";"-22,46";"14,70";"9c0217fe-053a-4f04-ab35-f1e0e063978b | 75e865e9-940a-4a8e-bdab-24330769cd5b";"e4ae1da3-6967-4503-a341-e4765fbe2aef | b934077a-6b1e-4821-b99c-a36b41d62857";"would-resolve";"Alias-aware yon eslestirme ile tekil secim korunur.";"320.60"
"43";"400kV GELİBOLU - CENAL TES - I EİH";"400";"ambiguous-live";"Coklu aday var; kaynak terminal adlari TM adlariyla exact eslesmedigi icin yon normalize edilemiyor.";"2";"2";"151,10";"-41,67";"14,53";"db7c0c9b-09af-4118-8b7f-21c01f1d0eab | 30f93cf4-42bf-474e-bdc2-f02d8ce56c73";"09cc7c71-0d18-41be-ab4d-8707c340e357 | 13405625-f6f2-49b8-9ce1-635ece38d72e";"would-resolve";"Alias-aware yon eslestirme ile tolerans icinde birlesir (30.21 MW).";"151.00 | -120.79"
"44";"400kV KAYSERİ KAPASİTÖR - ELBİSTAN TES EİH";"400";"matched-single";"En yeni aktif aday tekil secildi.";"2";"2";"205,97";"";"14,20";"1ec4af80-caab-4d0a-9b18-1bcecc5b689f | 7ee64927-e03f-42a8-9b27-e2e543a9531b";"0d831e57-4869-4ed9-bea2-cf4828c1a195 | 1b35e87d-e65e-4530-a75b-05ca22930eb9";"would-resolve";"Alias-aware yon eslestirme ile tekil secim korunur.";"206.17"
"45";"400kV SİNCAN - TEMELLİ EİH";"400";"matched-tolerance";"Ayni yonlu coklu aday tolerans icinde (16.36 MW).";"2";"2";"362,00";"-106,85";"13,76";"0f35280e-b0a5-47ad-a6c9-cfe1d8866d93 | ddcd0f8c-c0df-48cb-b925-7c9366aee45b";"7912c1ca-051b-4503-8494-89e5805eae6a | 03281fe2-2cda-4edf-97c5-7f8ce63cba50";"would-resolve";"Alias-aware yon eslestirme ile tolerans icinde birlesir (16.36 MW).";"369.88 | 353.53"
"46";"400kV MORSAN -> ALİAĞA-2 - SOMA-B EİH";"400";"matched-single";"Tek aktif aday kaynakta bulundu.";"1";"1";"361,59";"-32,31";"13,75";"934e82ed-9545-457c-b951-ed48b15e6f1c";"8c6ff261-12a7-48c6-910e-6fdf51acab91";"would-resolve";"Alias-aware yon eslestirme ile tekil secim korunur.";"361.51"
"47";"400kV ERZİN - TOSÇELİK EİH";"400";"matched-single";"En yeni aktif aday tekil secildi.";"2";"2";"185,69";"-101,91";"12,81";"48ef1b2f-00c1-4ec6-8d9e-fc50fb948cde | 40be46b7-7e30-4a3f-ba8b-503147b2ac07";"19815565-a7dc-4a22-b760-87d0d304ab32 | dba7d89b-2afa-4c49-968d-cd028a74daea";"would-resolve";"Alias-aware yon eslestirme ile tekil secim korunur.";"173.63"
"48";"400kV KAYABAŞI - BİLGİN SAMSUN DGKÇ EİH";"400";"matched-single";"En yeni aktif aday tekil secildi.";"2";"2";"325,05";"4,13";"12,36";"6f419c20-b06c-48a9-a605-11b2b9cec2ee | 51fbf3c3-b7f2-4bf8-9250-e6fb8d59f296";"629a4506-691f-4459-a9c5-d95c4c82d95c | 2e07a7bf-ac7b-463a-8051-c4a0612a0adc";"would-resolve";"Alias-aware yon eslestirme ile tekil secim korunur.";"325.12"
"49";"400kV DİYARBAKIR3 - BEYHAN1 HES EİH";"400";"ambiguous-live";"Coklu aday var; kaynak terminal adlari TM adlariyla exact eslesmedigi icin yon normalize edilemiyor.";"2";"2";"320,62";"23,93";"12,19";"044fea16-fcd7-43a0-8ec7-f7ed268d4b51 | 35e0adc6-1a2f-4920-a592-ae29ba63b480";"549120f4-56f6-49e6-aea7-080d059f8ca2 | 6e8f60f4-dcf7-4bcc-b205-37e792c1d2b4";"needs-better-alias";"Alias katmani olmadan terminal yonu belirlenemiyor.";"320.86 | -337.15"
"50";"400kV KAYABAŞI - ÇARŞAMBA EİH";"400";"matched-single";"En yeni aktif aday tekil secildi.";"2";"2";"-173,66";"-16,38";"11,98";"562e056e-7667-480c-92e1-b66faf8c5526 | 5ca20bc5-0897-4f83-9374-958a34f50a38";"8a1dd10c-5614-4c25-b6ce-b930f6a1ddab | 09029670-04c9-4cf1-bb95-5efd2f8edc70";"would-resolve";"Alias-aware yon eslestirme ile tekil secim korunur.";"-173.58"
"51";"400kV ÇARŞAMBA - HASAN UĞURLU HES - I EİH";"400";"matched-single";"Tek aktif aday kaynakta bulundu.";"2";"1";"-172,72";"20,05";"11,91";"a50b1c42-ae51-4a50-869e-5055adf9cb49 | 80c0fd78-8905-41cb-9823-0b093c78c4cc";"605650cb-08b0-4d13-a234-adff3b0851b4 | 2f953b60-b7bd-484b-bc05-63d7b1d40ffc";"would-resolve";"Alias-aware yon eslestirme ile tekil secim korunur.";"-172.35"
"52";"400kV SEYİTÖMER TES - ESKİŞEHİR3 EİH";"400";"ambiguous-live";"Coklu aday var; kaynak terminal adlari TM adlariyla exact eslesmedigi icin yon normalize edilemiyor.";"2";"2";"-170,53";"";"11,84";"a3689b11-f8be-4154-b023-c71b32b54640 | d15aed53-4640-4822-9349-b6eb79bf6c82";"626ba5ca-4223-4c9a-b686-6cae9ddea0b9 | e8edabde-39e3-41df-bf40-199b710c985b";"needs-better-alias";"Alias katmani olmadan terminal yonu belirlenemiyor.";"-170.42 | 186.13"
"53";"400kV DİYARBAKIR3 - KARAKAYA HES - II EİH";"400";"matched-single";"Tek aktif aday kaynakta bulundu.";"2";"1";"-290,62";"56,59";"11,05";"475caa89-1090-4319-80ba-43dd7c825d46 | 3ccc28d0-6917-4002-9653-5d5b8d72daef";"4c7d0b87-da3b-4d91-a191-3b6223465c3b | 904066a2-e85c-4f7c-8734-bed5bf52465a";"would-resolve";"Alias-aware yon eslestirme ile tekil secim korunur.";"-290.72"
"54";"400kV VAN2 -> SİİRT 380 - ALPASLAN2 HES EİH";"400";"matched-single";"Tek aktif aday kaynakta bulundu.";"1";"1";"-290,02";"111,89";"11,03";"7948f16d-fedc-4291-bae4-f24caa089396";"f9806b05-182f-463a-817a-a2efd1e4dbfb";"would-resolve";"Alias-aware yon eslestirme ile tekil secim korunur.";"-290.08"
"55";"400kV VARSAK - OYMAPINAR HES EİH";"400";"matched-single";"En yeni aktif aday tekil secildi.";"2";"2";"-284,65";"55,88";"10,82";"19ec463c-d072-434e-add0-68e24d48974e | f311e34a-3c96-4b77-b732-5b3dea7c3945";"ab79ae04-e7ef-4a77-a0c1-ec8796b6363c | 48a96029-4aa3-4775-bf53-3e5191aed823";"would-resolve";"Alias-aware yon eslestirme ile tekil secim korunur.";"-284.80"
"56";"400kV TÜRKGÜCÜ - GELİBOLU EİH";"400";"matched-tolerance";"Ayni yonlu coklu aday tolerans icinde (35.02 MW).";"2";"2";"-271,95";"-57,95";"10,34";"b05d81d2-c2c0-4db9-952b-9613cbd79ac2 | 81db3bd3-349f-4058-af1b-29d0167954e9";"891a64cc-9f9b-4418-ac14-afbb0f214e83 | 3a3930b8-3f6f-48c0-95c0-d66cd8bbaa44";"would-resolve";"Alias-aware yon eslestirme ile tolerans icinde birlesir (35.02 MW).";"-289.63 | -254.61"
"57";"400kV BORÇKA HES - DERİNER HES EİH";"400";"matched-single";"En yeni aktif aday tekil secildi.";"2";"2";"220,92";"-48,79";"10,13";"3273c4de-7eba-4a77-bc5f-77ffaddb7e18 | ba0299bd-6f39-4ef0-95c0-b6ecc4bf1e13";"62343e7a-ebaf-4fbb-beb7-feef990f6958 | 092da0d1-e0d3-44d1-bce3-a7da61634704";"would-resolve";"Alias-aware yon eslestirme ile tekil secim korunur.";"220.83"
"58";"400kV BANDIRMA DGKÇ - CENAL TES EİH";"400";"matched-single";"En yeni aktif aday tekil secildi.";"2";"2";"-258,16";"31,74";"9,82";"f12ca52b-0a8f-4744-8df5-69fa0e8fd9de | 25b50046-e8ab-435d-ae9f-bcb772089b08";"7f96d0f3-4790-4833-a843-6456a30e6a9e | b392b050-77f0-46c3-95c9-11bfb75bcc1f";"would-resolve";"Alias-aware yon eslestirme ile tekil secim korunur.";"-256.93"
"59";"400kV YEŞİLHİSAR - KOZAN HAVZA - I EİH";"400";"ambiguous-live";"Coklu aday var; kaynak terminal adlari TM adlariyla exact eslesmedigi icin yon normalize edilemiyor.";"2";"2";"-244,83";"37,71";"9,31";"ae57f718-6d8f-4f0b-8e58-8949af04e2df | 6f40e0d8-9060-4ca3-bd44-5fefb1f4b90f";"e54f7541-622c-41be-aff0-6d66a301e7ed | 187ac1f5-a97f-4214-ab81-ba2b1f317f8f";"still-ambiguous";"Alias eslestirme olsa bile uc degerler ayrisik kaliyor.";"273.56 | -245.13"
"60";"400kV IŞIKLAR - UŞAK400 EİH";"400";"matched-tolerance";"Ayni yonlu coklu aday tolerans icinde (28.60 MW).";"2";"2";"-131,29";"-18,88";"9,12";"69bb4631-d7d5-467c-b2d5-fc2bb7536693 | 2779aab6-1d1f-40f4-abbd-1abc634d6639";"5c5bde75-afc3-48a2-ac38-57ca70f4d78c | b68f739f-7f18-441f-ad24-abcfc14ef8b0";"would-resolve";"Alias-aware yon eslestirme ile tolerans icinde birlesir (28.60 MW).";"-117.17 | -145.77"
"61";"400kV YUMURTALIK DEMİRÇELİK GİS - SUGÖZÜ TES EİH";"400";"matched-tolerance";"Ayni yonlu coklu aday tolerans icinde (9.83 MW).";"2";"2";"-193,77";"-31,29";"8,89";"0eef27d3-22c3-4a42-9308-ab499b07e2cd | e1aa688d-f659-4277-bef4-2b3368480360";"1faf1d09-a1a2-4ff8-b10f-f265850e042c";"would-resolve";"Alias-aware yon eslestirme ile tolerans icinde birlesir (9.83 MW).";"-189.24 | -199.07"
"62";"400kV ÇOLAKOĞLU400 -> DİLİSKELESİ GİS - DİLERÇELİK EİH";"400";"matched-single";"Tek aktif aday kaynakta bulundu.";"1";"1";"-127,16";"-20,45";"8,77";"b04f591a-672f-41a7-b6cd-f7426bd11b71";"1202b283-e1f6-49ce-a0ff-64f611a69b18";"would-resolve";"Alias-aware yon eslestirme ile tekil secim korunur.";"-127.23"
"63";"400kV OYMAPINAR - KIZILOT EİH";"400";"matched-single";"En yeni aktif aday tekil secildi.";"2";"2";"-229,34";"39,97";"8,72";"f296be60-c330-4863-87e8-36a9293c39a6 | 0f128e20-c9e2-41dc-85b7-00da893065bb";"a8e16847-af9e-4b1c-baca-648c2f3e091e | 3a39efa9-0b97-4874-967c-3f0550870e56";"would-resolve";"Alias-aware yon eslestirme ile tekil secim korunur.";"-229.49"
"64";"400kV YUMURTALIK DEMİRÇELİK GİS - ERZİN EİH";"400";"matched-single";"En yeni aktif aday tekil secildi.";"2";"2";"-188,91";"";"8,67";"0eef27d3-22c3-4a42-9308-ab499b07e2cd | 9aec23ed-d8eb-46f0-abd9-bea972197a97";"2384244e-5270-495f-8e53-55b70da78ca9 | 52aa59af-aee4-4dc3-a641-b3a108294625";"would-resolve";"Alias-aware yon eslestirme ile tekil secim korunur.";"-189.24"
"65";"400kV CİZRE -> SİLOPİ TES - ÇETİN HES EİH";"400";"matched-single";"Tek aktif aday kaynakta bulundu.";"1";"1";"-188,60";"-24,19";"8,65";"9b4aac79-526e-4b5f-af42-14cf0c9013ea";"ead38e51-1c87-4c74-bd9b-28093c5678cf";"would-resolve";"Alias-aware yon eslestirme ile tekil secim korunur.";"-188.60"
"66";"400kV YILDIZTEPE - ÇAĞLAYAN EİH";"400";"matched-single";"En yeni aktif aday tekil secildi.";"2";"2";"89,59";"55,93";"8,61";"0f1f9a64-cec1-48ab-b819-27ccd5a2ad8e | d8ff08d2-2c5e-45e0-8c20-e509b1f4ad1d";"7a4614da-3f91-421b-a7de-868ea12f9bdf | 728e5275-56ae-4561-9504-93cca62820f7";"would-resolve";"Alias-aware yon eslestirme ile tekil secim korunur.";"89.64"
"67";"400kV ALPASLAN2 HES -> VAN2 - SİİRT 380 EİH";"400";"matched-single";"Tek aktif aday kaynakta bulundu.";"1";"1";"224,12";"-48,21";"8,52";"30c53b52-1235-4019-bf24-3f00a2cf673b";"6030c260-6c51-4b68-b72e-7734f33b6a7a";"would-resolve";"Alias-aware yon eslestirme ile tekil secim korunur.";"224.13"
"68";"400kV KIRIKKALE DGKÇ - KAYAŞ - II EİH";"400";"matched-single";"En yeni aktif aday tekil secildi.";"2";"2";"-212,52";"-3,81";"8,08";"b176765a-2d77-41ba-a6dc-04b60c2872ce | 809e5f03-d036-4c57-8743-af8e3fb4bcf5";"5a4a4e2b-93bd-4faf-a1d5-448b6062fc1b | 27b9a73b-c598-4c5f-9e8f-f04d6470586f";"would-resolve";"Alias-aware yon eslestirme ile tekil secim korunur.";"213.66"
"69";"400kV KIRIKKALE DGKÇ - KAYAŞ - I EİH";"400";"matched-single";"En yeni aktif aday tekil secildi.";"2";"2";"-211,81";"-4,84";"8,05";"42b84995-543a-4c25-93c0-078d4006bebf | 32f0ead6-3ffc-423e-8b8a-7d2774429f38";"d4405268-6be7-40c9-b9ff-9164b90454b0 | 3b73055b-ce53-46b0-b496-b6eab82ca730";"would-resolve";"Alias-aware yon eslestirme ile tekil secim korunur.";"210.87"
"70";"400kV BATMAN2 - SİİRT400 EİH";"400";"ambiguous-live";"Coklu aday var; kaynak terminal adlari TM adlariyla exact eslesmedigi icin yon normalize edilemiyor.";"2";"2";"208,73";"";"7,94";"f0a5b397-d0d2-4d06-9c25-578af6c941e7 | ee946d52-fb22-4cc3-a393-40906fe7b680";"5b3c942f-5927-4562-b77d-48d70703abff | 65a6b31f-d2d7-477d-ba60-7d664595dca0";"needs-better-alias";"Alias katmani olmadan terminal yonu belirlenemiyor.";"-193.99 | 208.81"
"71";"400kV GÜRAĞAÇ - TUNÇBİLEK-B TES EİH";"400";"matched-single";"Tek aktif aday kaynakta bulundu.";"2";"1";"-113,02";"";"7,79";"c6598b02-aef2-45dd-aa05-533ac5b839c4 | daa8b77c-c3ca-4970-8c97-6c74fb47aea1";"c556b66b-250e-4290-a820-d60062994393 | 91056167-16b5-4b26-9df0-92d5b6421918";"would-resolve";"Alias-aware yon eslestirme ile tekil secim korunur.";"-113.02"
"72";"400kV YILDIZTEPE - SAĞMALCILAR GİS EİH";"400";"matched-single";"En yeni aktif aday tekil secildi.";"2";"2";"80,66";"2,42";"7,76";"bac181ef-4125-423d-9d6d-6689ce338273 | 058992e6-3c1e-4334-8e5c-58acc78392dc";"3a82ef06-366e-4484-b8d9-4cfc12530044 | f67aeecd-4cef-42fc-aaf7-6dc94ea1135c";"would-resolve";"Alias-aware yon eslestirme ile tekil secim korunur.";"80.76"
"73";"400kV ALTINKAYA HES - KAYABAŞI EİH";"400";"matched-single";"En yeni aktif aday tekil secildi.";"2";"2";"-111,75";"-24,54";"7,71";"08399e4d-3d60-43e2-bc79-4031b1aac038 | 35d31917-2eac-4f1d-8630-576c45ef705f";"538bcf00-2888-4667-bb8f-ba18017b0c42 | b34b7611-e914-4664-b32d-705ec74fe223";"would-resolve";"Alias-aware yon eslestirme ile tekil secim korunur.";"-111.77"
"74";"400kV MERSİN400 - HUNUTLU TES EİH";"400";"matched-single";"En yeni aktif aday tekil secildi.";"2";"2";"-200,28";"-29,56";"7,62";"c951c7b9-31e6-484b-aa6d-cfc14c5fb06a | c21e4225-eb48-44dd-b44c-d7a0dd302065";"aa17bfc5-6188-4363-8480-094b982c1d59 | 1ae664a1-de33-4cd4-9bf3-6e06ac70a6f5";"would-resolve";"Alias-aware yon eslestirme ile tekil secim korunur.";"-200.44"
"75";"400kV BORÇKA HES - AKHLTSKHE (GÜRCİSTAN) EİH";"400";"matched-single";"Tek aktif aday kaynakta bulundu.";"1";"1";"158,85";"-132,90";"7,29";"b4fda2cd-8879-48ee-944f-14c8343ef190";"10554a57-c3ae-4297-9e37-05096d745a38";"would-resolve";"Alias-aware yon eslestirme ile tekil secim korunur.";"158.84"
"76";"400kV TEKİRDAĞ DGKÇ A - GELİBOLU EİH";"400";"matched-single";"En yeni aktif aday tekil secildi.";"2";"2";"-181,53";"";"6,90";"ecde251f-66a4-4e31-b9b4-78f686d22250 | d62ad57c-6a2c-441d-91d4-9ebd08a30410";"185df975-1c04-4678-945f-8a75d5ad483d | bc72ea2a-ac73-4767-83ce-21775dd99f7c";"would-resolve";"Alias-aware yon eslestirme ile tekil secim korunur.";"203.44"
"77";"400kV SOMA-B TES -> ALİAĞA-2 - MORSAN EİH";"400";"matched-single";"Tek aktif aday kaynakta bulundu.";"1";"1";"-179,48";"-41,47";"6,82";"c02417a5-4837-4c9c-a737-8b6ac1991a7d";"0cdc53df-b7d5-449b-abbb-f1d214809514";"would-resolve";"Alias-aware yon eslestirme ile tekil secim korunur.";"-179.32"
"78";"400kV VARSAK - KIZILOT EİH";"400";"matched-tolerance";"Ayni yonlu coklu aday tolerans icinde (7.25 MW).";"2";"2";"-178,49";"74,05";"6,79";"0f302a4b-daf3-47d9-a5ec-d98c98804e94 | da9b53f8-74f8-40ed-b3a0-35665e93ee64";"3122d56b-d216-4d13-9a23-aa0201686454 | 65fe07e7-b87c-4d00-b10a-dd91b13a8ef2";"would-resolve";"Alias-aware yon eslestirme ile tolerans icinde birlesir (7.25 MW).";"-182.23 | -174.98"
"79";"400kV AĞRI2 - VAN2 EİH";"400";"matched-single";"En yeni aktif aday tekil secildi.";"2";"2";"142,58";"-1,32";"6,54";"726e8d32-d351-48f1-b9c5-6a6bbc5e16c8 | b85ea0c4-9f94-43d8-adc8-4e19c645d56b";"b3d82452-755d-4ad9-b813-5ae806ec723a | 6c625cf4-57ca-4708-b9f1-f4a9e8f16846";"would-resolve";"Alias-aware yon eslestirme ile tekil secim korunur.";"-140.46"
"80";"400kV GELİBOLU - İKİTELLİ EİH";"400";"matched-single";"Tek aktif aday kaynakta bulundu.";"1";"1";"161,48";"68,77";"6,14";"14979bfa-0fc5-4ad1-86cd-6099f7a01f4e";"7c25bb8c-8afc-45d5-b0b4-42ef23a1fa77";"would-resolve";"Alias-aware yon eslestirme ile tekil secim korunur.";"161.54"
"81";"400kV ALİBEYKÖY - ATIŞALANI EİH";"400";"matched-single";"En yeni aktif aday tekil secildi.";"2";"2";"-129,77";"5,34";"5,95";"e4cd2330-536d-4f10-9ab4-4e466691bf70 | b5b14d61-a3e6-451c-9747-3a33b46c9322";"abed6b3f-2549-447b-bbcd-6543dded7bf1 | 58f7dbf0-cb32-4ce1-ba4e-19eab1ddb98b";"would-resolve";"Alias-aware yon eslestirme ile tekil secim korunur.";"-129.84"
"82";"400kV HAMİTABAT DGKÇ - MARİTSA (BULGARİSTAN) - I EİH";"400";"matched-single";"Tek aktif aday kaynakta bulundu.";"1";"1";"82,90";"-65,58";"5,76";"a0e9b0e1-cc5b-4975-9b54-7c1ab475767c";"18d24c93-7f1e-4a83-ab9a-0b3b51584c28";"would-resolve";"Alias-aware yon eslestirme ile tekil secim korunur.";"83.00"
"83";"400kV AKSA ANTALYA 380 - SEYDİŞEHİR (YENİ) EİH";"400";"matched-single";"Tek aktif aday kaynakta bulundu.";"1";"1";"-124,79";"32,60";"5,72";"cf38a2e4-1fdd-43e3-84cb-11f5b90bf241";"a965f9d5-6075-4653-8554-0a77dbd596fe";"would-resolve";"Alias-aware yon eslestirme ile tekil secim korunur.";"-125.14"
"84";"400kV İSDEMİR TES - ATLAS TES EİH";"400";"matched-single";"En yeni aktif aday tekil secildi.";"2";"2";"121,80";"32,37";"5,59";"d17b31d9-04bd-41b8-bfee-59aabd7fecc7 | 31b1ab1c-238d-4ee9-b0a8-3af410fef40b";"bff0a79d-9840-4966-bbb8-ec374c1370c1 | 1c6902a4-8fcc-4375-b677-dfc2b085f535";"would-resolve";"Alias-aware yon eslestirme ile tekil secim korunur.";"121.30"
"85";"400kV DİLERÇELİK -> DİLİSKELESİ GİS - ÇOLAKOĞLU EİH";"400";"matched-single";"Tek aktif aday kaynakta bulundu.";"1";"1";"-71,69";"-1,62";"4,94";"9713570c-64e1-444a-a319-679c565bd7af";"c13cb186-b6db-4de9-83a3-3022d8dd6fa9";"would-resolve";"Alias-aware yon eslestirme ile tekil secim korunur.";"-71.71"
"86";"400kV HAMİTABAT DGKÇ - MARİTSA (BULGARİSTAN) - II EİH";"400";"matched-single";"Tek aktif aday kaynakta bulundu.";"1";"1";"107,54";"-77,14";"4,93";"dbcfeef8-2169-4fb9-8652-7a98995bcee0";"03ee3977-3d2b-445b-bd79-87b1e89e15d3";"would-resolve";"Alias-aware yon eslestirme ile tekil secim korunur.";"107.66"
"87";"400kV ALİAĞA2 -> MORSAN - SOMA-B EİH";"400";"matched-single";"Tek aktif aday kaynakta bulundu.";"1";"1";"-129,40";"10,71";"4,92";"a7da8a98-9521-4439-8934-402b2a8176ff";"02c3ba3f-d716-4b67-8c3e-c3f1e027a85c";"would-resolve";"Alias-aware yon eslestirme ile tekil secim korunur.";"-129.51"
"88";"400kV İKİTELLİ - DELİKLİKAYA - II EİH";"400";"matched-single";"Tek aktif aday kaynakta bulundu.";"1";"1";"-66,36";"57,65";"4,58";"21855322-a1ff-43e0-900b-99a6e2436249";"a957cce3-babc-4be6-8009-9156f24a56a2";"would-resolve";"Alias-aware yon eslestirme ile tekil secim korunur.";"-66.24"
"89";"400kV SOMA B TES - SOMA KOLİN TES EİH";"400";"ambiguous-live";"Coklu aday var; kaynak terminal adlari TM adlariyla exact eslesmedigi icin yon normalize edilemiyor.";"2";"2";"98,58";"-154,14";"4,52";"05d5e867-69b7-455c-ab2c-33ef2fdd020f | 83f0e157-2677-4820-b7ce-9bd5dea0b46e";"c161f18a-091f-44e1-85ad-03f743d48d00 | 3f564ec1-ef2d-4bfc-883f-c2b3f6acbad6";"would-resolve";"Alias-aware yon eslestirme ile tolerans icinde birlesir (22.81 MW).";"-76.11 | 98.92"
"90";"400kV ZEUGMA -> ATATÜRK HES - BİRECİK HES EİH";"400";"matched-single";"Tek aktif aday kaynakta bulundu.";"1";"1";"-63,18";"20,31";"4,36";"f0e2a314-493a-4076-a6b8-5352459a6142";"bbd3e0dc-1460-4a63-8799-dd40a9074079";"would-resolve";"Alias-aware yon eslestirme ile tekil secim korunur.";"-63.03"
"91";"400kV İZMİR HAVZA - UYGAR RES EİH";"400";"matched-single";"En yeni aktif aday tekil secildi.";"2";"2";"-111,85";"0,41";"4,25";"f1b54313-64af-418e-a2d4-b62ae1fa13d2 | c19836af-257d-41e5-9a50-3922f5051758";"a0aa8958-7022-4a87-8a26-59b82b23e5ec | efdfc1c1-8827-4706-bfc4-7f07e8afa2e1";"would-resolve";"Alias-aware yon eslestirme ile tekil secim korunur.";"-111.77"
"92";"400kV YATAĞAN TES - PAMUKKALE EİH";"400";"matched-single";"En yeni aktif aday tekil secildi.";"2";"2";"-108,04";"20,48";"4,11";"aa7bb8c8-c287-4ef3-805e-61a3c27d3a1d | d9fb6fbe-7dac-4736-8057-6f66ff8f5683";"292dbf0c-58fb-438f-991d-4a5091f5571a | c988757c-88bf-4c7f-a938-68188d1bc6ba";"would-resolve";"Alias-aware yon eslestirme ile tekil secim korunur.";"-108.84"
"93";"400kV DERİNER HES - ARTVİN HES EİH";"400";"matched-single";"En yeni aktif aday tekil secildi.";"2";"2";"88,47";"-28,99";"4,06";"21551a37-a743-485e-8908-f803e99ab247 | 3b25a5ae-a28f-4ae0-bca0-9e78d1175c6c";"f6a39f99-77ca-46e6-82dd-1c61a6baa867 | dea8cef4-3c93-4657-bd64-61461a5223ea";"would-resolve";"Alias-aware yon eslestirme ile tekil secim korunur.";"88.54"
"94";"400kV ILICA ZEKİ GÜRGEN - TORTUM EİH";"400";"ambiguous-live";"Coklu aday var; kaynak terminal adlari TM adlariyla exact eslesmedigi icin yon normalize edilemiyor.";"2";"2";"88,22";"";"4,05";"4ee2ac03-7d84-4476-bba9-5665f0994d96 | 9f3d0b89-be3e-40ca-8771-2c433093e281";"274fd9ab-37ef-4b53-acf6-12b3e9de1594 | 51f58e7e-e7ea-46c8-8782-0334b0a3f0b5";"still-ambiguous";"Alias eslestirme olsa bile uc degerler ayrisik kaliyor.";"88.17 | -83.88"
"95";"400kV KOZAN HAVZA - SANİBEY HES EİH";"400";"matched-single";"En yeni aktif aday tekil secildi.";"2";"2";"-88,09";"";"4,04";"3792fb08-b2a4-4c55-8b0a-5a46c3c411e3 | 36b10c1a-06e9-4aa0-a49e-a1e430fde34e";"70b61bb9-66b6-47a0-ac03-b663d8626aa1 | 74b53fb8-e78e-4a8c-943f-36b8782c37d5";"would-resolve";"Alias-aware yon eslestirme ile tekil secim korunur.";"109.39"
"96";"400kV ADANA - TOSYALI METALURJİ EİH";"400";"matched-single";"En yeni aktif aday tekil secildi.";"2";"2";"-53,91";"26,37";"3,72";"5d5e52f6-c647-4016-8af2-bc661275b26c | 387dcf2f-140f-4c5e-a52b-d0a09bd84639";"15f95cc0-6f91-4084-8686-802297b40c5d | fa068881-8e46-4337-a42b-3d1344b66049";"would-resolve";"Alias-aware yon eslestirme ile tekil secim korunur.";"-54.01"
"97";"400kV ARTVİN HES - TORTUM EİH";"400";"matched-single";"En yeni aktif aday tekil secildi.";"2";"2";"-76,80";"29,12";"3,52";"7ca35983-d05a-49e5-924c-30c9de2e1e5a | 618b226a-071b-4113-b8c0-178d4bf792e8";"2f09becd-7aea-4574-8a7b-b0ed33306142 | b8dced3f-3e40-42ad-b7c5-bc87202d3ddd";"would-resolve";"Alias-aware yon eslestirme ile tekil secim korunur.";"-76.87"
"98";"400kV SİLOPİ TES -> CİZRE - ÇETİN HES EİH";"400";"matched-single";"Tek aktif aday kaynakta bulundu.";"1";"1";"74,61";"";"3,42";"f43c85a7-f74d-4231-8eb5-1f814cff519f";"7fbcd7a1-192c-45b1-a2c4-f9d40b7ba1b9";"would-resolve";"Alias-aware yon eslestirme ile tekil secim korunur.";"74.64"
"99";"400kV BABAESKİ - TÜRKGÜCÜ EİH";"400";"matched-tolerance";"Ayni yonlu coklu aday tolerans icinde (108.94 MW).";"2";"2";"71,88";"80,71";"3,30";"32ee9650-94fb-4829-9e66-934d1ee223de | baade785-cc9b-4642-a226-c598cbf82ec1";"6a16e356-5a49-4f32-8014-1f5d63c56dee | b6e0a06d-97f1-44eb-8d51-37793eedf537";"would-resolve";"Alias-aware yon eslestirme ile tolerans icinde birlesir (108.94 MW).";"126.50 | 17.56"
"100";"400kV VAN2 - BAŞKALE EİH";"400";"matched-single";"En yeni aktif aday tekil secildi.";"2";"2";"67,07";"9,93";"3,08";"12a38ec5-948a-437f-b58a-2a98a56beadc | a524d277-8e45-415e-8a3c-9a7fb5e4befc";"75b6d1a2-1c60-4262-b537-c1fbe18b515c | c04f0e47-9a27-4ce3-afc4-5858bddfcf94";"would-resolve";"Alias-aware yon eslestirme ile tekil secim korunur.";"67.23"
"101";"400kV ADANA - MİSİS OSB EİH";"400";"ambiguous-live";"Coklu aday var; kaynak terminal adlari TM adlariyla exact eslesmedigi icin yon normalize edilemiyor.";"2";"2";"80,87";"-56,76";"3,08";"58a679b7-262e-4e7f-a68c-87eddf3ee458 | f4c3344a-187b-4be0-9a1a-0b0158fe3dfc";"c40c1550-1585-4a2a-a18e-34fb8568b266 | 96cda734-a139-4e36-833e-c389bab6d13b";"would-resolve";"Alias-aware yon eslestirme ile tolerans icinde birlesir (3.28 MW).";"-84.28 | 81.00"
"102";"400kV SEYDİŞEHİR (YENİ) - OYMAPINAR EİH";"400";"matched-single";"Tek aktif aday kaynakta bulundu.";"1";"1";"44,34";"34,50";"3,06";"3f0cdc5c-2b65-411e-b5ff-f26c582fe3a4";"4895730b-44f0-4103-a17d-ae2791e9a666";"would-resolve";"Alias-aware yon eslestirme ile tekil secim korunur.";"44.34"
"103";"400kV SİİRT 380 -> VAN2 - ALPASLAN2 HES EİH";"400";"matched-single";"Tek aktif aday kaynakta bulundu.";"1";"1";"79,95";"125,04";"3,04";"43cd62e8-01a5-43a8-b77b-7ea823e4b790";"bfb9e8cf-d753-4956-b083-ce3d371073a0";"would-resolve";"Alias-aware yon eslestirme ile tekil secim korunur.";"79.96"
"104";"400kV VARSAK - AKSA ANTALYA DGKÇ EİH";"400";"ambiguous-live";"Coklu aday var; kaynak terminal adlari TM adlariyla exact eslesmedigi icin yon normalize edilemiyor.";"2";"2";"65,06";"-19,40";"2,98";"63f46ac0-2355-4a56-a70d-029fa3f48a93 | c5242a2b-f84a-4b02-abdb-707befd1eaeb";"029139e7-aebe-4547-862e-3042a5238916 | 749d20d4-3f00-4362-83e1-3da6cbbfaece";"needs-better-alias";"Alias katmani olmadan terminal yonu belirlenemiyor.";"-72.63 | 65.44"
"105";"400kV BABAESKİ - NEOSANTA (YUNANİSTAN) EİH";"400";"matched-single";"Tek aktif aday kaynakta bulundu.";"1";"1";"64,97";"-48,92";"2,98";"6f4e8f50-94ae-4be6-8355-0f4bd52bdefe";"bfbc30b1-f023-4ce1-a927-1ffb6616f240";"would-resolve";"Alias-aware yon eslestirme ile tekil secim korunur.";"64.97"
"106";"400kV BORÇKA HES - YUSUFELİ HES EİH";"400";"matched-single";"En yeni aktif aday tekil secildi.";"2";"2";"76,66";"143,56";"2,91";"dd6dcfb0-ca8a-48f9-996f-880be8984045 | dbe9c453-a595-41a0-97c7-30cc96514041";"dda56631-db3a-4ae6-9c3d-ed9d0c40903c | 6b732b43-d4fe-4052-9e86-be1c47ca9fa1";"would-resolve";"Alias-aware yon eslestirme ile tekil secim korunur.";"-78.33"
"107";"400kV ÇEŞME - KARABURUN EİH";"400";"matched-single";"En yeni aktif aday tekil secildi.";"2";"2";"61,37";"0,29";"2,82";"51fb9af8-f00e-472d-9db7-37757f827e2e | 0d419027-be8a-4d2b-a058-26a3f2b99adc";"25940efb-363f-4084-82d5-c719712e7a5c | fdbac55d-eab1-4479-bbae-ea95a65643a9";"would-resolve";"Alias-aware yon eslestirme ile tekil secim korunur.";"-55.59"
"108";"400kV İKİTELLİ - DELİKLİKAYA - I EİH";"400";"matched-single";"Tek aktif aday kaynakta bulundu.";"1";"1";"-71,97";"76,58";"2,74";"f2e352c7-c08d-4da7-af65-24d819c4ff3e";"32f76f97-57e5-404e-ad1e-86128b16ad8c";"would-resolve";"Alias-aware yon eslestirme ile tekil secim korunur.";"-71.82"
"109";"400kV KARABURUN - LODOS RES EİH";"400";"matched-single";"En yeni aktif aday tekil secildi.";"2";"2";"-37,81";"-19,35";"2,61";"ee32d7b7-3490-4393-a411-3998f8563e32 | 2f3d2e1e-b453-4f1d-829d-9363f63cf461";"5d5c9630-25a6-48ca-b6f5-59d41d3260c5 | f6e241cf-540f-4ef4-af84-6483e810c472";"would-resolve";"Alias-aware yon eslestirme ile tekil secim korunur.";"-37.72"
"110";"400kV ATIŞALANI - İKİTELLİ EİH";"400";"matched-single";"Tek aktif aday kaynakta bulundu.";"2";"1";"-55,52";"-51,08";"2,55";"2fe82df6-3ef0-4819-86a8-d2ffacf326e0 | c3c1bb6f-082d-408d-bcf6-e00712204b4b";"b9e18670-34c9-44df-bf62-7d619160c86f | 996ed760-3a84-487b-b43d-8205a63a4cbd";"would-resolve";"Alias-aware yon eslestirme ile tekil secim korunur.";"-55.61"
"111";"400kV TORTUM - ARKUN HES EİH";"400";"matched-single";"En yeni aktif aday tekil secildi.";"2";"2";"66,82";"-4,31";"2,54";"0311b244-d625-4ef6-b311-b603e7e4daa9 | 12b29aa8-44dd-4144-a198-f533a53cd550";"f1d39b33-a649-450a-97e0-61c8a1fedfaa | a1ccc9e2-e0d4-410a-a691-2b4f966b483d";"would-resolve";"Alias-aware yon eslestirme ile tekil secim korunur.";"66.83"
"112";"400kV HİLVAN - ELGÜN EİH";"400";"matched-single";"En yeni aktif aday tekil secildi.";"2";"2";"-53,64";"";"2,46";"8eb76454-0949-4a47-84e5-9ee804162adc | 848afe0a-73b2-4ff5-b97d-62683fe33cda";"c9bcd642-beae-4d38-ad09-f996e4d2ecc5 | 5847d18c-2962-4eac-9c46-ff4cf9f31717";"would-resolve";"Alias-aware yon eslestirme ile tekil secim korunur.";"-52.89"
"113";"400kV ADAPAZARI - ULUDAĞ GİS EİH";"400";"ambiguous-live";"Coklu aday var; kaynak terminal adlari TM adlariyla exact eslesmedigi icin yon normalize edilemiyor.";"2";"2";"-33,74";"-23,27";"2,33";"fd1bffc1-5f34-4e2a-8a96-42643ee26be7 | 9556b75d-b0a3-45bc-8148-3d8272c7c52c";"01d00b39-ab96-439d-a9a3-bc6b9fafbf95 | aa41c4f7-61d1-4648-b037-cc64351239cf";"still-ambiguous";"Alias eslestirme olsa bile uc degerler ayrisik kaliyor.";"62.21 | -34.33"
"114";"400kV TEKİRDAĞ DGKÇ A - KAPTANÇELİK EİH";"400";"matched-tolerance";"Ayni yonlu coklu aday tolerans icinde (5.16 MW).";"2";"2";"31,42";"";"2,17";"842f41ba-b5de-4993-9a0a-372c1386e7d0 | 63272299-d84b-4206-8a1b-46b79ae8ee65";"0df9189f-f2e5-4eb1-8720-2e48d3f6bbcc | 80024b15-2575-45cb-b0e5-4038377dd4a0";"still-ambiguous";"Alias eslestirme olsa bile uc degerler ayrisik kaliyor.";"28.84 | 34.00"
"115";"400kV TEPEÖREN - PAŞAKÖY EİH";"400";"matched-single";"En yeni aktif aday tekil secildi.";"2";"2";"44,79";"-95,32";"2,05";"bfe40d22-89b3-4aaf-9746-02c4283c4c17 | 34bddac9-410d-478e-bd08-cfac1c6e95a3";"01a45172-21ec-47b0-98b1-4b181a5e9569 | bea6fb41-8ff3-4b6e-9898-0e09111d0977";"would-resolve";"Alias-aware yon eslestirme ile tekil secim korunur.";"69.02"
"116";"400kV GÖLBAŞI - KAYAŞ EİH";"400";"matched-single";"En yeni aktif aday tekil secildi.";"2";"2";"-47,42";"54,55";"1,80";"4571aaba-b5e8-4aa8-9ad7-280e7129009d | 89958ea6-dd7a-4c28-bf0c-dbbf9a6baec8";"61824638-0434-474e-a588-5bc128b8325a | 24043147-5b18-447c-9af7-edaeca62db8f";"would-resolve";"Alias-aware yon eslestirme ile tekil secim korunur.";"47.93"
"117";"400kV KARATAY - SEYDİŞEHİR (YENİ) EİH";"400";"matched-single";"Tek aktif aday kaynakta bulundu.";"1";"1";"25,86";"18,37";"1,78";"76392279-6b71-473e-a730-3fd497983239";"0be9c460-c686-4a08-b7d5-7c83570ddc10";"would-resolve";"Alias-aware yon eslestirme ile tekil secim korunur.";"26.01"
"118";"400kV SEYDİŞEHİR (YENİ) - ETİ ALÜMİNYUM - II EİH";"400";"matched-single";"Tek aktif aday kaynakta bulundu.";"1";"1";"-44,46";"-0,36";"1,69";"427e805b-042b-4a87-a86a-dce5bc7502d6";"925f6ec7-8d17-46b2-a5a6-ccc0c15d055f";"would-resolve";"Alias-aware yon eslestirme ile tekil secim korunur.";"-44.46"
"119";"400kV SEYDİŞEHİR (YENİ) - ETİ ALÜMİNYUM - III EİH";"400";"matched-single";"Tek aktif aday kaynakta bulundu.";"1";"1";"-44,37";"-0,36";"1,69";"37c2b182-de3a-40ce-bb75-27c718102054";"925f6ec7-8d17-46b2-a5a6-ccc0c15d055f";"would-resolve";"Alias-aware yon eslestirme ile tekil secim korunur.";"-44.29"
"120";"400kV ALPASLAN2 HES - YUKARI KALEKÖY HES EİH";"400";"matched-single";"En yeni aktif aday tekil secildi.";"2";"2";"-43,96";"43,16";"1,67";"ae47e1f7-e820-4e82-98db-e454aba55f11 | 6e0ea78c-0cf6-4e11-a08b-f57830ed05f1";"c9eca264-dfde-4a17-bc90-97c12ee57c7b | 6b8c28fc-7a6c-48cd-8eb1-b521380ac4f5";"would-resolve";"Alias-aware yon eslestirme ile tekil secim korunur.";"-44.02"
"121";"400kV BAŞPINAR OSB - ŞEHİTKAMİL OSB - II EİH";"400";"matched-single";"En yeni aktif aday tekil secildi.";"2";"2";"33,11";"-14,51";"1,52";"072030f8-2e47-4d93-8910-374f330240f8 | 411ebdc2-c6ed-448f-8c0a-2fa99585ab75";"18c64462-b97b-432a-9da8-d6bc15c033a6 | 18011a1b-31e4-44d7-8de4-69750b744f75";"would-resolve";"Alias-aware yon eslestirme ile tekil secim korunur.";"33.13"
"122";"400kV BÖLÜCEK - ZETES2 EİH";"400";"matched-single";"En yeni aktif aday tekil secildi.";"2";"2";"-37,74";"-9,30";"1,44";"fe44107f-fea0-4e51-a5dc-8ec66d897040 | 770702c8-4b11-4185-b567-b31d0d8a98c1";"3e23c9b8-df47-49e9-bad2-fa0c634993ec | 0c9e984b-d9b1-4a3e-ad43-6da613512baa";"would-resolve";"Alias-aware yon eslestirme ile tekil secim korunur.";"-37.67"
"123";"400kV ALİBEYKÖY - TAŞOLUK EİH";"400";"matched-tolerance";"Ayni yonlu coklu aday tolerans icinde (50.67 MW).";"2";"2";"28,85";"98,65";"1,32";"5c14b97c-23b8-43d8-9ab2-f7132ecefad3 | 0917f77c-5b99-486c-ad37-7691eb0e6ef7";"55bf7772-447d-4b48-8a12-3d3c12dec053 | 787f5a89-e3bb-41e3-a409-83d158ad7cf7";"would-resolve";"Alias-aware yon eslestirme ile tolerans icinde birlesir (50.67 MW).";"54.16 | 3.49"
"124";"400kV BURSA DGKÇS - ULUDAĞ GİS - II EİH";"400";"ambiguous-live";"Coklu aday var; kaynak terminal adlari TM adlariyla exact eslesmedigi icin yon normalize edilemiyor.";"2";"2";"-17,41";"11,68";"1,20";"2bbfb6fa-d390-4052-bc2f-12bdd72baffc | 75f4908d-b85d-4d18-9606-1fb72811114d";"005cd524-5b47-4bf5-8234-149b2b4ed07f | 864c002c-eeb0-41fe-9217-4b77a5cf7b1a";"would-resolve";"Alias-aware yon eslestirme ile tolerans icinde birlesir (11.75 MW).";"28.82 | -17.07"
"125";"400kV BURSA DGKÇS - ULUDAĞ GİS - I EİH";"400";"ambiguous-live";"Coklu aday var; kaynak terminal adlari TM adlariyla exact eslesmedigi icin yon normalize edilemiyor.";"2";"2";"-17,19";"-26,18";"1,19";"6cdee43b-8a5f-41c6-a704-918a41414e02 | 151669ce-c923-4942-9971-62366b2663dd";"5ab23258-b797-45e8-973f-0598dfb5f9a1 | 071cd6c0-4f6a-44c7-93f0-6830234a66f2";"would-resolve";"Alias-aware yon eslestirme ile tolerans icinde birlesir (13.26 MW).";"30.10 | -16.84"
"126";"400kV ÇARŞAMBA - HASAN UĞURLU HES - II EİH";"400";"matched-single";"Tek aktif aday kaynakta bulundu.";"2";"1";"-17,03";"-0,53";"1,17";"8c5bbb4e-15cc-469e-b2e8-8d9e2fbf3b64 | 0154751a-a50b-4c3c-9d09-e934d14989b1";"0c1cd97c-da0f-4691-a3fd-2fc2e97f4b9e | 3fe22062-7a18-4a77-be2d-2d948b3491ad";"would-resolve";"Alias-aware yon eslestirme ile tekil secim korunur.";"-17.09"
"127";"400kV ERZİN - MMK METALURJİ EİH";"400";"matched-single";"En yeni aktif aday tekil secildi.";"2";"2";"25,54";"";"1,17";"033912bd-a383-4b99-8409-dd2797a972f2 | 371535a1-1437-49b8-9157-472d620e02ca";"3551b9a8-63ff-4184-8ef1-35c66a69c4bf | 1bd748dc-b112-495e-988f-a44da051f7fa";"would-resolve";"Alias-aware yon eslestirme ile tekil secim korunur.";"12.04"
"128";"400kV YUSUFELİ HES - İSPİR HAVZA EİH";"400";"matched-single";"En yeni aktif aday tekil secildi.";"2";"2";"-24,31";"-58,64";"0,92";"cbfa3267-6402-4281-9b70-e6d2c465b65a | bb705b94-a80a-420c-ab37-51681bba97f0";"e07e46ef-d2ad-4c76-8b12-8fa190561e69 | 4109b18f-6e7e-4ff6-8a5b-2a4440aa58dc";"would-resolve";"Alias-aware yon eslestirme ile tekil secim korunur.";"-24.18"
"129";"400kV İSDEMİR TES - MMK METALURJİ EİH";"400";"matched-tolerance";"Ayni yonlu coklu aday tolerans icinde (20.10 MW).";"2";"2";"19,61";"2,89";"0,90";"c2e66cf2-fb06-4d3a-9d51-a37d415fac8b | 363f5e68-c4d0-4346-b6f5-a87993cc2359";"0b612c95-fd85-4bc2-b4e1-fb5bb8dff542 | 289e8354-4c46-470a-ba80-8efb554ef5b3";"still-ambiguous";"Alias eslestirme olsa bile uc degerler ayrisik kaliyor.";"9.54 | 29.64"
"130";"400kV ERMENEK HES - MERSİN380 EİH";"400";"matched-tolerance";"Ayni yonlu coklu aday tolerans icinde (43.66 MW).";"2";"2";"22,08";"6,15";"0,84";"3f00e387-7ac2-43d9-bd31-544f79d76a98 | 3e74cdeb-6d8c-44ac-b3a4-a088b38b562d";"091d929c-5fd5-410c-96a2-c442fd12307a | a60863ec-ef78-4c24-a0da-a1cd7d5e55ff";"would-resolve";"Alias-aware yon eslestirme ile tolerans icinde birlesir (43.66 MW).";"22.06 | 65.73"
"131";"400kV TEKİRDAĞ DGKÇ A - HABİBLER EİH";"400";"matched-tolerance";"Ayni yonlu coklu aday tolerans icinde (1.72 MW).";"2";"2";"13,63";"-27,46";"0,63";"12e3d035-cc34-4b93-a581-25bbe56aeb8f | 433492f2-6dd9-4e93-bbeb-aa477453ee67";"c698fda8-cc8c-4858-b192-c0cb3c3183a4 | 97b30e96-e052-4f57-838d-5e31d5251fbe";"still-ambiguous";"Alias eslestirme olsa bile uc degerler ayrisik kaliyor.";"14.46 | 12.75"
"132";"400kV BEKİRLİ TES - CENAL TES EİH";"400";"matched-tolerance";"Ayni yonlu coklu aday tolerans icinde (8.07 MW).";"2";"2";"14,23";"";"0,54";"f7e2295a-5372-4056-9fed-ad0b513a2cee | 09211ac7-6ca0-44a3-8c59-ea06c99bd304";"87221618-cc13-4c20-bd9b-aeab0a8c30ac | 869fa0ae-f2f6-4f53-b845-080ecd4adf9f";"still-ambiguous";"Alias eslestirme olsa bile uc degerler ayrisik kaliyor.";"18.26 | 10.19"
"133";"400kV CİZRE - KASEK (IRAK) EİH";"400";"matched-single";"Tek aktif aday kaynakta bulundu.";"1";"1";"-8,67";"-0,01";"0,40";"4cf7d33f-48a8-4ff4-bba7-c125f0a6215e";"2fffe7aa-0e5a-451f-b3f2-46d6379d0f6e";"would-resolve";"Alias-aware yon eslestirme ile tekil secim korunur.";"-8.67"
"134";"400kV KÖSE - BAĞIŞTAŞ EİH";"400";"matched-single";"En yeni aktif aday tekil secildi.";"2";"2";"9,56";"";"0,36";"e2134a96-1635-40e4-9b78-9b9c8ea77848 | 3f08473c-a88e-4cdd-b8a7-9adba05cea7e";"82621a1a-2eae-44ff-8711-2a5b765bf524 | 24836e11-e073-48de-a91b-83d2b9ef5aed";"would-resolve";"Alias-aware yon eslestirme ile tekil secim korunur.";"15.81"
"135";"400kV TOSÇELİK - ERZİN DGKÇ EİH";"400";"matched-single";"En yeni aktif aday tekil secildi.";"2";"2";"7,24";"";"0,28";"87ecd18b-9ba4-4cab-8ee8-bc2023c9cad3 | 9db586f6-1b88-4a5f-86bb-40c2322469b3";"2d06eeb7-ce0a-4a83-9a2d-77dd4134aae7 | 1ac24b20-4a16-41ce-98f1-ddc2f59652f4";"would-resolve";"Alias-aware yon eslestirme ile tekil secim korunur.";"2.40"
"136";"400kV ALİAĞA2 - İZMİR DGKÇ - II EİH";"400";"matched-single";"Tek aktif aday kaynakta bulundu.";"2";"1";"3,65";"1,83";"0,14";"13a08890-e1df-44c9-9a95-b2f1801b6674 | 68b69cb5-186e-4b08-adbe-d77e42893c9d";"e80bfcab-4e83-423a-a470-6b6adab1bd58 | bf28bd68-6ecc-420b-862a-63f80b973fd3";"would-resolve";"Alias-aware yon eslestirme ile tekil secim korunur.";"3.65"
"137";"400kV HATAY - SARISEKİ DEMİRÇELİK EİH";"400";"matched-single";"Tek aktif aday kaynakta bulundu.";"2";"1";"2,99";"-1,05";"0,14";"ea21969e-6c73-4736-a4f9-eecc570fe571 | a8768b8a-9fc7-4782-b479-975733de18c8";"28ffceac-3f38-4adc-a5a6-76ed890d0698 | 785b7bb2-2584-4c54-96be-0802e52541a6";"would-resolve";"Alias-aware yon eslestirme ile tekil secim korunur.";"2.99"
"138";"400kV ALİAĞA2 - İZMİR DGKÇ - I EİH";"400";"matched-single";"Tek aktif aday kaynakta bulundu.";"2";"1";"3,61";"-1,84";"0,14";"f48b548a-b161-4d8a-920f-fefc959b4462 | ff592add-9ef4-4222-84ca-4072bdab0bbf";"641435b3-1485-4533-b40c-8f015b1c7791 | b9660114-1631-4bff-a7d1-f221c696eb18";"would-resolve";"Alias-aware yon eslestirme ile tekil secim korunur.";"3.61"
"139";"400kV ÇOBANBEYLİ - ELBİSTAN B TES - II EİH";"400";"matched-single";"Ayni zamanli aktif adaylar ayni degerde.";"1";"2";"1,59";"1,18";"0,11";"69912dbe-69b9-4e10-9d43-29a4b525fd86";"9ca3dabb-e46d-45ce-bed9-59570e202d28";"would-resolve";"Alias-aware yon eslestirme ile tekil secim korunur.";"1.59 | 1.59"
"140";"400kV SEYDİŞEHİR (YENİ) - AFYON2 EİH";"400";"matched-single";"Tek aktif aday kaynakta bulundu.";"1";"1";"1,51";"-0,96";"0,10";"b3307e8a-4745-44b8-8d98-718aef739130";"9fbb7ad5-1e8c-4444-bae8-92eab86b659a";"would-resolve";"Alias-aware yon eslestirme ile tekil secim korunur.";"1.51"
"141";"400kV ÇOBANBEYLİ - ELBİSTAN B TES - III EİH";"400";"matched-single";"Ayni zamanli aktif adaylar ayni degerde.";"1";"2";"-1,46";"-0,81";"0,10";"8aa3aacc-c18c-43c3-bc5c-fad5a680cb24";"4d0141db-aabd-4676-9d7f-1ee728d17017";"would-resolve";"Alias-aware yon eslestirme ile tekil secim korunur.";"-1.46 | -1.46"
"142";"400kV BANDIRMA DGKÇ - BANDIRMA2 DGKÇ EİH";"400";"matched-single";"En yeni aktif aday tekil secildi.";"2";"2";"1,84";"0,15";"0,08";"ba38b16a-0968-4501-9587-a828040b03d9 | 6d43a216-6399-411a-8c71-038e0524c3a1";"82f81d92-add6-46dd-8e97-bc81c26a5186 | a1d7874b-f3a0-4769-90b4-dd6c5b189e26";"would-resolve";"Alias-aware yon eslestirme ile tekil secim korunur.";"1.84"
"143";"400kV ÇOBANBEYLİ - ELBİSTAN B TES - I EİH";"400";"matched-single";"Ayni zamanli aktif adaylar ayni degerde.";"1";"2";"-0,96";"-0,81";"0,07";"2e8e18f0-e7d7-4335-8695-8f351fe3c101";"88fc2167-3ba9-47c1-ba09-060754f4ac26";"would-resolve";"Alias-aware yon eslestirme ile tekil secim korunur.";"-0.96 | -0.96"
"144";"400kV BURSA DGKÇ - BANDIRMA DGKÇ EİH";"400";"matched-single";"Tek aktif aday kaynakta bulundu.";"2";"1";"-1,01";"0,00";"0,05";"29f6dad4-5dc6-4bbb-b0ca-ce7c6f645ebf | 4928b833-7837-4b94-afaa-0fe6e72ec08f";"19f186d3-e4b4-45d9-ab82-fcc19671a3b1 | d01e90b2-07b1-4f47-abd1-f25911516c29";"would-resolve";"Alias-aware yon eslestirme ile tekil secim korunur.";"-1.01"
"145";"400kV VAN2 - KHOY(İRAN) - I EİH";"400";"matched-single";"Tek aktif aday kaynakta bulundu.";"1";"1";"-0,73";"-0,37";"0,03";"f9589120-23db-476a-8553-0fda6417d83b";"552214c6-6235-4be4-bd82-e11f7e6307f4";"would-resolve";"Alias-aware yon eslestirme ile tekil secim korunur.";"-0.73"
"146";"400kV EREĞLİ -> SEYDİŞEHİR - ADANA EİH";"400";"matched-single";"Tek aktif aday kaynakta bulundu.";"1";"1";"-0,30";"-14,02";"0,02";"3ffbe598-8d3e-4fed-a316-325ce5b76aac";"9f724dba-cd82-4ecc-b6cc-60e61564fa1d";"would-resolve";"Alias-aware yon eslestirme ile tekil secim korunur.";"0.09"
"147";"400kV DAVUTPAŞA - YILDIZTEPE EİH";"400";"matched-single";"En yeni aktif aday tekil secildi.";"2";"2";"";"";"";"baa40b2b-6303-4191-8d10-22b09c12c2bd | e80089f2-ac9f-486f-94c1-b0a16b5bcc74";"76ea509a-59bc-4aa0-82eb-948c2b83e039 | f2068a32-e840-4037-a185-9d652d208a6d";"would-resolve";"Alias-aware yon eslestirme ile tekil secim korunur.";"-230.85"
"148";"400kV ELGÜN - KIZILTEPE - I EİH";"400";"matched-single";"En yeni aktif aday tekil secildi.";"2";"2";"";"-54,47";"";"6fd85f89-2607-40e5-98c5-f98d8c9c64c8 | 965bb3c7-797c-41b0-8141-1401b9200c43";"1c37ba79-51dd-4a07-b513-990a739cf407 | 99f8ea70-5219-4fbf-9697-293ac11b711b";"would-resolve";"Alias-aware yon eslestirme ile tekil secim korunur.";"-293.30"
"149";"400kV AKSA ANTALYA DGKÇ - DENİZLİ4 EİH";"400";"ambiguous-live";"Coklu aday var; kaynak terminal adlari TM adlariyla exact eslesmedigi icin yon normalize edilemiyor.";"2";"2";"";"6,47";"";"d267d719-1174-4486-a2d8-8de94ae5ef55 | 9cfae5b9-a960-4484-8c6e-8deddd5dd6d4";"cd551d33-2f2a-4f7f-9aff-d364d933e6df | 0c4c6641-9e45-4233-bcde-b1269450323f";"needs-better-alias";"Alias katmani olmadan terminal yonu belirlenemiyor.";"176.72 | -163.46"
"150";"400kV DENİZLİ4 - RWE DENİZLİ DGKÇ - I EİH";"400";"matched-single";"En yeni aktif aday tekil secildi.";"2";"2";"";"";"";"1e1f1738-25e9-4278-b1dd-13e24bb39e22 | cc1f1d56-b791-4130-b836-3a00cb74f41f";"919a547b-11c5-4759-a7ec-231cfb90dbce | c8cb9b25-e757-4ca1-87af-a5598f2608e3";"would-resolve";"Alias-aware yon eslestirme ile tekil secim korunur.";"80.11"
"151";"400kV YATAĞAN TES - DENİZLİ4 EİH";"400";"matched-single";"En yeni aktif aday tekil secildi.";"2";"2";"";"-17,43";"";"263944ed-e4af-4aa6-bd4c-9372afa76094 | 0a33420a-b865-47c4-8179-91e8c5918b37";"c65b3467-9063-492c-85a0-5a9862a32110 | cdc8cb6a-c772-4f66-a7ae-44161a7f58c3";"would-resolve";"Alias-aware yon eslestirme ile tekil secim korunur.";"-95.62"
"152";"400kV AFYON2 - RWE DENİZLİ DGKÇ EİH";"400";"ambiguous-live";"Coklu aday var; kaynak terminal adlari TM adlariyla exact eslesmedigi icin yon normalize edilemiyor.";"2";"2";"";"-88,02";"";"eec9c5c4-d367-441f-b236-cb66c054106e | 487b767f-8be0-452d-a359-f6aeb01ec240";"9ba703a9-e563-43d1-947d-f62c1f5d988d | 3e5d020f-77e6-47bb-b2bf-7db741a9e01b";"needs-better-alias";"Alias katmani olmadan terminal yonu belirlenemiyor.";"-118.32 | 133.28"
"153";"400kV BAŞPINAR OSB - ERZİN EİH";"400";"matched-single";"En yeni aktif aday tekil secildi.";"2";"2";"";"";"";"9e45618f-4754-4b67-b96c-a3c67b692204 | d0cf32af-5a27-438b-a4cf-d0abdab3f92b";"e8494fe3-49c1-42d0-a44f-cb3a072301de | e58dba4a-b615-4a9a-becc-1ad2b156d98d";"would-resolve";"Alias-aware yon eslestirme ile tekil secim korunur.";"-582.37"
"154";"400kV TİREBOLU - KALKANDERE EİH";"400";"ambiguous-live";"Coklu aday var; kaynak terminal adlari TM adlariyla exact eslesmedigi icin yon normalize edilemiyor.";"2";"2";"";"10,26";"";"5aee5bbf-5f1e-4abe-bce0-02871fde97f4 | bc9176c1-566e-4a30-b5ac-8dbb24fddb9d";"91c40808-a56e-4b1e-8a4c-260eca366794 | dd16ab18-8068-457b-9b1b-2d498ef66c1b";"would-resolve";"Alias-aware yon eslestirme ile tolerans icinde birlesir (20.14 MW).";"576.07 | -555.93"
"155";"400kV BORÇKA HES - KALKANDERE EİH";"400";"ambiguous-live";"Coklu aday var; kaynak terminal adlari TM adlariyla exact eslesmedigi icin yon normalize edilemiyor.";"2";"2";"";"";"";"bab40e78-8ac9-4b47-9c4d-54350c1a9880 | 70d7cd49-0e77-403b-89f6-4c6681b0eb93";"6e544ab5-d65e-4ec1-89d5-611141d405c2 | f95cc323-6b7e-4e0a-9ccb-5a31cfa6c670";"would-resolve";"Alias-aware yon eslestirme ile tolerans icinde birlesir (5.60 MW).";"314.14 | -308.54"
"156";"400kV ÇOBANBEYLİ - ANDIRIN EİH";"400";"ambiguous-live";"Coklu aday var; kaynak terminal adlari TM adlariyla exact eslesmedigi icin yon normalize edilemiyor.";"2";"2";"";"29,67";"";"8b6c387b-26d1-4cf0-a6bd-841a36bf61c3 | 08a553da-e948-4fc6-98da-6bd3272f458e";"f1a36cc3-7c38-433f-9777-ce255da5e903 | 5d1c8870-fd62-4a5a-8fa4-cd0d73e8e759";"would-resolve";"Alias-aware yon eslestirme ile tolerans icinde birlesir (15.17 MW).";"219.08 | -203.91"
"157";"400kV ÇARŞAMBA - BİLGİN SAMSUN DGKÇ EİH";"400";"matched-single";"En yeni aktif aday tekil secildi.";"2";"2";"";"-5,89";"";"a3fc27ea-e50e-4a9d-9c4a-2002d2bce777 | 4fb9348a-e551-4328-986b-2f100d2844d9";"823781ce-3c28-40af-bbfb-19a37a88a5c5 | 63d0461c-4709-47d2-af77-3481d14b4488";"would-resolve";"Alias-aware yon eslestirme ile tekil secim korunur.";"494.69"
"158";"400kV KURŞUNLU - BOYABAT HES EİH";"400";"matched-single";"En yeni aktif aday tekil secildi.";"2";"2";"";"-49,81";"";"b58625d9-1c71-4a8d-bba8-373aeac84c9a | 76adb9f8-2e6e-4db8-b624-70e20d12524d";"03131556-b813-405c-b185-0d1573676e46 | d70cf574-1862-48ea-8e3d-e16a38c5847b";"would-resolve";"Alias-aware yon eslestirme ile tekil secim korunur.";"341.51"
"159";"400kV DİYARBAKIR3 - BATMAN2 EİH";"400";"matched-single";"En yeni aktif aday tekil secildi.";"2";"2";"";"-55,92";"";"f9c07618-d312-466c-b91c-edfd1cdc4a78 | 4a8baa49-0ffc-44c4-8d1e-eff5071b65e7";"161708ec-c0de-445d-be3a-04083d8c3d35 | de8f6a47-2fc2-4045-b757-2aa602e79156";"would-resolve";"Alias-aware yon eslestirme ile tekil secim korunur.";"556.74"
"160";"400kV BEYKENT OSB - BİRECİK HES EİH";"400";"ambiguous-live";"Coklu aday var; kaynak terminal adlari TM adlariyla exact eslesmedigi icin yon normalize edilemiyor.";"2";"2";"";"";"";"cf55d8ae-4e60-44fd-8980-8620dc976ad8 | 2ef0fdb7-a3c4-4711-b4b4-000794f659f7";"42f72083-eae5-41a6-b8b4-55fd9c78d7ab | ff488c2a-fb90-40bf-9c89-e1aba370b84b";"would-resolve";"Alias-aware yon eslestirme ile tolerans icinde birlesir (4.59 MW).";"-759.00 | 763.60"
"161";"400kV ADANA - SUGÖZÜ TES EİH";"400";"matched-single";"En yeni aktif aday tekil secildi.";"2";"2";"";"";"";"5f98e6c2-fbff-493b-bcbd-2d0094d53c94 | 067f8d7d-ad52-418a-9b19-6bf0b64036d8";"d04c8035-efb3-4306-a543-429bca01baf2 | c4af5863-2e08-4207-92df-9cd628c6f670";"would-resolve";"Alias-aware yon eslestirme ile tekil secim korunur.";"159.46"
"162";"400kV ADANA - SANİBEY HES EİH";"400";"matched-single";"En yeni aktif aday tekil secildi.";"2";"2";"";"";"";"87050d64-24de-48e9-994d-aab5b5408640 | 511a1bd1-668f-4c44-842f-27f7250c8f3c";"a6fc29b4-1175-4b67-9256-bac60639700d | 52d6710a-5f34-4a48-bbe3-0876794c1d65";"would-resolve";"Alias-aware yon eslestirme ile tekil secim korunur.";"114.81"
"163";"400kV TOSÇELİK - BAŞTUĞ EİH";"400";"ambiguous-live";"Coklu aday var; kaynak terminal adlari TM adlariyla exact eslesmedigi icin yon normalize edilemiyor.";"2";"2";"";"";"";"28572ca1-a57f-4e4d-a7d9-17a326652f2b | 708301c9-ffe1-4599-b456-91c5b1b965ed";"8deee93e-2263-4e93-b8fb-ea852feda9c6 | d3a5b9e9-ad68-46aa-b116-3ad6176aefdf";"would-resolve";"Alias-aware yon eslestirme ile tolerans icinde birlesir (27.85 MW).";"57.16 | -29.31"
"164";"400kV ERZİN - ANDIRIN EİH";"400";"missing-source-row";"Aktif SCADA ID kaynak tabloda bulunamadi.";"2";"0";"";"0,32";"";"cd13eab3-e2b4-41bf-a9af-71cd01b22d3c | cee3bb96-4ea1-4be2-9ac4-235d70be806b";"3d901e2e-4fec-4a02-a639-94310f967300 | fdaa6cb0-4ca9-4dd2-af88-05239d55d1d0";"";"";""
"165";"400kV ÜMRANİYE - TEPEÖREN EİH";"400";"matched-single";"En yeni aktif aday tekil secildi.";"2";"2";"";"-91,32";"";"1f697b60-43c3-43b3-8b3f-3d4381abcb7e | 91a2186d-8723-4fb7-834c-b31e9ab04623";"6f3462b2-de65-4924-a5c6-db163e4e5269 | 88882142-03e1-472d-99d7-716c82aa9c57";"would-resolve";"Alias-aware yon eslestirme ile tekil secim korunur.";"586.32"
"166";"400kV DİYARBAKIR3 - KARAKAYA HES - I EİH";"400";"matched-single";"En yeni aktif aday tekil secildi.";"2";"2";"";"-25,24";"";"51f60183-e5ea-4d50-b3b5-e860a76172ac | f86a90af-93a8-41f3-99d3-b9ada7cb8f8c";"2d7a2a29-e54d-4b35-bb4a-67d0161cd438 | caefe940-9d6e-4c3c-8ff0-d5dce5d37601";"would-resolve";"Alias-aware yon eslestirme ile tekil secim korunur.";"246.85"
"167";"400kV ELBİSTAN TES - ÇOBANBEYLİ EİH";"400";"ambiguous-live";"Coklu aday var; kaynak terminal adlari TM adlariyla exact eslesmedigi icin yon normalize edilemiyor.";"2";"2";"";"";"";"73a63a5b-dfb4-45c2-99a7-730cc925cbad | 9723bc14-ab22-4b57-b244-af6b66511e5a";"f7404a1f-1eeb-4e14-b9f3-ab31b29f341f | 5855c181-a98a-4926-a6bd-e7adf10753f6";"would-resolve";"Alias-aware yon eslestirme ile tolerans icinde birlesir (15.78 MW).";"-184.40 | 200.18"
"168";"400kV HİLVAN - KARAKAYA HES EİH";"400";"ambiguous-live";"Coklu aday var; kaynak terminal adlari TM adlariyla exact eslesmedigi icin yon normalize edilemiyor.";"2";"2";"";"";"";"45fa7e5a-d4db-4eae-8da6-cb14a25ce315 | 732ecad4-4257-41ba-ba6e-12ca2e80f476";"aad63cd8-48d9-4a7c-961e-e7d7c274cccb | 6378805f-18a2-44b2-a071-f3520880b2f2";"would-resolve";"Alias-aware yon eslestirme ile tolerans icinde birlesir (39.66 MW).";"-629.33 | 668.99"
"169";"400kV ADA1 DGKÇ - ADA2 DGKÇ EİH";"400";"matched-single";"En yeni aktif aday tekil secildi.";"2";"2";"";"7,69";"";"5b8474ae-0046-470d-8bdc-e6114b42ca32 | ed54e725-13cf-465f-a24b-ea26608d9658";"1652a493-6893-45d6-a710-4b6300d1a2dd | 3c53a713-3c0b-4be0-b1e3-2431dd5b41c8";"would-resolve";"Alias-aware yon eslestirme ile tekil secim korunur.";"-228.42"
"170";"400kV ADA1 DGKÇ - TEMELLİ EİH";"400";"matched-single";"En yeni aktif aday tekil secildi.";"2";"2";"";"94,70";"";"695bcfcb-90ac-4f91-a95d-aff4f7be5adb | a58ac8fc-5b4e-45af-8aac-1840ce2efa0a";"3b91bd54-e949-4f6c-8698-38f29834f563 | 46eea6b4-0daa-4c93-82a2-e2a55ff7c4ed";"would-resolve";"Alias-aware yon eslestirme ile tekil secim korunur.";"-913.94"
"171";"400kV ADA2 DGKÇ - OSMANCA EİH";"400";"matched-single";"En yeni aktif aday tekil secildi.";"2";"2";"";"";"";"fd06ce21-1509-42a5-ad2d-28f904fe6a2d | 87d59895-f3e7-4344-8905-1554c9e6dac7";"c733e3c6-d226-4cd2-ade8-3cbb8d1b04a5 | c6e41aff-f3bf-4f96-ae25-9b14a2f78d67";"would-resolve";"Alias-aware yon eslestirme ile tekil secim korunur.";"600.88"
"172";"400kV ADAPAZARI - ÇAYIRHAN TES EİH";"400";"ambiguous-live";"Coklu aday var; kaynak terminal adlari TM adlariyla exact eslesmedigi icin yon normalize edilemiyor.";"2";"2";"";"139,06";"";"91bc582e-c488-4cb4-b209-dd95a6c011be | ff50afeb-aed7-4688-b07f-1d0414087907";"86f0c503-d643-4a68-85e6-22a85506c09c | 0a053a14-8d68-4c8d-9d02-6f0b914b918c";"still-ambiguous";"Alias eslestirme olsa bile uc degerler ayrisik kaliyor.";"-868.58 | 915.75"
"173";"400kV BURSA SANAYİ - KÖYLÜKÖY EİH";"400";"ambiguous-live";"Coklu aday var; kaynak terminal adlari TM adlariyla exact eslesmedigi icin yon normalize edilemiyor.";"2";"2";"";"-34,77";"";"3a3b54d3-b94b-41e0-821e-fee4d0765150 | 75a42410-60bd-43e2-9030-3cb93d124da4";"9f409ee2-068f-4d74-8fe4-a685869f4991 | c2ed28d4-b680-41cf-9954-3cdb1b601a3b";"would-resolve";"Alias-aware yon eslestirme ile tolerans icinde birlesir (28.45 MW).";"-236.54 | 264.99"
"174";"400kV BURSA DGKÇ - BURSA SANAYİ EİH";"400";"ambiguous-live";"Coklu aday var; kaynak terminal adlari TM adlariyla exact eslesmedigi icin yon normalize edilemiyor.";"1";"2";"";"";"";"5c4baca9-09ab-4c57-9133-bc96a7109064";"9d8c3100-f54a-4a60-9fa4-6aa1c167e422";"still-ambiguous";"Alias eslestirme olsa bile uc degerler ayrisik kaliyor.";"-379.23 | 379.23"
"175";"400kV İÇDAŞ - BEKİRLİ TES EİH";"400";"ambiguous-live";"Coklu aday var; kaynak terminal adlari TM adlariyla exact eslesmedigi icin yon normalize edilemiyor.";"2";"2";"";"";"";"264593bc-4e77-4575-8ef2-5081709d69a4 | dc4f456f-e2a8-44b3-b3f8-e0c66c6d55ea";"9bacc334-3141-4e6e-aecb-c3fdbd0693a0 | 9bcbc7a5-301c-40cf-9eb3-5ab874593e66";"needs-better-alias";"Alias katmani olmadan terminal yonu belirlenemiyor.";"479.26 | -431.55"
"176";"400kV UZUNDERE - GERMENCİK EİH";"400";"matched-single";"En yeni aktif aday tekil secildi.";"2";"2";"";"";"";"56701657-90e8-45f4-a0d5-626ce6d2ff26 | 373cded2-1de0-4163-bab4-47831a975583";"d161ee6e-db87-4075-8cc0-9771a7519b96 | 2be402a6-4b9c-463b-801e-cbf7b86cd461";"would-resolve";"Alias-aware yon eslestirme ile tekil secim korunur.";"-504.32"
"177";"400kV SİNCAN - BAĞLUM EİH";"400";"ambiguous-live";"Coklu aday var; kaynak terminal adlari TM adlariyla exact eslesmedigi icin yon normalize edilemiyor.";"2";"2";"";"";"";"01996321-dd3b-4855-93d8-e8ac5765dd1c | 1353d19a-b0b5-45a1-8741-7d03cc8bc984";"bfe58fed-1ca2-42d9-8c71-01aaed416e7d | e81f44be-34e4-43a0-9898-a11537c57916";"would-resolve";"Alias-aware yon eslestirme ile tolerans icinde birlesir (17.45 MW).";"320.47 | -303.02"
"178";"400kV ÜMRANİYE - KÜÇÜKBAKKALKÖY EİH";"400";"ambiguous-live";"Coklu aday var; kaynak terminal adlari TM adlariyla exact eslesmedigi icin yon normalize edilemiyor.";"2";"2";"";"";"";"04807cde-f749-45e7-b1d8-d066d4c9c86b | bb27a7c3-0822-43b1-8662-dc14d32495d9";"b5d90293-ac54-46bd-9226-ff7c9b0f012a | 7c1e4fee-6fcb-4302-90f0-c685f797671b";"needs-better-alias";"Alias katmani olmadan terminal yonu belirlenemiyor.";"-97.44 | 124.48"
"179";"400kV ESKİŞEHİR3 - GÖKÇEKAYA HES EİH";"400";"ambiguous-live";"Coklu aday var; kaynak terminal adlari TM adlariyla exact eslesmedigi icin yon normalize edilemiyor.";"2";"2";"";"";"";"5a48e2d8-e1a5-4239-ba44-c724135d1e8f | fd027666-1f39-4780-bc1f-486aad687a27";"50b91d60-ef6f-49b7-8669-af172cfbafd4 | 47386aeb-1f7e-4dd5-a033-823eed7048e0";"would-resolve";"Alias-aware yon eslestirme ile tolerans icinde birlesir (19.45 MW).";"-54.99 | 74.43"
"180";"400kV OSMANCA - SİNCAN EİH";"400";"matched-single";"En yeni aktif aday tekil secildi.";"2";"2";"";"123,40";"";"9a7fefab-623d-433d-9856-51f656bde7e0 | 64a14f61-8090-4eee-b371-8a7e89c7fa16";"a6b02890-5607-40c2-bdcb-7ccc31e9b38d | 9dd542bd-e01e-493f-b39c-5c476b24fdf8";"would-resolve";"Alias-aware yon eslestirme ile tekil secim korunur.";"-948.40"
"181";"400kV OSMANCA - KURŞUNLU EİH";"400";"ambiguous-live";"Coklu aday var; kaynak terminal adlari TM adlariyla exact eslesmedigi icin yon normalize edilemiyor.";"2";"2";"";"100,80";"";"06afa4f0-03c3-40b7-b509-c2ca20a3483f | e57b0aba-810d-499a-baf5-82498ef0711e";"0b248bf0-0caa-42d6-b416-9cf2091991ea | 9e30dc20-3cbb-46be-a159-2e3494c926e4";"would-resolve";"Alias-aware yon eslestirme ile tolerans icinde birlesir (91.28 MW).";"937.15 | -845.87"
"182";"400kV YENİKÖY TES - GERMENCİK EİH";"400";"matched-single";"En yeni aktif aday tekil secildi.";"2";"2";"";"";"";"a72d8ebd-b0b0-458f-af1b-1432752459b3 | 484e7315-14c1-4ec9-8e41-6b255fb646d2";"e3b25dc6-d197-4766-8efe-e7887e6e66da | 2649619c-c6e3-4348-9cd2-8b3d54f47ac5";"would-resolve";"Alias-aware yon eslestirme ile tekil secim korunur.";"-358.70"
"183";"400kV IŞIKLAR - YATAĞAN TES EİH";"400";"ambiguous-live";"Coklu aday var; kaynak terminal adlari TM adlariyla exact eslesmedigi icin yon normalize edilemiyor.";"2";"2";"";"";"";"37b97054-c010-42a7-abe0-e68c028df051 | 56f6de8e-a502-4678-bf55-6ffcd7f3276d";"3d155365-cd10-4490-b1b2-2ac0a6ff96a7 | 9701f730-4b7f-48e4-9547-6be78a4afe93";"would-resolve";"Alias-aware yon eslestirme ile tolerans icinde birlesir (13.75 MW).";"-538.88 | 552.63"
"184";"400kV YATAĞAN TES - YENİKÖY TES EİH";"400";"matched-single";"En yeni aktif aday tekil secildi.";"2";"2";"";"-1,08";"";"d0fc3f3d-7a0e-41f6-b24d-53bc0aea79c8 | 54c5d878-c0c9-4642-9663-1f3c1b21993d";"da3be63d-2b0b-46c7-b777-c001bbb9b94e | 93276743-5235-4b72-976a-d16c5b821487";"would-resolve";"Alias-aware yon eslestirme ile tekil secim korunur.";"-88.00"
"185";"400kV UZUNDERE - ÇEŞME EİH";"400";"matched-single";"En yeni aktif aday tekil secildi.";"2";"2";"";"10,91";"";"af62118f-72a9-458e-b518-c3a79c4ed81e | 61f0c11b-63f4-4caf-91d5-ca1c172f73eb";"651b3bcb-f74f-4960-8f8c-0ffbbf4e79a0 | 4f8e00e3-9467-416b-b16e-7cff393186b1";"would-resolve";"Alias-aware yon eslestirme ile tekil secim korunur.";"41.09"
"186";"400kV ÇOBANBEYLİ - ELBİSTAN B TES - IV EİH";"400";"missing-source-row";"Aktif SCADA ID kaynak tabloda bulunamadi.";"1";"0";"";"-0,21";"";"fb529e2d-ee5d-4b35-9577-a11ece896b5e";"a7ed74cc-f184-4de7-8b2b-266c34079b89";"";"";""
"187";"400kV HAMİTABAT DGKÇ - BABAESKİ EİH";"400";"matched-single";"En yeni aktif aday tekil secildi.";"2";"2";"";"19,27";"";"6c7ca88e-6860-4a1a-89d2-1187c6ab417f | 9f845624-203a-4c0b-b6f9-20298289ac5f";"5e773d06-ae73-4dcb-a17d-11946c38efe9 | 7c2fce83-e0cc-4f36-8ffe-312dc221adb3";"would-resolve";"Alias-aware yon eslestirme ile tekil secim korunur.";"-219.38"
"188";"400kV HAMİTABAT DGKÇ - KAPTANÇELİK EİH";"400";"ambiguous-live";"Coklu aday var; kaynak terminal adlari TM adlariyla exact eslesmedigi icin yon normalize edilemiyor.";"2";"2";"";"-23,62";"";"8208f9a6-2f82-404e-8a1d-dce655a050d3 | 2e60a0a2-eacb-4509-9076-145644df2181";"c775e12f-453d-4e49-a015-f6a05b130f7d | 65f13609-7bc7-4970-b9a5-283522fcda40";"would-resolve";"Alias-aware yon eslestirme ile tolerans icinde birlesir (57.99 MW).";"110.04 | -52.05"
"189";"400kV ZEKERİYAKÖY - PAŞAKÖY EİH";"400";"ambiguous-live";"Coklu aday var; kaynak terminal adlari TM adlariyla exact eslesmedigi icin yon normalize edilemiyor.";"2";"2";"";"";"";"c4b11a3b-078a-403f-9ed0-378e62099270 | 138a4dfb-ed1a-429d-8f71-e326c1ff19be";"755e1837-2733-4064-8c90-1c8bffc9bb39 | 689da116-84c3-48ed-9818-360d3603dbde";"would-resolve";"Alias-aware yon eslestirme ile tolerans icinde birlesir (61.21 MW).";"770.48 | -709.27"
"190";"400kV HABİBLER - ADA2 DGKÇ EİH";"400";"ambiguous-live";"Coklu aday var; kaynak terminal adlari TM adlariyla exact eslesmedigi icin yon normalize edilemiyor.";"2";"2";"";"";"";"c54132ac-e0c6-4412-a7b7-21fb65d38658 | 3f755318-cca6-4567-8b4f-e3c7736a0e3a";"f32f602a-9193-47ce-a1b3-d6a7b5e2ba86 | e7c45005-ae87-49ac-b017-f9e9c9c6c8b5";"needs-better-alias";"Alias katmani olmadan terminal yonu belirlenemiyor.";"589.79 | -552.39"
"191";"400kV ALİBEYKÖY - BEYKOZ EİH";"400";"ambiguous-live";"Coklu aday var; kaynak terminal adlari TM adlariyla exact eslesmedigi icin yon normalize edilemiyor.";"2";"2";"";"-38,94";"";"2d909da5-7f4f-4bdb-aee9-a1a2d5945b95 | 9bed5d25-58eb-45e7-a07d-afec81550db8";"e06ead52-408f-4052-adc6-80fcf43faecb | 71db858d-0fec-4be4-b7ef-9b30385e550d";"would-resolve";"Alias-aware yon eslestirme ile tolerans icinde birlesir (67.12 MW).";"-342.09 | 409.21"
"192";"400kV KÜÇÜKBAKKALKÖY - MALTEPE EİH";"400";"matched-single";"En yeni aktif aday tekil secildi.";"2";"2";"";"-50,24";"";"f39a6d14-bcf2-4b4f-b379-2f85e7e840f6 | a45c7dae-b8ec-4ef4-be3c-105822e30170";"573d3716-5f0b-47a1-a01d-98a176ee12bb | dcde8db2-7dc2-49e5-8481-aa234ea24a64";"would-resolve";"Alias-aware yon eslestirme ile tekil secim korunur.";"156.76"
"193";"400kV ATATÜRK HES - YEŞİLHİSAR - I (KUZEY) EİH";"400";"missing-source-row";"Aktif SCADA ID kaynak tabloda bulunamadi.";"1";"0";"";"";"";"d848f31a-f18e-4d05-a277-4f8f6bf82565";"c72ecae6-ab35-4fc1-8ecd-406160b771dc";"";"";""
"194";"400kV ATATÜRK HES - YEŞİLHİSAR - II (GÜNEY) EİH";"400";"missing-source-row";"Aktif SCADA ID kaynak tabloda bulunamadi.";"1";"0";"";"";"";"f03cc54e-b2fa-4c56-97ec-4d4614c1bfc8";"e28ba718-160e-4160-acb2-592512a9fbac";"";"";""
"195";"400kV İSTANBUL DGKÇ (A) - İSTANBUL F.OİL DGKÇ (B) EİH";"400";"ambiguous-live";"Coklu aday var; kaynak terminal adlari TM adlariyla exact eslesmedigi icin yon normalize edilemiyor.";"2";"2";"";"";"";"42a69ca6-92be-4d73-b054-cbe0eb1b4157 | c7ae8728-72a9-403a-b321-6cc701549c77";"e9284184-8286-4c2a-a18b-d2c17cd3c787 | 47f363d8-76ea-4799-9e4a-01b94fd9ff30";"needs-better-alias";"Alias katmani olmadan terminal yonu belirlenemiyor.";"-8.84 | 26.12"
"196";"400kV ALİBEYKÖY - YILDIZTEPE EİH";"400";"matched-single";"En yeni aktif aday tekil secildi.";"2";"2";"";"";"";"080a5eee-4f76-40dc-8616-88acba34cc6b | e2fdb62f-d11d-4c51-b0f8-c5bf10886ded";"9d5f5214-bbac-4cf2-8bad-cb52a991644d | 02f75557-fdee-40b5-a1bd-a495c97efa22";"would-resolve";"Alias-aware yon eslestirme ile tekil secim korunur.";"623.27"
"197";"400kV DAVUTPAŞA - YENİBOSNA EİH";"400";"ambiguous-live";"Coklu aday var; kaynak terminal adlari TM adlariyla exact eslesmedigi icin yon normalize edilemiyor.";"2";"2";"";"";"";"5b5a16c5-94f1-4e54-8c71-4fa4f72b5f71 | b494ca07-729e-425e-86c1-033a04440051";"51020a13-8968-482a-8f84-470bd180c2ca | 8e5caaa1-4b20-49ce-abfc-a11455e6fd13";"needs-better-alias";"Alias katmani olmadan terminal yonu belirlenemiyor.";"243.77 | -225.86"
"198";"400kV HABİBLER - ZEKERİYAKÖY EİH";"400";"ambiguous-live";"Coklu aday var; kaynak terminal adlari TM adlariyla exact eslesmedigi icin yon normalize edilemiyor.";"2";"2";"";"";"";"daa1efdd-c4dd-4b9d-b1b4-bfdd66c83e31 | c9b69daf-1688-46fa-9e9b-b0db99634466";"1d5f7dcb-ed78-413c-bbdb-63f4f661fb2e | d9dc27a9-8076-495a-8cf8-5ce8ed4a8d16";"still-ambiguous";"Alias eslestirme olsa bile uc degerler ayrisik kaliyor.";"-438.16 | 524.87"
"199";"400kV ÇAYIRHAN TES - SİNCAN EİH";"400";"matched-single";"En yeni aktif aday tekil secildi.";"2";"2";"";"";"";"a07864c8-8935-40b4-8c07-db0ef1507d96 | b50407e1-bc2d-4fb8-8535-f297415bbd7e";"8525dec0-36cd-4060-a3a1-a44b86644306 | ab051e9d-1d48-4a7e-9ef9-c16ec4dd8d55";"would-resolve";"Alias-aware yon eslestirme ile tekil secim korunur.";"586.60"
"200";"400kV ERZİN - ERZİN DGKÇ EİH";"400";"ambiguous-live";"Coklu aday var; kaynak terminal adlari TM adlariyla exact eslesmedigi icin yon normalize edilemiyor.";"2";"2";"";"";"";"ee712d47-2330-4d15-a39d-38c755b4c447 | 847835f3-c8b0-44d9-9da7-207e9a1a4377";"2f45bbc9-81e5-490d-9883-ad599ad629f1 | 067a2e29-d591-46f2-a9fa-847d7023e93e";"still-ambiguous";"Alias eslestirme olsa bile uc degerler ayrisik kaliyor.";"182.79 | -147.93"
"201";"400kV GÖYNÜK -> ADAPAZARI - AKSA GÖYNÜK TES EİH";"400";"missing-source-row";"Aktif SCADA ID kaynak tabloda bulunamadi.";"1";"0";"";"";"";"a118e54f-cb9d-4cef-8c50-011743477b39";"7b9e3ede-9fa1-4301-a412-faf5b980a0af";"";"";""
"202";"400kV DENİZLİ4 - RWE DENİZLİ DGKÇ - II EİH";"400";"matched-single";"En yeni aktif aday tekil secildi.";"2";"2";"";"46,29";"";"32f5c613-f0b9-4d37-a624-c4fa2df7e31a | a197f5da-4f04-4302-a1d8-9d60a496c9dd";"fb4f0cbe-c426-4fa2-80d5-ef83cd3b01af | ffc6fc88-5b56-4203-bec5-3ef161cdff7b";"would-resolve";"Alias-aware yon eslestirme ile tekil secim korunur.";"-62.86"
"203";"400kV ALTINKAYA HES - BOYABAT HES EİH";"400";"ambiguous-live";"Coklu aday var; kaynak terminal adlari TM adlariyla exact eslesmedigi icin yon normalize edilemiyor.";"2";"2";"";"";"";"a8ff6bfa-eb1b-45c2-ae38-ea5ee10327ec | fcec76b3-4a74-4851-98e4-2c5e29298df7";"f18aa44c-9d45-4a74-974d-2ed8e11e34bd | a28af4bd-3fe7-4dbe-881c-5045d7ce24df";"still-ambiguous";"Alias eslestirme olsa bile uc degerler ayrisik kaliyor.";"340.75 | -334.57"
"204";"400kV ÇOBANBEYLİ - TUFANBEYLİ TES EİH";"400";"matched-single";"En yeni aktif aday tekil secildi.";"2";"2";"";"";"";"cde8aa61-2652-4118-a3b5-ed3c13d4a92a | 81a3a982-b56a-4587-997f-146ab7cc62c0";"9b4e2237-6bad-47a6-9c48-05bfc1837119 | 22525066-1719-4e19-998a-d2986fe9ab55";"would-resolve";"Alias-aware yon eslestirme ile tekil secim korunur.";"-177.48"
"205";"400kV YEŞİLHİSAR - TUFANBEYLİ TES EİH";"400";"ambiguous-live";"Coklu aday var; kaynak terminal adlari TM adlariyla exact eslesmedigi icin yon normalize edilemiyor.";"2";"2";"";"";"";"54c91c13-4f34-4c7d-8d9e-538143a4228f | a6aed9fc-6229-442d-a889-d54fd4dd54d9";"a9b09771-b18f-466c-af19-b67b54d47151 | 5d3d3c91-a2f9-4289-aa28-b16b35c09c6f";"would-resolve";"Alias-aware yon eslestirme ile tolerans icinde birlesir (12.39 MW).";"405.63 | -393.24"
"206";"400kV TEPEÖREN - MAKİNA OSB EİH";"400";"ambiguous-live";"Coklu aday var; kaynak terminal adlari TM adlariyla exact eslesmedigi icin yon normalize edilemiyor.";"2";"2";"";"";"";"ba933e7e-4711-4f52-8bb8-751cc6bb581e | 9d999320-c82a-4646-a128-b74797af4363";"e00a5c0e-12c0-45a9-ad13-35a1e91ac4da | 2d4a7470-5c1d-4d4b-bea0-9a14b6dea12e";"would-resolve";"Alias-aware yon eslestirme ile tolerans icinde birlesir (2.95 MW).";"36.17 | -33.21"
"207";"400kV AKSA GÖYNÜK TES - GÖKÇEKAYA HES EİH";"400";"ambiguous-live";"Coklu aday var; kaynak terminal adlari TM adlariyla exact eslesmedigi icin yon normalize edilemiyor.";"2";"2";"";"";"";"80c61909-43c4-433e-81ce-05d24bf371b8 | ee95eda4-a026-4646-aa87-f05ef33d1dfd";"57eddaf4-11df-4a54-babc-2fc0398a67b2 | dfd01068-e603-4eb0-8322-a025971645ba";"would-resolve";"Alias-aware yon eslestirme ile tolerans icinde birlesir (2.76 MW).";"-579.19 | 581.94"
"208";"400kV HATAY - ATLAS TES EİH";"400";"missing-source-row";"Aktif SCADA ID kaynak tabloda bulunamadi.";"2";"0";"";"2,56";"";"a87ca7f7-d655-40bd-9a3e-bebb1764d06c | ccbce844-5d81-4fb8-9ac2-ac2806dd4139";"e6909aae-7d91-473f-8e4d-504f326d8fd3 | 5b5f6955-779c-4569-bd76-472468d905fc";"";"";""
"209";"400kV ADAPAZARI - YUNUS EMRE TES EİH";"400";"ambiguous-live";"Coklu aday var; kaynak terminal adlari TM adlariyla exact eslesmedigi icin yon normalize edilemiyor.";"2";"2";"";"38,02";"";"4aa5ba15-04d6-4097-9f92-bb96dd0e8249 | 88d98ab0-c7c6-482a-85bf-f51801ac9d8b";"97f56a74-1ef8-4f7e-bb27-5c80bb98ddb7 | 3105577e-30dc-433d-919f-5bdb29c066d1";"would-resolve";"Alias-aware yon eslestirme ile tolerans icinde birlesir (53.60 MW).";"-754.46 | 808.05"
"210";"400kV TEMELLİ - YUNUS EMRE TES EİH";"400";"ambiguous-live";"Coklu aday var; kaynak terminal adlari TM adlariyla exact eslesmedigi icin yon normalize edilemiyor.";"2";"2";"";"13,78";"";"ccefb2ce-6102-4ed1-8dc8-ab24d85d7f8d | a8c26e66-c04f-48b6-8b10-5f032b1ac190";"59584af7-a59e-4405-82e4-15de082f2429 | 7a7fb9c5-dd94-419b-b1f0-80869103245e";"would-resolve";"Alias-aware yon eslestirme ile tolerans icinde birlesir (15.35 MW).";"788.55 | -773.20"
"211";"400kV ALTINKAYA HES - CENGİZ DGKÇ EİH";"400";"ambiguous-live";"Coklu aday var; kaynak terminal adlari TM adlariyla exact eslesmedigi icin yon normalize edilemiyor.";"2";"2";"";"53,73";"";"540936eb-2b5d-468f-a4ad-63ad3256103b | 13d83be5-0125-4f17-8d32-7fd2ff0a8967";"85dc4384-4647-4147-a18e-789dafbde97f | a9fe2bce-2d94-4323-b2b0-e7b8386f324b";"would-resolve";"Alias-aware yon eslestirme ile tolerans icinde birlesir (14.45 MW).";"-283.57 | 298.02"
"212";"400kV ILICA ZEKİ GÜRGEN - AĞRI2 EİH";"400";"matched-single";"En yeni aktif aday tekil secildi.";"2";"2";"";"";"";"0ad199bf-7c83-4688-ac24-2f0e3e450734 | bf15a350-99a0-4610-a467-73f9abefecd6";"06d192f0-c52c-4fe2-9490-63a6d66bc3c0 | eeb50d54-9f9a-45e4-8fee-04ab046475e8";"would-resolve";"Alias-aware yon eslestirme ile tekil secim korunur.";"151.12"
"213";"400kV BÖLÜCEK - OSMANCA EİH";"400";"matched-single";"En yeni aktif aday tekil secildi.";"2";"2";"";"-27,46";"";"36dd05ba-f86c-4166-8711-93b1a5971b88 | 084a60e8-345a-4972-9d9e-cf80cbd8c9e2";"dd50f566-3089-4389-ba4c-9ab86ab3c0a1 | aa564709-1a86-477e-99af-4983dba3b05f";"would-resolve";"Alias-aware yon eslestirme ile tekil secim korunur.";"-52.73"
"214";"400kV KARTAL - MALTEPE EİH";"400";"ambiguous-live";"Coklu aday var; kaynak terminal adlari TM adlariyla exact eslesmedigi icin yon normalize edilemiyor.";"2";"2";"";"-36,71";"";"35083fdf-e1dc-4342-ba1b-4d73d43f9723 | a872249d-5b71-47b5-b833-caabf3ab9cab";"fdac500b-97ca-42b4-9ea0-5e69db77cca5 | 59692d21-ded5-4929-8617-07faaa6bbaef";"would-resolve";"Alias-aware yon eslestirme ile tolerans icinde birlesir (37.25 MW).";"230.46 | -193.22"
"215";"400kV BEYKENT OSB - ŞEHİTKAMİL OSB EİH";"400";"matched-single";"En yeni aktif aday tekil secildi.";"2";"2";"";"-50,98";"";"95dbd77b-0d8b-4893-a90a-79b975d13c33 | ca523862-1d3a-48ac-9829-7cd7f8e7c408";"018430f1-ac99-4f61-8ac5-7f392eada6e0 | c84036ef-22c2-488c-a99c-ab4f01a4963e";"would-resolve";"Alias-aware yon eslestirme ile tekil secim korunur.";"544.73"
"216";"400kV GELİBOLU - BEKİRLİ TES - I EİH";"400";"ambiguous-live";"Coklu aday var; kaynak terminal adlari TM adlariyla exact eslesmedigi icin yon normalize edilemiyor.";"2";"2";"";"-36,56";"";"42887d16-1ec0-4f0b-a475-c0618c4d5e48 | 4baea747-d1ec-432c-b081-ac2fcb16dbdb";"c81169ce-269e-4db5-b347-621c9935b5d5 | 6e8d0bb0-6b69-4a78-add1-97049e4b3a02";"would-resolve";"Alias-aware yon eslestirme ile tolerans icinde birlesir (27.34 MW).";"226.99 | -199.66"
"217";"400kV BİLGİN SAMSUN DGKÇ - ALTINORDU EİH";"400";"matched-single";"En yeni aktif aday tekil secildi.";"2";"2";"";"71,38";"";"ff06f489-a307-4abd-b2bd-d66f9bf73667 | b2e0ef3e-33af-4302-817e-48db24c0594e";"8efc0552-aaf5-4dfe-95fe-3498db29f5d1 | c25834dd-a1fc-46fe-8cfc-86fcb799c66c";"would-resolve";"Alias-aware yon eslestirme ile tekil secim korunur.";"839.20"
"218";"400kV TİREBOLU - ALTINORDU EİH";"400";"ambiguous-live";"Coklu aday var; kaynak terminal adlari TM adlariyla exact eslesmedigi icin yon normalize edilemiyor.";"2";"2";"";"39,39";"";"76685f81-126d-4489-9851-1d07127eb93f | 84987cb3-0bb9-4a78-b8ae-8314602c94e2";"af258c68-5eab-4349-b892-d1ab98d921f7 | 83b6180b-e596-42ce-8c08-52e460dfc025";"would-resolve";"Alias-aware yon eslestirme ile tolerans icinde birlesir (3.19 MW).";"-676.65 | 673.45"
"219";"400kV ATATÜRK HES -> BİRECİK HES - ZEUGMA EİH";"400";"missing-source-row";"Aktif SCADA ID kaynak tabloda bulunamadi.";"1";"0";"";"";"";"9048b486-93c5-4340-b5ff-e1041c042c4d";"23d04a45-4c3a-486d-9673-a01d1b889673";"";"";""
"220";"400kV ADAPAZARI - KOCAELİ - I EİH";"400";"ambiguous-live";"Coklu aday var; kaynak terminal adlari TM adlariyla exact eslesmedigi icin yon normalize edilemiyor.";"2";"2";"";"";"";"e219c8d3-8a63-47b1-b113-f084b7246d85 | 0295c9e9-d740-4116-9d5b-c3fd959f7780";"2383607b-9c71-497b-b3c9-0ef6d343da3e | e40be3ea-2e56-4ccc-b19d-11f9045be5ff";"still-ambiguous";"Alias eslestirme olsa bile uc degerler ayrisik kaliyor.";"794.45 | -744.29"
"221";"400kV TEKİRDAĞ DGKÇ A - TÜRKGÜCÜ EİH";"400";"ambiguous-live";"Coklu aday var; kaynak terminal adlari TM adlariyla exact eslesmedigi icin yon normalize edilemiyor.";"2";"2";"";"";"";"b8d7ceeb-583d-414b-bce3-4eb7f1f2b3a4 | 2287f65b-2e38-4558-9df0-93c7499c0f77";"d25b4f54-e3ff-4bcf-81bd-1e251f6bf904 | 59ede58a-b242-40dd-95c1-67f15c2e6451";"still-ambiguous";"Alias eslestirme olsa bile uc degerler ayrisik kaliyor.";"169.02 | -148.15"
"222";"400kV ADAPAZARI - KOCAELİ - II EİH";"400";"ambiguous-live";"Coklu aday var; kaynak terminal adlari TM adlariyla exact eslesmedigi icin yon normalize edilemiyor.";"2";"2";"";"";"";"75c21242-9f74-43ab-9335-ef466ddca19c | b5e04616-061e-4bf6-8918-341d799e3d64";"7840feb8-0878-422d-86e4-2b01f6315854 | ed49d1f5-b9eb-4447-b964-596237709f8e";"still-ambiguous";"Alias eslestirme olsa bile uc degerler ayrisik kaliyor.";"899.06 | -861.56"
"223";"400kV KOCAELİ - MAKİNA OSB EİH";"400";"ambiguous-live";"Coklu aday var; kaynak terminal adlari TM adlariyla exact eslesmedigi icin yon normalize edilemiyor.";"2";"2";"";"";"";"60767ad7-fa28-4415-8233-0b5df0d00625 | d3bdffdf-d102-472e-83bc-9850fb968995";"fe2493b9-62b6-4b28-94ed-e85b34d1ee99 | 213074a0-ae23-4873-8e1b-0a3fd0182b66";"would-resolve";"Alias-aware yon eslestirme ile tolerans icinde birlesir (49.77 MW).";"925.43 | -875.67"
"224";"400kV ERZİN DGKÇ - KOZAN HAVZA EİH";"400";"ambiguous-live";"Coklu aday var; kaynak terminal adlari TM adlariyla exact eslesmedigi icin yon normalize edilemiyor.";"2";"2";"";"-126,36";"";"61607a02-32cf-42c8-8da1-08e8a4886339 | 257dc7df-3444-456a-8fb2-002d08a357ee";"027154ce-2b1e-4859-a36b-071088c168ab | f03cb14f-f53e-47fb-b50e-0e2f0337b876";"would-resolve";"Alias-aware yon eslestirme ile tolerans icinde birlesir (34.57 MW).";"-63.12 | 97.69"
"225";"400kV ARKUN HES - İSPİR HAVZA EİH";"400";"matched-single";"En yeni aktif aday tekil secildi.";"2";"2";"";"-4,40";"";"617abd8b-ec08-455c-849c-c5e13e54ccec | e6c0defa-46aa-45de-9afc-d7679cc67199";"e4a0b2b1-3e1e-47d2-a35d-5b807ad85ed6 | 4c3949a0-d18a-4165-a616-7a52643c8358";"would-resolve";"Alias-aware yon eslestirme ile tekil secim korunur.";"-125.15"
"226";"400kV OSMANCA - ZETES3 EİH";"400";"matched-single";"En yeni aktif aday tekil secildi.";"2";"2";"";"-31,81";"";"83dfa2cf-a4f7-4b23-a553-e22066f4196b | 580f3648-e9a2-4f9f-a959-5462db5802e5";"7509cb5e-45fc-4c71-a1c1-841f1de387cb | 9920dddb-4bc1-4dc8-af06-fd7ef52d44fb";"would-resolve";"Alias-aware yon eslestirme ile tekil secim korunur.";"-20.23"
"227";"400kV ZETES2 - ZETES3 EİH";"400";"ambiguous-live";"Coklu aday var; kaynak terminal adlari TM adlariyla exact eslesmedigi icin yon normalize edilemiyor.";"2";"2";"";"";"";"07b42c59-cf67-49a2-a42a-7e31fa2081bd | 9e6c23eb-f0c5-4d5b-b3ee-91ab7c23a70c";"5d815d38-f8e7-4694-a689-ab9545973020 | 01f8f9e6-00f6-412a-b65d-2f9376a51fc9";"would-resolve";"Alias-aware yon eslestirme ile tolerans icinde birlesir (20.73 MW).";"-316.69 | 337.42"
"228";"400kV ADA2 DGKÇ - ZETES2 EİH";"400";"ambiguous-live";"Coklu aday var; kaynak terminal adlari TM adlariyla exact eslesmedigi icin yon normalize edilemiyor.";"2";"2";"";"";"";"6eeedf35-2f26-45e7-a2f5-f1f2f4ac81ca | 6077c493-6baa-4c63-8f8c-cbb4316b0ea3";"48faf61c-8300-45c2-91df-3fdaeda4edd5 | 9171daee-c772-4f26-8e89-20067ed60ef7";"needs-better-alias";"Alias katmani olmadan terminal yonu belirlenemiyor.";"-258.89 | 279.75"
"229";"400kV KIRIKKALE DGKÇ - KAYABAŞI EİH";"400";"matched-single";"En yeni aktif aday tekil secildi.";"2";"2";"";"73,82";"";"dd836530-d9b2-4de2-8a2f-4ab9b75236c3 | 771b84d0-2a37-49a1-9627-2643eb56eff6";"e9e4a64d-5461-4131-948d-203d1b335a81 | 78ce44d2-42d4-4a07-bcef-0c507375087d";"would-resolve";"Alias-aware yon eslestirme ile tekil secim korunur.";"-350.12"
"230";"400kV PAŞAKÖY - OSMANCA EİH";"400";"ambiguous-live";"Coklu aday var ancak ayni anda tutarsiz deger uretiyor.";"2";"2";"";"";"";"46a972a1-67aa-4d89-a3fa-fd13bdf47e3c | 9460dddb-e458-4e96-a373-9efd8f394888";"af027421-1842-456a-a906-69d38ed69d62 | b670e85f-58a9-42b0-b3ee-3025fcdc683d";"would-resolve";"Alias-aware yon eslestirme ile tolerans icinde birlesir (33.07 MW).";"596.54 | -563.48"
"231";"400kV ILICA ZEKİ GÜRGEN - İSPİR HAVZA EİH";"400";"matched-single";"En yeni aktif aday tekil secildi.";"2";"2";"";"0,10";"";"f2b17b67-fab4-4d70-8542-d1bbb87f0b6e | 869d6238-5246-42d5-85d3-f66bd376aebe";"9864c94e-7734-41c5-b3c1-4678f5855fc6 | b7f963df-55b0-445a-bf33-c022a1236fb6";"would-resolve";"Alias-aware yon eslestirme ile tekil secim korunur.";"-251.58"
"232";"400kV REŞADİYE - ALTINORDU EİH";"400";"matched-single";"En yeni aktif aday tekil secildi.";"2";"2";"";"-23,31";"";"e7e4e116-a82a-4ca0-bd99-a8b0ca3e2d6a | 41da833c-172b-4d05-a238-557187fbef24";"cbdf793e-ccc6-4fdf-8876-482144100a05 | d09f9da1-a472-48f6-b88a-977f1387b77b";"would-resolve";"Alias-aware yon eslestirme ile tekil secim korunur.";"-249.10"
"233";"400kV GELİBOLU - CENAL TES - II EİH";"400";"ambiguous-live";"Coklu aday var; kaynak terminal adlari TM adlariyla exact eslesmedigi icin yon normalize edilemiyor.";"2";"2";"";"-43,33";"";"8d7a89eb-4313-48f9-a99a-48afff7d1b00 | 43464dca-1dd9-4c78-8dbd-d09df1fe775f";"dd844941-895e-40de-9949-183437afabef | 9916e062-44eb-4597-94cd-7d6f51b67025";"would-resolve";"Alias-aware yon eslestirme ile tolerans icinde birlesir (35.39 MW).";"152.96 | -117.57"
"234";"400kV GÖLBAŞI - İÇ ANADOLU DGKÇ EİH";"400";"matched-single";"En yeni aktif aday tekil secildi.";"2";"2";"";"-66,23";"";"4e2e44e2-03bd-4ebc-be6f-d08959f88a5a | 6d272e1f-3b34-49c7-961c-d2a18eff136f";"d73dd139-46c3-4bd3-9ce8-970cc15a249e | f9a464fc-ceab-49af-96e5-b66134345a3b";"would-resolve";"Alias-aware yon eslestirme ile tekil secim korunur.";"-173.72"
"235";"400kV GÖKÇEKAYA HES - GÖLBAŞI EİH";"400";"matched-single";"En yeni aktif aday tekil secildi.";"2";"2";"";"";"";"ebee59ea-62d4-4cb2-a14c-e7abea4f7e8d | 312b6d76-8e96-44e9-98e9-986a3b495d62";"2b41c021-8b92-4eb2-93a5-d09198e33540 | e1732648-262c-4f60-bd8f-e6f2e5cd3c36";"would-resolve";"Alias-aware yon eslestirme ile tekil secim korunur.";"648.11"
"236";"400kV ELGÜN - KIZILTEPE - II EİH";"400";"matched-single";"En yeni aktif aday tekil secildi.";"2";"2";"";"126,49";"";"fe53c65f-01c5-47d0-80f7-e103d20c20df | a573c6f7-85ef-41fd-a9ab-75205cf76bd1";"84d324b6-c83c-4389-9faa-ce1aacd79bb3 | bb9bb840-728d-430f-bc63-f3bcdcd42ca0";"would-resolve";"Alias-aware yon eslestirme ile tekil secim korunur.";"-280.99"
"237";"400kV İSTANBUL F.OİL DGKÇ (B) - YENİBOSNA EİH";"400";"ambiguous-live";"Coklu aday var; kaynak terminal adlari TM adlariyla exact eslesmedigi icin yon normalize edilemiyor.";"2";"2";"";"";"";"a7424e8f-893c-48bb-a0b6-448546394cf7 | 739611d6-5df7-4a77-8c63-519446b313ff";"1e0892dd-879c-486c-8461-3fc6a8647e37 | ae69f828-29bb-49f3-a9cb-1a2ffd411c12";"needs-better-alias";"Alias katmani olmadan terminal yonu belirlenemiyor.";"-16.73 | 26.72"
"238";"400kV BAĞLUM - KURŞUNLU - I EİH";"400";"ambiguous-live";"Coklu aday var; kaynak terminal adlari TM adlariyla exact eslesmedigi icin yon normalize edilemiyor.";"2";"2";"";"-24,14";"";"b9adedf9-cdc5-4289-ab71-bbc0b9d72aab | 6212a69d-2c16-4e9d-b27d-8cb3070559d3";"b5374981-f65a-482b-b454-735052b7f692 | 46a992a1-1dd2-485f-aa28-9b1748a45e4a";"would-resolve";"Alias-aware yon eslestirme ile tolerans icinde birlesir (4.56 MW).";"-55.49 | 50.93"
"239";"400kV BAĞLUM - KURŞUNLU - II EİH";"400";"ambiguous-live";"Coklu aday var; kaynak terminal adlari TM adlariyla exact eslesmedigi icin yon normalize edilemiyor.";"2";"2";"";"-7,75";"";"4df527b9-7a36-4c56-b03c-97009670b795 | 60c6b78e-44b8-4a05-a7e4-41a3d47a3030";"5661af2c-2ea3-4744-9d5c-ad2f9b04a67b | 2cf32c22-ed54-40e3-9fd6-a7e97d900b4a";"would-resolve";"Alias-aware yon eslestirme ile tolerans icinde birlesir (15.35 MW).";"-44.57 | 59.92"
"240";"400kV SİNCAN - KIRIKKALE DGKÇ EİH";"400";"matched-single";"En yeni aktif aday tekil secildi.";"2";"2";"";"-77,01";"";"d6f7529b-302c-4830-a4d7-c3895e7c1ffa | 0c7ac670-b3db-4a41-aea2-b5cbab38f81a";"1110d112-5118-42fe-b45f-10e2437b6e30 | 9fdb8a8d-ae92-44cf-92c1-eeaaccaca2fc";"would-resolve";"Alias-aware yon eslestirme ile tekil secim korunur.";"-162.62"
"241";"400kV KIRIKKALE DGKÇ - İÇ ANADOLU DGKÇ EİH";"400";"matched-single";"En yeni aktif aday tekil secildi.";"2";"2";"";"6,22";"";"c8056eea-7049-410c-b0db-f0fb29a0a009 | c9de1f4e-13bc-4dca-90d5-a6cb5891419e";"5cc545a0-1067-4abf-99d6-c0542b2e0eb5 | cfcf54bc-1654-440a-9134-fd06583118f2";"would-resolve";"Alias-aware yon eslestirme ile tekil secim korunur.";"-223.19"
"242";"400kV ILICA ZEKİ GÜRGEN - KARAKOÇAN EİH";"400";"ambiguous-live";"Coklu aday var; kaynak terminal adlari TM adlariyla exact eslesmedigi icin yon normalize edilemiyor.";"2";"2";"";"-55,96";"";"a44a9587-37dd-41da-8ca9-34133761af0b | 9cc63589-491c-4f6f-9f52-cdc63e1ecee3";"a23f9cbe-b0e7-467b-8794-58340d56b41e | c3c0ee2b-3d70-4643-8f07-773bf1245863";"would-resolve";"Alias-aware yon eslestirme ile tolerans icinde birlesir (5.59 MW).";"-198.39 | 203.98"
"243";"400kV SOMA RES - SOMA KOLİN TES EİH";"400";"ambiguous-live";"Coklu aday var; kaynak terminal adlari TM adlariyla exact eslesmedigi icin yon normalize edilemiyor.";"2";"2";"";"";"";"752eddfb-7a28-48d1-b7bb-258e01636e25 | 2fc9ac41-5b9f-4342-bee7-b392bbc116ca";"16cfca15-5870-480b-a902-365e8ecf5c66 | 7d63eab2-db54-489c-acf7-c1e5cc59e035";"would-resolve";"Alias-aware yon eslestirme ile tolerans icinde birlesir (3.23 MW).";"-57.86 | 61.10"
"244";"400kV KAPIÇAM - BAŞPINAR OSB EİH";"400";"matched-single";"En yeni aktif aday tekil secildi.";"2";"2";"";"-27,51";"";"af539ba6-6346-4c5b-928a-85f83786da50 | dacb31ee-14ee-4296-9cdb-06c58dce677e";"87589a7f-01f4-45e1-a247-43fb98c981d8 | 705d131e-fc90-4256-b991-ea8207ed92ae";"would-resolve";"Alias-aware yon eslestirme ile tekil secim korunur.";"-75.34"
"245";"400kV YEŞİLHİSAR - KOZAN HAVZA - II EİH";"400";"matched-single";"En yeni aktif aday tekil secildi.";"2";"2";"";"";"";"5b3fff56-01da-4a30-8cf3-24138f0228b6 | c00d01a1-2630-48f5-a318-4500a8befc6c";"a5f06cfa-186c-4c3f-b7b5-268c53ff457a | 6a05d316-c5e8-4c9f-83a8-b6f86ff1e576";"would-resolve";"Alias-aware yon eslestirme ile tekil secim korunur.";"-247.46"
"246";"400kV SEYİTÖMER TES - UŞAK400 EİH";"400";"matched-single";"En yeni aktif aday tekil secildi.";"2";"2";"";"-28,40";"";"8aa75ff5-003f-4035-a63c-e7f290d18994 | 9466fed1-d815-4c28-8250-218b757022d9";"c6351842-7df2-440b-acec-426209eb15a1 | f5fc8b90-9a52-467c-8bb6-895a0ee23edd";"would-resolve";"Alias-aware yon eslestirme ile tekil secim korunur.";"-63.99"
"247";"400kV KIZILTEPE - CİZRE EİH";"400";"ambiguous-live";"Coklu aday var; kaynak terminal adlari TM adlariyla exact eslesmedigi icin yon normalize edilemiyor.";"2";"2";"";"51,80";"";"93516449-3a4f-4d99-8389-fa5579a48b15 | 76e86d96-fa5f-4ed2-b8a7-585c8b7a2361";"dd5bb9f1-8ee2-4dbb-b1dc-e75eba58eff6 | a67d1d20-37fd-4b37-a05b-b44bc957141e";"would-resolve";"Alias-aware yon eslestirme ile tolerans icinde birlesir (4.31 MW).";"749.34 | -745.03"
"248";"400kV UZUNDERE - BORNOVA380 EİH";"400";"matched-single";"En yeni aktif aday tekil secildi.";"2";"2";"";"2,52";"";"69f55020-8112-47a6-a4f7-40ef15360df1 | f6c39963-dfed-4f74-8cc0-6dae795ca494";"e5f9e703-6897-493b-8b81-4a3f086ad141 | 89a7d579-3ea1-4639-ad29-8e26b7eda20c";"would-resolve";"Alias-aware yon eslestirme ile tekil secim korunur.";"327.42"
"249";"400kV IŞIKLAR - BORNOVA380 EİH";"400";"matched-single";"En yeni aktif aday tekil secildi.";"2";"2";"";"-64,64";"";"01728015-2344-4a2e-8c83-a6194abe5896 | cfd1f97e-682c-479e-8b58-3be2a10539a1";"7a1d00bd-24cd-4bc3-ac16-c4b353dbb244 | ea5fa9ff-b5ed-43e3-8ca1-fa89ecace50d";"would-resolve";"Alias-aware yon eslestirme ile tekil secim korunur.";"-500.30"
"250";"400kV TEKİRDAĞ DGKÇ A - DELİKLİKAYA EİH";"400";"matched-single";"En yeni aktif aday tekil secildi.";"2";"2";"";"-22,93";"";"d197e3ee-c975-4706-8f51-0333b94b666a | 23e42d7c-e848-49ae-a0c4-3e1a7ef2a46e";"92bb2645-a80b-4d7f-9a78-0889e844ac71 | 6a46c72a-4e95-452c-9674-f28e584a103f";"would-resolve";"Alias-aware yon eslestirme ile tekil secim korunur.";"-107.78"
"251";"400kV TÜRKGÜCÜ - DELİKLİKAYA - I EİH";"400";"ambiguous-live";"Coklu aday var; kaynak terminal adlari TM adlariyla exact eslesmedigi icin yon normalize edilemiyor.";"2";"2";"";"-27,71";"";"ffd5ab19-2c70-44ee-86d2-66f61861bfe4 | be472698-af23-4249-a8d6-17842d67c9ff";"1ecf5f95-184a-48db-8191-50add606bb62 | 43b04d15-a1c2-471e-a7f8-a07da35352a3";"needs-better-alias";"Alias katmani olmadan terminal yonu belirlenemiyor.";"-36.77 | 67.67"
"252";"400kV TÜRKGÜCÜ - DELİKLİKAYA - II EİH";"400";"ambiguous-live";"Coklu aday var; kaynak terminal adlari TM adlariyla exact eslesmedigi icin yon normalize edilemiyor.";"2";"2";"";"-27,83";"";"14743aee-4d62-47c5-a0d3-6cc10f61c30b | 46712f7f-72ba-465f-8f4a-014674d5eee7";"d43574df-ba83-457b-acca-a437d021aa3c | 98ae6372-eb15-45e0-b343-09fe2cb0699e";"needs-better-alias";"Alias katmani olmadan terminal yonu belirlenemiyor.";"-36.73 | 63.55"
"253";"400kV BATMAN2 - ILISU HES EİH";"400";"ambiguous-live";"Coklu aday var; kaynak terminal adlari TM adlariyla exact eslesmedigi icin yon normalize edilemiyor.";"2";"2";"";"39,99";"";"51f44d0a-6bc5-40f8-b1e9-0d8a74ab9a5c | 03775f08-ce34-43e2-89c4-8295715a05bf";"42fa659d-7ddf-4780-8a10-bc1e3ac7dc9c | 76c6d0bc-7933-417b-87b6-1da35eec4774";"would-resolve";"Alias-aware yon eslestirme ile tolerans icinde birlesir (13.61 MW).";"-314.64 | 328.25"
"254";"400kV KIZILTEPE - ILISU HES EİH";"400";"ambiguous-live";"Coklu aday var; kaynak terminal adlari TM adlariyla exact eslesmedigi icin yon normalize edilemiyor.";"2";"2";"";"";"";"1ed27b0d-feac-4b27-811c-eb5326d54f04 | 9045037c-bf83-4e55-a01e-0ac6d7902737";"608a02e1-8f6d-4f9d-a504-54df8a7ff8d1 | e0210df1-3745-43d6-8fdd-7f9693536b47";"still-ambiguous";"Alias eslestirme olsa bile uc degerler ayrisik kaliyor.";"435.43 | -372.88"
"255";"400kV CİZRE - ILISU HES EİH";"400";"matched-single";"En yeni aktif aday tekil secildi.";"2";"2";"";"";"";"bd20f92f-b7b4-47a8-81f3-8c8f62d58d82 | ead78657-afa0-4cdf-a411-ad479d320220";"408ad107-c29f-4676-8e87-bac364edfe0b | 25f891e4-b8b2-40cf-a38d-4cf4e846fa6a";"would-resolve";"Alias-aware yon eslestirme ile tekil secim korunur.";"-632.78"
"256";"400kV YUKARI KALEKÖY HES - AŞAĞI KALEKÖY HES EİH";"400";"matched-single";"En yeni aktif aday tekil secildi.";"2";"2";"";"3,12";"";"e558d806-a986-41d6-91b2-35bf45a2efb6 | a0022da8-3d51-484d-97e0-a69b0931d3de";"62172efa-e416-4579-a565-c20b859cd5de | bdc962f0-747a-4814-ad74-e9a39cd081d8";"would-resolve";"Alias-aware yon eslestirme ile tekil secim korunur.";"412.28"
"257";"400kV BATMAN2 - AŞAĞI KALEKÖY HES EİH";"400";"matched-single";"En yeni aktif aday tekil secildi.";"2";"2";"";"-72,07";"";"8eee4414-f4a3-4cb5-b8eb-b90c0d42fd58 | f5997f60-93f4-4555-9d8c-92d96270649f";"04e5efc0-20f7-48b3-ae0e-d2d2ed9bedf6 | 2f120873-4dc8-404a-b2bf-b1bafb0818d8";"would-resolve";"Alias-aware yon eslestirme ile tekil secim korunur.";"150.08"
"258";"400kV VARSAK - SERBEST BÖLGE EİH";"400";"ambiguous-live";"Coklu aday var; kaynak terminal adlari TM adlariyla exact eslesmedigi icin yon normalize edilemiyor.";"2";"2";"";"-46,24";"";"f8741157-c6bc-4da9-a980-9f26dad1b5b6 | bcf08d7e-d4ff-4966-bef9-760fd03bfb16";"c302533b-7820-48d0-b1f1-9a6947017529 | bc17572b-2b49-4d37-9300-07dfeb8f7330";"needs-better-alias";"Alias katmani olmadan terminal yonu belirlenemiyor.";"-137.81 | 141.21"
"259";"400kV ATIŞALANI - SAĞMALCILAR GİS EİH";"400";"ambiguous-live";"Coklu aday var; kaynak terminal adlari TM adlariyla exact eslesmedigi icin yon normalize edilemiyor.";"2";"2";"";"-108,16";"";"f9eaac93-d836-48ef-9ec1-f9a1c22d1cb2 | 843df2af-c65f-4293-9734-27304955ea5e";"ca34a031-b498-4ece-80b7-e3e78bf98fac | 4e4d556f-51d9-4d95-8d87-7a5bfd5493ac";"would-resolve";"Alias-aware yon eslestirme ile tolerans icinde birlesir (10.46 MW).";"37.46 | -27.00"
"260";"400kV GÖLBAŞI - SİNCAN EİH";"400";"ambiguous-live";"Coklu aday var; kaynak terminal adlari TM adlariyla exact eslesmedigi icin yon normalize edilemiyor.";"2";"2";"";"";"";"5fd1911e-5ef8-49fa-9076-5bdfa194241e | 95963c3b-0f13-48c2-a368-0d045d37d93a";"9d7d1484-e627-4bbd-9df1-9596da15f3ba | e326b964-3a26-4957-9dc8-d4dcb68a0138";"would-resolve";"Alias-aware yon eslestirme ile tolerans icinde birlesir (34.59 MW).";"546.72 | -512.13"
"261";"400kV ALİAĞA2 - RAFİNERİ EİH";"400";"matched-single";"En yeni aktif aday tekil secildi.";"2";"2";"";"";"";"9857106e-42db-47b7-adf0-9c4c10a0de4f | c705089d-137f-4a73-a34a-87132cf24075";"809e9cb2-6d33-4c30-831b-7618047e23f4 | f6b03c2a-5456-448f-97c5-799e89835f13";"would-resolve";"Alias-aware yon eslestirme ile tekil secim korunur.";"-84.17"
"262";"400kV ANTALYA SERBEST BÖLGE - AKSA ANTALYA DGKÇ - EİH";"400";"ambiguous-live";"Coklu aday var; kaynak terminal adlari TM adlariyla exact eslesmedigi icin yon normalize edilemiyor.";"2";"2";"";"-28,91";"";"2af3ff12-0f48-4fb3-b8f8-9efea0bde9d2 | 7e3cc16a-190c-456b-a469-c1ec53b4b474";"3c4880c3-20b4-4542-a5a0-6fc16fa1ac41 | d8fe7414-8d4a-4b74-8cec-4c7027576379";"needs-better-alias";"Alias katmani olmadan terminal yonu belirlenemiyor.";"19.56 | -4.82"
"263";"400kV KARATAY - KONYA KUZEY EİH";"400";"matched-single";"En yeni aktif aday tekil secildi.";"2";"2";"";"";"";"1b548d3c-3614-4ed0-b92d-bce43f1db5b4 | 32000831-f18d-4fac-934d-b83d58e3a9f7";"468be6ff-92be-4cf3-a90d-685b93c6bd5a | a382842e-a7d6-41fc-bb32-59de170a9c74";"would-resolve";"Alias-aware yon eslestirme ile tekil secim korunur.";"-324.37"
"264";"400kV KOCAELİ - ULUDAĞ GİS EİH";"400";"matched-single";"En yeni aktif aday tekil secildi.";"2";"2";"";"-13,46";"";"4ea0e96c-6377-4256-9ba5-899078a5ba48 | 897111be-d06a-4cfa-bd89-7050bd644f92";"1f5ee1ec-4f56-4fab-a705-1a2980f99847 | f51a2489-f3a9-4fbb-b04f-b712425772ab";"would-resolve";"Alias-aware yon eslestirme ile tekil secim korunur.";"-175.25"
"265";"400kV BAŞPINAR OSB - ŞEHİTKAMİL OSB - I EİH";"400";"matched-single";"En yeni aktif aday tekil secildi.";"2";"2";"";"";"";"078a1222-3932-412a-9aa1-109f55731e50 | 17e63093-a289-451e-865b-85a9c654329b";"87acbce7-47c3-4e15-8e8c-37c251455451 | c84036ef-22c2-488c-a99c-ab4f01a4963e";"would-resolve";"Alias-aware yon eslestirme ile tekil secim korunur.";"289.38"
"266";"400kV IŞIKLAR - GERMENCİK EİH";"400";"ambiguous-live";"Coklu aday var; kaynak terminal adlari TM adlariyla exact eslesmedigi icin yon normalize edilemiyor.";"2";"2";"";"-80,23";"";"555aef91-2b2f-4a12-b9a7-87e37b0cb9a9 | 3a82c4fc-983a-443b-8bc1-d017fdb0c3a0";"d5bb35b5-80e9-4275-a941-91ca8426d735 | dd83e793-3067-4621-84d8-0b13b63cf7f9";"still-ambiguous";"Alias eslestirme olsa bile uc degerler ayrisik kaliyor.";"527.61 | -509.53"
"267";"400kV YATAĞAN TES - GERMENCİK EİH";"400";"ambiguous-live";"Coklu aday var; kaynak terminal adlari TM adlariyla exact eslesmedigi icin yon normalize edilemiyor.";"2";"2";"";"-57,01";"";"92992a39-ba4f-4dc7-84ec-f616d82c3110 | 700874cd-c50b-447f-b516-64591087bf6f";"5b7f8fdb-de2c-49e5-a4eb-9c3e9df967e4 | c9c86d57-129c-4cd9-8682-ccb04e405428";"still-ambiguous";"Alias eslestirme olsa bile uc degerler ayrisik kaliyor.";"-318.12 | 319.60"
"268";"400kV SİİRT380 - ÇETİN HES EİH";"400";"matched-single";"En yeni aktif aday tekil secildi.";"2";"2";"";"0,64";"";"d8878e86-344d-443c-b89b-896d1812f7af | 4ebe30aa-a907-4660-a414-cc200bc98c61";"aaf2c9c4-a21e-402c-8abc-f4365bf6c767 | e185e850-505d-4868-b6d3-64891aa690b1";"would-resolve";"Alias-aware yon eslestirme ile tekil secim korunur.";"-167.20"
"269";"400kV OYMAPINAR - OYMAPINAR HES - I EİH";"400";"ambiguous-live";"Coklu aday var; kaynak terminal adlari TM adlariyla exact eslesmedigi icin yon normalize edilemiyor.";"1";"2";"";"";"";"734f19ae-7c4e-4073-a879-fb59d5470bb8";"4e5eef4c-0260-4f90-9185-9980827d7cb4";"needs-better-alias";"Alias katmani olmadan terminal yonu belirlenemiyor.";"-202.37 | 202.37"
"270";"400kV OYMAPINAR - OYMAPINAR HES - II EİH";"400";"ambiguous-live";"Coklu aday var; kaynak terminal adlari TM adlariyla exact eslesmedigi icin yon normalize edilemiyor.";"1";"2";"";"";"";"14c006d2-a199-4c06-a084-b9aa7d74f26d";"ae3f55ae-5681-4ce2-aad5-41fe92004051";"needs-better-alias";"Alias katmani olmadan terminal yonu belirlenemiyor.";"-158.05 | 158.05"
"271";"400kV İZMİR HAVZA - RAFİNERİ EİH";"400";"ambiguous-live";"Coklu aday var; kaynak terminal adlari TM adlariyla exact eslesmedigi icin yon normalize edilemiyor.";"2";"2";"";"-4,72";"";"9821b685-490f-454c-94e3-2d5676809028 | d7a5ef36-3d4e-4e3b-b263-e3b575e3d99e";"94f5975a-27ad-4402-8563-df514a7d5c57 | 576632ef-f83b-4d12-9427-b17e12898107";"would-resolve";"Alias-aware yon eslestirme ile tolerans icinde birlesir (42.89 MW).";"-25.74 | 68.63"
"272";"400kV HAMİTABAT DGKÇ - VİZE HAVZA EİH";"400";"ambiguous-live";"Coklu aday var; kaynak terminal adlari TM adlariyla exact eslesmedigi icin yon normalize edilemiyor.";"2";"2";"";"14,65";"";"90d6ea2f-2fa0-4a35-8eb7-fc0981ac0aae | 95b344df-c2a7-4122-a39f-a682ad98901c";"0a0f990b-448c-4c57-9338-7f1a25b172a9 | 04140ad1-a20d-40e3-8998-0822c1bd2571";"would-resolve";"Alias-aware yon eslestirme ile tolerans icinde birlesir (62.59 MW).";"201.98 | -139.39"
"273";"400kV BEKİRLİ TES - ÇAN HAVZA EİH";"400";"ambiguous-live";"Coklu aday var; kaynak terminal adlari TM adlariyla exact eslesmedigi icin yon normalize edilemiyor.";"2";"2";"";"";"";"e6394157-e70b-4d4b-95a5-00727cb0c5c7 | 809e165d-3a06-478c-b534-22b6a429ec6a";"5d1d2aa9-3f15-4c9c-9b5b-40a208b32ff8 | 9646e8af-c29b-4c65-85a3-44959b0450be";"needs-better-alias";"Alias katmani olmadan terminal yonu belirlenemiyor.";"-533.63 | 609.39"
"274";"400kV ÇAN2 TES - ÇAN HAVZA - I EİH";"400";"ambiguous-live";"Coklu aday var; kaynak terminal adlari TM adlariyla exact eslesmedigi icin yon normalize edilemiyor.";"2";"2";"";"34,04";"";"e427cc9b-3ba1-4c17-9c8b-c6bbf5ab2fcb | e7461d0e-98f3-4ea6-99e0-7afb486fdccb";"52889479-cc3e-422d-8936-c5bfa8e42b48 | 115325b5-174f-4dca-a3d6-113640bdff9b";"needs-better-alias";"Alias katmani olmadan terminal yonu belirlenemiyor.";"109.06 | -103.84"
"275";"400kV ÇAN2 TES - ÇAN HAVZA - II EİH";"400";"ambiguous-live";"Coklu aday var; kaynak terminal adlari TM adlariyla exact eslesmedigi icin yon normalize edilemiyor.";"2";"2";"";"33,95";"";"15a8481b-9886-4d69-9a60-b56f7a4aa888 | f9d5baff-bee6-434b-91b0-40db8e2309a0";"3936f9c0-4b1d-4438-b8e3-00a854c4ef49 | 3983fae5-bee6-4392-855d-30182eff16cd";"needs-better-alias";"Alias katmani olmadan terminal yonu belirlenemiyor.";"102.27 | -97.55"
"276";"400kV ZETES3 - BARTIN OSB EİH";"400";"matched-single";"En yeni aktif aday tekil secildi.";"2";"2";"";"-21,46";"";"3bedf6e9-84be-49a9-a583-eca73aff04d8 | 5b63491e-0bdd-4801-8508-48f24a6e9f59";"d5ad0cab-e20a-4cd3-88db-775a6c4e8834 | 39b87caa-2605-4df3-8ac8-cec8c521848a";"would-resolve";"Alias-aware yon eslestirme ile tekil secim korunur.";"-21.32"
"277";"400kV ÜMRANİYE - KAVACIK EİH";"400";"ambiguous-live";"Coklu aday var; kaynak terminal adlari TM adlariyla exact eslesmedigi icin yon normalize edilemiyor.";"2";"2";"";"9,65";"";"7b83a898-6e6c-4dc4-b635-a4fbd7443321 | d1c84f0d-6d87-4172-b47c-9aa714cb931e";"080d845f-ebf5-4f04-ae8b-6ec2fb1c999a | a3524579-8184-4f69-92f1-b6f7999aa26f";"would-resolve";"Alias-aware yon eslestirme ile tolerans icinde birlesir (114.13 MW).";"-321.38 | 435.52"
"278";"400kV ALİBEYKÖY - KAVACIK EİH";"400";"ambiguous-live";"Coklu aday var; kaynak terminal adlari TM adlariyla exact eslesmedigi icin yon normalize edilemiyor.";"2";"2";"";"";"";"2b01099b-215c-49a0-a86b-7a77dac72007 | 2bdc6293-7907-43f8-9a07-d0416f8a6da1";"90e3d474-dc37-43c4-80de-9efa2c0dcea6 | 8ad97646-603a-4439-bd86-4b73dbffc5b6";"would-resolve";"Alias-aware yon eslestirme ile tolerans icinde birlesir (95.87 MW).";"-520.93 | 616.80"
"279";"400kV ADA2 DGKÇS - KAVACIK EİH";"400";"ambiguous-live";"Coklu aday var; kaynak terminal adlari TM adlariyla exact eslesmedigi icin yon normalize edilemiyor.";"2";"2";"";"";"";"665f0ed3-7a4e-4f28-8b18-cfcc91eb1f39 | d45533bb-ec6e-4131-b8fa-6401ca6c2786";"dad5161a-a51f-4599-8d94-8d5c44378320 | 1ba0542b-3d95-4b36-b54f-94c409f00e4a";"needs-better-alias";"Alias katmani olmadan terminal yonu belirlenemiyor.";"643.39 | -616.96"
"280";"400kV BEYKOZ - KAVACIK EİH";"400";"ambiguous-live";"Coklu aday var; kaynak terminal adlari TM adlariyla exact eslesmedigi icin yon normalize edilemiyor.";"2";"2";"";"";"";"58185fb8-753d-44ad-9151-baf97107af28 | 6a5c66b7-be6b-413e-8853-6646dbafa28b";"c6f541d2-3ef3-4e02-b241-9ac660660a24 | b0dbd2bc-50d1-4f64-b721-e01038e988a6";"would-resolve";"Alias-aware yon eslestirme ile tolerans icinde birlesir (51.92 MW).";"-399.44 | 451.37"
"281";"400kV KARAPINAR MEKE GÖLÜ GES - KARATAY EİH";"400";"matched-single";"En yeni aktif aday tekil secildi.";"2";"2";"";"-21,78";"";"8d432216-f1fe-4ea0-8701-565ae6df6d0f | 921de96a-fa4d-48f4-9bc9-9e518680ae55";"52f7cb08-b64d-4d3a-b021-a1b0ca8f8bf1 | bfb41113-fe75-431d-aedc-2825325aecad";"would-resolve";"Alias-aware yon eslestirme ile tekil secim korunur.";"-379.89"
"282";"400kV KARAPINAR MEKE GÖLÜ GES - YEŞİLHİSAR EİH";"400";"matched-single";"En yeni aktif aday tekil secildi.";"2";"2";"";"-30,91";"";"dec614e3-c475-4538-9bf8-1db1f84215ba | d2813ebf-f6b0-424d-98d2-50c926aff5be";"b4454e87-72e1-4608-bbfe-d5774831fc7c | e2975f28-d870-499f-a2dd-00a7ff915442";"would-resolve";"Alias-aware yon eslestirme ile tekil secim korunur.";"-202.42"
"283";"400kV İSTANBUL RES - VİZE HAVZA EİH";"400";"matched-single";"En yeni aktif aday tekil secildi.";"2";"2";"";"-13,81";"";"683d4e41-2ea1-4ad4-af86-508780d71eb8 | d8a9c7bc-5617-4bf8-9501-836fd0a404fe";"c4aa9acf-69a6-4af3-b033-3134a3c82ca7 | fa5e6038-e6d0-4567-b7b6-1f5347ec58ae";"would-resolve";"Alias-aware yon eslestirme ile tekil secim korunur.";"-50.98"
"284";"400kV İSTANBUL RES - TAŞOLUK EİH";"400";"ambiguous-live";"Coklu aday var; kaynak terminal adlari TM adlariyla exact eslesmedigi icin yon normalize edilemiyor.";"2";"2";"";"22,85";"";"c29e60e9-d761-463a-8436-40c67676f394 | b67f32a1-0936-43ab-8f74-ec0c00fd8129";"40380c83-245b-43de-8a26-982c761464dc | d1fcef60-25eb-4b4f-a5e0-9d1c5f8512a1";"would-resolve";"Alias-aware yon eslestirme ile tolerans icinde birlesir (53.18 MW).";"102.00 | -48.83"
"285";"400kV İÇ ANADOLU DGKÇ - BOZOK EİH";"400";"matched-single";"En yeni aktif aday tekil secildi.";"2";"2";"";"-28,04";"";"d28a4615-c063-4c24-86af-86fedcf494e6 | 48d87d71-7ed7-4ae5-88a0-e324067272f8";"02c5ea42-8752-4eb0-92d1-96d7467b64cc | 705a55da-6653-4c34-b48d-3e9e0993fb69";"would-resolve";"Alias-aware yon eslestirme ile tekil secim korunur.";"405.83"
"286";"400kV ÜRGÜP - ÇOBANBEYLİ EİH";"400";"ambiguous-live";"Coklu aday var; kaynak terminal adlari TM adlariyla exact eslesmedigi icin yon normalize edilemiyor.";"2";"2";"";"";"";"b59cdcbb-fcd4-42b4-829c-cf76a0b4851c | f5795324-3d9a-4d05-bd5e-1abd8ee2d807";"b346c370-2f0d-4254-bf9d-d704415ee04b | 64bdb253-e53a-4a9e-8216-b8654b677233";"would-resolve";"Alias-aware yon eslestirme ile tolerans icinde birlesir (32.64 MW).";"760.75 | -728.12"
"287";"400kV KÖSE - İSPİR HAVZA - II EİH";"400";"ambiguous-live";"Coklu aday var; kaynak terminal adlari TM adlariyla exact eslesmedigi icin yon normalize edilemiyor.";"2";"2";"";"-38,58";"";"c68bd0bf-da68-4fac-a929-7bef2c13716a | 8517a629-698f-4381-9c73-2a3a53726a5e";"d81ae169-42a4-4ba6-887b-2f508b027048 | e9243c67-6783-423f-b2bc-9e03c9631d39";"still-ambiguous";"Alias eslestirme olsa bile uc degerler ayrisik kaliyor.";"251.18 | -242.71"
"288";"400kV KÖSE - İSPİR HAVZA - I EİH";"400";"ambiguous-live";"Coklu aday var; kaynak terminal adlari TM adlariyla exact eslesmedigi icin yon normalize edilemiyor.";"2";"2";"";"";"";"ab7764f4-7db1-4ba9-9a37-8ff804dbb9ca | ef5a1e56-9caa-4191-9af5-c9be5cfd86e5";"cf010f7b-1575-481e-8750-519e1adefb63 | 4c8a498c-25f9-4497-a227-caef28405a46";"still-ambiguous";"Alias eslestirme olsa bile uc degerler ayrisik kaliyor.";"255.66 | -243.21"
"289";"400kV SİNCAN - ÜRGÜP - II EİH";"400";"ambiguous-live";"Coklu aday var; kaynak terminal adlari TM adlariyla exact eslesmedigi icin yon normalize edilemiyor.";"2";"2";"";"110,97";"";"fb4a00fe-b41a-4323-bcb5-24e48bdabf83 | 575d5d0b-59cf-4994-bbd6-c3a56714d4e7";"a3ade5ae-20c1-48ce-8684-b70bef3843bc | 0ff2d21f-9be2-463d-a2e8-438128999113";"would-resolve";"Alias-aware yon eslestirme ile tolerans icinde birlesir (36.33 MW).";"-656.05 | 692.38"
"290";"400kV İZDEMİR TES - BORNOVA380 EİH";"400";"ambiguous-live";"Coklu aday var; kaynak terminal adlari TM adlariyla exact eslesmedigi icin yon normalize edilemiyor.";"2";"2";"";"";"";"d67eb08e-fef0-4379-90d5-3305b1c23a4e | d595d8b4-63d1-4585-8122-dc2ef4d1bc4c";"20ee8e2a-14fb-42c5-b11e-ad076b3899fb | e05dc588-f5ad-43c3-9c76-ac1b4b3ad147";"still-ambiguous";"Alias eslestirme olsa bile uc degerler ayrisik kaliyor.";"283.34 | -252.19"
"291";"400kV SİNCAN - ÜRGÜP - I EİH";"400";"matched-single";"En yeni aktif aday tekil secildi.";"2";"2";"";"-2,38";"";"13210e6a-a236-4a5e-a7ce-e7863946aa41 | 8e01efb1-3a41-4842-bddd-c1cbede5a301";"3f409569-d60c-43e2-943c-1cf9185e2d9e | ca5409bd-b40a-4c41-b231-009983bf14ab";"would-resolve";"Alias-aware yon eslestirme ile tekil secim korunur.";"661.11"
"292";"400kV BURSA SANAYİ - GÜRAĞAÇ EİH";"400";"matched-single";"Ayni zamanli aktif adaylar ayni degerde.";"2";"3";"";"";"";"3c6ad0cc-59b3-486a-927e-349f3156656a | a3fe737d-87a8-41a1-a913-b67637b14d5c";"64879f8b-8597-4188-a67c-d1b82e8e1567 | 9549d0ca-10d5-449c-a9e7-0325bc0c4b0d";"would-resolve";"Alias-aware yon eslestirme ile tekil secim korunur.";"624.62 | 624.62"
"293";"400kV GÜRAĞAÇ - SOMA KOLİN TES EİH";"400";"matched-single";"En yeni aktif aday tekil secildi.";"2";"2";"";"";"";"d205349c-f41c-4b8d-b230-192663fcb060 | 32df3030-9049-49a7-a579-6b60bdd711bb";"2fa25670-2e57-4739-86b3-5531f4e1f30d | 9b107de9-c9aa-4c68-a3b6-d7f790bb76e5";"would-resolve";"Alias-aware yon eslestirme ile tekil secim korunur.";"-274.98"
"294";"400kV SUGÖZÜ TES - HUNUTLU TES EİH";"400";"matched-single";"En yeni aktif aday tekil secildi.";"2";"2";"";"";"";"f8f58142-e964-4c41-94ea-d5e8612685f1 | 356d9bcc-f8e4-441a-a960-36e31a791e00";"942fa32c-1ebd-42c7-891d-ec3eecd725b5 | 5689646a-9ffc-4968-b066-6aa1b039f54b";"would-resolve";"Alias-aware yon eslestirme ile tekil secim korunur.";"-92.00"
"295";"400kV TEPEÖREN - DİLİSKELESİ GİS EİH";"400";"ambiguous-live";"Coklu aday var; kaynak terminal adlari TM adlariyla exact eslesmedigi icin yon normalize edilemiyor.";"2";"2";"";"";"";"6b0f2af3-0f1b-4f7c-873c-468338abcec2 | 33c2ffd5-fe3f-4b2c-84a8-bbeadab22423";"9e28e50a-afcc-4d49-a8a5-56ab8c14654e | b2ee8c8e-6289-421e-8fd1-87ffac79a60c";"would-resolve";"Alias-aware yon eslestirme ile tolerans icinde birlesir (58.73 MW).";"-369.92 | 428.65"
"296";"400kV REŞADİYE - KÖSE EİH";"400";"ambiguous-live";"Coklu aday var; kaynak terminal adlari TM adlariyla exact eslesmedigi icin yon normalize edilemiyor.";"2";"2";"";"57,90";"";"a5cbe8ae-0e0b-44d6-94a9-47891a1953e4 | e7e05b37-346d-4328-8e5d-6e5eb733c9ba";"c6356e29-87e7-49d4-a78b-9f1e290753a4 | 199f1a17-250e-4a0e-b4a6-57e384e9f07a";"would-resolve";"Alias-aware yon eslestirme ile tolerans icinde birlesir (1.92 MW).";"601.29 | -599.37"
"297";"400kV DENİZLİ4 - PAMUKKALE EİH";"400";"matched-single";"En yeni aktif aday tekil secildi.";"2";"2";"";"91,82";"";"0d1bf6d5-99a1-4f43-8c5c-29543fa817a9 | c77a3742-669a-4717-b714-4d703e3bff52";"58db275a-2328-4d2e-869d-62800f6b4453 | 3915eb77-80e7-4a1c-b6af-834a1182a7cd";"would-resolve";"Alias-aware yon eslestirme ile tekil secim korunur.";"-27.79"
"298";"400kV BOZOK - REŞADİYE EİH";"400";"ambiguous-live";"Coklu aday var; kaynak terminal adlari TM adlariyla exact eslesmedigi icin yon normalize edilemiyor.";"2";"2";"";"101,31";"";"fb82c106-3d46-4314-a393-c60cd3687e75 | 0ebe595a-8eb7-4b72-9bd6-a6aaf44f1fef";"a816a0a5-3a4a-4d39-bc83-0ce488b64a9d | 528b8326-f829-433e-9654-29ee8a2954ea";"would-resolve";"Alias-aware yon eslestirme ile tolerans icinde birlesir (14.72 MW).";"-464.30 | 449.58"
"299";"400kV ÜRGÜP - ELBİSTAN TES EİH";"400";"matched-single";"En yeni aktif aday tekil secildi.";"2";"2";"";"19,10";"";"2cc1e1fa-3878-45b0-a275-6476373fa35b | 0c5f0c91-d279-48b4-9fce-16babd4b30ae";"29ca18b7-3ebd-4202-b7a6-090958035b55 | 9fe060c9-5225-4f4a-a9f0-a5e072bbc3fc";"would-resolve";"Alias-aware yon eslestirme ile tekil secim korunur.";"-656.73"
"300";"400kV GÖLBAŞI - KAYSERİ KAPASİTÖR KUZEY EİH";"400";"ambiguous-live";"Coklu aday var; kaynak terminal adlari TM adlariyla exact eslesmedigi icin yon normalize edilemiyor.";"2";"2";"";"";"";"b55a3335-882b-4923-bcdf-dd3f91676b64 | 27190e4e-79a2-4526-9121-88a9b40c424b";"cfe4f1a8-9d4b-47bf-addf-015afadc120f | 0d79d932-8384-4f91-a290-9e39653545f1";"would-resolve";"Alias-aware yon eslestirme ile tolerans icinde birlesir (16.99 MW).";"-535.66 | 552.65"
"301";"400kV GÖLBAŞI - KAYSERİ KAPASİTÖR GÜNEY EİH";"400";"ambiguous-live";"Coklu aday var; kaynak terminal adlari TM adlariyla exact eslesmedigi icin yon normalize edilemiyor.";"2";"2";"";"";"";"8437775c-10d7-4e24-80ec-48605d7b502f | a9fe2bbb-d341-4f5a-9915-c081f4a95735";"9a4aff5d-fb53-4e0f-a6f3-c003ae663571 | 0053f609-df5e-42e9-b127-63148eb08160";"would-resolve";"Alias-aware yon eslestirme ile tolerans icinde birlesir (40.84 MW).";"-534.02 | 574.87"
"302";"400kV KANGAL TES - KEBAN ŞALT EİH";"400";"ambiguous-live";"Coklu aday var; kaynak terminal adlari TM adlariyla exact eslesmedigi icin yon normalize edilemiyor.";"2";"2";"";"";"";"0de6f35a-ac13-4ad4-90d1-39276e8f23c2 | 023eb4d4-055d-479f-8def-d00da8e5b139";"b58dc3b2-a22a-4ddb-a2f7-64508b73453f | cb3f2f93-ab22-4246-a2eb-b02da8c49a08";"still-ambiguous";"Alias eslestirme olsa bile uc degerler ayrisik kaliyor.";"-740.88 | 763.62"
"303";"400kV KEBAN HES - KEBAN ŞALT - II EİH";"400";"ambiguous-live";"Coklu aday var; kaynak terminal adlari TM adlariyla exact eslesmedigi icin yon normalize edilemiyor.";"2";"2";"";"";"";"cafaba63-1cbc-4d04-ac96-db774479f5d6 | 8df8f572-6fb3-49ae-a555-d34162f6ddf1";"950f9f86-2124-492f-bd84-110a2ffd9723 | bc2f9977-a8e2-4f88-93c2-e58cd62c9f76";"would-resolve";"Alias-aware yon eslestirme ile tolerans icinde birlesir (4.88 MW).";"290.20 | -285.32"
"304";"400kV KEBAN HES - KEBAN ŞALT - I EİH";"400";"ambiguous-live";"Coklu aday var; kaynak terminal adlari TM adlariyla exact eslesmedigi icin yon normalize edilemiyor.";"2";"2";"";"";"";"3079f3aa-eeef-4395-aa3e-bc30893eb06b | 036ce6a8-520c-48cd-a9ec-47c0573df51e";"152e49d4-a638-4f1e-86d3-dd8afe3deca8 | 45b5616d-e79b-4996-9e33-effb45d3d24c";"would-resolve";"Alias-aware yon eslestirme ile tolerans icinde birlesir (2.50 MW).";"284.71 | -287.21"
"305";"400kV KEBAN HES - KEBAN ŞALT - III EİH";"400";"ambiguous-live";"Coklu aday var; kaynak terminal adlari TM adlariyla exact eslesmedigi icin yon normalize edilemiyor.";"2";"2";"";"-12,76";"";"7f9f89f1-9609-4aea-a0da-304f12c0d31e | 30d6668b-b0da-423b-817d-b5681a344c6f";"bc2e6532-b9bc-47ab-b4cc-6367daa1e786 | c5f0a7d5-aeae-4340-8993-20ed8ec4e8f1";"would-resolve";"Alias-aware yon eslestirme ile tolerans icinde birlesir (4.07 MW).";"292.12 | -288.05"
"306";"400kV KARAKOÇAN - KEBAN ŞALT EİH";"400";"ambiguous-live";"Coklu aday var; kaynak terminal adlari TM adlariyla exact eslesmedigi icin yon normalize edilemiyor.";"2";"2";"";"";"";"f3fef9ee-dc5d-4b87-b98d-bf395a7c2086 | 06307396-6a5b-42cf-a0c9-08821f7c523b";"63d11ea1-53d3-407a-87e8-9d3d6bc9cc37 | 44590d5f-b92c-4d55-8b3a-52d111316b4e";"still-ambiguous";"Alias eslestirme olsa bile uc degerler ayrisik kaliyor.";"683.42 | -669.77"
"307";"400kV ELBİSTAN TES - KEBAN ŞALT EİH";"400";"matched-single";"En yeni aktif aday tekil secildi.";"2";"2";"";"98,52";"";"67374af6-73e5-46ce-86da-5bd2eb20cf87 | 4ef43e6f-72f8-4463-ad53-346e099c2170";"9a21cd36-7f1b-4639-ab12-ece35f773f92 | b04d4973-8c92-415f-a0f4-de3c811dad6b";"would-resolve";"Alias-aware yon eslestirme ile tekil secim korunur.";"757.88"
"308";"400kV KEBAN ŞALT - KARAKAYA HES - II (DOĞU) EİH";"400";"matched-single";"En yeni aktif aday tekil secildi.";"2";"2";"";"";"";"b3c93c4b-bb43-4b5e-8a29-5e9ce5a64b66 | 0de8af08-cd87-425f-a0b3-2711f58cfde8";"5b1731f5-4736-4f08-83e9-986fd104146a | 0135d9c3-0b4b-436d-9fd6-c3e0dcfaad4f";"would-resolve";"Alias-aware yon eslestirme ile tekil secim korunur.";"-561.93"
"309";"400kV KEBAN ŞALT - KARAKAYA HES - I (BATI) EİH";"400";"ambiguous-live";"Coklu aday var; kaynak terminal adlari TM adlariyla exact eslesmedigi icin yon normalize edilemiyor.";"2";"2";"";"";"";"30a9ca92-6bc0-414b-bb11-943cf762d77b | 00d1b8f4-729b-4fd5-ae5c-0bb0d8f4e9c6";"df9bd886-c5b3-4ee4-a664-8e7e99e62434 | 3e6f12ef-2e72-4bd0-87f9-f9c978c55072";"needs-better-alias";"Alias katmani olmadan terminal yonu belirlenemiyor.";"574.61 | -563.89"
"310";"400kV KAYSERİ KAPASİTÖR - KEBAN ŞALT - I (KUZEY) EİH";"400";"ambiguous-live";"Coklu aday var; kaynak terminal adlari TM adlariyla exact eslesmedigi icin yon normalize edilemiyor.";"2";"2";"";"-68,00";"";"76eca8a5-2dc0-46a9-9bcb-61a2fb383b0d | 75cfe044-b49b-475e-ba30-f22fd9fc2557";"921dbeb5-5fb8-4b8b-ba05-ba0feb894c43 | f3c5c5b5-c635-495c-a5f3-2f77a5cced6f";"needs-better-alias";"Alias katmani olmadan terminal yonu belirlenemiyor.";"-561.40 | 596.94"
"311";"400kV KAYSERİ KAPASİTÖR - KEBAN ŞALT - II (GÜNEY) EİH";"400";"matched-single";"En yeni aktif aday tekil secildi.";"2";"2";"";"120,05";"";"e9ba9a06-d349-4d68-bc8f-bbe61b3b72fc | 1cbec73f-1495-4267-91a2-0660b8348b3e";"8345d35e-7a18-40eb-9fd5-2535ba3dc41a | dac1898e-5510-44ea-8244-32bf79b2ef13";"would-resolve";"Alias-aware yon eslestirme ile tekil secim korunur.";"600.03"
"312";"400kV BAĞIŞTAŞ - KEBAN ŞALT EİH";"400";"ambiguous-live";"Coklu aday var; kaynak terminal adlari TM adlariyla exact eslesmedigi icin yon normalize edilemiyor.";"2";"2";"";"-23,91";"";"efacbccc-0bf0-46e4-8e02-b05c6be87f03 | ae3b22a7-4281-4c8c-91a9-b42fe673d887";"bd5a89a2-e7b7-4a9a-b597-12188703b818 | 1ea0aa00-9b21-4501-9da1-b5d44124616a";"still-ambiguous";"Alias eslestirme olsa bile uc degerler ayrisik kaliyor.";"63.34 | -50.28"
"313";"400kV ZETES3 - KARADENİZ DOĞALGAZ GİS EİH";"400";"ambiguous-live";"Coklu aday var; kaynak terminal adlari TM adlariyla exact eslesmedigi icin yon normalize edilemiyor.";"2";"2";"";"";"";"b98089fd-3fdd-4e86-bc37-f856bffd3bef | f849b5eb-5232-4c92-86fe-cb2bb5299bd3";"0be00b87-5ec3-409f-b63f-9cbf22c3c719 | db752057-4454-47b9-92fe-ee98a0792fc9";"still-ambiguous";"Alias eslestirme olsa bile uc degerler ayrisik kaliyor.";"-21.11 | 28.45"
"314";"400kV BARTIN OSB - KARADENİZ DOĞALGAZ GİS EİH";"400";"ambiguous-live";"Coklu aday var; kaynak terminal adlari TM adlariyla exact eslesmedigi icin yon normalize edilemiyor.";"2";"2";"";"-15,80";"";"fa9ebf6f-7499-4bf0-a185-fae191964190 | ad68b6b3-86bd-4a0d-b001-73b01f202629";"ff622211-24c5-4849-a249-fe0f2e5fec1c | 9e044b78-ec27-4be5-838e-bf7897ed6141";"still-ambiguous";"Alias eslestirme olsa bile uc degerler ayrisik kaliyor.";"-18.76 | 30.25"
"315";"400kV ERZİN DGKÇ - SARISEKİ DEMİRÇELİK EİH";"400";"ambiguous-live";"Coklu aday var; kaynak terminal adlari TM adlariyla exact eslesmedigi icin yon normalize edilemiyor.";"2";"2";"";"-4,90";"";"f168d005-92fb-426a-af13-0a7f72edb3d8 | e10fe584-606e-4816-8d87-0fa9a7e8914c";"e89a7e81-6613-4407-8d94-2cfb4426ecf8 | c08207fc-74a5-477b-87f3-aa364f9919c0";"would-resolve";"Alias-aware yon eslestirme ile tolerans icinde birlesir (62.74 MW).";"280.64 | -217.90"
"316";"400kV MİSİS OSB - HUNUTLU TES EİH";"400";"ambiguous-live";"Coklu aday var; kaynak terminal adlari TM adlariyla exact eslesmedigi icin yon normalize edilemiyor.";"2";"2";"";"";"";"a22a58e5-df17-4f8a-a822-b043a755993e | 91667023-208b-46a4-a94b-99e2695d088a";"4ca2ecd1-c65c-4837-870b-5296c3d93543 | 3c3df4b7-0c24-4184-9f76-4cfca120d980";"would-resolve";"Alias-aware yon eslestirme ile tolerans icinde birlesir (9.64 MW).";"148.52 | -138.88"
"317";"400kV GÜRAĞAÇ - ULUDAĞ GİS EİH";"400";"matched-single";"En yeni aktif aday tekil secildi.";"2";"2";"";"-8,36";"";"74d98a20-d4b4-4911-a6df-f9df00536856 | a76cd02a-8d3d-4fd4-b3fa-25d43602352f";"607a214d-29dc-4303-9718-ea686531b93f | 57c51d71-2b32-419a-8660-d5878df7773b";"would-resolve";"Alias-aware yon eslestirme ile tekil secim korunur.";"299.34"
"318";"400kV AFYON2 - KONYA KUZEY EİH";"400";"matched-single";"En yeni aktif aday tekil secildi.";"2";"2";"";"";"";"b3a9238c-9040-47e6-a9e2-5d64c734e836 | 8a7f5dbf-ae05-4ed3-8c40-fe8526dc472e";"8685732a-a86a-46df-8f00-0bcebbe8781b | 751ae007-9099-46b2-a2d8-4c996f23bdd3";"would-resolve";"Alias-aware yon eslestirme ile tekil secim korunur.";"287.43"
"319";"400kV ADA1 DGKÇS - TEPEÖREN EİH";"400";"ambiguous-live";"Coklu aday var; kaynak terminal adlari TM adlariyla exact eslesmedigi icin yon normalize edilemiyor.";"1";"2";"";"-32,54";"";"2afcaabb-399d-43c0-83e4-9e8ea9a8b5e5";"302a8ad8-ac0c-48ef-9fba-1b4b2c1af728";"needs-better-alias";"Alias katmani olmadan terminal yonu belirlenemiyor.";"423.57 | -423.57"
"320";"400kV ADAPAZARI - TEPEÖREN EİH";"400";"ambiguous-live";"Coklu aday var; kaynak terminal adlari TM adlariyla exact eslesmedigi icin yon normalize edilemiyor.";"1";"2";"";"";"";"b072f90b-9928-4839-9097-73aa4f554a2a";"bd7b852e-e9ea-40ee-b47f-29be911624d3";"still-ambiguous";"Alias eslestirme olsa bile uc degerler ayrisik kaliyor.";"709.08 | -709.08"
"321";"400kV CENGİZ DGKÇ - SAMSUN2 EİH";"400";"ambiguous-live";"Coklu aday var; kaynak terminal adlari TM adlariyla exact eslesmedigi icin yon normalize edilemiyor.";"2";"2";"";"";"";"0e28ea16-ca67-4904-ae1c-38544fb3b284 | 84350f35-ef19-4f3e-a18d-9bad3ef2a4ec";"e512e44a-c590-4434-8b19-2d1f5633134d | 30fdf40c-59f5-40e3-a874-35192f72daef";"would-resolve";"Alias-aware yon eslestirme ile tolerans icinde birlesir (6.95 MW).";"123.86 | -116.91"
"322";"400kV ALİAĞA2 - BORNOVA380 EİH";"400";"ambiguous-live";"Coklu aday var; kaynak terminal adlari TM adlariyla exact eslesmedigi icin yon normalize edilemiyor.";"2";"2";"";"";"";"5f691f4a-e1a6-4a5f-bdd8-defdbf7dee25 | 127f5e5f-69b8-4811-90e7-7d3b08541052";"590a7ffb-bc53-4131-b788-9845866fdb9a | b4736e80-8279-4691-a494-80f6aabc12ce";"needs-better-alias";"Alias katmani olmadan terminal yonu belirlenemiyor.";"-362.27 | 397.71"
"323";"400kV TEMELLİ - İGA GES EİH";"400";"ambiguous-live";"Coklu aday var; kaynak terminal adlari TM adlariyla exact eslesmedigi icin yon normalize edilemiyor.";"2";"2";"";"-39,55";"";"ed1a1ec7-82a1-4301-b68c-54f0a26e14f3 | 2ee7de58-a1a4-4c21-8e5b-6046ebe89bcc";"d39600a2-bce7-4307-b05e-6bebf722364f | d13c3b31-5775-4241-b428-3cad4d2aa148";"would-resolve";"Alias-aware yon eslestirme ile tolerans icinde birlesir (8.74 MW).";"-91.65 | 100.39"
"324";"400kV İGA GES - AFYON2 EİH";"400";"matched-single";"En yeni aktif aday tekil secildi.";"2";"2";"";"0,79";"";"806cf976-cc8f-4a3e-bc07-171c3fa99e9d | 147d5ba7-5e37-4b26-bb7b-58e2cc05fc94";"72b40e7a-2d39-4f14-915a-2e286d2983ea | fa173e74-cda3-4a87-8452-7c6e59bf1452";"would-resolve";"Alias-aware yon eslestirme ile tekil secim korunur.";"137.40"
"325";"400kV HAMİTABAT DGKÇ - ENKA KIRKLARELİ DGKÇS - I EİH";"400";"matched-single";"En yeni aktif aday tekil secildi.";"2";"2";"";"-30,87";"";"f27f0db7-21cd-4167-adb0-c0c2990d8605 | 564c13e8-33e5-45c6-8530-2c0cc2bdce8a";"2fcdbb1b-3432-4152-910d-ab9fa18c2f42 | 55e49d5c-63ec-4543-841c-d90755a06137";"would-resolve";"Alias-aware yon eslestirme ile tekil secim korunur.";"283.37"
"326";"400kV TEPEÖREN - DERİ OSB EİH";"400";"matched-single";"En yeni aktif aday tekil secildi.";"2";"2";"";"";"";"3c8fbc4b-29e5-4485-8e3c-0b4a64a8e397 | 6672c268-8dfa-4c8e-8cb6-fe7e84076acc";"239b4c84-a887-4cd0-83a9-017f515566e4 | 766c1da7-9bd3-42bc-a103-3e0afc7e5a18";"would-resolve";"Alias-aware yon eslestirme ile tekil secim korunur.";"-193.62"
"327";"400kV ALİAĞA2 - BOZKÖY GİS EİH";"400";"matched-single";"En yeni aktif aday tekil secildi.";"2";"2";"";"";"";"ada0b87b-3aad-435f-b7c5-f81a8c38e2c9 | 67369fce-4f0e-434e-ae45-f828cd5e0e98";"619f995a-8401-4fcc-b89b-46b2e16c94cd | c97b1e73-73d1-4117-baef-ede6f42296e7";"would-resolve";"Alias-aware yon eslestirme ile tekil secim korunur.";"54.31"
"328";"400kV İZDEMİR TES - BOZKÖY GİS EİH";"400";"ambiguous-live";"Coklu aday var; kaynak terminal adlari TM adlariyla exact eslesmedigi icin yon normalize edilemiyor.";"2";"2";"";"";"";"b76451da-b12f-4f54-81a7-832729e6945e | 2b2410d3-4c57-492f-808b-d9644bdd011f";"3583f2aa-e8f1-48a8-8402-a85bc76f9929 | 33bb1ef2-795d-49e0-a34d-77fed34c387e";"would-resolve";"Alias-aware yon eslestirme ile tolerans icinde birlesir (43.17 MW).";"-63.05 | 106.22"
"329";"400kV İSTANBUL DGKÇ (A) - DELİKLİKAYA EİH";"400";"ambiguous-live";"Coklu aday var; kaynak terminal adlari TM adlariyla exact eslesmedigi icin yon normalize edilemiyor.";"2";"2";"";"";"";"1fa5879f-2dcd-4b9f-ba83-e194a0f43e66 | 6bb5bc52-7162-46e9-95c5-0fe39674a420";"2b93ffc3-b4d0-4143-9410-fbbf9f5e1954 | 0323f927-74e9-4b48-8b1a-3a01e790e263";"needs-better-alias";"Alias katmani olmadan terminal yonu belirlenemiyor.";"102.67 | -83.35"
"330";"400kV ÇETİN HES -> CİZRE - SİLOPİ TES EİH";"400";"missing-config-id";"Aktif SCADA ID tanimi yok.";"0";"0";"";"";"";"";"";"";"";""
"331";"400kV HAMİTABAT DGKÇ - ENKA KIRKLARELİ DGKÇS - II EİH";"400";"ambiguous-live";"Coklu aday var; kaynak terminal adlari TM adlariyla exact eslesmedigi icin yon normalize edilemiyor.";"2";"2";"";"-21,47";"";"5882b1cb-b929-44bd-9491-5e4e8836bc89 | d3c213dd-692e-47ff-8922-cf2ea027f6c5";"82eba626-2312-424b-82fb-de518a765b4c | cb4f67b4-b197-4b2d-9734-532efc9372bf";"would-resolve";"Alias-aware yon eslestirme ile tolerans icinde birlesir (11.88 MW).";"187.20 | -175.32"
"332";"400kV ENKA KIRKLARELİ DGKÇS - ALİBEYKÖY EİH";"400";"ambiguous-live";"Coklu aday var; kaynak terminal adlari TM adlariyla exact eslesmedigi icin yon normalize edilemiyor.";"2";"2";"";"146,25";"";"b39e7115-2d9f-4af2-b07f-9521eec6ecce | afd6976c-74b3-49f5-a6ff-efdcbcca6afa";"7ca273bb-a769-48a7-ae3a-a098d334b528 | 785c6d34-633f-4356-9d05-7e84104293ed";"would-resolve";"Alias-aware yon eslestirme ile tolerans icinde birlesir (66.64 MW).";"-61.72 | 128.35"
"333";"400kV SEYDİŞEHİR (YENİ) -> EREĞLİ - ADANA EİH";"400";"missing-config-id";"Aktif SCADA ID tanimi yok.";"0";"0";"";"";"";"";"";"";"";""
"334";"400kV SOMA B TES - İZMİR HAVZA EİH";"400";"ambiguous-live";"Coklu aday var; kaynak terminal adlari TM adlariyla exact eslesmedigi icin yon normalize edilemiyor.";"2";"2";"";"28,33";"";"a29f451e-e75d-4022-a6a5-5da02c212438 | 35232bb3-ee9c-4e87-9df9-d128d9bf2a4c";"2fb49aca-61c5-4d15-8f7e-b88a431abc82 | e266fee8-8ca5-4f51-baf8-d90537465e82";"would-resolve";"Alias-aware yon eslestirme ile tolerans icinde birlesir (49.27 MW).";"206.24 | -156.97"
"335";"400kV KÖYLÜKÖY - SOMA B TES EİH";"400";"ambiguous-live";"Coklu aday var; kaynak terminal adlari TM adlariyla exact eslesmedigi icin yon normalize edilemiyor.";"2";"2";"";"45,02";"";"5f5695c4-2e91-4050-9321-654bd67103b4 | ff683c68-048b-482a-8f44-788056e0a1d7";"caa1dd5a-ab8b-4868-be31-c10f4f8a2c2c | 075bec20-7827-41ae-b26c-00d89ed2b344";"would-resolve";"Alias-aware yon eslestirme ile tolerans icinde birlesir (37.73 MW).";"-334.11 | 371.84"
"336";"400kV MERSİN380 -> KARATAY - AKKUYU NGS GİS EİH";"400";"missing-config-id";"Aktif SCADA ID tanimi yok.";"0";"0";"";"";"";"";"";"";"";""
"337";"400kV KARATAY -> MERSİN380 - AKKUYU NGS GİS EİH";"400";"missing-config-id";"Aktif SCADA ID tanimi yok.";"0";"0";"";"";"";"";"";"";"";""
"338";"400kV AKKUYU NGS GİS -> MERSİN380 - KARATAY EİH";"400";"missing-config-id";"Aktif SCADA ID tanimi yok.";"0";"0";"";"";"";"";"";"";"";""
